{
"type": "FeatureCollection",
"name": "NeighborhoodAdvisoryCommittees",
"crs": { "type": "name", "properties": { "name": "urn:ogc:def:crs:OGC:1.3:CRS84" } },
"features": [
{ "type": "Feature", "properties": { "OBJECTID": 1, "ORGANIZATION": "Achieveability", "STREET_ADDRESS": "5901 Market St, Suite 410", "ZIP_CODE": "19139", "NAC_COORDINATOR": "Jamila Harris-Morrison", "PHONE_NUMBER": "215-557-8414 x8802", "EMAIL_ADDRESS": "Jamila.Harris-Morrison@achieve-ability.org", "WEBSITE_URL": "achieveability.org", "Shape__Area": 7406747.8359375, "Shape__Length": 13235.128882349478 }, "geometry": { "type": "Polygon", "coordinates": [ [ [ -75.228153075696795, 39.967876454548303 ], [ -75.228149140156205, 39.967854181898403 ], [ -75.228144954747705, 39.967829776502299 ], [ -75.227977593358602, 39.9668538499946 ], [ -75.227904541490602, 39.966426458215402 ], [ -75.227861483474001, 39.9662026140414 ], [ -75.227821871664801, 39.965899359618 ], [ -75.227679209514207, 39.965083556402497 ], [ -75.227844264346899, 39.964298602171503 ], [ -75.227912139662095, 39.963974541350602 ], [ -75.227997764026398, 39.9635655110635 ], [ -75.228319448057903, 39.962044406515297 ], [ -75.228646399294902, 39.960474592041599 ], [ -75.228936391137907, 39.960508325226897 ], [ -75.229263375978803, 39.960546360012998 ], [ -75.229394339741603, 39.960562351351697 ], [ -75.229785642635605, 39.960610132798301 ], [ -75.230247994253205, 39.960667080433502 ], [ -75.230802911624707, 39.960733071195101 ], [ -75.230961684202796, 39.959965156576402 ], [ -75.231114154914195, 39.959221095177099 ], [ -75.231278328880407, 39.958459705822399 ], [ -75.231439175908605, 39.957699751531401 ], [ -75.231557336500501, 39.957112773955998 ], [ -75.231674924998501, 39.956555011158301 ], [ -75.231801197194599, 39.955959382602103 ], [ -75.231911264844996, 39.955422989261201 ], [ -75.231937798994906, 39.955329830212499 ], [ -75.232045792611103, 39.954791628006802 ], [ -75.232152710521802, 39.954275015219601 ], [ -75.232729214530195, 39.954346704543902 ], [ -75.232153132576599, 39.954272977419201 ], [ -75.231252689358698, 39.954154495235798 ], [ -75.2299995953597, 39.954007246844697 ], [ -75.230112877191701, 39.953467572056802 ], [ -75.230206728489605, 39.953006109401898 ], [ -75.230324464819205, 39.952486330814899 ], [ -75.230636258923695, 39.950933477657003 ], [ -75.230794874134304, 39.950183450290403 ], [ -75.230960878057203, 39.949449762419803 ], [ -75.231067207762194, 39.9489192974589 ], [ -75.231097081059701, 39.948757402828697 ], [ -75.231163523264499, 39.948453984348802 ], [ -75.231271403567007, 39.947919879040803 ], [ -75.231704713886302, 39.947816307683503 ], [ -75.231707024103301, 39.947815755634799 ], [ -75.233605362387706, 39.947361986775803 ], [ -75.234362813936698, 39.947184996607803 ], [ -75.235048978089694, 39.947003411232799 ], [ -75.235750901746599, 39.946861441653702 ], [ -75.235793139075199, 39.946850642786103 ], [ -75.235808156144202, 39.946846803030702 ], [ -75.235871636913103, 39.9468170749279 ], [ -75.235905556884802, 39.946807829038598 ], [ -75.236138457932398, 39.946744342442997 ], [ -75.237271140879699, 39.946473941042598 ], [ -75.237981179036495, 39.946342739600198 ], [ -75.238729437072095, 39.946196928434901 ], [ -75.239340364087298, 39.946086315137599 ], [ -75.240053103050599, 39.9459283817162 ], [ -75.240267535972293, 39.945876924601997 ], [ -75.241770940343599, 39.945306805335598 ], [ -75.243416938155207, 39.9446998104847 ], [ -75.244440935461199, 39.944342812705401 ], [ -75.245217934858005, 39.9440668141416 ], [ -75.245852933348402, 39.943823815890802 ], [ -75.246633931704594, 39.943550818112698 ], [ -75.246794657427699, 39.943498752632699 ], [ -75.246917931388893, 39.943458818706901 ], [ -75.247028258434398, 39.943420899660602 ], [ -75.247042683506393, 39.943489759217996 ], [ -75.2470519509817, 39.943569905580198 ], [ -75.247108497049197, 39.943693406812002 ], [ -75.247210038499603, 39.943916196160401 ], [ -75.247210245385205, 39.943916649368603 ], [ -75.247269888689502, 39.943983688043097 ], [ -75.247304113236495, 39.944022155727097 ], [ -75.247378802214797, 39.944150755842401 ], [ -75.247421731138203, 39.944300889543001 ], [ -75.247422101384402, 39.944302183336603 ], [ -75.247461197344094, 39.944353512595903 ], [ -75.247494655751296, 39.9443974397307 ], [ -75.247509518620305, 39.9444169524225 ], [ -75.247633564274807, 39.944532521425103 ], [ -75.247757091294602, 39.944662186701898 ], [ -75.247898585768993, 39.944801648323498 ], [ -75.248091799930407, 39.944946941947201 ], [ -75.248168048372406, 39.945033251416099 ], [ -75.248213598704297, 39.945123594464498 ], [ -75.2482333466493, 39.945250994743297 ], [ -75.248320767611602, 39.945365764134699 ], [ -75.2484144639173, 39.945475967134001 ], [ -75.248563624866094, 39.945573271879702 ], [ -75.248705987649799, 39.9456892390834 ], [ -75.248895635637297, 39.945848560318801 ], [ -75.249079177736306, 39.946007748095198 ], [ -75.249244233257599, 39.9461712348022 ], [ -75.249427778213999, 39.946330422045499 ], [ -75.249493374710298, 39.946374176081903 ], [ -75.249553212657702, 39.946408398200902 ], [ -75.249613570487298, 39.946428524797902 ], [ -75.249709864854097, 39.946468244680403 ], [ -75.2498107078831, 39.946550386788999 ], [ -75.249917312197994, 39.946642060721899 ], [ -75.2499662645575, 39.9467230707967 ], [ -75.250035721370296, 39.946828041798199 ], [ -75.250115484818593, 39.9469849650783 ], [ -75.250153033079002, 39.947126860581498 ], [ -75.250203137497195, 39.947259624254201 ], [ -75.250228476927703, 39.947401254562799 ], [ -75.250270402854994, 39.947590271747899 ], [ -75.250307951739998, 39.947732168098902 ], [ -75.250323365644405, 39.947793737150597 ], [ -75.250339913615605, 39.947859833164898 ], [ -75.250362090353804, 39.947974004382203 ], [ -75.250365599260107, 39.947992065528503 ], [ -75.250416396062803, 39.948106035080301 ], [ -75.250474335952106, 39.948191943014599 ], [ -75.250557214208399, 39.948264287489899 ], [ -75.250720185316894, 39.948387551262499 ], [ -75.250723662532707, 39.948390181332698 ], [ -75.251063472238897, 39.948703251985499 ], [ -75.251192945329905, 39.948837744147298 ], [ -75.251317179324005, 39.948948608874097 ], [ -75.251441930846795, 39.949045377916903 ], [ -75.251506323076796, 39.949122021280999 ], [ -75.251557122669695, 39.9492359894247 ], [ -75.251567835071697, 39.949443137068798 ], [ -75.251517670291193, 39.949644255624001 ], [ -75.2514125562776, 39.9498441773124 ], [ -75.251309862981103, 39.949978316247197 ], [ -75.251242935379096, 39.950136746432399 ], [ -75.251195014321596, 39.9502767797198 ], [ -75.251152852263303, 39.950426344785797 ], [ -75.251150030078705, 39.950586171342003 ], [ -75.251140037222399, 39.950691761523601 ], [ -75.251173731162197, 39.950772439501598 ], [ -75.251267468721906, 39.950964935491598 ], [ -75.251349314449797, 39.951065473135699 ], [ -75.251425573892405, 39.951151780428603 ], [ -75.251491177564006, 39.951195531543299 ], [ -75.251542035571902, 39.951224854651997 ], [ -75.251585406529998, 39.951291635541502 ], [ -75.251609079463904, 39.951395608276101 ], [ -75.251609426167093, 39.951510829110497 ], [ -75.251626215669404, 39.951635812591398 ], [ -75.2516411751661, 39.951727913301099 ], [ -75.251645915689707, 39.951757099621297 ], [ -75.251646145830307, 39.951758513782799 ], [ -75.2516486226301, 39.951857322608703 ], [ -75.251644648944307, 39.9519653954926 ], [ -75.251613804585304, 39.952056423871099 ], [ -75.251577201844498, 39.952137922289801 ], [ -75.251511914148296, 39.952251713649801 ], [ -75.251410655246104, 39.952388234668 ], [ -75.251282412471596, 39.9525523841859 ], [ -75.2511862518962, 39.952674908360102 ], [ -75.251152527455304, 39.952761171627699 ], [ -75.251151955615796, 39.952858977940302 ], [ -75.251151950460297, 39.952859913957397 ], [ -75.251179022013801, 39.952954555367398 ], [ -75.251204348227901, 39.953035727682497 ], [ -75.251206351708703, 39.9530421476341 ], [ -75.251182823277304, 39.953100418476097 ], [ -75.251149617039005, 39.953172585320502 ], [ -75.251101320213294, 39.9532397211701 ], [ -75.251048443624597, 39.953306756338002 ], [ -75.250922703020507, 39.953402772124399 ], [ -75.250819100781897, 39.953485283090401 ], [ -75.250788908386696, 39.953506815841401 ], [ -75.250647907435294, 39.9536238154312 ], [ -75.250486906933602, 39.953746816688302 ], [ -75.250351906136402, 39.953870816723899 ], [ -75.250135905887404, 39.954075817515204 ], [ -75.250046905135093, 39.954160817394701 ], [ -75.250002905774707, 39.954241817216797 ], [ -75.249952904743793, 39.9543398176775 ], [ -75.2498869048449, 39.954387816735597 ], [ -75.249836905161999, 39.954440816277298 ], [ -75.249798905281395, 39.954505816334901 ], [ -75.249766905519394, 39.954579816505898 ], [ -75.249745905688002, 39.954649816340698 ], [ -75.249759904909098, 39.954715816311797 ], [ -75.249765905308195, 39.954770816545498 ], [ -75.249749904677799, 39.954835816714699 ], [ -75.249693905108998, 39.954984815792699 ], [ -75.249612904711995, 39.955189816158502 ], [ -75.249595904741895, 39.955248815552601 ], [ -75.249555905780795, 39.955299815619 ], [ -75.249493905034001, 39.955361814747 ], [ -75.249421905120201, 39.955390815129903 ], [ -75.249356905321406, 39.9554148152843 ], [ -75.249279905381897, 39.955424814607703 ], [ -75.249233905014805, 39.955438814285202 ], [ -75.249198905470394, 39.955474814491502 ], [ -75.249162905263304, 39.955523814000998 ], [ -75.249142905665906, 39.955579814321098 ], [ -75.249121904858598, 39.955665813843403 ], [ -75.2491339052619, 39.955765814282003 ], [ -75.2491739041226, 39.955859814482899 ], [ -75.249174096359894, 39.955860189881903 ], [ -75.249174744671294, 39.955861756422301 ], [ -75.249216908975598, 39.955943812516601 ], [ -75.249217510971206, 39.955944983412998 ], [ -75.249246996994799, 39.956016705360803 ], [ -75.249261939857703, 39.956053053619101 ], [ -75.249262379384206, 39.956054121864703 ], [ -75.249274703279795, 39.956134334555003 ], [ -75.249234609920606, 39.956227512373999 ], [ -75.249114449086804, 39.956337753894601 ], [ -75.249045555763004, 39.956383278394497 ], [ -75.248988528359604, 39.956438466083803 ], [ -75.248957766043702, 39.956527144962898 ], [ -75.248926150979401, 39.956639273366598 ], [ -75.248926138826903, 39.9566393172503 ], [ -75.248926405908193, 39.956640776371898 ], [ -75.248947764043194, 39.956757352749001 ], [ -75.248988706475302, 39.956870670106902 ], [ -75.249005992930194, 39.956918510275102 ], [ -75.249065235682707, 39.956969179678602 ], [ -75.249194608549303, 39.957023729375699 ], [ -75.249314821785404, 39.9570780774661 ], [ -75.249401454685895, 39.9571316943996 ], [ -75.249508840219605, 39.9572072540224 ], [ -75.249511821119896, 39.957209351628698 ], [ -75.249532496866095, 39.957223900073402 ], [ -75.249638511143701, 39.957332020332899 ], [ -75.2497782817493, 39.957436171170599 ], [ -75.250037200662106, 39.957665187211802 ], [ -75.250141038014803, 39.957765721846101 ], [ -75.250178814544597, 39.9578022954041 ], [ -75.250223244733803, 39.957858567231703 ], [ -75.250243040744493, 39.957883638867102 ], [ -75.250312127232505, 39.957967046942301 ], [ -75.250360059286905, 39.958024915884103 ], [ -75.250372764257605, 39.958037947124303 ], [ -75.250463110493996, 39.958130616475799 ], [ -75.250559795956306, 39.958243233943101 ], [ -75.250666245678403, 39.958339603835697 ], [ -75.250735451470305, 39.958436791282999 ], [ -75.250735974716903, 39.9584375261772 ], [ -75.250757328358901, 39.958475644657803 ], [ -75.250793316512798, 39.958539880000203 ], [ -75.250798083610107, 39.958551095765202 ], [ -75.250839715889398, 39.958649050185201 ], [ -75.250876121105904, 39.958739192660801 ], [ -75.250882341800505, 39.958819272174601 ], [ -75.250892680479396, 39.958953520655498 ], [ -75.250883550200896, 39.9590356164639 ], [ -75.250850254312894, 39.959110132914702 ], [ -75.250753448971395, 39.959166807485502 ], [ -75.250606758980993, 39.959250609765398 ], [ -75.250454135816398, 39.9593295812317 ], [ -75.250292353278596, 39.959408352037897 ], [ -75.250081459964207, 39.959493106379902 ], [ -75.249826040434996, 39.959583943898899 ], [ -75.249652477602098, 39.9596506991818 ], [ -75.249553137074003, 39.959693208907602 ], [ -75.249443600887403, 39.959763710871101 ], [ -75.249318193148994, 39.9598503270024 ], [ -75.249214329739203, 39.959932709437197 ], [ -75.249123196361296, 39.9600012615522 ], [ -75.248973535621204, 39.960082645482203 ], [ -75.248836953210898, 39.960140801168301 ], [ -75.248690778906706, 39.960210504613997 ], [ -75.248547655440504, 39.960280273496103 ], [ -75.248459748573893, 39.960344192280402 ], [ -75.248384540398007, 39.960436605137197 ], [ -75.248335370637093, 39.960527232321198 ], [ -75.248282628149596, 39.9606318911095 ], [ -75.248199354394998, 39.960735883221503 ], [ -75.248058963159806, 39.960897411320303 ], [ -75.247975429136204, 39.961008452371701 ], [ -75.247923291404604, 39.961096664888501 ], [ -75.247892266045596, 39.961192390773597 ], [ -75.247872642741996, 39.961351850080199 ], [ -75.247872408196699, 39.961441194495997 ], [ -75.247867018438001, 39.961504562621002 ], [ -75.247841233357903, 39.961623915955997 ], [ -75.247823111557096, 39.961701113235698 ], [ -75.247808130936804, 39.961776027431 ], [ -75.2477749168755, 39.9618481932837 ], [ -75.247741875796606, 39.961915660625898 ], [ -75.247708661596704, 39.9619878264592 ], [ -75.247702667099603, 39.962067639804197 ], [ -75.247727605012898, 39.962178694812501 ], [ -75.247747409436798, 39.9622114633219 ], [ -75.247762058906801, 39.962235701438303 ], [ -75.247762165924698, 39.962235879465602 ], [ -75.247777628078197, 39.962313809173203 ], [ -75.247753771111903, 39.962463772487197 ], [ -75.247692026648295, 39.962812768346303 ], [ -75.247688160811407, 39.962828428861798 ], [ -75.247525128232397, 39.962809601266599 ], [ -75.247227550277202, 39.962773553373502 ], [ -75.2467539257092, 39.962716176544902 ], [ -75.246684349722202, 39.9630492499711 ], [ -75.246426010204203, 39.964285933264001 ], [ -75.246425701777994, 39.9642874077648 ], [ -75.246863319414501, 39.964339424944797 ], [ -75.247003634655499, 39.964325817668502 ], [ -75.247110723455194, 39.964305425350403 ], [ -75.247209328252396, 39.964301515315299 ], [ -75.247309229250604, 39.964315817282497 ], [ -75.247400425672495, 39.964352656815301 ], [ -75.247446079917793, 39.964400484340203 ], [ -75.247447268198997, 39.964401729299702 ], [ -75.247463309007202, 39.964463127655598 ], [ -75.2474651811889, 39.964519233593499 ], [ -75.247169391792397, 39.965936863967897 ], [ -75.247169050494506, 39.965938499931902 ], [ -75.247011032770303, 39.966683772558802 ], [ -75.246848406834104, 39.967460424248301 ], [ -75.246532804156502, 39.968978720588503 ], [ -75.245473803837896, 39.968847598041897 ], [ -75.244415907199098, 39.968717766441102 ], [ -75.243428672099398, 39.9685942673011 ], [ -75.242755372688407, 39.968511610614698 ], [ -75.242124373407293, 39.9684350344614 ], [ -75.241452877821999, 39.968351458941797 ], [ -75.240464714679803, 39.968228716568298 ], [ -75.239479128827398, 39.968108376295199 ], [ -75.239131998919902, 39.9697645281829 ], [ -75.239134430860901, 39.969903930915301 ], [ -75.239045923522298, 39.969973626793802 ], [ -75.238289206518601, 39.970059127246302 ], [ -75.237456063862894, 39.970152309757502 ], [ -75.236780611026305, 39.970227588379501 ], [ -75.236313010269498, 39.970278145013602 ], [ -75.235698807328305, 39.9703470925039 ], [ -75.234974246083596, 39.970426506689599 ], [ -75.234203126733803, 39.970511166503201 ], [ -75.233368845613697, 39.970601938525498 ], [ -75.232573536663494, 39.970693865881699 ], [ -75.231618611745205, 39.970800229910402 ], [ -75.230665846154693, 39.970905464876303 ], [ -75.230131221810794, 39.970961355432998 ], [ -75.229701739615805, 39.971010724920397 ], [ -75.229274807836802, 39.971056197069103 ], [ -75.228736248068103, 39.971118411627501 ], [ -75.228555791474605, 39.970163830716601 ], [ -75.228384900439195, 39.969226714591002 ], [ -75.228249169233905, 39.968420324321002 ], [ -75.228153075696795, 39.967876454548303 ] ], [ [ -75.236201847265903, 39.964381776602302 ], [ -75.236436163266006, 39.963262572130098 ], [ -75.236313025269297, 39.963815211603197 ], [ -75.236201847265903, 39.964381776602302 ] ], [ [ -75.236556188853498, 39.962689248716302 ], [ -75.236605821268995, 39.962452174231103 ], [ -75.236588278660903, 39.962530295414702 ], [ -75.236556188853498, 39.962689248716302 ] ], [ [ -75.236664032506894, 39.962174109492899 ], [ -75.236808962002002, 39.961481810868897 ], [ -75.236677286214004, 39.962104338472201 ], [ -75.236664032506894, 39.962174109492899 ] ] ] } },
{ "type": "Feature", "properties": { "OBJECTID": 2, "ORGANIZATION": "Assn. De Puertorriquenos en Marcha", "STREET_ADDRESS": "1900 N 9th St", "ZIP_CODE": "19140", "NAC_COORDINATOR": "Rose Gray", "PHONE_NUMBER": "267-296-7200", "EMAIL_ADDRESS": "rose.gray@apmphila.org", "WEBSITE_URL": "apmphila.org", "Shape__Area": 6350143.66796875, "Shape__Length": 12646.220703354908 }, "geometry": { "type": "Polygon", "coordinates": [ [ [ -75.139517679036501, 39.986516873175702 ], [ -75.139572279616303, 39.986263918469497 ], [ -75.140129919363901, 39.985850932914701 ], [ -75.140588576243303, 39.985906187656298 ], [ -75.141047674960902, 39.985969289487798 ], [ -75.141520751503606, 39.986027034311398 ], [ -75.142190935672204, 39.986117521940201 ], [ -75.142841702220096, 39.986201566422402 ], [ -75.143501342844303, 39.986286257421099 ], [ -75.144297544980404, 39.986389255218398 ], [ -75.145126970222506, 39.986495654083697 ], [ -75.145015306521202, 39.986383934848 ], [ -75.144719803052496, 39.985968228581399 ], [ -75.144480466774695, 39.985631531312698 ], [ -75.144358449801203, 39.985464252717598 ], [ -75.144196584863806, 39.985242344042803 ], [ -75.144196477957607, 39.985241039639398 ], [ -75.144155047030594, 39.984734861030503 ], [ -75.144051905508803, 39.983732259909601 ], [ -75.144170775818196, 39.983103347322299 ], [ -75.144452454179699, 39.981607690158697 ], [ -75.144728268734795, 39.980108153851099 ], [ -75.144892403248406, 39.979241185854903 ], [ -75.145011096466902, 39.978608084300802 ], [ -75.145291914446204, 39.9770808749374 ], [ -75.145447382286207, 39.976238575168701 ], [ -75.145560881803206, 39.9756494801644 ], [ -75.145826702950004, 39.974223913445698 ], [ -75.146083446539805, 39.972843950040897 ], [ -75.146865372391801, 39.972946268108302 ], [ -75.147659746514407, 39.973049511838802 ], [ -75.148383048138996, 39.973143138511297 ], [ -75.148869208275698, 39.973207520905298 ], [ -75.149361369993599, 39.973266733830997 ], [ -75.150316968380906, 39.973393303688503 ], [ -75.150387488891596, 39.973402205891702 ], [ -75.150856681394103, 39.973461430793897 ], [ -75.151248574621306, 39.973514654878699 ], [ -75.151916684714294, 39.973599351358096 ], [ -75.152023336479402, 39.973115812867803 ], [ -75.152188490618002, 39.972329135268602 ], [ -75.153763501223906, 39.972535243454601 ], [ -75.154258585576599, 39.972597555976598 ], [ -75.154416469640097, 39.972619098197399 ], [ -75.155341522782095, 39.972735569204801 ], [ -75.156260461507699, 39.972857210485202 ], [ -75.156894283714905, 39.972937623234699 ], [ -75.156616976258903, 39.974209038761003 ], [ -75.158642226321902, 39.974467284753104 ], [ -75.158783359359902, 39.974493281924602 ], [ -75.158527059699196, 39.975861083625901 ], [ -75.158227988111094, 39.977226642197799 ], [ -75.158239680580806, 39.977290985737802 ], [ -75.157915682871106, 39.978718392454603 ], [ -75.157582849590597, 39.980233718438498 ], [ -75.157255522750802, 39.981704340689703 ], [ -75.156915823641299, 39.983230487253003 ], [ -75.156641857058702, 39.984572824996299 ], [ -75.156613951861502, 39.984709541991897 ], [ -75.156591928968297, 39.984812913684699 ], [ -75.156276342060494, 39.986294146479999 ], [ -75.155935932827504, 39.987888055762703 ], [ -75.155593313397304, 39.989379991198803 ], [ -75.155499931990306, 39.9898039033232 ], [ -75.155271094464894, 39.990863793146701 ], [ -75.154950108187506, 39.992363555906103 ], [ -75.154655851240193, 39.993654490623001 ], [ -75.154588707695794, 39.9939490443114 ], [ -75.154392651862906, 39.994881769146303 ], [ -75.154319243802206, 39.995232604623197 ], [ -75.154253979650505, 39.995536233373798 ], [ -75.154142570145297, 39.996002207402498 ], [ -75.153985471500604, 39.996792564332097 ], [ -75.153782306766303, 39.997729210148698 ], [ -75.153495118689904, 39.997833335225103 ], [ -75.153185604492293, 39.997945685412397 ], [ -75.152876166489506, 39.998058159951597 ], [ -75.152566815799901, 39.998170774412102 ], [ -75.152257565676095, 39.998283549817998 ], [ -75.151948428337704, 39.998396503566198 ], [ -75.151639413663005, 39.998509653000497 ], [ -75.151330531495702, 39.998623016365201 ], [ -75.151021797497094, 39.9987366129374 ], [ -75.150713219272603, 39.998850458207798 ], [ -75.150404808868302, 39.998964574075103 ], [ -75.150096628349701, 39.999079052949298 ], [ -75.150021442156799, 39.999107194532201 ], [ -75.149788888357094, 39.999194237485902 ], [ -75.149481564682702, 39.999310086594299 ], [ -75.149174601999803, 39.999426515229601 ], [ -75.148867947599598, 39.999543431197601 ], [ -75.148561543816697, 39.999660749399297 ], [ -75.148255334363995, 39.999778379360002 ], [ -75.147949267534898, 39.999896233411398 ], [ -75.147718599965302, 39.999985180157601 ], [ -75.147643283498496, 40.000014221898397 ], [ -75.147337330481605, 40.000132258952 ], [ -75.147031351100594, 40.000250252268302 ], [ -75.146725291208895, 40.000368116824198 ], [ -75.146419094526806, 40.0004857621417 ], [ -75.1461127070137, 40.000603100495702 ], [ -75.145806070016903, 40.000720042254301 ], [ -75.145499131770094, 40.000836501544697 ], [ -75.145191835998602, 40.000952387886699 ], [ -75.144884127565206, 40.001067611725901 ], [ -75.144575948854595, 40.001182087055099 ], [ -75.144267255988495, 40.001295736287901 ], [ -75.143958084118694, 40.001408620586098 ], [ -75.143798753963097, 40.0014663612194 ], [ -75.143648484093106, 40.001520819489002 ], [ -75.143338504451904, 40.001632411583103 ], [ -75.143028193941703, 40.001743470053903 ], [ -75.142717598759404, 40.001854073435503 ], [ -75.142416705819201, 40.001960769702897 ], [ -75.142406764137704, 40.001964294834899 ], [ -75.142095738681704, 40.002074211039897 ], [ -75.1417845698939, 40.002183897011903 ], [ -75.141473305241306, 40.0022934286131 ], [ -75.141161991019004, 40.0024028816796 ], [ -75.140850673521399, 40.002512332047999 ], [ -75.140539403758396, 40.0026218547616 ], [ -75.140228224544799, 40.002731524677898 ], [ -75.1399171867848, 40.002841419541902 ], [ -75.139876490289794, 40.002855844976203 ], [ -75.139606333360206, 40.0029516124117 ], [ -75.139295715138303, 40.0030621819337 ], [ -75.1389853785453, 40.003173200346403 ], [ -75.138675370934607, 40.003284746217403 ], [ -75.138365736389005, 40.003396891733097 ], [ -75.138056656006597, 40.003509923938097 ], [ -75.137748948560599, 40.003625157139098 ], [ -75.137669327182294, 40.003655599274197 ], [ -75.137847791608706, 40.0028094594579 ], [ -75.138061382629999, 40.001853391960402 ], [ -75.138182197866001, 40.001338343641997 ], [ -75.138249653320202, 40.001003587788098 ], [ -75.1385256699065, 39.999753591812798 ], [ -75.138680594997197, 39.9990519838178 ], [ -75.138877626559506, 39.998159669697998 ], [ -75.139199764928804, 39.996671983947699 ], [ -75.139520878940203, 39.995175318975399 ], [ -75.139851820269499, 39.993682522355201 ], [ -75.140198058861003, 39.992097369344997 ], [ -75.139709047975899, 39.992039019779902 ], [ -75.139261448299095, 39.991980019727599 ], [ -75.138352236111601, 39.991862293776499 ], [ -75.138693274778106, 39.990271662511397 ], [ -75.139021430203698, 39.9887750430088 ], [ -75.139351474798104, 39.987286857921198 ], [ -75.139517679036501, 39.986516873175702 ] ], [ [ -75.150703419993107, 39.986670931533197 ], [ -75.150689266374101, 39.986638655430603 ], [ -75.150683009339303, 39.986668150960099 ], [ -75.150682975014902, 39.986668313267302 ], [ -75.150683113731603, 39.986668330825097 ], [ -75.150703419993107, 39.986670931533197 ] ] ] } },
{ "type": "Feature", "properties": { "OBJECTID": 3, "ORGANIZATION": "Episcopal Community Services of the Diocese of PA", "STREET_ADDRESS": "6006 W Girard Ave", "ZIP_CODE": "19151", "NAC_COORDINATOR": "Rhena McClain", "PHONE_NUMBER": "215-528-5147", "EMAIL_ADDRESS": "rhenam@ecsphilly.org", "WEBSITE_URL": "ecsphilly.org", "Shape__Area": 6638343.91015625, "Shape__Length": 17085.474303231331 }, "geometry": { "type": "MultiPolygon", "coordinates": [ [ [ [ -75.229432553215304, 39.974839524195303 ], [ -75.229354522361405, 39.974429377655099 ], [ -75.229267075170497, 39.973936819960201 ], [ -75.229151651118499, 39.973321447197002 ], [ -75.2291492412986, 39.973308597402301 ], [ -75.229146365109202, 39.973293199254599 ], [ -75.229027222464893, 39.972655305292299 ], [ -75.228882382595202, 39.971911889445998 ], [ -75.228736248068103, 39.971118411627501 ], [ -75.229274807836802, 39.971056197069103 ], [ -75.229701739615805, 39.971010724920397 ], [ -75.230131221810794, 39.970961355432998 ], [ -75.230665846154693, 39.970905464876303 ], [ -75.231618611745205, 39.970800229910402 ], [ -75.232573536663494, 39.970693865881699 ], [ -75.233368845613697, 39.970601938525498 ], [ -75.234203126733803, 39.970511166503201 ], [ -75.234974246083596, 39.970426506689599 ], [ -75.235698807328305, 39.9703470925039 ], [ -75.236313010269498, 39.970278145013602 ], [ -75.236780611026305, 39.970227588379501 ], [ -75.237456063862894, 39.970152309757502 ], [ -75.238289206518601, 39.970059127246302 ], [ -75.239045923522298, 39.969973626793802 ], [ -75.239134430860901, 39.969903930915301 ], [ -75.239131998919902, 39.9697645281829 ], [ -75.239479128827398, 39.968108376295199 ], [ -75.240464714679803, 39.968228716568298 ], [ -75.241452877821999, 39.968351458941797 ], [ -75.242124373407293, 39.9684350344614 ], [ -75.242755372688407, 39.968511610614698 ], [ -75.243428672099398, 39.9685942673011 ], [ -75.244415907199098, 39.968717766441102 ], [ -75.245473803837896, 39.968847598041897 ], [ -75.246532804156502, 39.968978720588503 ], [ -75.246848406834104, 39.967460424248301 ], [ -75.247011032770303, 39.966683772558802 ], [ -75.247169050494506, 39.965938499931902 ], [ -75.248157681356304, 39.966062153005304 ], [ -75.248753221465293, 39.966136870090502 ], [ -75.249292399885405, 39.966203781164197 ], [ -75.250133096302704, 39.966309891379602 ], [ -75.250218354668505, 39.966302807451001 ], [ -75.250398418183806, 39.966317977311398 ], [ -75.250602358203807, 39.966336879024396 ], [ -75.250935317532495, 39.966377335610403 ], [ -75.251118733406201, 39.966408623087403 ], [ -75.251120268236093, 39.966408885365297 ], [ -75.250986423259207, 39.967126105048699 ], [ -75.250919595285595, 39.967438493390901 ], [ -75.250828482506094, 39.967805517718297 ], [ -75.250801317496595, 39.967948261029299 ], [ -75.250481843958198, 39.969469912995898 ], [ -75.2504816211041, 39.969470973112401 ], [ -75.250942847303094, 39.969523297189198 ], [ -75.251469345728793, 39.969589278832899 ], [ -75.252565941915506, 39.969726813034903 ], [ -75.253442224590003, 39.969833506680502 ], [ -75.255104588956897, 39.970044820652703 ], [ -75.254751884353496, 39.9715367869019 ], [ -75.254901873981794, 39.972701747882198 ], [ -75.255008406848603, 39.973284149019399 ], [ -75.255196794779593, 39.974271489814903 ], [ -75.255326121820502, 39.9749570177366 ], [ -75.255432389633597, 39.975533852521103 ], [ -75.255491638929399, 39.975863778908703 ], [ -75.255491855813005, 39.975864920671299 ], [ -75.255662848261196, 39.976766594579601 ], [ -75.255925096561498, 39.978131442360301 ], [ -75.255457987813401, 39.978308373856898 ], [ -75.255024189620599, 39.978479481113801 ], [ -75.254819236668197, 39.978559789289797 ], [ -75.254471651861195, 39.978714204088497 ], [ -75.254253469178195, 39.978846276451797 ], [ -75.253930224776298, 39.979077987800402 ], [ -75.253716876084994, 39.979288723399101 ], [ -75.253497135360703, 39.979544439330603 ], [ -75.253291383267197, 39.979888010157197 ], [ -75.253105461483003, 39.980191482887498 ], [ -75.252858536053395, 39.980501248569396 ], [ -75.252544517891096, 39.9807808779506 ], [ -75.252210400121598, 39.981023321304299 ], [ -75.251775154595506, 39.981255455322398 ], [ -75.251442610160098, 39.981419332932497 ], [ -75.251064517149999, 39.981611918982203 ], [ -75.249748772256694, 39.982273939057997 ], [ -75.248346706231004, 39.982979355868601 ], [ -75.248668931040598, 39.984691143666097 ], [ -75.248992371911498, 39.985120351436898 ], [ -75.248190159366104, 39.985480298059002 ], [ -75.2478320415252, 39.985533109948399 ], [ -75.247522175446903, 39.985676059199299 ], [ -75.247374421146205, 39.985740862343299 ], [ -75.246698218844799, 39.986065548037203 ], [ -75.2464404032728, 39.986184989405501 ], [ -75.245479359940106, 39.986630210565799 ], [ -75.245177892290798, 39.986105306589302 ], [ -75.245128412301497, 39.986036111755297 ], [ -75.245103650585506, 39.986001485023699 ], [ -75.245102164992801, 39.9860001939157 ], [ -75.244988739611998, 39.985901669063303 ], [ -75.2448182180392, 39.985805970338298 ], [ -75.244670900155697, 39.985730524892197 ], [ -75.244490998538197, 39.985677944203303 ], [ -75.244239326663703, 39.985642039623897 ], [ -75.243885141982602, 39.9855952249764 ], [ -75.243418215725796, 39.985556455334397 ], [ -75.242882344102497, 39.985499719320202 ], [ -75.241261030373593, 39.985326270292703 ], [ -75.2401537514952, 39.985224636587297 ], [ -75.239656922494106, 39.985169884343101 ], [ -75.238230890573504, 39.985043842521598 ], [ -75.2377740643593, 39.984988801540503 ], [ -75.237391251521103, 39.984864867277601 ], [ -75.237241463736297, 39.984851065278299 ], [ -75.238048527494797, 39.983553443143101 ], [ -75.238613274111202, 39.982612910507399 ], [ -75.238745400325698, 39.982392863391901 ], [ -75.239043488817998, 39.981961708095099 ], [ -75.236163674517599, 39.980981037370299 ], [ -75.235689031624702, 39.980814436078603 ], [ -75.235650678259105, 39.980803301947802 ], [ -75.235321142670699, 39.980707637421197 ], [ -75.234830837803301, 39.980600491943697 ], [ -75.234622520014199, 39.980554967943597 ], [ -75.234047631194002, 39.980412792307803 ], [ -75.233960881865599, 39.9803849436259 ], [ -75.232839425721295, 39.979974524802699 ], [ -75.232422356190995, 39.979808248019999 ], [ -75.232098547061398, 39.979704914152897 ], [ -75.230797381602102, 39.9791029589136 ], [ -75.230171008783003, 39.978805441247097 ], [ -75.230129857200197, 39.978570237190397 ], [ -75.230027588376501, 39.978021340884702 ], [ -75.229855968843196, 39.977080434166503 ], [ -75.229572041307193, 39.975578466955803 ], [ -75.229562251737093, 39.975526682505802 ], [ -75.229551682731199, 39.975470686796399 ], [ -75.229432553215304, 39.974839524195303 ] ] ], [ [ [ -75.248597085095497, 39.975002556318501 ], [ -75.249284464380594, 39.9749257869708 ], [ -75.248553849134694, 39.975006857632003 ], [ -75.248597085095497, 39.975002556318501 ] ] ], [ [ [ -75.250204130582702, 39.974826068371598 ], [ -75.251054903279595, 39.974729311143001 ], [ -75.249819114953297, 39.974866459362602 ], [ -75.250204130582702, 39.974826068371598 ] ] ], [ [ [ -75.268460976471303, 39.975729483705202 ], [ -75.267589502403695, 39.974673084739102 ], [ -75.265559085460197, 39.975652729378297 ], [ -75.265274364673303, 39.975384084217197 ], [ -75.2652743375113, 39.975384058401502 ], [ -75.265031952047195, 39.975153172368103 ], [ -75.264258757580194, 39.974429980298801 ], [ -75.263940565169506, 39.974690489387399 ], [ -75.262812312384796, 39.975622712810598 ], [ -75.263053984676105, 39.975759820698201 ], [ -75.2620337306995, 39.9767523028573 ], [ -75.2619886225269, 39.976825905912001 ], [ -75.261961207661699, 39.976912710897601 ], [ -75.261967132096203, 39.976999073720101 ], [ -75.261991688327697, 39.977073022142399 ], [ -75.262128834060803, 39.977210192035798 ], [ -75.262243290202704, 39.977273549368 ], [ -75.262053083808397, 39.977530157153403 ], [ -75.261995889046005, 39.977607756252198 ], [ -75.260867887930004, 39.977185760978102 ], [ -75.260867887487805, 39.9771287609003 ], [ -75.260735887750599, 39.976895762117401 ], [ -75.2606538892164, 39.9757097623975 ], [ -75.260488889539999, 39.975640763235297 ], [ -75.260356889538002, 39.975564764605103 ], [ -75.260106888171194, 39.975400764912401 ], [ -75.260026888668193, 39.975286765145 ], [ -75.259927889151996, 39.975160766335598 ], [ -75.259812889435096, 39.974883766964098 ], [ -75.259809888631295, 39.974845766656898 ], [ -75.259796889571902, 39.974681766985498 ], [ -75.259810889252293, 39.974591766575898 ], [ -75.259820889004402, 39.974529766760199 ], [ -75.259867223444402, 39.974434844040601 ], [ -75.259944890254701, 39.974275767012102 ], [ -75.261802818784702, 39.972685683017197 ], [ -75.261904529211094, 39.9725906006922 ], [ -75.263873902440295, 39.971245754349098 ], [ -75.265619908145695, 39.969950749639899 ], [ -75.267685910192199, 39.971316741091201 ], [ -75.267578908627698, 39.971665741356198 ], [ -75.268572909439499, 39.972395737595498 ], [ -75.268569924251807, 39.972514128287202 ], [ -75.268587584733694, 39.9725185853396 ], [ -75.2688156884725, 39.9726720703285 ], [ -75.269040471621494, 39.972747881195303 ], [ -75.269189538684302, 39.972868614947501 ], [ -75.269312144844406, 39.973020493850299 ], [ -75.271638915002896, 39.972091726741297 ], [ -75.272141915815794, 39.972693724235803 ], [ -75.272891916709, 39.9735367209476 ], [ -75.273778917093196, 39.974670717666598 ], [ -75.273824916609399, 39.9747287163921 ], [ -75.275863837604803, 39.977246094388697 ], [ -75.275462473531604, 39.977425568563397 ], [ -75.275295512274198, 39.9775002268074 ], [ -75.273572893008904, 39.978270484513502 ], [ -75.273146340962697, 39.978460156952799 ], [ -75.273030188787502, 39.978511805467598 ], [ -75.272266925205798, 39.9788511951554 ], [ -75.271423093216796, 39.979228394003897 ], [ -75.271284808718804, 39.979204642351597 ], [ -75.270308817477996, 39.978003085345101 ], [ -75.270045882807807, 39.977683739356401 ], [ -75.269810850710599, 39.977406751886001 ], [ -75.269578810979695, 39.977107780566101 ], [ -75.269328047222601, 39.976792740361397 ], [ -75.269102552570502, 39.976524928577803 ], [ -75.268889566337094, 39.976262171880499 ], [ -75.268686904724404, 39.976011733718799 ], [ -75.268460976471303, 39.975729483705202 ] ] ] ] } },
{ "type": "Feature", "properties": { "OBJECTID": 4, "ORGANIZATION": "Frankford CDC", "STREET_ADDRESS": "4667-69 Paul St, 2nd Floor", "ZIP_CODE": "19124", "NAC_COORDINATOR": "Kimberly Washington", "PHONE_NUMBER": "215-743-6580", "EMAIL_ADDRESS": "kwashington.fcdc@gmail.com", "WEBSITE_URL": "frankfordcdc.org", "Shape__Area": 13282144.15625, "Shape__Length": 18637.454229263931 }, "geometry": { "type": "Polygon", "coordinates": [ [ [ -75.085080262025798, 40.031276946636503 ], [ -75.084795107998303, 40.031233896937302 ], [ -75.084492104003303, 40.031302579943798 ], [ -75.084198936596806, 40.031448859035599 ], [ -75.0841061082062, 40.0314061638691 ], [ -75.083683370942097, 40.0311643481799 ], [ -75.0833610002787, 40.030979942731697 ], [ -75.082635922365199, 40.030573496415499 ], [ -75.080867130341304, 40.029566210544203 ], [ -75.080787552406903, 40.029526764239399 ], [ -75.080285122441595, 40.029241333544498 ], [ -75.079985382457707, 40.029070585930697 ], [ -75.0796934606836, 40.028904483939002 ], [ -75.079081215379901, 40.028562880596397 ], [ -75.0784741317986, 40.028218336689498 ], [ -75.077862415453396, 40.027880037567499 ], [ -75.077214908136298, 40.027502056388798 ], [ -75.076774405104302, 40.0273918724466 ], [ -75.075637420592898, 40.027090972831303 ], [ -75.075489193622602, 40.027081900143301 ], [ -75.075367394818898, 40.027048247874802 ], [ -75.075142497206897, 40.026858818889799 ], [ -75.074945306312301, 40.026701612730903 ], [ -75.073364620542193, 40.025379282964103 ], [ -75.073333328452705, 40.0253001115994 ], [ -75.073332818634498, 40.025299695148398 ], [ -75.070197849560302, 40.022734756513103 ], [ -75.069765225658699, 40.022397919814203 ], [ -75.069088622214096, 40.021914724560602 ], [ -75.068624006691095, 40.021524765046699 ], [ -75.068517432788497, 40.021395775304001 ], [ -75.068274929185307, 40.0211197450054 ], [ -75.067908130888696, 40.020702571991798 ], [ -75.067522356128705, 40.020247087121 ], [ -75.067154840887795, 40.019826671685401 ], [ -75.067010224719695, 40.019680534030599 ], [ -75.066951231140294, 40.019602990343998 ], [ -75.066116436255996, 40.018658442255401 ], [ -75.065115075531693, 40.017522063779701 ], [ -75.064313515461805, 40.016595791151097 ], [ -75.063386213896607, 40.015530162835397 ], [ -75.062916052261301, 40.015012586683902 ], [ -75.062519755743494, 40.014553027499801 ], [ -75.062061541466505, 40.014031838251199 ], [ -75.061901694327105, 40.013848685175098 ], [ -75.061402823294898, 40.013282527791702 ], [ -75.061313216741894, 40.012781050858301 ], [ -75.061638187484206, 40.012698717156901 ], [ -75.061964577780003, 40.012619457719303 ], [ -75.062291954881204, 40.012542335226399 ], [ -75.062619887194302, 40.012466412391099 ], [ -75.062947938498297, 40.012390750021197 ], [ -75.063275675925496, 40.012314412612596 ], [ -75.063602722945802, 40.012236580417401 ], [ -75.063929551038498, 40.012158279049203 ], [ -75.064256381640504, 40.012079983134299 ], [ -75.064583213687698, 40.012001689944597 ], [ -75.064910044803199, 40.011923400325699 ], [ -75.0652368786061, 40.011845111658999 ], [ -75.065563710377802, 40.011766824735297 ], [ -75.065890542459897, 40.011688539609203 ], [ -75.066217376165497, 40.0116102527073 ], [ -75.066544206704805, 40.011531966620701 ], [ -75.066871037696899, 40.011453678730902 ], [ -75.067197867970904, 40.011375389010702 ], [ -75.067524695185497, 40.011297097405098 ], [ -75.067851521788697, 40.011218801268399 ], [ -75.068354356478395, 40.011094397476199 ], [ -75.068680225348203, 40.011013775390303 ], [ -75.069006091173904, 40.010933150524203 ], [ -75.069331956154699, 40.010852526533803 ], [ -75.069509170146603, 40.010808679899398 ], [ -75.069384713286397, 40.010475414631699 ], [ -75.069290191422098, 40.010089870393998 ], [ -75.069047993315195, 40.009286372368798 ], [ -75.069046798489595, 40.009282832199403 ], [ -75.068926747402401, 40.008927026849904 ], [ -75.068883987121595, 40.008800297526903 ], [ -75.068921850240898, 40.008793432764399 ], [ -75.068973705935093, 40.008781267731003 ], [ -75.068975924682704, 40.008780747381003 ], [ -75.0693520372065, 40.008692514479598 ], [ -75.069379164954995, 40.0086836544872 ], [ -75.069411446925699, 40.008673110041897 ], [ -75.069705717201401, 40.008576997470598 ], [ -75.069965281118201, 40.008482301372197 ], [ -75.070309814993806, 40.008431905502299 ], [ -75.070643013782799, 40.008383298452898 ], [ -75.071774614560795, 40.0082182105971 ], [ -75.072487232854101, 40.008133661523601 ], [ -75.072703542755207, 40.007914341055603 ], [ -75.073401972578495, 40.007348690823797 ], [ -75.074678667603607, 40.006370178261101 ], [ -75.075688290455403, 40.005563843788202 ], [ -75.075777078730496, 40.005490578667199 ], [ -75.076328829841401, 40.005035283825599 ], [ -75.0764679865663, 40.004940254331999 ], [ -75.076468668058695, 40.004939789046603 ], [ -75.076494825018997, 40.004921925941503 ], [ -75.076618036034503, 40.004837784345099 ], [ -75.077477846753794, 40.004149505821402 ], [ -75.077707479273897, 40.003993780354101 ], [ -75.078705862921694, 40.003171660504897 ], [ -75.079258485089497, 40.002737579607803 ], [ -75.079783030238303, 40.002348212329899 ], [ -75.081681664180195, 40.0013591385502 ], [ -75.083639333761894, 40.000335418366198 ], [ -75.084825060405393, 39.999715243350799 ], [ -75.085132743459795, 39.999554310266902 ], [ -75.086372332513605, 39.998905933348503 ], [ -75.086669468256702, 39.999164145408201 ], [ -75.087071223122507, 39.999614476552701 ], [ -75.087251620739593, 39.9998605873364 ], [ -75.087418726378701, 40.000111429011497 ], [ -75.087446509917399, 40.000271645523704 ], [ -75.087466443946994, 40.000386597411797 ], [ -75.087477521140499, 40.000450480256603 ], [ -75.087498015909404, 40.000763442005301 ], [ -75.087514958838497, 40.001167044206497 ], [ -75.087569144175802, 40.001790755288098 ], [ -75.087580147231193, 40.001955522942701 ], [ -75.087585660965104, 40.002038103928797 ], [ -75.087620352137805, 40.002129009615203 ], [ -75.087680749599102, 40.002287274786298 ], [ -75.087906827690006, 40.002705807621702 ], [ -75.087984445570498, 40.002899133064098 ], [ -75.088101746893003, 40.003083296895703 ], [ -75.088253565514407, 40.003222900864898 ], [ -75.088429996163796, 40.003403395787302 ], [ -75.088646701882695, 40.003559623877102 ], [ -75.088661557487598, 40.003568016338299 ], [ -75.088883940423102, 40.003693646573701 ], [ -75.088893137345806, 40.003697098092601 ], [ -75.088953647707399, 40.003719806671903 ], [ -75.089413565758505, 40.003892408291598 ], [ -75.090151530005798, 40.004163129248496 ], [ -75.090337490068194, 40.004231347339299 ], [ -75.090977650996905, 40.004452823138898 ], [ -75.091009928056295, 40.004461168280699 ], [ -75.091405872549302, 40.004563543420097 ], [ -75.0918380820045, 40.004739876907799 ], [ -75.092101227640001, 40.004882053168998 ], [ -75.092219331995494, 40.005046072139997 ], [ -75.092331801119997, 40.005172228708098 ], [ -75.092338618525801, 40.005179875947398 ], [ -75.092409397797695, 40.005244063521701 ], [ -75.092554098986398, 40.005375287369198 ], [ -75.092598120551301, 40.005415209525502 ], [ -75.092755624989493, 40.005614699154997 ], [ -75.092822671544496, 40.005699617603703 ], [ -75.092829166441902, 40.0057078439213 ], [ -75.092834499943507, 40.005719250146598 ], [ -75.092895180573507, 40.005849024374299 ], [ -75.092907788345798, 40.005875987758998 ], [ -75.092901557459001, 40.005905412861097 ], [ -75.092884939541904, 40.0059839058774 ], [ -75.092851507137198, 40.006141810016501 ], [ -75.092757117956097, 40.006376509632403 ], [ -75.0926458601908, 40.006499285726903 ], [ -75.092537919522499, 40.006618399203603 ], [ -75.092391824853493, 40.006734086645203 ], [ -75.092321479173407, 40.006789792961399 ], [ -75.092156043064804, 40.006997646329403 ], [ -75.092114036895893, 40.007233558187899 ], [ -75.092130410657603, 40.007280480307301 ], [ -75.092203072139199, 40.007488700791903 ], [ -75.092214219510396, 40.007520644710503 ], [ -75.092228264826304, 40.007537496675099 ], [ -75.092376983158402, 40.007715936937998 ], [ -75.092581950643293, 40.007939821672601 ], [ -75.092603261217604, 40.007963099452802 ], [ -75.092922098194094, 40.008242172121399 ], [ -75.092958143122601, 40.008273721760098 ], [ -75.093511448057399, 40.008595226211703 ], [ -75.093707946035096, 40.0087094017792 ], [ -75.093735462351006, 40.0087268499461 ], [ -75.0937379937874, 40.008728454692601 ], [ -75.094103127700805, 40.008959985927 ], [ -75.094277160235507, 40.009070339376301 ], [ -75.094615907020497, 40.009273877836101 ], [ -75.094787508188901, 40.009453207995797 ], [ -75.094906852807199, 40.009640409141497 ], [ -75.095003463045302, 40.0099265596563 ], [ -75.095099978076206, 40.010228229106303 ], [ -75.095104326925807, 40.010241820876303 ], [ -75.095092398510602, 40.010266926315602 ], [ -75.095007347879999, 40.010445931674802 ], [ -75.094973947597694, 40.0105162275824 ], [ -75.094484100728195, 40.011211983032197 ], [ -75.094384486262697, 40.011353467192301 ], [ -75.094293937611397, 40.011489975512198 ], [ -75.094057689832894, 40.011832276319602 ], [ -75.093921419751993, 40.012048367624402 ], [ -75.093688000503406, 40.012402074526399 ], [ -75.093575634149502, 40.012593518318198 ], [ -75.093507608985206, 40.0127406270907 ], [ -75.093482937793894, 40.012868579149597 ], [ -75.093474217521305, 40.012924596629396 ], [ -75.093463364979996, 40.012994317286903 ], [ -75.093461048497403, 40.013009194757899 ], [ -75.093461285640402, 40.0130158012349 ], [ -75.093465748774193, 40.013140346589303 ], [ -75.093499621409705, 40.013279733076502 ], [ -75.093567594825799, 40.013469049224597 ], [ -75.093686363659501, 40.013696155896497 ], [ -75.093695662330305, 40.013713937619997 ], [ -75.093815878367096, 40.013908242967297 ], [ -75.0938990802387, 40.014040980121997 ], [ -75.094204571927193, 40.0145283474615 ], [ -75.094300861309407, 40.014664137867001 ], [ -75.094385430200504, 40.014764375247204 ], [ -75.094412591691693, 40.014792667955099 ], [ -75.094489351888697, 40.014872621640201 ], [ -75.094582359853604, 40.014962072216598 ], [ -75.0945967455838, 40.014975907834497 ], [ -75.094624717540199, 40.014996846957999 ], [ -75.094749587801999, 40.015090325735102 ], [ -75.094890516482295, 40.0151887115207 ], [ -75.094925058033397, 40.015212825457603 ], [ -75.095081569951105, 40.0153172469631 ], [ -75.095137799238401, 40.015350135613197 ], [ -75.095261002961607, 40.0154221982027 ], [ -75.095584493363702, 40.0156149020711 ], [ -75.095805710585694, 40.015740979045603 ], [ -75.095971749304198, 40.015829350406499 ], [ -75.096043302313902, 40.015867433154199 ], [ -75.096172511510503, 40.0159157813288 ], [ -75.096361056331901, 40.015955419903499 ], [ -75.0964130663818, 40.015961910979797 ], [ -75.096449470800195, 40.015966452856503 ], [ -75.096484997057502, 40.0159708861257 ], [ -75.096537060781102, 40.015974415782601 ], [ -75.096571334754799, 40.015976739595303 ], [ -75.096710547267804, 40.015986179164102 ], [ -75.096877549467806, 40.015990038146001 ], [ -75.097041396336394, 40.0159938248811 ], [ -75.097054374692306, 40.015994124747998 ], [ -75.097063687794304, 40.015993906529999 ], [ -75.097270888002001, 40.0159890481304 ], [ -75.097360197475496, 40.015998293579599 ], [ -75.097505918356703, 40.016013377950401 ], [ -75.097704583700207, 40.0160386666468 ], [ -75.097796172060299, 40.016050324204798 ], [ -75.097926359602099, 40.016094996022701 ], [ -75.097977284582001, 40.016112469261401 ], [ -75.098189865080798, 40.016208101499302 ], [ -75.098228305287094, 40.0162211919844 ], [ -75.098451857861903, 40.016297313829298 ], [ -75.098499466030603, 40.0163103050781 ], [ -75.098633463308801, 40.016346870041303 ], [ -75.098783292803304, 40.016351506439896 ], [ -75.098842840700499, 40.016353349017002 ], [ -75.098954273529102, 40.016356797684502 ], [ -75.099014782498202, 40.016349454693 ], [ -75.0994515344223, 40.016296457949103 ], [ -75.099613264761899, 40.016267432340797 ], [ -75.099894159226295, 40.016208395315097 ], [ -75.099937976262893, 40.016198131978399 ], [ -75.100393629413801, 40.016091401379299 ], [ -75.100594124323607, 40.016050896839403 ], [ -75.100595144859398, 40.0160506906238 ], [ -75.100595501873599, 40.016050670929602 ], [ -75.101015567142099, 40.016027630990997 ], [ -75.101212244803705, 40.016024933889497 ], [ -75.101323816326598, 40.016023403455002 ], [ -75.101546289534198, 40.016033575606698 ], [ -75.101772331003602, 40.016036270855103 ], [ -75.102048278255495, 40.016019955053203 ], [ -75.1022857140741, 40.015982590825402 ], [ -75.102544993840397, 40.0159734500619 ], [ -75.102555799470295, 40.015974353359702 ], [ -75.102878213379199, 40.016001293321899 ], [ -75.103317480282101, 40.016083242628099 ], [ -75.103416197477102, 40.016094400447699 ], [ -75.103630635730497, 40.0161186376858 ], [ -75.103653581612605, 40.0161212308006 ], [ -75.103677623637793, 40.016122639987998 ], [ -75.103866133047504, 40.016133690860002 ], [ -75.104082156808502, 40.0161411892621 ], [ -75.104366748302496, 40.016155307544999 ], [ -75.104688343365098, 40.016145077556402 ], [ -75.104758157444095, 40.016150236917397 ], [ -75.104985738441897, 40.0161670516421 ], [ -75.105109129766205, 40.016197361079598 ], [ -75.105206497154001, 40.016221277312198 ], [ -75.105414598521705, 40.0162638724346 ], [ -75.105662974610595, 40.016282193737197 ], [ -75.105862821394595, 40.016284275844299 ], [ -75.106032431118194, 40.016317815576699 ], [ -75.106194572885997, 40.016349876606299 ], [ -75.106431752458803, 40.016403219237702 ], [ -75.106665758025301, 40.016453968115101 ], [ -75.106857920079705, 40.016569273629599 ], [ -75.107065818278301, 40.016701322674997 ], [ -75.107213507025406, 40.016780323088 ], [ -75.107334903280602, 40.016861238364001 ], [ -75.107345087613496, 40.016872446422802 ], [ -75.107354019016796, 40.016882274997897 ], [ -75.107435476003005, 40.016971915591903 ], [ -75.107497047873693, 40.017074133718097 ], [ -75.1075399939281, 40.017233884726103 ], [ -75.107548623799502, 40.017433167156298 ], [ -75.107512672956503, 40.017576365201798 ], [ -75.107502075297901, 40.017618577921098 ], [ -75.107453477767294, 40.017779101876499 ], [ -75.107449419089505, 40.017792508626897 ], [ -75.107435846407995, 40.017823631456103 ], [ -75.107416523040897, 40.017867944590002 ], [ -75.107402633774896, 40.017899793569597 ], [ -75.107384530768996, 40.017923113717401 ], [ -75.107250805077896, 40.0180953821841 ], [ -75.107131880287298, 40.018203525963401 ], [ -75.107040880776097, 40.018280023023301 ], [ -75.107026836492594, 40.018291828548797 ], [ -75.106886456304693, 40.018361679057598 ], [ -75.106806613875506, 40.018390717724301 ], [ -75.106723547518499, 40.018420929150103 ], [ -75.106601703730504, 40.018473389026802 ], [ -75.106540204854795, 40.0184998682859 ], [ -75.106294250406293, 40.018587447246802 ], [ -75.106027715596696, 40.018698491332898 ], [ -75.105860255366395, 40.018790396058499 ], [ -75.105783586698905, 40.018833272185503 ], [ -75.105756385981906, 40.018848484144101 ], [ -75.1057312089916, 40.018883554593302 ], [ -75.105690537598903, 40.018940209252698 ], [ -75.105651768590505, 40.019009878066498 ], [ -75.105609138498593, 40.019094576367699 ], [ -75.105598326742907, 40.019106270558503 ], [ -75.105554389541595, 40.019153796393802 ], [ -75.105493879586305, 40.019209491331601 ], [ -75.105481279788407, 40.019221086666697 ], [ -75.105479598723093, 40.019222634668402 ], [ -75.105336039387495, 40.0192898899558 ], [ -75.105185837040096, 40.019327136358498 ], [ -75.105163562851004, 40.019332660228599 ], [ -75.105140771553707, 40.019338311843498 ], [ -75.104908996539606, 40.019356282726598 ], [ -75.104220864287001, 40.019351766877598 ], [ -75.104132053925795, 40.019359800369898 ], [ -75.103993290365594, 40.019388102956803 ], [ -75.103863069383905, 40.019430880002297 ], [ -75.103835581644304, 40.019439909229099 ], [ -75.103751161520705, 40.019503484142199 ], [ -75.103723951159694, 40.019570898543002 ], [ -75.103697199718098, 40.019668563972999 ], [ -75.103657146161595, 40.019885824153697 ], [ -75.103608598435898, 40.020157545205301 ], [ -75.103593303908397, 40.020243144027297 ], [ -75.103575980342001, 40.020302722015899 ], [ -75.103546778193007, 40.020403144863501 ], [ -75.103501998426907, 40.020557134588898 ], [ -75.103498004440695, 40.020570871587701 ], [ -75.103449207523795, 40.020738675250499 ], [ -75.103368748354995, 40.020857087062801 ], [ -75.103368711801707, 40.020857152896703 ], [ -75.103364490066596, 40.020863354712098 ], [ -75.103247106941296, 40.020929721422704 ], [ -75.103237051619502, 40.020936515004998 ], [ -75.103170215117999, 40.020981670458703 ], [ -75.103145933385903, 40.021092393714603 ], [ -75.103156259298402, 40.021211589680497 ], [ -75.103195158571296, 40.021365979040503 ], [ -75.103268218581306, 40.021540343252397 ], [ -75.103359803970406, 40.021751589267701 ], [ -75.103534279703098, 40.022100909615801 ], [ -75.103586662848898, 40.022205786963298 ], [ -75.103651393983299, 40.022337748260298 ], [ -75.103770083696801, 40.022493977053102 ], [ -75.103900839167295, 40.0225967614833 ], [ -75.103971746895795, 40.022674656987697 ], [ -75.104097075971893, 40.022812336568002 ], [ -75.104107594570706, 40.0228243292946 ], [ -75.104206989146903, 40.022937664466298 ], [ -75.104193281324001, 40.023033282450903 ], [ -75.104199517971395, 40.023129358162798 ], [ -75.104226301494606, 40.023210559993899 ], [ -75.104292230391906, 40.023311849396997 ], [ -75.104383393385504, 40.023406046028697 ], [ -75.104489964754194, 40.023489086869901 ], [ -75.1046272045308, 40.0235536457213 ], [ -75.104749655829593, 40.023604296001501 ], [ -75.104774566870105, 40.023614600082396 ], [ -75.104799828780301, 40.023613796206099 ], [ -75.104914496504307, 40.023610149217603 ], [ -75.105066491719001, 40.023552254750598 ], [ -75.105109075913006, 40.023484162452299 ], [ -75.105161315299, 40.023423727834803 ], [ -75.105182250817805, 40.023399507322999 ], [ -75.105382763814504, 40.023055302482497 ], [ -75.105396212922898, 40.023032215117901 ], [ -75.105477643062997, 40.022991880681403 ], [ -75.1056687843014, 40.022954071730901 ], [ -75.105848607129801, 40.022950539302002 ], [ -75.105898352445095, 40.022954491446001 ], [ -75.105911773390602, 40.022955558239197 ], [ -75.106052615809602, 40.022966749127903 ], [ -75.106065873606298, 40.022974411303601 ], [ -75.106135598878197, 40.023014707857001 ], [ -75.106242565432495, 40.023075544803099 ], [ -75.106311390012394, 40.023114688812697 ], [ -75.106462695790299, 40.023202594239798 ], [ -75.106599487770296, 40.0232786519773 ], [ -75.106736879574797, 40.023339375179397 ], [ -75.106860802393797, 40.023361415062901 ], [ -75.107001328555995, 40.0233416254286 ], [ -75.107083732973194, 40.0233104757815 ], [ -75.107087447741705, 40.023309071872703 ], [ -75.107209818192899, 40.023242816916301 ], [ -75.107244342893907, 40.0232233301505 ], [ -75.107373126929303, 40.023150642395798 ], [ -75.107514397600795, 40.023111683619497 ], [ -75.107664300038195, 40.023107458020903 ], [ -75.1077050903084, 40.023085372553801 ], [ -75.107781682575606, 40.023041087702801 ], [ -75.107922952819706, 40.023002127523597 ], [ -75.108004831446806, 40.022950290074697 ], [ -75.108066762108905, 40.0228979918313 ], [ -75.108089544192495, 40.022825606328801 ], [ -75.108078761635497, 40.022717913890801 ], [ -75.1080922284971, 40.022703347693401 ], [ -75.108125066795694, 40.022667826770302 ], [ -75.108167341709802, 40.022622099808999 ], [ -75.108171287519994, 40.022619485690598 ], [ -75.108469616414197, 40.022421838917097 ], [ -75.108612059072101, 40.022315002295699 ], [ -75.108613570497297, 40.022313868424497 ], [ -75.108795928823795, 40.022245155101103 ], [ -75.109082705751803, 40.022186516161099 ], [ -75.109368739860798, 40.022147047787399 ], [ -75.109687292444207, 40.022169722643703 ], [ -75.1098151571383, 40.022218710629403 ], [ -75.109973838311603, 40.022245383820099 ], [ -75.110181789024097, 40.022288538491502 ], [ -75.110434323122803, 40.022340391675201 ], [ -75.110467811107199, 40.022350812374398 ], [ -75.110700625756493, 40.022423260660197 ], [ -75.110750206250998, 40.022452062741998 ], [ -75.110851934540307, 40.022511159381096 ], [ -75.110886964741297, 40.022566105574903 ], [ -75.110941316759295, 40.022651357756502 ], [ -75.1109799869607, 40.022773650386803 ], [ -75.110990208475897, 40.022805974585303 ], [ -75.111001441668407, 40.022902165436101 ], [ -75.111031133374894, 40.023037154459097 ], [ -75.111101910156194, 40.023142389522199 ], [ -75.111186610853395, 40.023263556652502 ], [ -75.111253216047999, 40.023358838478899 ], [ -75.111331582895303, 40.023525643089897 ], [ -75.111372887923096, 40.023618688290497 ], [ -75.111368017671595, 40.023680838468898 ], [ -75.111362982381905, 40.023745093265298 ], [ -75.111385953196702, 40.023841478976799 ], [ -75.111401603669407, 40.023907147953601 ], [ -75.111457879533901, 40.024155048452798 ], [ -75.111465528473104, 40.0241887416202 ], [ -75.111491313777293, 40.024283433158899 ], [ -75.111522310165498, 40.024397261561703 ], [ -75.111529151708694, 40.024433696928497 ], [ -75.111551256008198, 40.024551420701101 ], [ -75.111551324961198, 40.024678053052199 ], [ -75.111517379420704, 40.024780880767501 ], [ -75.111498812966403, 40.024826785148498 ], [ -75.111456637456399, 40.024931059124697 ], [ -75.111396862105195, 40.025214550849903 ], [ -75.111395441014693, 40.025221289438697 ], [ -75.111381144333293, 40.025332243566702 ], [ -75.111379370530003, 40.025346336367903 ], [ -75.111366700892503, 40.025447031808497 ], [ -75.111368180972093, 40.025491443350901 ], [ -75.111369004049195, 40.025516155893598 ], [ -75.111392985295595, 40.0255473743713 ], [ -75.111421718860896, 40.025584779483701 ], [ -75.111426017144794, 40.025590374527198 ], [ -75.111488611332902, 40.025649373214897 ], [ -75.111582022992593, 40.025686055887398 ], [ -75.111666056524996, 40.025707173077599 ], [ -75.1117558826665, 40.025716942358898 ], [ -75.111844991062299, 40.0257266338105 ], [ -75.112013207427097, 40.025765034581603 ], [ -75.112021451461999, 40.025767476533296 ], [ -75.112142747245002, 40.025803403576397 ], [ -75.112195789541104, 40.025819115025698 ], [ -75.112397573500104, 40.025892821829999 ], [ -75.112540112014401, 40.025949817666103 ], [ -75.112641412203999, 40.026040403621899 ], [ -75.112697085130407, 40.0261491281708 ], [ -75.112737349706194, 40.0262690085898 ], [ -75.112761387539194, 40.026421135424599 ], [ -75.1127823716036, 40.026651856513702 ], [ -75.112808791154194, 40.026871190860398 ], [ -75.112814836600194, 40.026898668728698 ], [ -75.112844929760698, 40.027035468414198 ], [ -75.112855455656103, 40.0270833151245 ], [ -75.112881725501495, 40.027306482587001 ], [ -75.112883608528506, 40.027341394770502 ], [ -75.112890387826695, 40.027467056654302 ], [ -75.112276074728001, 40.027560649395603 ], [ -75.111956755263094, 40.027627418049498 ], [ -75.111602423507804, 40.027709260301201 ], [ -75.110043831226406, 40.028196882165901 ], [ -75.108055088599897, 40.028836951696597 ], [ -75.107183030727398, 40.029117090585899 ], [ -75.106584575857397, 40.029314160308097 ], [ -75.105285832596394, 40.029716104718801 ], [ -75.104601400592699, 40.0299263352371 ], [ -75.1043326408914, 40.029992210498698 ], [ -75.103791487739898, 40.030049854745698 ], [ -75.103228244314806, 40.030058926295297 ], [ -75.102703617112695, 40.030004644320599 ], [ -75.102199851578604, 40.029892352172197 ], [ -75.101729217450497, 40.029736522498503 ], [ -75.101281719660804, 40.029524845919497 ], [ -75.100537930467496, 40.029055276612802 ], [ -75.098697978367198, 40.027863398976102 ], [ -75.098696163045204, 40.027862223565698 ], [ -75.097319547368699, 40.026959879600099 ], [ -75.096727008522805, 40.026709199084401 ], [ -75.096406398885094, 40.026628200975203 ], [ -75.096039721855902, 40.026577740221803 ], [ -75.095739746741003, 40.026567307686399 ], [ -75.095498201806706, 40.026575718589797 ], [ -75.095237785356403, 40.026601188125902 ], [ -75.094907109905193, 40.026677514386201 ], [ -75.094564064029399, 40.026769444326 ], [ -75.094143863132501, 40.0269636395996 ], [ -75.093508818729703, 40.027314592453898 ], [ -75.092899424328394, 40.027663473759802 ], [ -75.092162526521307, 40.028060282648099 ], [ -75.091407976777205, 40.028480725210898 ], [ -75.090581565849504, 40.028932885051198 ], [ -75.090047626455998, 40.0292330483379 ], [ -75.089214491637094, 40.029676739961197 ], [ -75.088298031174801, 40.030191707471403 ], [ -75.086551812078795, 40.031143484075102 ], [ -75.085502558238105, 40.031712697002298 ], [ -75.085415716230898, 40.031558432042999 ], [ -75.085408624648494, 40.0315461665718 ], [ -75.085383033201794, 40.031501900413602 ], [ -75.085382394307004, 40.031501275587601 ], [ -75.0853756730844, 40.031494713266099 ], [ -75.085279014178099, 40.031400324150198 ], [ -75.085265173430898, 40.031391732383902 ], [ -75.085264246607196, 40.031391156740902 ], [ -75.085080262025798, 40.031276946636503 ] ] ] } },
{ "type": "Feature", "properties": { "OBJECTID": 5, "ORGANIZATION": "Empowered CDC", "STREET_ADDRESS": "7410 Buist Ave", "ZIP_CODE": "19153", "NAC_COORDINATOR": "Karen Small", "PHONE_NUMBER": "215-278-9782", "EMAIL_ADDRESS": "Staff@empoweredcdc.com", "WEBSITE_URL": "empoweredcdc.com", "Shape__Area": 9365591.58984375, "Shape__Length": 18299.656964611735 }, "geometry": { "type": "Polygon", "coordinates": [ [ [ -75.236027347757499, 39.916047001312698 ], [ -75.234631580070499, 39.914859241139602 ], [ -75.233689090336497, 39.914088980566902 ], [ -75.233414164669796, 39.913849821592301 ], [ -75.232988420098593, 39.913517017062297 ], [ -75.232926607906904, 39.913468697390002 ], [ -75.232731646038403, 39.913316294921799 ], [ -75.232152977362205, 39.912832294750103 ], [ -75.232137765488105, 39.912819571069598 ], [ -75.231545222510306, 39.912323956329203 ], [ -75.230988897535596, 39.9118670913237 ], [ -75.230728268134797, 39.911652392647298 ], [ -75.230584129644996, 39.911502928509201 ], [ -75.230562627615598, 39.911473239351103 ], [ -75.230554173958694, 39.911461566761702 ], [ -75.230430786426993, 39.911291198481699 ], [ -75.230344527423796, 39.911110373676202 ], [ -75.230469220713502, 39.911021204217697 ], [ -75.230546304927898, 39.910966079535697 ], [ -75.230656182579906, 39.910887503484801 ], [ -75.231108051433196, 39.910564360726497 ], [ -75.231117011108495, 39.9105579532701 ], [ -75.231179799662698, 39.910513051256402 ], [ -75.231251403052198, 39.910456805602202 ], [ -75.231400662467806, 39.910339559225903 ], [ -75.231507916979496, 39.910255307058698 ], [ -75.231509347376402, 39.910254183402799 ], [ -75.231575760126802, 39.910202013167897 ], [ -75.2316293160751, 39.910159943566903 ], [ -75.2316573284904, 39.910137025760001 ], [ -75.231703283407398, 39.910099429293702 ], [ -75.231797079003698, 39.910022691074701 ], [ -75.231830447151793, 39.909995391288597 ], [ -75.231965370896205, 39.9098850057782 ], [ -75.232035342909896, 39.909813603300798 ], [ -75.232064356218302, 39.909783996758001 ], [ -75.232138968026604, 39.909707858673102 ], [ -75.232253413356503, 39.909591071104899 ], [ -75.232258641819499, 39.9095857357988 ], [ -75.232502827911802, 39.909340962553102 ], [ -75.232630316880602, 39.909213975263803 ], [ -75.232766656568998, 39.909070923692902 ], [ -75.232945005171203, 39.908883795831201 ], [ -75.233042751400106, 39.908774935470298 ], [ -75.234050195611999, 39.907652921677403 ], [ -75.234157923807501, 39.907530241085603 ], [ -75.234175835727797, 39.907509842777202 ], [ -75.234344353747005, 39.907317933629201 ], [ -75.234568751099602, 39.907066612422398 ], [ -75.2347328592666, 39.906882813164302 ], [ -75.234812960555203, 39.906799227349602 ], [ -75.234822358720805, 39.906789418972103 ], [ -75.234981011551298, 39.9066238638013 ], [ -75.235164032238103, 39.906464055250098 ], [ -75.235626092686502, 39.9060873389165 ], [ -75.235735760460997, 39.905997926425798 ], [ -75.235983221576703, 39.905831803004197 ], [ -75.236063515335303, 39.905777900300201 ], [ -75.236506582128399, 39.905480458976399 ], [ -75.236556210243094, 39.9054471416705 ], [ -75.236610963262095, 39.905410384981401 ], [ -75.236909051044506, 39.905250176432297 ], [ -75.237266115660802, 39.905058269923202 ], [ -75.237276791239196, 39.905052532123797 ], [ -75.237775283920897, 39.904784609360497 ], [ -75.23811356697, 39.904659361511101 ], [ -75.238121235190803, 39.904656522013497 ], [ -75.238576258242702, 39.904488049388398 ], [ -75.239402020698407, 39.904316839870802 ], [ -75.239409609958898, 39.904315249140701 ], [ -75.2400031498874, 39.904192170174198 ], [ -75.240147342665793, 39.904162268860297 ], [ -75.240332473798304, 39.904123878863899 ], [ -75.240290297139097, 39.903990700301897 ], [ -75.240282148631493, 39.903964972401901 ], [ -75.240275059472793, 39.903941890489001 ], [ -75.239409987138899, 39.901125149919103 ], [ -75.239152379968601, 39.900286317926003 ], [ -75.239147448117095, 39.900270982181901 ], [ -75.239060303450302, 39.900000010080802 ], [ -75.238969024179795, 39.899716177522997 ], [ -75.238712899859806, 39.898919745175697 ], [ -75.238689581388797, 39.898847237585201 ], [ -75.238689571933193, 39.898847208546201 ], [ -75.238643121211894, 39.898702761450501 ], [ -75.238643507825898, 39.898702333839204 ], [ -75.242634061818706, 39.894281593029 ], [ -75.243752268658895, 39.893035935499398 ], [ -75.241825718080804, 39.892017199604297 ], [ -75.241961026212394, 39.891933666900101 ], [ -75.242428738997106, 39.891617227184902 ], [ -75.242943840604894, 39.891317541888398 ], [ -75.243389244520401, 39.891109014425602 ], [ -75.243875289752694, 39.890893948872403 ], [ -75.2438944653791, 39.890885558248698 ], [ -75.244923012215395, 39.890435504164302 ], [ -75.245032859751703, 39.890387437708299 ], [ -75.245187274657397, 39.890310768259603 ], [ -75.245280730059093, 39.890264365156597 ], [ -75.245668079254401, 39.890017138558001 ], [ -75.245677849149601, 39.8900070708032 ], [ -75.245705761856598, 39.889978308331699 ], [ -75.246195942006096, 39.889547404264398 ], [ -75.246231387206905, 39.889516244706499 ], [ -75.247988274565301, 39.887586374979698 ], [ -75.248996606924393, 39.886456710157603 ], [ -75.249119801700203, 39.886321962994799 ], [ -75.249321396673494, 39.8860984019488 ], [ -75.250162742317798, 39.885165360973403 ], [ -75.251486217927706, 39.8837311048757 ], [ -75.253364790132906, 39.881611266834298 ], [ -75.253622749994705, 39.8813399543359 ], [ -75.253824032083799, 39.881122926698197 ], [ -75.254386750707098, 39.880521225060697 ], [ -75.254897950043599, 39.880017445028599 ], [ -75.255416825930993, 39.879570208559599 ], [ -75.255927098320399, 39.879163733543798 ], [ -75.256362022641596, 39.878858535968398 ], [ -75.256420077056305, 39.878817797812701 ], [ -75.257011636808599, 39.8784331998393 ], [ -75.2576079041078, 39.878085836539498 ], [ -75.2584625032584, 39.8776510647726 ], [ -75.259307472122302, 39.877294241067702 ], [ -75.260047823476199, 39.877023724252702 ], [ -75.260561916345097, 39.876836876409399 ], [ -75.261086554715007, 39.876614924002901 ], [ -75.261234907155497, 39.8765105879408 ], [ -75.261249913644903, 39.876494840228602 ], [ -75.262529137529199, 39.8765725221445 ], [ -75.2625300301235, 39.8765725766592 ], [ -75.262535815121595, 39.876582841960001 ], [ -75.262539353332102, 39.876589120268399 ], [ -75.262548833595403, 39.876605942087402 ], [ -75.262550708142498, 39.876609267782399 ], [ -75.264832099228499, 39.880657179265597 ], [ -75.265003494644304, 39.880992656806598 ], [ -75.265112454101498, 39.881666739046501 ], [ -75.264545094517501, 39.882123491283103 ], [ -75.264297993914795, 39.882252014094703 ], [ -75.263081818774495, 39.882365619284201 ], [ -75.262262928945304, 39.8825816764096 ], [ -75.261945646692197, 39.882898722548802 ], [ -75.261922318538794, 39.882968580568701 ], [ -75.261922201658905, 39.882968930317702 ], [ -75.2618855966019, 39.883078544508301 ], [ -75.261964878429296, 39.883250015612298 ], [ -75.262432603744301, 39.883644122664101 ], [ -75.264134382060504, 39.884143596614798 ], [ -75.264183833442004, 39.884172515195999 ], [ -75.264444142343805, 39.8843247402042 ], [ -75.264638271632904, 39.884743589440902 ], [ -75.264448394377098, 39.8848676586029 ], [ -75.264227406391001, 39.885012055598402 ], [ -75.263153257126902, 39.885310466984201 ], [ -75.262729565816301, 39.885563887865104 ], [ -75.262617002584705, 39.885814831566002 ], [ -75.262682894038605, 39.886035789236097 ], [ -75.2628037948611, 39.886092907591902 ], [ -75.262819867495494, 39.886094043866898 ], [ -75.263683851346499, 39.886155114796701 ], [ -75.2639815139256, 39.8861067280369 ], [ -75.264023984008702, 39.886120234287098 ], [ -75.264283697449898, 39.886202830868299 ], [ -75.264798514671, 39.886455243281603 ], [ -75.264851559686406, 39.886546900443399 ], [ -75.264934129071193, 39.886683604747098 ], [ -75.265037753749894, 39.886843251464299 ], [ -75.265105332224095, 39.886990873110001 ], [ -75.265135427649, 39.887165790131597 ], [ -75.265129065930694, 39.887339915798798 ], [ -75.265095950522806, 39.887547190770199 ], [ -75.264978575334197, 39.887763882207601 ], [ -75.264877628040395, 39.887930335700297 ], [ -75.264725843942102, 39.888090066377103 ], [ -75.264598448250695, 39.888225997286597 ], [ -75.264596756521698, 39.888227803119698 ], [ -75.264446615674899, 39.888342597190103 ], [ -75.2642612469553, 39.888422899454703 ], [ -75.263996491830795, 39.888478993526 ], [ -75.263725882265206, 39.888495610246402 ], [ -75.263376502923805, 39.888471166678599 ], [ -75.262976904781794, 39.888423148144803 ], [ -75.262679800337096, 39.888366108300197 ], [ -75.262473170601496, 39.8884290816004 ], [ -75.262301732153304, 39.888553908111 ], [ -75.262293241588495, 39.888560091100203 ], [ -75.262199989968707, 39.888715467812297 ], [ -75.262133848809398, 39.8889276465192 ], [ -75.262096052174996, 39.889162926455299 ], [ -75.262080952730699, 39.889376212218203 ], [ -75.262087879621006, 39.889685541252199 ], [ -75.262101330760203, 39.889916311473399 ], [ -75.262123305192702, 39.890113538205902 ], [ -75.262109642745898, 39.890287506302002 ], [ -75.262102451072707, 39.890484099924898 ], [ -75.262035896901807, 39.890707513087001 ], [ -75.261882244595, 39.891316913685102 ], [ -75.261855025457606, 39.891462480235802 ], [ -75.261790319122099, 39.891635339300997 ], [ -75.261733521814307, 39.891791507139899 ], [ -75.261697683787702, 39.891822188913402 ], [ -75.261605448960907, 39.891901154683701 ], [ -75.261504952567705, 39.891955188153602 ], [ -75.261313510948696, 39.892001624677398 ], [ -75.261098550516806, 39.892092522120798 ], [ -75.2607300458873, 39.892191327977599 ], [ -75.260141753544005, 39.892313466471997 ], [ -75.2599290528822, 39.892342574191296 ], [ -75.259745724713696, 39.892366699328797 ], [ -75.259541343920105, 39.892367880745901 ], [ -75.259349900968104, 39.892414314016101 ], [ -75.259107618771097, 39.892454020848099 ], [ -75.258958488019999, 39.892540723724402 ], [ -75.258778129858001, 39.892682961306399 ], [ -75.258568809458794, 39.892818948698199 ], [ -75.258387216166696, 39.892994887390302 ], [ -75.258212705605402, 39.893176601968698 ], [ -75.25802299531, 39.893374848755201 ], [ -75.257829430314402, 39.893578634513702 ], [ -75.257670119315307, 39.893743814093398 ], [ -75.257433770881505, 39.894019747288098 ], [ -75.256910637437798, 39.894553650576803 ], [ -75.256743207349601, 39.894741138372602 ], [ -75.256665753123301, 39.894863125209497 ], [ -75.256662664018407, 39.894947379857101 ], [ -75.256710209643501, 39.8950439785051 ], [ -75.256790306244497, 39.895199954036897 ], [ -75.256790403401197, 39.895200143556202 ], [ -75.256791950420194, 39.895203156780298 ], [ -75.256968284992794, 39.895370012840402 ], [ -75.257125010228705, 39.8954746072028 ], [ -75.257274647397097, 39.895573425918002 ], [ -75.257388760019296, 39.895715146475602 ], [ -75.257389821754302, 39.895716465187697 ], [ -75.257362798290401, 39.895856413896503 ], [ -75.2572770234692, 39.896006327480102 ], [ -75.257147288217595, 39.896160907122201 ], [ -75.256935275751502, 39.896369910768698 ], [ -75.256762401299497, 39.896506687886401 ], [ -75.256450436326006, 39.896854052930202 ], [ -75.256236771687995, 39.8971079914527 ], [ -75.256091005437895, 39.8973015719655 ], [ -75.255982317949005, 39.897479092547798 ], [ -75.255805112392395, 39.897733823620001 ], [ -75.2556182037751, 39.897954614728597 ], [ -75.255507246311495, 39.898193922274501 ], [ -75.255330656479103, 39.898431801354697 ], [ -75.255225880443305, 39.898502601233602 ], [ -75.255156743180507, 39.8985966609198 ], [ -75.255145113652802, 39.898609308182003 ], [ -75.255095928558802, 39.898662794420197 ], [ -75.255095472545506, 39.8986752235677 ], [ -75.255094322404602, 39.898706571919497 ], [ -75.255092425186504, 39.898758282610601 ], [ -75.255093108197102, 39.8987611878538 ], [ -75.255097344383202, 39.898779190843797 ], [ -75.255117680566599, 39.898865640205599 ], [ -75.255167080293305, 39.898911685623197 ], [ -75.255234649301897, 39.899059313979201 ], [ -75.255339918583601, 39.899174033302401 ], [ -75.255487501958697, 39.899329024113101 ], [ -75.255620292643897, 39.899489313197897 ], [ -75.255666052885005, 39.899528307323301 ], [ -75.255609999874196, 39.8995858384488 ], [ -75.255518091909295, 39.899680155182402 ], [ -75.255520468588998, 39.899683162150403 ], [ -75.253712576668804, 39.901669568700697 ], [ -75.253658486212203, 39.901730841151398 ], [ -75.251289302998799, 39.904414498437497 ], [ -75.252932372947001, 39.9052988699857 ], [ -75.253490298029305, 39.9055991592627 ], [ -75.252557086162, 39.906556489872202 ], [ -75.252495385726903, 39.906619784601801 ], [ -75.252476497022997, 39.906639160662699 ], [ -75.252394330115607, 39.906642636851203 ], [ -75.252326226314906, 39.906650647728 ], [ -75.252162205298703, 39.906669943018102 ], [ -75.252152405855895, 39.906671095404398 ], [ -75.251990917338702, 39.906695683994101 ], [ -75.251755255262196, 39.906752385493903 ], [ -75.251628582817105, 39.906822705271303 ], [ -75.251497643720299, 39.906909794879702 ], [ -75.251303058049899, 39.907040469209598 ], [ -75.251056796712504, 39.907186880665002 ], [ -75.250871620812305, 39.907294495811101 ], [ -75.250870328542504, 39.907295246096801 ], [ -75.250714066727099, 39.907376161536298 ], [ -75.250446461436994, 39.907549164995601 ], [ -75.250444890326804, 39.907550180395504 ], [ -75.250317595551806, 39.907637349078399 ], [ -75.250270736569604, 39.907720648447899 ], [ -75.250223586480601, 39.907820104343102 ], [ -75.250223256723302, 39.907820799926199 ], [ -75.250213310060602, 39.907877978912097 ], [ -75.250204746217705, 39.907927203461597 ], [ -75.250184790027802, 39.908072926284397 ], [ -75.250198408617607, 39.908298080138003 ], [ -75.250193831566307, 39.908422570368501 ], [ -75.250192440749302, 39.908460398811897 ], [ -75.2501924196647, 39.908460972283798 ], [ -75.250190035756006, 39.908471652014399 ], [ -75.250166202406803, 39.908578451245603 ], [ -75.250116657781803, 39.908734771447001 ], [ -75.250045023545098, 39.9088962312277 ], [ -75.250002771934902, 39.909052710423801 ], [ -75.249932997091904, 39.909163618204303 ], [ -75.249891985480104, 39.909286395781798 ], [ -75.249918061563505, 39.909371286452597 ], [ -75.249991699292707, 39.909450732549899 ], [ -75.250034482967607, 39.909480632393901 ], [ -75.250149737968997, 39.909522495525898 ], [ -75.250279993283996, 39.909553443033801 ], [ -75.250469633403995, 39.909557576902898 ], [ -75.250650738746302, 39.909595253012 ], [ -75.250881869439198, 39.909662126664699 ], [ -75.251105294111397, 39.909740074446297 ], [ -75.251226811612199, 39.909810181202502 ], [ -75.251296058459801, 39.909889489270199 ], [ -75.251296860065906, 39.909890407732703 ], [ -75.251291496530399, 39.909947880400601 ], [ -75.251284818611097, 39.910019437549998 ], [ -75.2512363064466, 39.910147675177001 ], [ -75.251121738360794, 39.910285713787601 ], [ -75.251000286694506, 39.9104123596777 ], [ -75.250870509694593, 39.910566932200098 ], [ -75.250719882214796, 39.910692942720701 ], [ -75.250613638287604, 39.910803055898903 ], [ -75.250536361261894, 39.910919421795299 ], [ -75.250399287328094, 39.911073834744499 ], [ -75.250192920343906, 39.9112267357769 ], [ -75.249926620199503, 39.9113221157602 ], [ -75.249748672098306, 39.911396935013002 ], [ -75.249518427612301, 39.911504342952298 ], [ -75.249333185993095, 39.911579001607201 ], [ -75.249162117127597, 39.911665213504797 ], [ -75.248982928675701, 39.911773734088698 ], [ -75.248855004297297, 39.911877749689801 ], [ -75.248762724394993, 39.912005030662598 ], [ -75.248720466733801, 39.912161509355997 ], [ -75.248685297306906, 39.912323763071399 ], [ -75.248597622642293, 39.912524222974298 ], [ -75.248557432084993, 39.912624532019997 ], [ -75.248509327477095, 39.912741533152797 ], [ -75.248432045849995, 39.912857896754097 ], [ -75.248377473644197, 39.912952270660099 ], [ -75.248294344360502, 39.913029157552202 ], [ -75.248211628296005, 39.913094809922697 ], [ -75.248055143324095, 39.913181337614603 ], [ -75.247831770658195, 39.913300134897 ], [ -75.2476017234724, 39.913401921305898 ], [ -75.247400439274699, 39.913515576791497 ], [ -75.247200600606305, 39.913589915348403 ], [ -75.247116642096202, 39.913689268500598 ], [ -75.247069154639803, 39.913789417792302 ], [ -75.247064398479793, 39.913918607295201 ], [ -75.247117131138097, 39.914053014372001 ], [ -75.247117787919606, 39.914054688337899 ], [ -75.247222859915894, 39.914175032777003 ], [ -75.247334065341803, 39.914309498902 ], [ -75.247412070487997, 39.914429515415897 ], [ -75.247486410636796, 39.914543891850997 ], [ -75.247495006502405, 39.914560435186999 ], [ -75.247552829797797, 39.914593166230098 ], [ -75.247631902775197, 39.914646902756502 ], [ -75.247632567129898, 39.914647354237701 ], [ -75.247669122732404, 39.914689582410197 ], [ -75.247706007279902, 39.914732188958098 ], [ -75.247706611082407, 39.914732886890199 ], [ -75.247715978482901, 39.9148484760182 ], [ -75.247654892273502, 39.914966024250099 ], [ -75.247554985107399, 39.915089717753403 ], [ -75.247486449892605, 39.915224586180599 ], [ -75.247347930290104, 39.915410373760203 ], [ -75.247188389825695, 39.9156429071232 ], [ -75.247137212905898, 39.915737942986603 ], [ -75.247057720277596, 39.915862082638803 ], [ -75.246988973257103, 39.915941001752202 ], [ -75.246920355888605, 39.916016426906097 ], [ -75.246842405063902, 39.916098640858401 ], [ -75.246782796748704, 39.9161760114484 ], [ -75.246753065910596, 39.916243544063001 ], [ -75.246764273468202, 39.916339943587502 ], [ -75.246784199551499, 39.916444060348802 ], [ -75.246787120884406, 39.916459323873802 ], [ -75.246809490155897, 39.916511007545999 ], [ -75.246835246652594, 39.916570514600203 ], [ -75.246853080632107, 39.9166329102584 ], [ -75.246877483232893, 39.916718290379102 ], [ -75.246940121021694, 39.916881276982302 ], [ -75.246940158428501, 39.9168813733042 ], [ -75.2469619206517, 39.916937792820299 ], [ -75.246996249647793, 39.916972826808298 ], [ -75.247000496639203, 39.916977161394399 ], [ -75.247001307497499, 39.916977988187 ], [ -75.247040140298793, 39.917002437411703 ], [ -75.247103509569499, 39.917038786460097 ], [ -75.247155598897606, 39.917073140417102 ], [ -75.247186986801793, 39.917103873676702 ], [ -75.247188469672807, 39.917105326009903 ], [ -75.247201703791902, 39.9171466992482 ], [ -75.247209838584496, 39.917191188529699 ], [ -75.2472099622766, 39.9171918651721 ], [ -75.247210208657194, 39.917193213929899 ], [ -75.247193234674199, 39.917222563551903 ], [ -75.247172488497696, 39.917247107826803 ], [ -75.247172231605504, 39.917247411259602 ], [ -75.247239404032598, 39.917413468130597 ], [ -75.247242234563899, 39.917422683999199 ], [ -75.247304845784001, 39.917626513578597 ], [ -75.247346717959104, 39.917793864262897 ], [ -75.247346979219799, 39.917794904304799 ], [ -75.2473569755131, 39.9180028408935 ], [ -75.2473469749456, 39.918439840903503 ], [ -75.247332876573694, 39.918689911769597 ], [ -75.246857723380103, 39.918769937167603 ], [ -75.246898520367196, 39.918585540480798 ], [ -75.246923925576098, 39.918324581101302 ], [ -75.246868621216294, 39.918110514268399 ], [ -75.246868099091103, 39.918109313559597 ], [ -75.246861082792407, 39.9180931776786 ], [ -75.246788522706794, 39.9179263137001 ], [ -75.246414750651994, 39.917350569892299 ], [ -75.246308655956099, 39.917187144017902 ], [ -75.246124164235795, 39.9169596348044 ], [ -75.2457938970459, 39.916552354088701 ], [ -75.2453206107932, 39.915944648680799 ], [ -75.245307406258405, 39.915927694554597 ], [ -75.244935310990897, 39.915461499549302 ], [ -75.244668881890604, 39.915591626244897 ], [ -75.244383206103606, 39.915736331473397 ], [ -75.2441015132556, 39.915885383865501 ], [ -75.243822786144506, 39.9160379683426 ], [ -75.243547817145597, 39.916194617616597 ], [ -75.243278906050506, 39.9163569974775 ], [ -75.243017712915801, 39.916526575043399 ], [ -75.242762355860606, 39.9167017099522 ], [ -75.242509810311105, 39.9168793529063 ], [ -75.242454058518206, 39.916918599964802 ], [ -75.242257497166904, 39.917056971584202 ], [ -75.242005163054699, 39.917234551435001 ], [ -75.241752852615406, 39.917412151098901 ], [ -75.2415005646466, 39.917589771450601 ], [ -75.241248296909504, 39.917767409738303 ], [ -75.241089653114898, 39.917879140488203 ], [ -75.240996049437399, 39.917945065062 ], [ -75.240743822197004, 39.918122738321998 ], [ -75.240491612883105, 39.918300428567001 ], [ -75.240239420426093, 39.9184781330707 ], [ -75.239987245962197, 39.918655852759201 ], [ -75.239735086016694, 39.918833586655403 ], [ -75.239512125272796, 39.918990760742801 ], [ -75.239459436809, 39.918950131835103 ], [ -75.238831936573106, 39.9183973002229 ], [ -75.238607025876803, 39.9182127662624 ], [ -75.238348510280204, 39.917986276986298 ], [ -75.238124814150197, 39.917811410175197 ], [ -75.237920582090396, 39.917635042119898 ], [ -75.237669461665206, 39.917418485431398 ], [ -75.2374280016559, 39.917218464988203 ], [ -75.236924252912601, 39.916810239917602 ], [ -75.236515512577995, 39.916463272703098 ], [ -75.236027347757499, 39.916047001312698 ] ] ] } },
{ "type": "Feature", "properties": { "OBJECTID": 6, "ORGANIZATION": "Germantown United CDC", "STREET_ADDRESS": "5320 Germantown Ave", "ZIP_CODE": "19144", "NAC_COORDINATOR": "Leo Dillinger IV", "PHONE_NUMBER": "215-856-4303 x101", "EMAIL_ADDRESS": "ldillinger@germantownunitedcdc.org", "WEBSITE_URL": "germantownunitedcdc.org", "Shape__Area": 17221201.0390625, "Shape__Length": 23982.510205066053 }, "geometry": { "type": "Polygon", "coordinates": [ [ [ -75.160639208901003, 40.056789444353001 ], [ -75.158890616514, 40.055778844117 ], [ -75.158307023025102, 40.0554476164085 ], [ -75.157870924795503, 40.055209297787002 ], [ -75.157817757161496, 40.055188246146102 ], [ -75.157740754270606, 40.055157754656797 ], [ -75.157726262016396, 40.0551520161696 ], [ -75.157567888336203, 40.054901448329197 ], [ -75.157585703593099, 40.054620619267602 ], [ -75.157618385074102, 40.054272767584798 ], [ -75.157689048672694, 40.053235571219503 ], [ -75.157730921930195, 40.0526365014112 ], [ -75.157747391607899, 40.052383368889103 ], [ -75.157775387868995, 40.051965626038303 ], [ -75.157858271722404, 40.050613234731799 ], [ -75.157872410183103, 40.050408390840097 ], [ -75.157918721041995, 40.0496794208373 ], [ -75.157950187155805, 40.049227507745698 ], [ -75.157959911712098, 40.049036330856602 ], [ -75.157984387630606, 40.0486755283452 ], [ -75.158019101094396, 40.048136560350699 ], [ -75.158058938736005, 40.047603294253101 ], [ -75.158067405632906, 40.047472125408397 ], [ -75.158093468474206, 40.0471177504769 ], [ -75.158132209836495, 40.046429067857197 ], [ -75.158166066844501, 40.045921913347399 ], [ -75.158219009273907, 40.045086718079602 ], [ -75.158262842639701, 40.043792637486597 ], [ -75.1582866116552, 40.043352156590302 ], [ -75.158308059838504, 40.042871666003101 ], [ -75.158318581146403, 40.042418943235397 ], [ -75.1583421749244, 40.042032199414201 ], [ -75.158359255713705, 40.041497530430597 ], [ -75.158404664186904, 40.040746863173801 ], [ -75.158452502226993, 40.038549689586098 ], [ -75.158415571568696, 40.037512671554801 ], [ -75.158374222556702, 40.036695460970698 ], [ -75.158364761861307, 40.036356845024898 ], [ -75.157659825408103, 40.033265749275699 ], [ -75.157640455479793, 40.0332167554294 ], [ -75.1576404565226, 40.033216359907001 ], [ -75.157641400869494, 40.032937779028401 ], [ -75.157626429810605, 40.032047161786302 ], [ -75.157623695082606, 40.031787049764098 ], [ -75.157617283116707, 40.031524891421498 ], [ -75.157635677968599, 40.031419553498303 ], [ -75.157676160112402, 40.031327341860298 ], [ -75.157756884476598, 40.0312028928562 ], [ -75.1578210802477, 40.031134892405497 ], [ -75.158124170345005, 40.030835849773197 ], [ -75.159033457196799, 40.030327376232599 ], [ -75.159220684204698, 40.027667353008297 ], [ -75.159296860547798, 40.026602269973999 ], [ -75.159376536220705, 40.025513242054302 ], [ -75.159412599114503, 40.024750457484103 ], [ -75.159465549650307, 40.0241172784187 ], [ -75.159480259072694, 40.024054975239103 ], [ -75.159507903787102, 40.023993372015802 ], [ -75.159552350630094, 40.023935955499397 ], [ -75.159707883411997, 40.023889086294197 ], [ -75.159880295593695, 40.023804295430097 ], [ -75.160340203301104, 40.023479904480801 ], [ -75.162025152148004, 40.0222972567623 ], [ -75.162463739878703, 40.021964514105399 ], [ -75.162602739659903, 40.021614745664202 ], [ -75.162667312920703, 40.0213379240043 ], [ -75.1626764874554, 40.021097234510101 ], [ -75.162692007773899, 40.020831766826397 ], [ -75.162727536534803, 40.020608284937403 ], [ -75.162782483662497, 40.020378560431297 ], [ -75.162902884195901, 40.020117983974998 ], [ -75.163036199673797, 40.019880091288499 ], [ -75.1631612685715, 40.019716773481299 ], [ -75.163500790414403, 40.019454453356801 ], [ -75.163556343626496, 40.019406147971999 ], [ -75.163612533085598, 40.019357289253698 ], [ -75.163759487262496, 40.019245268391998 ], [ -75.163883129478407, 40.019207753410903 ], [ -75.164337553096701, 40.019070882779403 ], [ -75.165383124443807, 40.018774631320099 ], [ -75.166006947125496, 40.0186309080622 ], [ -75.166724236703601, 40.0185084722387 ], [ -75.167889284758402, 40.018378369683198 ], [ -75.169645042318194, 40.0181301968924 ], [ -75.170779196993095, 40.017970710751797 ], [ -75.171944439731703, 40.017734651531903 ], [ -75.172342708406305, 40.017615039041402 ], [ -75.172375672018205, 40.017641908368098 ], [ -75.172463599773295, 40.017713579034201 ], [ -75.172557780565299, 40.0177903473557 ], [ -75.172961317342796, 40.0181272909672 ], [ -75.173117491814494, 40.018287913404002 ], [ -75.173248007470406, 40.018422146736803 ], [ -75.173312196827993, 40.018477529818703 ], [ -75.174963658657305, 40.019902387622103 ], [ -75.176861326781093, 40.021512257306298 ], [ -75.178129635296102, 40.022596049614599 ], [ -75.178141160628698, 40.022605904398702 ], [ -75.179034418423299, 40.023339671260501 ], [ -75.179844449817097, 40.024096604414297 ], [ -75.181668059524895, 40.0256677650992 ], [ -75.181953955860394, 40.025540949936001 ], [ -75.183975499579205, 40.024791156884 ], [ -75.184933942887596, 40.024410346461998 ], [ -75.187819066901099, 40.023349112014699 ], [ -75.188079398644305, 40.023253349637997 ], [ -75.188613731083294, 40.023067589051301 ], [ -75.189547899729504, 40.022712410062098 ], [ -75.190008955726498, 40.0225352456374 ], [ -75.190401806147307, 40.022305436955797 ], [ -75.190529048212198, 40.022193379417502 ], [ -75.190966265542599, 40.0217917861834 ], [ -75.191245045011598, 40.021556856685301 ], [ -75.191863946560403, 40.0209857791926 ], [ -75.192405311842805, 40.020506450131798 ], [ -75.193972284223904, 40.019039168416398 ], [ -75.194411177409094, 40.018659544212497 ], [ -75.1963186731126, 40.0169096338226 ], [ -75.197682728935206, 40.015802234736697 ], [ -75.198078581991297, 40.015480357333097 ], [ -75.198362035126905, 40.015280933076703 ], [ -75.198750594604803, 40.0149365383907 ], [ -75.198881779860898, 40.014830158633401 ], [ -75.199828605047898, 40.014062355209603 ], [ -75.200246534985894, 40.013717141252798 ], [ -75.200252137504606, 40.013711301019796 ], [ -75.200480606327901, 40.013473154620797 ], [ -75.2008102161995, 40.013140427896602 ], [ -75.200971410946806, 40.012995501377297 ], [ -75.201054435274202, 40.012967636637804 ], [ -75.201061694459298, 40.012965200196497 ], [ -75.201159955270001, 40.012951783345002 ], [ -75.201288271883897, 40.012955531864101 ], [ -75.201395223839796, 40.012992204414502 ], [ -75.201491614868999, 40.013055592370598 ], [ -75.201603924202502, 40.013119333549199 ], [ -75.201685500161204, 40.013152992768703 ], [ -75.201764260337399, 40.0131767901225 ], [ -75.201882142433504, 40.013176957358503 ], [ -75.201889639191407, 40.013174591009701 ], [ -75.201960120754293, 40.013152344330798 ], [ -75.201962369067502, 40.013151634679197 ], [ -75.202028860374597, 40.013117720613202 ], [ -75.202206877000293, 40.013276822766599 ], [ -75.202388955910095, 40.013405416687299 ], [ -75.202705110539895, 40.013613633225702 ], [ -75.203080744931597, 40.013806874498002 ], [ -75.203346472306905, 40.013896829400103 ], [ -75.203984175985994, 40.014112703423997 ], [ -75.204507601309999, 40.014289888573799 ], [ -75.204712250655206, 40.014360710279497 ], [ -75.204833248191306, 40.014396693480599 ], [ -75.204849660113695, 40.014401573998697 ], [ -75.204888208121901, 40.014414899233699 ], [ -75.205238102269803, 40.0145358500668 ], [ -75.205686606830795, 40.014656386455698 ], [ -75.205903284118307, 40.0147146197151 ], [ -75.205933221980402, 40.014722664955102 ], [ -75.205938358953105, 40.014724045582703 ], [ -75.2060429663034, 40.014750469599797 ], [ -75.2061072611436, 40.014766711063302 ], [ -75.206131359553694, 40.0147727978419 ], [ -75.2061047989245, 40.014799801678002 ], [ -75.206051012440298, 40.0148461685123 ], [ -75.206013289487501, 40.014905808895399 ], [ -75.205958768841199, 40.015026511925001 ], [ -75.205849250738098, 40.015292037092699 ], [ -75.205582452116502, 40.015216647164301 ], [ -75.2052611228372, 40.015125850988298 ], [ -75.204939793145101, 40.015035056587898 ], [ -75.202421960790304, 40.015813586379402 ], [ -75.201268967035702, 40.017198578688898 ], [ -75.199853974761098, 40.019379568835703 ], [ -75.197635984469201, 40.021470556489099 ], [ -75.196060989774693, 40.022512548364702 ], [ -75.195010994046399, 40.0232075438904 ], [ -75.193307998486603, 40.024100536627202 ], [ -75.192779001318797, 40.024284533918802 ], [ -75.193231001534201, 40.025005533993898 ], [ -75.192081005648205, 40.025672527888801 ], [ -75.187462020083501, 40.028509506285197 ], [ -75.186012020122604, 40.027582504728599 ], [ -75.185688021031595, 40.0277715029017 ], [ -75.186064022451006, 40.028352502668199 ], [ -75.1854648193695, 40.028886395741303 ], [ -75.186194358344196, 40.029479479570597 ], [ -75.187377900822, 40.030433458062603 ], [ -75.187777095686101, 40.030782156936397 ], [ -75.187955747637304, 40.030944074546497 ], [ -75.188665325192801, 40.031587175246997 ], [ -75.189064242666404, 40.031915682401198 ], [ -75.189793088070701, 40.032549362684101 ], [ -75.1904325222268, 40.033062212676299 ], [ -75.190967425845002, 40.033521731157599 ], [ -75.191117471618199, 40.033650628481297 ], [ -75.191228261918795, 40.033745707571398 ], [ -75.191900753880006, 40.034322821549999 ], [ -75.192727256286503, 40.035031395145602 ], [ -75.193127536621901, 40.035392285301398 ], [ -75.192936219942297, 40.0354739919485 ], [ -75.190988835042603, 40.037363826478902 ], [ -75.190087244415395, 40.038242962394897 ], [ -75.189243991303201, 40.039059452417597 ], [ -75.188798132148307, 40.039491151431598 ], [ -75.187315733369701, 40.040939886638697 ], [ -75.185570178237199, 40.042636236700098 ], [ -75.184524932153593, 40.0436652094659 ], [ -75.183081607651701, 40.045079056828399 ], [ -75.182204520822296, 40.0459051781231 ], [ -75.182798443868407, 40.047085218003403 ], [ -75.183328510739798, 40.048126860933301 ], [ -75.183398689940702, 40.048264768449499 ], [ -75.182497236384094, 40.049153656683302 ], [ -75.181392004504204, 40.050241064939797 ], [ -75.180565214658401, 40.051059678265197 ], [ -75.180341913252093, 40.051263734764902 ], [ -75.1799943295117, 40.051610509078998 ], [ -75.179617508184904, 40.051966602427697 ], [ -75.177984212607299, 40.053570624614899 ], [ -75.177709929053606, 40.053404002388298 ], [ -75.177299848760796, 40.053155906657402 ], [ -75.177194411774494, 40.053091230815802 ], [ -75.176885802679294, 40.053377495029402 ], [ -75.176831460451993, 40.053436117532897 ], [ -75.176654896703198, 40.0536059323451 ], [ -75.176464243690205, 40.053794102912001 ], [ -75.175757138413601, 40.0544698156395 ], [ -75.175743214776901, 40.054587616984101 ], [ -75.1761883569133, 40.055830189834197 ], [ -75.175260160296901, 40.056721112112498 ], [ -75.175148094692702, 40.0568491244954 ], [ -75.174759979740898, 40.057292471304997 ], [ -75.173938471055493, 40.056794948268802 ], [ -75.173579819866205, 40.056556739578497 ], [ -75.172869648826193, 40.057266498145601 ], [ -75.172485244636206, 40.057660352707501 ], [ -75.172157562067198, 40.057979774044703 ], [ -75.171822669339704, 40.058304607270401 ], [ -75.171464766549903, 40.058663094008097 ], [ -75.171400099493397, 40.058709303452098 ], [ -75.170009347408893, 40.060058626506603 ], [ -75.168642992939297, 40.061384195240301 ], [ -75.1683253011538, 40.061195704626599 ], [ -75.167845796577893, 40.0609230866907 ], [ -75.167488134521093, 40.060717173538002 ], [ -75.166969426785698, 40.060423900628599 ], [ -75.166229879689794, 40.059996011818299 ], [ -75.165953595132805, 40.059832469169599 ], [ -75.1654536319828, 40.059552046443002 ], [ -75.164602951071302, 40.059054597890501 ], [ -75.163174649747305, 40.058243898270298 ], [ -75.162655498136004, 40.057946688219502 ], [ -75.162247687951805, 40.057711464820201 ], [ -75.162123531600699, 40.057649320421099 ], [ -75.161949226582607, 40.0575772163265 ], [ -75.160691440187307, 40.0568422414811 ], [ -75.160647380419206, 40.056797429495198 ], [ -75.160639950008402, 40.056789872818896 ], [ -75.160639288053105, 40.056789490286597 ], [ -75.160639208901003, 40.056789444353001 ] ], [ [ -75.1660548427474, 40.048843943808897 ], [ -75.167702860101201, 40.047255653156697 ], [ -75.167238753936601, 40.047695469804303 ], [ -75.1660548427474, 40.048843943808897 ] ], [ [ -75.171168670425999, 40.047118268226903 ], [ -75.171538011640394, 40.047898527156697 ], [ -75.171125473178904, 40.047025056569403 ], [ -75.171168670425999, 40.047118268226903 ] ] ] } },
{ "type": "Feature", "properties": { "OBJECTID": 7, "ORGANIZATION": "Lower North Philadelphia CDC", "STREET_ADDRESS": "2206 Ridge Ave, 1st Floor", "ZIP_CODE": "19121", "NAC_COORDINATOR": "Darnetta Arce", "PHONE_NUMBER": "215-305-4100", "EMAIL_ADDRESS": "lnpcdc@gmail.com", "WEBSITE_URL": " ", "Shape__Area": 4971272.46484375, "Shape__Length": 9653.3972819019018 }, "geometry": { "type": "Polygon", "coordinates": [ [ [ -75.159442095389494, 39.971477812121798 ], [ -75.159703364155206, 39.970212665947997 ], [ -75.1598534900033, 39.970231183831899 ], [ -75.160560792547997, 39.9703304448757 ], [ -75.161404606631507, 39.970439191060201 ], [ -75.162981332215097, 39.9706337644051 ], [ -75.164555222516995, 39.970827511366402 ], [ -75.165311388981806, 39.970921013224 ], [ -75.165986860993399, 39.971000413856899 ], [ -75.166732990668805, 39.971095200251298 ], [ -75.166812722759303, 39.971107195609697 ], [ -75.167703998523606, 39.971222518245703 ], [ -75.168477497303996, 39.971320249944803 ], [ -75.168893636972797, 39.9713654806908 ], [ -75.169274503142006, 39.971417071556097 ], [ -75.170552011332703, 39.971580794320502 ], [ -75.171318076401604, 39.971661132926897 ], [ -75.171993033429601, 39.971744356169197 ], [ -75.172659461339506, 39.971834106294601 ], [ -75.173341968209698, 39.971907501571103 ], [ -75.174367549902499, 39.972045662261898 ], [ -75.174944656349595, 39.972112827531099 ], [ -75.175368510320496, 39.972167564726298 ], [ -75.175948250546398, 39.972242966992802 ], [ -75.1765429171151, 39.972321341921003 ], [ -75.177028897126704, 39.972385127506399 ], [ -75.177538760292407, 39.972448157084102 ], [ -75.177862973912795, 39.972490631929404 ], [ -75.178108446973894, 39.972520175715502 ], [ -75.178577731617594, 39.972584290478601 ], [ -75.179143010395293, 39.972653360654803 ], [ -75.179489608119198, 39.972693004017898 ], [ -75.179940023906596, 39.9727526701597 ], [ -75.180321729543806, 39.972798372717698 ], [ -75.1807297617611, 39.972851873344503 ], [ -75.181436906600098, 39.972932361698597 ], [ -75.182148682041699, 39.973020321349097 ], [ -75.183770688301394, 39.973231360333202 ], [ -75.184849025470996, 39.9733607455778 ], [ -75.185394782337994, 39.973427917477601 ], [ -75.186368119611899, 39.973548412879197 ], [ -75.186398288650906, 39.973608100278703 ], [ -75.186435449266796, 39.9736816247866 ], [ -75.186511785454996, 39.973833068845899 ], [ -75.186559153632501, 39.973927042687798 ], [ -75.186591376957793, 39.973991109773301 ], [ -75.186672628584901, 39.974152649397404 ], [ -75.186682630069399, 39.9741725346313 ], [ -75.186757710294501, 39.974322035800398 ], [ -75.186805946121893, 39.974418079601499 ], [ -75.186829605628802, 39.974465231691298 ], [ -75.186929167028495, 39.974663655629698 ], [ -75.186965235210707, 39.974735559850998 ], [ -75.187052356756695, 39.974909243421699 ], [ -75.187081058473296, 39.974966446195303 ], [ -75.187121187242894, 39.975046420384899 ], [ -75.187175580546906, 39.975154821008502 ], [ -75.187292219668393, 39.975387059719999 ], [ -75.187298903606205, 39.975400367320901 ], [ -75.187338478768396, 39.9754790424182 ], [ -75.187422390006304, 39.975645860363201 ], [ -75.1874553989704, 39.975711341274298 ], [ -75.187527707395603, 39.975854778341102 ], [ -75.187546108398394, 39.975891280944403 ], [ -75.187625940117996, 39.9760590690097 ], [ -75.187664044582505, 39.976139154553103 ], [ -75.187737827810594, 39.976252554128799 ], [ -75.187817150448794, 39.976374469326501 ], [ -75.188006622000898, 39.976595548912996 ], [ -75.188252250326897, 39.976775450576099 ], [ -75.188544748496696, 39.976916402091803 ], [ -75.1888588687046, 39.977019114557798 ], [ -75.189186171804707, 39.977098202153002 ], [ -75.189519308021005, 39.977158959090403 ], [ -75.189674478814695, 39.977184440014 ], [ -75.189716473710405, 39.977284618490302 ], [ -75.189729848530604, 39.9773165215503 ], [ -75.189782938409493, 39.977443160559297 ], [ -75.189864343678096, 39.977855096636603 ], [ -75.189881738128094, 39.977943114932998 ], [ -75.1898820037555, 39.977944457053802 ], [ -75.189660774671495, 39.978377033052297 ], [ -75.189431589304405, 39.978584781877402 ], [ -75.189308295986507, 39.9787097487593 ], [ -75.189233311707596, 39.978811466276298 ], [ -75.189162102044193, 39.979022739585197 ], [ -75.189062294819493, 39.979460332382203 ], [ -75.188661330738597, 39.981218266012199 ], [ -75.188538392267205, 39.981892033522598 ], [ -75.188368541025795, 39.982633017842701 ], [ -75.188203500259206, 39.983384116855198 ], [ -75.188033496843801, 39.984137601608502 ], [ -75.187222215957604, 39.984028972451497 ], [ -75.186376147784799, 39.983914089527502 ], [ -75.184795380630703, 39.983716713886203 ], [ -75.184299210476695, 39.983658252257399 ], [ -75.183670741468703, 39.9835766115472 ], [ -75.182929850068007, 39.983487217942603 ], [ -75.181579807238705, 39.983324311202701 ], [ -75.181481822573204, 39.983312703672802 ], [ -75.180963244861104, 39.983249151576601 ], [ -75.180528928151801, 39.983191246247301 ], [ -75.179952325799505, 39.983118771493302 ], [ -75.179465748348804, 39.983059738638197 ], [ -75.179057454274798, 39.983000913954598 ], [ -75.178535973602095, 39.982930466904797 ], [ -75.177977643878606, 39.982863667873403 ], [ -75.177477764448398, 39.982794021730101 ], [ -75.176933592438402, 39.982723668678702 ], [ -75.176367912189804, 39.982661299314202 ], [ -75.175910908406095, 39.982592018493897 ], [ -75.175344510823095, 39.982528228679499 ], [ -75.174992530742401, 39.982470674342402 ], [ -75.174772649971999, 39.982455273598703 ], [ -75.174333894857099, 39.982405044170001 ], [ -75.173750128137797, 39.982317229348901 ], [ -75.173214914122198, 39.982261501020197 ], [ -75.172731389294796, 39.982191789438502 ], [ -75.172161913043297, 39.9821111026354 ], [ -75.171374689482704, 39.982011658588299 ], [ -75.170558977623898, 39.981912550899999 ], [ -75.169746346096701, 39.981812391161498 ], [ -75.168961845151998, 39.981700430583501 ], [ -75.168495357694894, 39.981647762814802 ], [ -75.168293974698202, 39.981615871634702 ], [ -75.168027963509502, 39.981586305863402 ], [ -75.167743242411802, 39.981545423420599 ], [ -75.1670775153151, 39.981464602416203 ], [ -75.166294742763199, 39.9813588577004 ], [ -75.165511465829596, 39.981254607235698 ], [ -75.164724724414796, 39.981155552377601 ], [ -75.163935840950003, 39.981048674348301 ], [ -75.163156696741694, 39.980952390976697 ], [ -75.162360129323801, 39.980847675954401 ], [ -75.161581658618005, 39.980740682088097 ], [ -75.160798776253301, 39.980644798308901 ], [ -75.160005178596904, 39.980541313214303 ], [ -75.159219388379597, 39.980445928685597 ], [ -75.157582849590597, 39.980233718438498 ], [ -75.157915682871106, 39.978718392454603 ], [ -75.158239680580806, 39.977290985737802 ], [ -75.158227988111094, 39.977226642197799 ], [ -75.158527059699196, 39.975861083625901 ], [ -75.158783359359902, 39.974493281924602 ], [ -75.159057770491302, 39.973215676057002 ], [ -75.159237711397694, 39.972394817764602 ], [ -75.159442095389494, 39.971477812121798 ] ] ] } },
{ "type": "Feature", "properties": { "OBJECTID": 8, "ORGANIZATION": "Greater Phila. Asian Social Services", "STREET_ADDRESS": "4943 N 5th St", "ZIP_CODE": "19120", "NAC_COORDINATOR": "YoAn Kim", "PHONE_NUMBER": "215-456-1662 x119", "EMAIL_ADDRESS": "ykim@gpasspa.org", "WEBSITE_URL": "gpasspa.org", "Shape__Area": 8871816.3515625, "Shape__Length": 13438.090371043227 }, "geometry": { "type": "Polygon", "coordinates": [ [ [ -75.111245280577094, 40.045355846215898 ], [ -75.111185445055597, 40.045002648577999 ], [ -75.111150956649396, 40.044838511396897 ], [ -75.111115491992905, 40.044699480580597 ], [ -75.1111136715393, 40.0445360929495 ], [ -75.111133668223502, 40.044442314570098 ], [ -75.111187306470995, 40.044324178407898 ], [ -75.111313594791596, 40.044229701632403 ], [ -75.111565926396494, 40.044047022233698 ], [ -75.111733415705999, 40.0439440665983 ], [ -75.111851414349502, 40.0438525389551 ], [ -75.111985989165802, 40.043755109003598 ], [ -75.112053005834795, 40.043675916751802 ], [ -75.1121059392826, 40.043613366526998 ], [ -75.112192488622796, 40.043489703755199 ], [ -75.112262299448801, 40.0434030970153 ], [ -75.112286959805701, 40.043372505710401 ], [ -75.112332186196596, 40.043260458785802 ], [ -75.112343935077007, 40.043228434789398 ], [ -75.112359670155598, 40.043185545811902 ], [ -75.112368757134107, 40.043160777946198 ], [ -75.112468839263499, 40.042899209683803 ], [ -75.112498397927297, 40.042816062963198 ], [ -75.112533083338704, 40.0427184922451 ], [ -75.112537133220997, 40.042705625734797 ], [ -75.112570386756204, 40.042599981347202 ], [ -75.1126423061053, 40.042432004036797 ], [ -75.112670062693098, 40.042378381367399 ], [ -75.112713008776595, 40.042295412227702 ], [ -75.112719266803396, 40.042275528739097 ], [ -75.112750310511203, 40.042176900341701 ], [ -75.112786256368693, 40.042135500712597 ], [ -75.112835881032694, 40.042078345270703 ], [ -75.112858486922605, 40.042059936355898 ], [ -75.112903409358907, 40.0420233533467 ], [ -75.113055778103401, 40.041888636222801 ], [ -75.113079900677306, 40.041865856955198 ], [ -75.113318823256506, 40.0416402330887 ], [ -75.113490450016897, 40.041430567506502 ], [ -75.113545861128699, 40.041351387400702 ], [ -75.113594301400994, 40.041282171232801 ], [ -75.113635443878493, 40.041195972548898 ], [ -75.113647691327401, 40.041170311232896 ], [ -75.113671811354493, 40.041132197184197 ], [ -75.113726068843206, 40.041046459866898 ], [ -75.113740897946798, 40.0410045257481 ], [ -75.113781164219702, 40.040890660645097 ], [ -75.113851861822496, 40.040754068098003 ], [ -75.113922071427993, 40.040630030059603 ], [ -75.113997578575507, 40.040527320168103 ], [ -75.114008369877396, 40.040512641377902 ], [ -75.114119166599096, 40.040395816631403 ], [ -75.114182739946997, 40.0402854281174 ], [ -75.114215581804899, 40.040228402394099 ], [ -75.114378546550398, 40.040031100787502 ], [ -75.114462649283894, 40.0399702054602 ], [ -75.114519636671204, 40.039888772488197 ], [ -75.114531881843504, 40.039871274355598 ], [ -75.114533547971405, 40.039828374971002 ], [ -75.114534563471395, 40.039802227897603 ], [ -75.114538950390894, 40.039689243166201 ], [ -75.114539837221997, 40.039682194945499 ], [ -75.114550774015498, 40.039595276782102 ], [ -75.114530435992407, 40.0394955627389 ], [ -75.1144602131981, 40.039245614477103 ], [ -75.114458504659893, 40.039239532075101 ], [ -75.114347616443894, 40.039084911119602 ], [ -75.114279566981295, 40.038998268166097 ], [ -75.114254675061801, 40.038873632526503 ], [ -75.114250309767996, 40.038851777918097 ], [ -75.114250110192401, 40.038838777801999 ], [ -75.114248894339596, 40.0387596512982 ], [ -75.114233715230895, 40.038726384792596 ], [ -75.1142028870281, 40.038658824628698 ], [ -75.114127250015301, 40.0385496439172 ], [ -75.114105140041303, 40.038476227078903 ], [ -75.114098737933503, 40.038383984209602 ], [ -75.114103354473798, 40.038265134539998 ], [ -75.114088764416806, 40.038126655788503 ], [ -75.114048042526804, 40.038018276272702 ], [ -75.114029053717502, 40.037938631948997 ], [ -75.114022285038104, 40.0379102401699 ], [ -75.113973518406496, 40.037725964348198 ], [ -75.113922157780095, 40.037531884337199 ], [ -75.113862825856799, 40.037388542086603 ], [ -75.113812576681596, 40.037268431354299 ], [ -75.113742078826903, 40.037155530803297 ], [ -75.113614258165995, 40.036976079954798 ], [ -75.113578365030307, 40.036928856683303 ], [ -75.113495521646101, 40.036819861465403 ], [ -75.113437885309196, 40.0367609617686 ], [ -75.113380282913099, 40.036702096157804 ], [ -75.113292561310104, 40.036610932788399 ], [ -75.113288292182503, 40.036606496328801 ], [ -75.113265119048407, 40.036582414152697 ], [ -75.113161162518395, 40.036513307288097 ], [ -75.113055857844998, 40.036443303483701 ], [ -75.112862008428095, 40.036293032924597 ], [ -75.112717889209904, 40.036147743207202 ], [ -75.112593273067006, 40.036014412692801 ], [ -75.112463967506201, 40.035873299375297 ], [ -75.112349329393197, 40.035740197707703 ], [ -75.112295139334293, 40.035593134221401 ], [ -75.112287751601997, 40.035578552592 ], [ -75.112230227386704, 40.035465011883602 ], [ -75.112204689179407, 40.0353835201294 ], [ -75.112176931954295, 40.035294944869499 ], [ -75.112109195843999, 40.035111117215898 ], [ -75.112001036742498, 40.0349397909118 ], [ -75.111973251474396, 40.034915694421201 ], [ -75.111867272221701, 40.034823787934798 ], [ -75.111846498243906, 40.034805772222001 ], [ -75.111642829545104, 40.034651436391997 ], [ -75.111477870702501, 40.034528690256202 ], [ -75.1113189438245, 40.0343792200511 ], [ -75.111184847645006, 40.034242171361001 ], [ -75.111184508298507, 40.034241824777098 ], [ -75.111109923473805, 40.0341058045056 ], [ -75.111059771202704, 40.033998279293201 ], [ -75.110962471579398, 40.033789674425201 ], [ -75.110866081022095, 40.033572568407202 ], [ -75.110840585363306, 40.033513733663902 ], [ -75.110837757490103, 40.033507209198604 ], [ -75.110815690835395, 40.033456291303096 ], [ -75.110756219927197, 40.0333167814807 ], [ -75.110742690257595, 40.033235149012 ], [ -75.110731960502306, 40.0331704049146 ], [ -75.1107355847695, 40.033130590593203 ], [ -75.110736416078595, 40.033121451627999 ], [ -75.110740674603704, 40.033074671602598 ], [ -75.110784600877196, 40.0329720742888 ], [ -75.110832620195495, 40.032892594133699 ], [ -75.110860986757999, 40.032804987387202 ], [ -75.110872152569698, 40.032660369163096 ], [ -75.110879237071401, 40.032568616090302 ], [ -75.110881098100293, 40.032544511251999 ], [ -75.110934111443498, 40.032336595877801 ], [ -75.110980867271707, 40.0321611530808 ], [ -75.110987128809498, 40.032000129733902 ], [ -75.111018923696406, 40.031824343148998 ], [ -75.111025162478896, 40.0317916493686 ], [ -75.111050272296197, 40.031660059663501 ], [ -75.111060327453899, 40.031529821573301 ], [ -75.111061648078802, 40.031495858761602 ], [ -75.111065694271602, 40.031391801682702 ], [ -75.111084382873102, 40.0312962975445 ], [ -75.111110444183694, 40.031139566630003 ], [ -75.111131195279, 40.031053143603202 ], [ -75.111146181232399, 40.030990732105103 ], [ -75.111153703046199, 40.030925670367502 ], [ -75.111137487150103, 40.0307008142684 ], [ -75.111130575601393, 40.0304934401927 ], [ -75.111131902331607, 40.030459318938902 ], [ -75.111138326172707, 40.030294077986902 ], [ -75.111118307987894, 40.030166985461697 ], [ -75.111070415083105, 40.030027563361102 ], [ -75.111046561378103, 40.029958121587804 ], [ -75.110996024514805, 40.029845677704103 ], [ -75.1109183966431, 40.029659702606402 ], [ -75.110913842690906, 40.029643676756798 ], [ -75.110900147609499, 40.029595489418597 ], [ -75.110883268728301, 40.029536100291899 ], [ -75.110899802179901, 40.029367638004999 ], [ -75.110933608617501, 40.029140094748499 ], [ -75.110963613351103, 40.029010315089302 ], [ -75.111015205148902, 40.028838820921003 ], [ -75.111084213230797, 40.028732962413201 ], [ -75.111199596064395, 40.028589795488102 ], [ -75.111271514007697, 40.028501628788398 ], [ -75.111288699937404, 40.028480560231998 ], [ -75.111393512043307, 40.028352501095199 ], [ -75.111502862867894, 40.028236056805902 ], [ -75.1116527072259, 40.028105193672403 ], [ -75.111765107178798, 40.028038703819597 ], [ -75.111885543086402, 40.028022284880201 ], [ -75.112015655676998, 40.028013761265598 ], [ -75.112072028938101, 40.028006840592298 ], [ -75.112099805706293, 40.028003431199799 ], [ -75.112120981556302, 40.0280008324794 ], [ -75.112284706853302, 40.0279592757987 ], [ -75.112287346592794, 40.027958605694003 ], [ -75.112419395880906, 40.027900242402701 ], [ -75.112627815983501, 40.027803340631401 ], [ -75.112760014829007, 40.027741142911502 ], [ -75.112826485433104, 40.0277004588078 ], [ -75.112884292829094, 40.027610678661397 ], [ -75.112884920218605, 40.027609704638898 ], [ -75.112890430819206, 40.027467850547502 ], [ -75.112890387826695, 40.027467056654302 ], [ -75.113787028115993, 40.0273304439106 ], [ -75.113914931111296, 40.027312138144502 ], [ -75.114668910543799, 40.027204221351603 ], [ -75.115004677622096, 40.027152895066102 ], [ -75.115117218437007, 40.027135692455403 ], [ -75.115583492280095, 40.027077473571097 ], [ -75.117263842251603, 40.0268289704129 ], [ -75.118289744035906, 40.026667670602599 ], [ -75.120022656759403, 40.026425429198497 ], [ -75.120273939201795, 40.0263943919974 ], [ -75.121843503655001, 40.026166181650503 ], [ -75.123420770323406, 40.025940774378697 ], [ -75.124295760000905, 40.025811308948697 ], [ -75.125387193213896, 40.025658287190701 ], [ -75.126345880842507, 40.025509308125898 ], [ -75.127203826858505, 40.025379084510099 ], [ -75.127694958990801, 40.025301095430699 ], [ -75.128126997029696, 40.025232488112501 ], [ -75.128722872720999, 40.025113042194 ], [ -75.129098539216898, 40.025017737422097 ], [ -75.130611994585706, 40.024710332735303 ], [ -75.131650752703905, 40.0244887901288 ], [ -75.132348344039599, 40.024342717473701 ], [ -75.133207982977595, 40.024154907387199 ], [ -75.134284504186596, 40.023934983047397 ], [ -75.135321565488994, 40.023701526086597 ], [ -75.135715563621005, 40.023569527748698 ], [ -75.135154475406907, 40.026096512047197 ], [ -75.135186100843498, 40.026408344516902 ], [ -75.135260101746198, 40.026819344277101 ], [ -75.135308103367905, 40.027301342776902 ], [ -75.1352226825652, 40.027714966711997 ], [ -75.135060896599796, 40.029160753815397 ], [ -75.135212109635205, 40.030481336040602 ], [ -75.135188110767999, 40.0307823348912 ], [ -75.135144111989106, 40.031371333570597 ], [ -75.135082844870794, 40.032343233187802 ], [ -75.1350420624902, 40.033294271065799 ], [ -75.1349173128758, 40.036058157417798 ], [ -75.134827505885099, 40.0369989002333 ], [ -75.134472127467106, 40.038523315060097 ], [ -75.134473293400504, 40.038523600203597 ], [ -75.134472947789305, 40.038525085327898 ], [ -75.135241997089494, 40.038711603466403 ], [ -75.135192271237003, 40.038971880558798 ], [ -75.135150967231297, 40.039233414369498 ], [ -75.135106531153497, 40.039494509248797 ], [ -75.135057908940695, 40.039755108760303 ], [ -75.135008934819396, 40.040015674115097 ], [ -75.134962470893001, 40.040276463291903 ], [ -75.134921330289203, 40.040537728653 ], [ -75.1348826574133, 40.040799348424699 ], [ -75.134844653806098, 40.041061145608303 ], [ -75.134809043571096, 40.041323128823102 ], [ -75.134777548322305, 40.041585311138498 ], [ -75.134751889909097, 40.041847700223897 ], [ -75.134733841326195, 40.042110315725502 ], [ -75.134724523519296, 40.042373245337103 ], [ -75.134721962127202, 40.042636435997302 ], [ -75.134723658275405, 40.042899785759801 ], [ -75.134727115219604, 40.043163197232303 ], [ -75.134729835075007, 40.043426571195397 ], [ -75.1347297611497, 40.043689827485998 ], [ -75.1347290682303, 40.043953053461799 ], [ -75.134728497225396, 40.044216279506799 ], [ -75.134728023400001, 40.044479508662 ], [ -75.134727630495703, 40.044742736953097 ], [ -75.134727297360399, 40.045005965700497 ], [ -75.134727002876105, 40.045269195324401 ], [ -75.134726728302098, 40.0455324253981 ], [ -75.134726452589305, 40.0457956545415 ], [ -75.134726156996393, 40.046058882327799 ], [ -75.134726045355393, 40.0461450589479 ], [ -75.132941438129095, 40.0460698351513 ], [ -75.132122045083406, 40.046028985035001 ], [ -75.131284576045502, 40.045995183760603 ], [ -75.130469619803193, 40.045904372012302 ], [ -75.129484055265607, 40.045774002752701 ], [ -75.128496679893701, 40.0456367926094 ], [ -75.128335744105101, 40.046396747565304 ], [ -75.1281507331109, 40.047199334446503 ], [ -75.127747832083998, 40.048934090142197 ], [ -75.127489151723793, 40.050227542997497 ], [ -75.127360582475205, 40.050845919014698 ], [ -75.127265677248104, 40.051278212690498 ], [ -75.1271446302096, 40.051759256760299 ], [ -75.126792552241199, 40.053323674654699 ], [ -75.126661578303299, 40.053974995172503 ], [ -75.1266190933584, 40.054228410313399 ], [ -75.126347419479302, 40.0554266587122 ], [ -75.126320405151802, 40.055601943348897 ], [ -75.1253541467525, 40.0550212955918 ], [ -75.1248428932834, 40.054728438239401 ], [ -75.124551368394094, 40.0545614437087 ], [ -75.123326147275094, 40.053859586344402 ], [ -75.122122626053795, 40.053170130445601 ], [ -75.121055261746307, 40.052564498313899 ], [ -75.120806887781796, 40.0524235667475 ], [ -75.119990535280706, 40.051960139795099 ], [ -75.119542850133598, 40.051705992991501 ], [ -75.118565411178807, 40.051151097040098 ], [ -75.117060565034706, 40.050296758428502 ], [ -75.115694333506298, 40.049504693433498 ], [ -75.115073291016898, 40.049144636816699 ], [ -75.114574638446697, 40.048855531994001 ], [ -75.114507672515401, 40.048816705740101 ], [ -75.112926916703998, 40.047900101844398 ], [ -75.112364622243902, 40.047574043492901 ], [ -75.112056733334995, 40.047395502440502 ], [ -75.111063753548606, 40.0468238390796 ], [ -75.111158664261893, 40.0467422948429 ], [ -75.111219742013503, 40.046643177266503 ], [ -75.111239982126307, 40.046543121582701 ], [ -75.111260709220005, 40.046430512229897 ], [ -75.111272050348603, 40.046349099852698 ], [ -75.111284366726096, 40.046242579270597 ], [ -75.111319477313899, 40.046180561521901 ], [ -75.111321918342497, 40.046117792430003 ], [ -75.111292910427807, 40.046022887450903 ], [ -75.111272559588897, 40.045915617372799 ], [ -75.111269761107707, 40.045777337904298 ], [ -75.111245280577094, 40.045355846215898 ] ] ] } },
{ "type": "Feature", "properties": { "OBJECTID": 9, "ORGANIZATION": "Philadelphia Chinatown Development Corp.", "STREET_ADDRESS": "301-305 N 9th St", "ZIP_CODE": "19107", "NAC_COORDINATOR": "John Chin", "PHONE_NUMBER": "215-922-2156", "EMAIL_ADDRESS": "jchin@chinatown-pcdc.org", "WEBSITE_URL": "chinatown-pcdc.org", "Shape__Area": 1913538.29296875, "Shape__Length": 8508.0984993239726 }, "geometry": { "type": "MultiPolygon", "coordinates": [ [ [ [ -75.148860987289098, 39.957755261868499 ], [ -75.148877473235103, 39.957675060966203 ], [ -75.149113024575399, 39.957685691271898 ], [ -75.149133333672196, 39.957685054252998 ], [ -75.149526247018301, 39.957672726871102 ], [ -75.150173798659395, 39.957603038066999 ], [ -75.150655246874095, 39.957492362016403 ], [ -75.150894134204705, 39.957428171457998 ], [ -75.1511406738434, 39.957361923738297 ], [ -75.151489274350098, 39.957268084205303 ], [ -75.151632718950694, 39.9572276526373 ], [ -75.151684846290607, 39.957212961796401 ], [ -75.152061754420302, 39.957109327875301 ], [ -75.152288191368299, 39.957051705686602 ], [ -75.152296363591205, 39.957049626470898 ], [ -75.152559730568697, 39.956974323114402 ], [ -75.152772822816701, 39.9569249692493 ], [ -75.152894408562801, 39.956894595810603 ], [ -75.153346515583195, 39.956835017925897 ], [ -75.153784490451898, 39.956796170778802 ], [ -75.154249463530704, 39.956787730455503 ], [ -75.154451802370502, 39.956788052971 ], [ -75.155539888254097, 39.956934393941602 ], [ -75.156976002431705, 39.957127525254698 ], [ -75.157123630092698, 39.957147377587503 ], [ -75.157141213536505, 39.9571498923872 ], [ -75.158676365396005, 39.957369459885598 ], [ -75.158729010068996, 39.957376989455 ], [ -75.158815634583405, 39.957388138209502 ], [ -75.160281979859207, 39.957576863027199 ], [ -75.161583205621696, 39.9577443197104 ], [ -75.162337005765707, 39.957836157638503 ], [ -75.162317880128995, 39.957940893829203 ], [ -75.162309405938601, 39.9579873041775 ], [ -75.162294512668396, 39.958068865268999 ], [ -75.162176426473806, 39.958558117218701 ], [ -75.162119392982703, 39.958832439153198 ], [ -75.162059278330901, 39.959111745368098 ], [ -75.161961014631999, 39.959581730956899 ], [ -75.161773643495195, 39.960432404203402 ], [ -75.161646821804595, 39.961032074735201 ], [ -75.161554124873902, 39.961452609913998 ], [ -75.161506639896203, 39.961670629870802 ], [ -75.161477160311506, 39.961800033769499 ], [ -75.161412920366004, 39.962113316825402 ], [ -75.161388660540894, 39.962280297357097 ], [ -75.161381691262505, 39.962328267034501 ], [ -75.161384297926702, 39.962482493455703 ], [ -75.161384338119404, 39.962484849620999 ], [ -75.161303669511994, 39.962904627987498 ], [ -75.161261594469806, 39.963137465526202 ], [ -75.161189280581695, 39.963433215439402 ], [ -75.161040680860097, 39.963406224200597 ], [ -75.159051017092693, 39.963158401869599 ], [ -75.158484860733196, 39.963088507866502 ], [ -75.157472747923507, 39.962973685386402 ], [ -75.155889415317205, 39.962797767920399 ], [ -75.154312274017002, 39.962625458143101 ], [ -75.153490586601805, 39.962536593985398 ], [ -75.1533843129113, 39.962523363093403 ], [ -75.152756891227995, 39.9624941784678 ], [ -75.1523366510268, 39.9624760074894 ], [ -75.152046741061596, 39.962459364398498 ], [ -75.151727212398399, 39.962443897806203 ], [ -75.151260642246896, 39.962417329437002 ], [ -75.149658771423603, 39.962352007580201 ], [ -75.148029587174705, 39.962275969545203 ], [ -75.148122755571293, 39.961760692796702 ], [ -75.148182693785301, 39.961429192406598 ], [ -75.148212306352093, 39.961287162054603 ], [ -75.148727041239596, 39.958508514701599 ], [ -75.148820570423794, 39.958033571844801 ], [ -75.148848930067999, 39.957813916156901 ], [ -75.148860987289098, 39.957755261868499 ] ] ], [ [ [ -75.153144871438599, 39.953164330134598 ], [ -75.151540219955706, 39.952959279727601 ], [ -75.151736281953802, 39.952085183701499 ], [ -75.151959838556493, 39.951054429889801 ], [ -75.152001986709905, 39.950947235933697 ], [ -75.1520283341777, 39.950867981550203 ], [ -75.152212954773105, 39.9499792969008 ], [ -75.152337218345195, 39.949432142800198 ], [ -75.153918694274694, 39.949625671475999 ], [ -75.155491798718401, 39.9498201763477 ], [ -75.157062581853793, 39.950017528979899 ], [ -75.158634185817803, 39.950213652159 ], [ -75.160210995537994, 39.950406376988902 ], [ -75.161783546777002, 39.9506042178729 ], [ -75.162803376285396, 39.950724856808101 ], [ -75.163858805361897, 39.9508671900604 ], [ -75.1640118330034, 39.950887480802997 ], [ -75.163871518801699, 39.951506164007597 ], [ -75.163878817608307, 39.9515310037905 ], [ -75.163889146687694, 39.951542851654096 ], [ -75.163917384521795, 39.9515752418692 ], [ -75.164024918258605, 39.951638782887898 ], [ -75.164195666968396, 39.951653618924098 ], [ -75.164361408536294, 39.951679715372798 ], [ -75.164535046492006, 39.951705449842798 ], [ -75.164717728108897, 39.951733992700703 ], [ -75.164896668398498, 39.951770254653503 ], [ -75.165056777414406, 39.9518212650949 ], [ -75.165180175580403, 39.951893740155803 ], [ -75.165182053622402, 39.951894842969097 ], [ -75.165245581483106, 39.952011343165999 ], [ -75.165299436110303, 39.952295442306998 ], [ -75.165228043095695, 39.952587356784001 ], [ -75.165064572944701, 39.953619579637497 ], [ -75.163903045454703, 39.953464281599999 ], [ -75.163661398115096, 39.9533860911395 ], [ -75.163329700250401, 39.953340749851698 ], [ -75.163193019379094, 39.953925113557098 ], [ -75.163094695304807, 39.954411018530102 ], [ -75.162035043597399, 39.954281928267299 ], [ -75.161008432967904, 39.954151560943501 ], [ -75.159435745331393, 39.953964313153101 ], [ -75.157864418607303, 39.953759060305899 ], [ -75.156292006146799, 39.953557021063801 ], [ -75.155600195377403, 39.953472517870303 ], [ -75.154717645409505, 39.953359070585101 ], [ -75.153144871438599, 39.953164330134598 ] ] ] ] } },
{ "type": "Feature", "properties": { "OBJECTID": 10, "ORGANIZATION": "Greater Philadelphia Community Alliance", "STREET_ADDRESS": "1529 S 22nd St", "ZIP_CODE": "19146", "NAC_COORDINATOR": "Otis Bullock", "PHONE_NUMBER": "215-336-5505", "EMAIL_ADDRESS": "otisBullock@gpca-phila.org", "WEBSITE_URL": "gpca-phila.org", "Shape__Area": 8926113.74609375, "Shape__Length": 15200.748002755634 }, "geometry": { "type": "Polygon", "coordinates": [ [ [ -75.194453779308901, 39.942166000374499 ], [ -75.194430294167304, 39.942165295105703 ], [ -75.194249026181893, 39.9421663261367 ], [ -75.194066592310705, 39.942173892939799 ], [ -75.193971580838905, 39.942181524570998 ], [ -75.193785207560495, 39.942200772102602 ], [ -75.1929270645538, 39.9416556994532 ], [ -75.192784063703598, 39.941617699043398 ], [ -75.192667378014704, 39.9415778299403 ], [ -75.192344930668497, 39.9414655464861 ], [ -75.190495238225296, 39.940339266693897 ], [ -75.189524142541998, 39.939747389197201 ], [ -75.189011431974706, 39.939434888792697 ], [ -75.188713346007603, 39.939578449624101 ], [ -75.188548433199401, 39.939686833392798 ], [ -75.188240146850703, 39.9398894435476 ], [ -75.187981240217994, 39.940067840292102 ], [ -75.187445625383603, 39.940375142879702 ], [ -75.186552477024605, 39.940241129150898 ], [ -75.186317156420699, 39.940204838673402 ], [ -75.185782423921907, 39.9401428743992 ], [ -75.185341698718602, 39.940091801782998 ], [ -75.184975972966797, 39.940094867901401 ], [ -75.184967893827604, 39.9400949358985 ], [ -75.184956262220894, 39.940095033469497 ], [ -75.183141319208801, 39.939906541143202 ], [ -75.1814955162194, 39.939698223825701 ], [ -75.179839230578906, 39.939489488287599 ], [ -75.178252071949998, 39.939278728667901 ], [ -75.176311628248399, 39.939032421711097 ], [ -75.174751965419304, 39.938837021221303 ], [ -75.174205817285497, 39.938782754396499 ], [ -75.173731227880296, 39.938731495241001 ], [ -75.173174966901897, 39.938652564417303 ], [ -75.172681550396902, 39.938597108041101 ], [ -75.172218685978905, 39.938542632643603 ], [ -75.171604074332294, 39.938458514581697 ], [ -75.171059229991201, 39.938399355037802 ], [ -75.170840761079205, 39.938373933459701 ], [ -75.170528334390795, 39.938337720663498 ], [ -75.170025775871906, 39.938273687539201 ], [ -75.168953236798203, 39.938155136588698 ], [ -75.168446986387906, 39.938095828426398 ], [ -75.166817253239302, 39.937879655625302 ], [ -75.166968794163793, 39.937198744499 ], [ -75.167083730647093, 39.936753614702504 ], [ -75.167303493202795, 39.935706649575799 ], [ -75.167641298923698, 39.934161327945603 ], [ -75.167879974966098, 39.932945623156698 ], [ -75.168151365725095, 39.9317121864512 ], [ -75.168423275683196, 39.930476344465198 ], [ -75.168689335394205, 39.929267044907498 ], [ -75.168820832793301, 39.928669341091698 ], [ -75.168957893398996, 39.928046347447001 ], [ -75.169228352725, 39.926816960604 ], [ -75.169494474284093, 39.9256072484838 ], [ -75.169500427295006, 39.925542456194002 ], [ -75.169745793400196, 39.924420128283998 ], [ -75.170024875707895, 39.923148742348502 ], [ -75.170310712856605, 39.921896589612999 ], [ -75.170581738576004, 39.920664398546499 ], [ -75.171213246473997, 39.920744344823099 ], [ -75.171658831147695, 39.9207971392118 ], [ -75.172192121561594, 39.920867449777901 ], [ -75.172729028888298, 39.920937482335702 ], [ -75.173220048364897, 39.920993862431501 ], [ -75.173750089991401, 39.921071235912102 ], [ -75.1740344426251, 39.919820480264399 ], [ -75.174588506101202, 39.919895519100599 ], [ -75.175046994263695, 39.919954587367101 ], [ -75.175616144898498, 39.920024053860402 ], [ -75.176367824170995, 39.920119610158899 ], [ -75.177168443521893, 39.920229262160802 ], [ -75.177130242112398, 39.9203994884152 ], [ -75.177070771809795, 39.9206846796951 ], [ -75.177058661987203, 39.920734907935902 ], [ -75.177003692352002, 39.921054552207799 ], [ -75.176907557134101, 39.921475562003003 ], [ -75.176639409511196, 39.922718548544701 ], [ -75.176541281521693, 39.923172847286899 ], [ -75.176460901175801, 39.923540723568301 ], [ -75.176362346325902, 39.923971306968497 ], [ -75.176296897312994, 39.9242613040431 ], [ -75.177399747209606, 39.924100060505502 ], [ -75.177983426615896, 39.923962593934398 ], [ -75.178577177130407, 39.923846530393902 ], [ -75.179055848261299, 39.923770243884199 ], [ -75.179653054816001, 39.923663481408802 ], [ -75.180313644505006, 39.923551628294803 ], [ -75.180366950991896, 39.9235411043231 ], [ -75.1809010393265, 39.923435666348801 ], [ -75.181212638531605, 39.923390789573098 ], [ -75.181342872082098, 39.923372032291503 ], [ -75.181697013841998, 39.923348231302498 ], [ -75.181907568028905, 39.9232583300941 ], [ -75.183435536072594, 39.922950123135799 ], [ -75.184044573353802, 39.922857447850198 ], [ -75.184579543380096, 39.922751685657403 ], [ -75.184649562467797, 39.922736734852897 ], [ -75.184837262641693, 39.922696654755697 ], [ -75.185013602619307, 39.922651878253802 ], [ -75.185203076322495, 39.922585219586203 ], [ -75.185653095993999, 39.922555497805199 ], [ -75.185657632515799, 39.922555198309503 ], [ -75.185959981787605, 39.922524931662103 ], [ -75.186189429224896, 39.9224813418125 ], [ -75.186937862181594, 39.922329628069399 ], [ -75.187270718897594, 39.922265512318397 ], [ -75.188898438556393, 39.921980784506403 ], [ -75.188901623769397, 39.921980227646699 ], [ -75.1890745246954, 39.9219424330038 ], [ -75.189652504010795, 39.921816092853803 ], [ -75.190060090108403, 39.921726995802899 ], [ -75.190062525882695, 39.921726451913003 ], [ -75.190072187175602, 39.921724988125902 ], [ -75.190158716162699, 39.921711881155801 ], [ -75.190318237170203, 39.9216877182674 ], [ -75.190389753376607, 39.921676885309999 ], [ -75.190465458187703, 39.9216654177918 ], [ -75.190476152546793, 39.921663244511002 ], [ -75.190601580553803, 39.921637750765498 ], [ -75.190816456978695, 39.921594078835099 ], [ -75.191054662802799, 39.921545664360501 ], [ -75.191094848193003, 39.921537497022598 ], [ -75.191222266966193, 39.921509931467398 ], [ -75.191820029429607, 39.921398648109502 ], [ -75.192494848597406, 39.921276806882901 ], [ -75.193864587644697, 39.921139930184601 ], [ -75.194485442058195, 39.9210948088297 ], [ -75.195046617839793, 39.921022427871598 ], [ -75.194861507421606, 39.921824702246298 ], [ -75.1948078499491, 39.922076097760701 ], [ -75.194788542463201, 39.922246300356697 ], [ -75.194752176403597, 39.922373208712798 ], [ -75.194668247616605, 39.922428252330903 ], [ -75.194433744239703, 39.922439092908498 ], [ -75.194166091281204, 39.922414881939098 ], [ -75.193615994084396, 39.922352123983302 ], [ -75.193467104393605, 39.923007734252401 ], [ -75.193345103659098, 39.923546732664597 ], [ -75.193303685370594, 39.923869821627903 ], [ -75.193211570632002, 39.924578110886102 ], [ -75.193432073917904, 39.924847736257497 ], [ -75.193021432305201, 39.925113946325197 ], [ -75.193655368825603, 39.925799768502998 ], [ -75.194090381784704, 39.926241783400201 ], [ -75.194361709450803, 39.926552629030297 ], [ -75.194377495017903, 39.926552980834501 ], [ -75.1950915278682, 39.927329580998098 ], [ -75.195091919122603, 39.927330006881597 ], [ -75.195132090324293, 39.927373729478099 ], [ -75.195132645783602, 39.927374301379203 ], [ -75.195133382212504, 39.927375102564099 ], [ -75.195442317967306, 39.927693279569802 ], [ -75.195794007127702, 39.928070741875899 ], [ -75.195892963081306, 39.928167646308196 ], [ -75.196923335416002, 39.929176635754303 ], [ -75.197219080092694, 39.929416730892797 ], [ -75.1972273234217, 39.929422913298602 ], [ -75.197236731031495, 39.929430534400097 ], [ -75.197578086086097, 39.929747693340801 ], [ -75.197806579585006, 39.929959987815302 ], [ -75.197848078619103, 39.9299987302402 ], [ -75.198174076441902, 39.930301730368598 ], [ -75.198438728952098, 39.9305838956613 ], [ -75.198971789995497, 39.931170218490003 ], [ -75.199282613471098, 39.9314972778281 ], [ -75.199586069930703, 39.931816731009199 ], [ -75.199641880493004, 39.931910574891603 ], [ -75.199681568630496, 39.931978018427301 ], [ -75.199714068776302, 39.932046731096698 ], [ -75.199756068812704, 39.932130730645703 ], [ -75.199767068923904, 39.9321677309064 ], [ -75.199812066956696, 39.932311731126397 ], [ -75.199844066887707, 39.932456730728198 ], [ -75.199855066825606, 39.932669729904603 ], [ -75.199835066663496, 39.932883730029701 ], [ -75.199822066444895, 39.9329287291188 ], [ -75.199735554157101, 39.9332516117381 ], [ -75.199623708032902, 39.933816523236302 ], [ -75.199513063667894, 39.934433726954403 ], [ -75.199503960837504, 39.9345189173779 ], [ -75.199261061912296, 39.935723723452099 ], [ -75.1990500602152, 39.936571721154401 ], [ -75.199005060109798, 39.936698721698903 ], [ -75.198942060779402, 39.936823720782201 ], [ -75.198928060314103, 39.9368457209859 ], [ -75.198880060639397, 39.936921720881401 ], [ -75.198849060677205, 39.936968720688199 ], [ -75.198825060748703, 39.937006721072002 ], [ -75.198817060825206, 39.937018721122101 ], [ -75.198797060451795, 39.937041720413099 ], [ -75.198467060349998, 39.937418718908397 ], [ -75.198448928797902, 39.937448768648899 ], [ -75.198318758900598, 39.9376361553078 ], [ -75.197950358838696, 39.938045300167303 ], [ -75.197923050409898, 39.938075628573799 ], [ -75.198017329488394, 39.938097370147197 ], [ -75.198188294515901, 39.938136796328898 ], [ -75.198507438680807, 39.9382053795064 ], [ -75.198656539314698, 39.938211173247403 ], [ -75.198738701880302, 39.938228396438497 ], [ -75.198912644182201, 39.938264859469797 ], [ -75.199202170612296, 39.938325551320297 ], [ -75.199356392931904, 39.938362455368299 ], [ -75.199625441033007, 39.938426836241199 ], [ -75.200193157696702, 39.938562683254197 ], [ -75.2003392506887, 39.9381725077399 ], [ -75.201140143586699, 39.937479361714601 ], [ -75.2012671849822, 39.937480200972203 ], [ -75.201643569990296, 39.937569963281398 ], [ -75.202147884557604, 39.937675247102803 ], [ -75.2033022208349, 39.9379236429751 ], [ -75.205218964158107, 39.938332693007602 ], [ -75.205213531776707, 39.938890573536099 ], [ -75.2052097673931, 39.939169185101299 ], [ -75.205210798386602, 39.9393085735406 ], [ -75.205214852692706, 39.939448089426797 ], [ -75.205241063314006, 39.9400063557678 ], [ -75.205245054721502, 39.940145709874599 ], [ -75.205245995920905, 39.9402848728677 ], [ -75.205242875147107, 39.940423793467502 ], [ -75.205234680727798, 39.940562417693101 ], [ -75.205220922425596, 39.940700832876402 ], [ -75.205189892692303, 39.940980607262802 ], [ -75.205172364580804, 39.941121443593502 ], [ -75.205171770733401, 39.941125642613201 ], [ -75.205152453176396, 39.941262311737802 ], [ -75.205129377005804, 39.941402761873498 ], [ -75.205102355894198, 39.941542340602503 ], [ -75.205070607221302, 39.941680597174603 ], [ -75.205033351803095, 39.941817082716497 ], [ -75.204989809483493, 39.941951342925499 ], [ -75.204939197527594, 39.942082929747102 ], [ -75.204880736874401, 39.942211390700301 ], [ -75.204811479949896, 39.942337072125902 ], [ -75.204728598552705, 39.942460632949903 ], [ -75.204633628024894, 39.942581363887399 ], [ -75.204528152185105, 39.942698543214497 ], [ -75.204413755106302, 39.9428114429085 ], [ -75.2042920205771, 39.9429193430528 ], [ -75.204164535013206, 39.943021516585603 ], [ -75.204032880001705, 39.9431172408488 ], [ -75.203897882422694, 39.943205785447702 ], [ -75.203754363269496, 39.943286881328902 ], [ -75.203602346044093, 39.943361213745497 ], [ -75.2035394072754, 39.943388290018099 ], [ -75.203443452994307, 39.943429568316297 ], [ -75.203279312387906, 39.943492726295901 ], [ -75.203111549952396, 39.943551474297301 ], [ -75.202941791515997, 39.943606596241402 ], [ -75.202771661769404, 39.943658875132499 ], [ -75.202602785333596, 39.943709095785003 ], [ -75.202433208816998, 39.943756969744904 ], [ -75.202260656106105, 39.943801418405002 ], [ -75.202085725661902, 39.943841903630002 ], [ -75.201909020631504, 39.943877887391999 ], [ -75.201731140694804, 39.943908830688699 ], [ -75.201552686607101, 39.943934197248197 ], [ -75.201374260435401, 39.943953447227102 ], [ -75.201196016463797, 39.9439660263305 ], [ -75.201015212491498, 39.943971361847602 ], [ -75.200832519655506, 39.943969226310202 ], [ -75.200649462894404, 39.943959442765703 ], [ -75.200467572895107, 39.943941837102201 ], [ -75.200288380411806, 39.943916233416701 ], [ -75.200113411450801, 39.943882457512501 ], [ -75.199941998934307, 39.943842129001503 ], [ -75.199771548081699, 39.943798014861102 ], [ -75.199602008424705, 39.943750524831401 ], [ -75.199493234829603, 39.943717970232001 ], [ -75.199433349049301, 39.9437000465621 ], [ -75.199265541173801, 39.943646973156397 ], [ -75.199098552672496, 39.943591693137698 ], [ -75.198932357230305, 39.943534596059699 ], [ -75.198766921442996, 39.943476073120401 ], [ -75.198602218953795, 39.943416514773197 ], [ -75.198274886438696, 39.943295846872601 ], [ -75.198112569082497, 39.943234702834999 ], [ -75.197952712619198, 39.943169722769397 ], [ -75.197794921581604, 39.9431014321829 ], [ -75.197638567461695, 39.943030857760398 ], [ -75.197171793434194, 39.942815698105797 ], [ -75.197014861930498, 39.942746256033899 ], [ -75.196896393136498, 39.9426965306683 ], [ -75.196695198187598, 39.942616946839998 ], [ -75.196531267891203, 39.942558464908998 ], [ -75.196364532823594, 39.942503731552101 ], [ -75.196195435387196, 39.942452779132999 ], [ -75.196024415541501, 39.942405642666401 ], [ -75.195851915413598, 39.9423623617229 ], [ -75.195678377229797, 39.942322973175102 ], [ -75.195665064880401, 39.942320254802802 ], [ -75.195503976423694, 39.942287355685899 ], [ -75.195327495012293, 39.942254839705797 ], [ -75.195149233355494, 39.942226059918298 ], [ -75.194969794821901, 39.942201873099101 ], [ -75.194934103998804, 39.942198156975799 ], [ -75.194789792329004, 39.942183130834799 ], [ -75.194609830496105, 39.942170687234302 ], [ -75.194477918037407, 39.942166725606697 ], [ -75.194453779308901, 39.942166000374499 ] ] ] } },
{ "type": "Feature", "properties": { "OBJECTID": 11, "ORGANIZATION": "South Kensington Community Partners, Inc.", "STREET_ADDRESS": "1525 N American S, Suite 107", "ZIP_CODE": "19122", "NAC_COORDINATOR": "Eileen Divringi", "PHONE_NUMBER": "215-427-3463", "EMAIL_ADDRESS": "info@southkensingtoncommunity.org", "WEBSITE_URL": "southkensingtoncommunity.org", "Shape__Area": 5459446.4609375, "Shape__Length": 13623.262580384937 }, "geometry": { "type": "Polygon", "coordinates": [ [ [ -75.140588576243303, 39.985906187656298 ], [ -75.140129919363901, 39.985850932914701 ], [ -75.139572279616303, 39.986263918469497 ], [ -75.139168486714993, 39.985727097278499 ], [ -75.138656943163397, 39.985660606017397 ], [ -75.138122531155702, 39.985592148589703 ], [ -75.137461817641494, 39.985502964414302 ], [ -75.136760918304006, 39.985413158736201 ], [ -75.136168302260302, 39.985338922987999 ], [ -75.135624609609195, 39.985267428555503 ], [ -75.135100365092498, 39.9852005643911 ], [ -75.1346412075508, 39.985139244645303 ], [ -75.134188213650305, 39.985082257794801 ], [ -75.133719150132904, 39.985020616642799 ], [ -75.133247539512098, 39.984961384288503 ], [ -75.132731851783802, 39.984888877367702 ], [ -75.132265875974198, 39.9848231324887 ], [ -75.132208637442901, 39.9847520308223 ], [ -75.132518757968001, 39.983284598072302 ], [ -75.132546028038107, 39.983177370916898 ], [ -75.132881683649501, 39.981642100490298 ], [ -75.132881611821404, 39.981637976662697 ], [ -75.132880182693697, 39.981556310300697 ], [ -75.133190755676395, 39.980145199731503 ], [ -75.133029518004307, 39.980102750124999 ], [ -75.131777193831795, 39.979375237721598 ], [ -75.130920869055402, 39.978874184957398 ], [ -75.130449561198603, 39.978599609902801 ], [ -75.1311674573803, 39.9778810056727 ], [ -75.1312384288548, 39.977796810681603 ], [ -75.131356381015195, 39.977610550915699 ], [ -75.131812452266502, 39.976815342132703 ], [ -75.132201326175306, 39.976130429627702 ], [ -75.132622771738596, 39.975406053343598 ], [ -75.132671198493995, 39.975315335303101 ], [ -75.132967638890193, 39.974797532890904 ], [ -75.133146516622404, 39.974486478684099 ], [ -75.133374154353902, 39.974100681500097 ], [ -75.133767985829493, 39.9734033909888 ], [ -75.134059930731397, 39.972907857863298 ], [ -75.134109470777801, 39.972807748963099 ], [ -75.134248079271401, 39.972527651701498 ], [ -75.134297356043803, 39.972434425966497 ], [ -75.134400338719104, 39.972248509694801 ], [ -75.134408467796305, 39.971702372986201 ], [ -75.134420770475501, 39.970942280333297 ], [ -75.134437114200907, 39.970376436231497 ], [ -75.134435294541007, 39.970215668130798 ], [ -75.134429307672406, 39.968802445281099 ], [ -75.135143658212499, 39.968698433761602 ], [ -75.135355472204495, 39.968736999479098 ], [ -75.135738884030303, 39.968806161134196 ], [ -75.136224742338797, 39.968892296871402 ], [ -75.1367916317853, 39.969000312080297 ], [ -75.137253644834104, 39.969085282229003 ], [ -75.137764634712298, 39.969178975559402 ], [ -75.138006170486506, 39.969228860359003 ], [ -75.138498413187307, 39.969321813661303 ], [ -75.138571989592407, 39.969335795290498 ], [ -75.138668687910993, 39.969354171179802 ], [ -75.138998920238294, 39.969416924318701 ], [ -75.139579739889697, 39.969525533569197 ], [ -75.140666787739605, 39.9696630597508 ], [ -75.141518293157304, 39.969768804978699 ], [ -75.142370810833896, 39.969876613956302 ], [ -75.143095469477998, 39.9699652735193 ], [ -75.143590270655693, 39.970022183200101 ], [ -75.144065375261206, 39.970081419454203 ], [ -75.145018143512004, 39.9702019281522 ], [ -75.145861128105807, 39.970310932559997 ], [ -75.146544868779699, 39.9703911666208 ], [ -75.146743399978803, 39.969303434132101 ], [ -75.147147950681799, 39.967137378303399 ], [ -75.147386729747197, 39.9658878832144 ], [ -75.147641735494105, 39.964525558756002 ], [ -75.147814355196104, 39.963593920357802 ], [ -75.147797934771901, 39.963537621561599 ], [ -75.147791387470306, 39.963483896553299 ], [ -75.148029587174705, 39.962275969545203 ], [ -75.149658771423603, 39.962352007580201 ], [ -75.151260642246896, 39.962417329437002 ], [ -75.151727212398399, 39.962443897806203 ], [ -75.152046741061596, 39.962459364398498 ], [ -75.1523366510268, 39.9624760074894 ], [ -75.152756891227995, 39.9624941784678 ], [ -75.1533843129113, 39.962523363093403 ], [ -75.153490586601805, 39.962536593985398 ], [ -75.154312274017002, 39.962625458143101 ], [ -75.155889415317205, 39.962797767920399 ], [ -75.157472747923507, 39.962973685386402 ], [ -75.158484860733196, 39.963088507866502 ], [ -75.159051017092693, 39.963158401869599 ], [ -75.161040680860097, 39.963406224200597 ], [ -75.161189280581695, 39.963433215439402 ], [ -75.161110134703094, 39.9637995473039 ], [ -75.161054093675006, 39.964051530723602 ], [ -75.160958996972994, 39.964480262028303 ], [ -75.160805951669303, 39.965169716677401 ], [ -75.160678423750895, 39.965781375673501 ], [ -75.160562360328299, 39.966304884601499 ], [ -75.160483475165506, 39.966681034118601 ], [ -75.160407113944302, 39.967040868178202 ], [ -75.160214399174393, 39.967899220925297 ], [ -75.160160265866807, 39.968187882450501 ], [ -75.160073431152597, 39.968610404292598 ], [ -75.159977369342698, 39.9690058548831 ], [ -75.159703364155206, 39.970212665947997 ], [ -75.159442095389494, 39.971477812121798 ], [ -75.159237711397694, 39.972394817764602 ], [ -75.159057770491302, 39.973215676057002 ], [ -75.158783359359902, 39.974493281924602 ], [ -75.158642226321902, 39.974467284753104 ], [ -75.156616976258903, 39.974209038761003 ], [ -75.156894283714905, 39.972937623234699 ], [ -75.156260461507699, 39.972857210485202 ], [ -75.155341522782095, 39.972735569204801 ], [ -75.154416469640097, 39.972619098197399 ], [ -75.154258585576599, 39.972597555976598 ], [ -75.153763501223906, 39.972535243454601 ], [ -75.152188490618002, 39.972329135268602 ], [ -75.152023336479402, 39.973115812867803 ], [ -75.151916684714294, 39.973599351358096 ], [ -75.151248574621306, 39.973514654878699 ], [ -75.150856681394103, 39.973461430793897 ], [ -75.150387488891596, 39.973402205891702 ], [ -75.150316968380906, 39.973393303688503 ], [ -75.149361369993599, 39.973266733830997 ], [ -75.148869208275698, 39.973207520905298 ], [ -75.148383048138996, 39.973143138511297 ], [ -75.147659746514407, 39.973049511838802 ], [ -75.146865372391801, 39.972946268108302 ], [ -75.146083446539805, 39.972843950040897 ], [ -75.145826702950004, 39.974223913445698 ], [ -75.145560881803206, 39.9756494801644 ], [ -75.145447382286207, 39.976238575168701 ], [ -75.145291914446204, 39.9770808749374 ], [ -75.145011096466902, 39.978608084300802 ], [ -75.144892403248406, 39.979241185854903 ], [ -75.144728268734795, 39.980108153851099 ], [ -75.144452454179699, 39.981607690158697 ], [ -75.144170775818196, 39.983103347322299 ], [ -75.144051905508803, 39.983732259909601 ], [ -75.144155047030594, 39.984734861030503 ], [ -75.144196477957607, 39.985241039639398 ], [ -75.144196584863806, 39.985242344042803 ], [ -75.144358449801203, 39.985464252717598 ], [ -75.144480466774695, 39.985631531312698 ], [ -75.144719803052496, 39.985968228581399 ], [ -75.145015306521202, 39.986383934848 ], [ -75.145126970222506, 39.986495654083697 ], [ -75.144297544980404, 39.986389255218398 ], [ -75.143501342844303, 39.986286257421099 ], [ -75.142841702220096, 39.986201566422402 ], [ -75.142190935672204, 39.986117521940201 ], [ -75.141520751503606, 39.986027034311398 ], [ -75.141047674960902, 39.985969289487798 ], [ -75.140588576243303, 39.985906187656298 ] ] ] } },
{ "type": "Feature", "properties": { "OBJECTID": 12, "ORGANIZATION": "Southwest CDC", "STREET_ADDRESS": "6328 Paschall Ave", "ZIP_CODE": "19142", "NAC_COORDINATOR": "Donna Henry", "PHONE_NUMBER": "215-729-7441", "EMAIL_ADDRESS": "donna@southwestcdc.org", "WEBSITE_URL": "southwestcdc.org", "Shape__Area": 13208107.22265625, "Shape__Length": 20631.328840343544 }, "geometry": { "type": "Polygon", "coordinates": [ [ [ -75.223043512951193, 39.947703390949897 ], [ -75.222370120069996, 39.947145996202103 ], [ -75.222140510581497, 39.946967939144699 ], [ -75.221829629729399, 39.946699453665602 ], [ -75.221658784731204, 39.946551907464602 ], [ -75.221425280239501, 39.946351941726803 ], [ -75.221031124013194, 39.946014394614402 ], [ -75.220393370081297, 39.9454749210934 ], [ -75.219003223631802, 39.944294390746201 ], [ -75.219139084459599, 39.9441973288532 ], [ -75.219095836208098, 39.944187684442298 ], [ -75.218767350962693, 39.944114450289199 ], [ -75.218438859772306, 39.944041236672703 ], [ -75.218110360263594, 39.943968044441398 ], [ -75.2177818535055, 39.943894876321799 ], [ -75.217453335854501, 39.943821735837403 ], [ -75.217137844607194, 39.943751525585498 ], [ -75.2171248120558, 39.943748621290901 ], [ -75.216796274655096, 39.9436755442307 ], [ -75.216467727429304, 39.943602497531998 ], [ -75.216139168939705, 39.943529488370999 ], [ -75.215810596880402, 39.943456515795702 ], [ -75.215616174258201, 39.943413362599003 ], [ -75.215482012252494, 39.943383584332999 ], [ -75.215153411479307, 39.943310695705797 ], [ -75.214999534132403, 39.943276586133102 ], [ -75.214001302682405, 39.943994583805697 ], [ -75.212687028695001, 39.944896490537801 ], [ -75.211401505182096, 39.945813669567499 ], [ -75.2109084579929, 39.945386926759802 ], [ -75.209755907077195, 39.944434741822299 ], [ -75.209455330625303, 39.9441821244205 ], [ -75.209008766404295, 39.943806805476697 ], [ -75.208143801795799, 39.943067444147999 ], [ -75.207650192391299, 39.942486270766402 ], [ -75.208800367821794, 39.941655336469999 ], [ -75.208364470516301, 39.941288101328198 ], [ -75.2079629532723, 39.941297924243003 ], [ -75.207839930640304, 39.941297109552302 ], [ -75.207976987181894, 39.941186823479597 ], [ -75.2082129658409, 39.940996257044397 ], [ -75.208447621284904, 39.940804698559802 ], [ -75.208684621671594, 39.940614940428198 ], [ -75.208927136747505, 39.9404294558366 ], [ -75.209173962812699, 39.940247254011098 ], [ -75.209424079499101, 39.940067669005899 ], [ -75.209628775241299, 39.939923951019203 ], [ -75.209676747971997, 39.939890269072698 ], [ -75.209930033435199, 39.939713424679702 ], [ -75.210183338026397, 39.939536596397602 ], [ -75.210239027995399, 39.939497727756503 ], [ -75.210436662881804, 39.939359785152703 ], [ -75.210651085653893, 39.939210149487202 ], [ -75.210690004526299, 39.939182989966802 ], [ -75.210943365332596, 39.939006209991199 ], [ -75.211196744164894, 39.938829444299799 ], [ -75.211450138650605, 39.938652693740899 ], [ -75.211703548823294, 39.938475957414198 ], [ -75.211956974750294, 39.938299233518897 ], [ -75.212210416397994, 39.938122522955297 ], [ -75.212463871461097, 39.937945824771198 ], [ -75.212717338770005, 39.937769138940702 ], [ -75.212970820731201, 39.9375924637149 ], [ -75.213224313835894, 39.9374157990162 ], [ -75.2134778180843, 39.937239144844398 ], [ -75.213731334679593, 39.937062500325098 ], [ -75.213984861316206, 39.936885864506102 ], [ -75.214238397994293, 39.936709237387497 ], [ -75.214491942375005, 39.936532618917497 ], [ -75.214745495728494, 39.9363560064211 ], [ -75.214999057987498, 39.936179401698602 ], [ -75.215252625677394, 39.936002803772297 ], [ -75.215506199967606, 39.935826212668097 ], [ -75.215679741367296, 39.935705364350397 ], [ -75.215683954313107, 39.935702430081299 ], [ -75.215759780958805, 39.935649625684903 ], [ -75.216013368584001, 39.9354730446234 ], [ -75.216266959401807, 39.935296467605497 ], [ -75.216520552276407, 39.935119893704901 ], [ -75.216774150682696, 39.934943323899603 ], [ -75.217027752315204, 39.934766757237497 ], [ -75.217059838412993, 39.934744418282698 ], [ -75.217281353732702, 39.934590191840499 ], [ -75.217534958410198, 39.934413628686499 ], [ -75.217788564042095, 39.934237066823499 ], [ -75.218042169492605, 39.934060505325299 ], [ -75.218295773592303, 39.933883944166297 ], [ -75.218549377544207, 39.933707382471901 ], [ -75.218802980178793, 39.933530820216397 ], [ -75.219056580360302, 39.933354256473599 ], [ -75.219310175783207, 39.9331776902917 ], [ -75.219563769922502, 39.933001122648498 ], [ -75.219817358167404, 39.932824551640103 ], [ -75.220070941720806, 39.932647976392197 ], [ -75.220324520549298, 39.932471397805102 ], [ -75.220578092381004, 39.932294814026598 ], [ -75.220831658385407, 39.932118225082696 ], [ -75.2210852162235, 39.931941630921798 ], [ -75.221288160143501, 39.931800278255402 ], [ -75.221338765929005, 39.931765030643497 ], [ -75.221592307535303, 39.931588423347897 ], [ -75.221845838703601, 39.931411808983299 ], [ -75.222099360636705, 39.931235186675401 ], [ -75.222352873334799, 39.931058556424098 ], [ -75.222696957570903, 39.930818790234198 ], [ -75.221999017079, 39.930234778878102 ], [ -75.221513013371506, 39.929836783045999 ], [ -75.221489352733997, 39.929815991568198 ], [ -75.221102021128203, 39.929475778243102 ], [ -75.220973263534603, 39.929370818538999 ], [ -75.220588023356996, 39.9290567784888 ], [ -75.2205761814607, 39.929042864438699 ], [ -75.220548022626303, 39.929009778500998 ], [ -75.220363722734206, 39.928856513888697 ], [ -75.219485027458106, 39.928125776834101 ], [ -75.219434027714797, 39.928091777519903 ], [ -75.219427129837598, 39.928087883447702 ], [ -75.219320444306504, 39.928027657874701 ], [ -75.219310027605701, 39.928021776920801 ], [ -75.217674033513205, 39.927347774478498 ], [ -75.216764589340798, 39.926975033162499 ], [ -75.219196341753999, 39.923419324216297 ], [ -75.219640074840399, 39.922780162348403 ], [ -75.221874197448798, 39.919561877257003 ], [ -75.223236720927602, 39.917598970592103 ], [ -75.225714139672405, 39.914029572449003 ], [ -75.225871740730199, 39.913795967859798 ], [ -75.226028475185799, 39.913561976392003 ], [ -75.226184540986793, 39.913327687100498 ], [ -75.2263401384171, 39.913093189090198 ], [ -75.226495466689698, 39.912858568738798 ], [ -75.226650722477203, 39.912623917772699 ], [ -75.226806104922005, 39.912389324367801 ], [ -75.226961814367002, 39.912154875824299 ], [ -75.227118046376802, 39.9119206620394 ], [ -75.227275002392702, 39.911686772137301 ], [ -75.227432879211307, 39.9114532942382 ], [ -75.227591877101204, 39.9112203174383 ], [ -75.227752192855306, 39.9109879298557 ], [ -75.2279140255025, 39.910756222359097 ], [ -75.228077575372794, 39.910525282240997 ], [ -75.228243039286994, 39.910295196715502 ], [ -75.228412731524401, 39.9100669420015 ], [ -75.228588821984701, 39.909841443376202 ], [ -75.228770320690202, 39.909618325848399 ], [ -75.228956221674295, 39.9093972041697 ], [ -75.229145528132193, 39.909177698704902 ], [ -75.229146945106606, 39.909176085541297 ], [ -75.229180367512797, 39.909138031593301 ], [ -75.229249554067593, 39.9092552517968 ], [ -75.229259119111603, 39.909271457523197 ], [ -75.230185195160104, 39.9108404387664 ], [ -75.230344527423796, 39.911110373676202 ], [ -75.230430786426993, 39.911291198481699 ], [ -75.230554173958694, 39.911461566761702 ], [ -75.230562627615598, 39.911473239351103 ], [ -75.230584129644996, 39.911502928509201 ], [ -75.230728268134797, 39.911652392647298 ], [ -75.230988897535596, 39.9118670913237 ], [ -75.231545222510306, 39.912323956329203 ], [ -75.232137765488105, 39.912819571069598 ], [ -75.232152977362205, 39.912832294750103 ], [ -75.232731646038403, 39.913316294921799 ], [ -75.232926607906904, 39.913468697390002 ], [ -75.232988420098593, 39.913517017062297 ], [ -75.233414164669796, 39.913849821592301 ], [ -75.233689090336497, 39.914088980566902 ], [ -75.234631580070499, 39.914859241139602 ], [ -75.236027347757499, 39.916047001312698 ], [ -75.236515512577995, 39.916463272703098 ], [ -75.236924252912601, 39.916810239917602 ], [ -75.2374280016559, 39.917218464988203 ], [ -75.237669461665206, 39.917418485431398 ], [ -75.237920582090396, 39.917635042119898 ], [ -75.238124814150197, 39.917811410175197 ], [ -75.238348510280204, 39.917986276986298 ], [ -75.238607025876803, 39.9182127662624 ], [ -75.238831936573106, 39.9183973002229 ], [ -75.239459436809, 39.918950131835103 ], [ -75.239512125272796, 39.918990760742801 ], [ -75.239735086016694, 39.918833586655403 ], [ -75.239987245962197, 39.918655852759201 ], [ -75.240239420426093, 39.9184781330707 ], [ -75.240491612883105, 39.918300428567001 ], [ -75.240743822197004, 39.918122738321998 ], [ -75.240996049437399, 39.917945065062 ], [ -75.241089653114898, 39.917879140488203 ], [ -75.241248296909504, 39.917767409738303 ], [ -75.2415005646466, 39.917589771450601 ], [ -75.241752852615406, 39.917412151098901 ], [ -75.242005163054699, 39.917234551435001 ], [ -75.242257497166904, 39.917056971584202 ], [ -75.242454058518206, 39.916918599964802 ], [ -75.242509810311105, 39.9168793529063 ], [ -75.242762355860606, 39.9167017099522 ], [ -75.243017712915801, 39.916526575043399 ], [ -75.243278906050506, 39.9163569974775 ], [ -75.243547817145597, 39.916194617616597 ], [ -75.243822786144506, 39.9160379683426 ], [ -75.2441015132556, 39.915885383865501 ], [ -75.244383206103606, 39.915736331473397 ], [ -75.244668881890604, 39.915591626244897 ], [ -75.244935310990897, 39.915461499549302 ], [ -75.245307406258405, 39.915927694554597 ], [ -75.2453206107932, 39.915944648680799 ], [ -75.2457938970459, 39.916552354088701 ], [ -75.246124164235795, 39.9169596348044 ], [ -75.246308655956099, 39.917187144017902 ], [ -75.246414750651994, 39.917350569892299 ], [ -75.246788522706794, 39.9179263137001 ], [ -75.246861082792407, 39.9180931776786 ], [ -75.246868099091103, 39.918109313559597 ], [ -75.246868621216294, 39.918110514268399 ], [ -75.246923925576098, 39.918324581101302 ], [ -75.246898520367196, 39.918585540480798 ], [ -75.246857723380103, 39.918769937167603 ], [ -75.247332876573694, 39.918689911769597 ], [ -75.247334133900395, 39.918821611148097 ], [ -75.2473907708371, 39.9190250588669 ], [ -75.247497375562503, 39.919281326696598 ], [ -75.247584241859599, 39.919410192185197 ], [ -75.247622635580001, 39.919528595184602 ], [ -75.247623201603105, 39.919679090377002 ], [ -75.247596245851099, 39.919913632261398 ], [ -75.247581100027503, 39.919993245865399 ], [ -75.247527783640706, 39.920114348726898 ], [ -75.247487361995198, 39.920216923879501 ], [ -75.247476762486102, 39.920338959912598 ], [ -75.2474659899393, 39.920465695349002 ], [ -75.247461145369599, 39.920597262443202 ], [ -75.247468506281706, 39.920729095923001 ], [ -75.247468319304303, 39.920983031135499 ], [ -75.247460756085204, 39.921354371350503 ], [ -75.247485560044396, 39.921510098714101 ], [ -75.247507297792893, 39.921619715739503 ], [ -75.247516467569497, 39.921665958374803 ], [ -75.247514328280701, 39.921690026746397 ], [ -75.247506039684396, 39.921783295878598 ], [ -75.247471547516298, 39.921890701830598 ], [ -75.247392088064899, 39.922058261395499 ], [ -75.247289947817094, 39.922178299484898 ], [ -75.247163567502099, 39.922293105221001 ], [ -75.247068566873395, 39.922385083486503 ], [ -75.246935912740696, 39.922504456124997 ], [ -75.246641751861603, 39.922780189319397 ], [ -75.246521299823002, 39.9228998260987 ], [ -75.246362501319197, 39.923065652824903 ], [ -75.246266632044396, 39.923181123811801 ], [ -75.246188379649496, 39.923315790323699 ], [ -75.246158776647405, 39.923456221367502 ], [ -75.246140512934701, 39.923620414115803 ], [ -75.246133761740694, 39.923803667371097 ], [ -75.246129607861306, 39.923916438620303 ], [ -75.2460952854738, 39.924019146553697 ], [ -75.2460726498377, 39.924136217416901 ], [ -75.246031878625004, 39.924248189080203 ], [ -75.245990761088507, 39.924369558632698 ], [ -75.245950759534907, 39.924446366015303 ], [ -75.245944751407293, 39.924457902671598 ], [ -75.245866496872395, 39.924592569861801 ], [ -75.245795036985996, 39.924708574461299 ], [ -75.245726282543004, 39.924834041767497 ], [ -75.245680077942595, 39.924893544280401 ], [ -75.245636513371394, 39.924949646423201 ], [ -75.245553192699404, 39.925055986388003 ], [ -75.245438838444102, 39.925175755334003 ], [ -75.245264707906202, 39.925425893223803 ], [ -75.245198657335806, 39.925560824775197 ], [ -75.245127368466797, 39.925672129556503 ], [ -75.245050149896599, 39.925778602484598 ], [ -75.244992451113006, 39.925852583095597 ], [ -75.244868312470203, 39.925906302219701 ], [ -75.244762310659098, 39.925965120633499 ], [ -75.244626138399695, 39.926013873421503 ], [ -75.244520136244603, 39.926072690711102 ], [ -75.244401406634097, 39.926145338464401 ], [ -75.244336045305403, 39.926261474595002 ], [ -75.244301720194102, 39.9263641820137 ], [ -75.244330783158603, 39.926487084541598 ], [ -75.244398238058494, 39.926565948357101 ], [ -75.244412761220403, 39.926582927753302 ], [ -75.244507640019705, 39.926660242735203 ], [ -75.244547914659606, 39.926721137839898 ], [ -75.244577066740305, 39.926765217052498 ], [ -75.244597667307801, 39.926869124574999 ], [ -75.244580092907398, 39.927014520393797 ], [ -75.2445797874134, 39.927188510809103 ], [ -75.244551738169605, 39.927286652234997 ], [ -75.244498063086894, 39.927417151549399 ], [ -75.244426424702596, 39.927537853790703 ], [ -75.244342232897097, 39.927667687168203 ], [ -75.244269901115203, 39.927807184207602 ], [ -75.244199301248202, 39.9278996935126 ], [ -75.244121559011404, 39.928020262208797 ], [ -75.244055330363807, 39.928159893395801 ], [ -75.244001585041303, 39.928375037493602 ], [ -75.243985221635498, 39.928487541928398 ], [ -75.243966778092997, 39.928656432817 ], [ -75.243966990777096, 39.928816325930804 ], [ -75.243971613432393, 39.929187931705698 ], [ -75.243966976503998, 39.929479391799298 ], [ -75.243968022887202, 39.929611848062699 ], [ -75.243968054212303, 39.929615791493703 ], [ -75.243982379685505, 39.929724264279699 ], [ -75.244009371748902, 39.929803116198102 ], [ -75.244009951766898, 39.929804811027203 ], [ -75.244099250156495, 39.929867896558299 ], [ -75.2441892404767, 39.929912186199303 ], [ -75.2442785403763, 39.929975270716099 ], [ -75.244355112428906, 39.9300521857189 ], [ -75.244383917688594, 39.930119740857499 ], [ -75.244405713719004, 39.930170856493298 ], [ -75.244428499940398, 39.930298324094203 ], [ -75.244381619262896, 39.930410162719298 ], [ -75.244274569531498, 39.930497172546197 ], [ -75.244131246539496, 39.930573985111899 ], [ -75.243950781713593, 39.9306640927201 ], [ -75.243813559891706, 39.930741038229897 ], [ -75.243694128326794, 39.930832480138001 ], [ -75.243644637241502, 39.930907347748402 ], [ -75.243635905141701, 39.930920556480203 ], [ -75.243625440032403, 39.930978127387199 ], [ -75.243605252759195, 39.931089179610197 ], [ -75.243558196918201, 39.931205716394999 ], [ -75.243516377623394, 39.931345880838499 ], [ -75.243475078066496, 39.931471947073398 ], [ -75.243434470247294, 39.931579220178499 ], [ -75.243418277237097, 39.9316870260039 ], [ -75.243402604037001, 39.9317807354347 ], [ -75.2434005245902, 39.931837121003198 ], [ -75.243342993319601, 39.931906402305898 ], [ -75.243279530913597, 39.931970850754197 ], [ -75.243185897907296, 39.932025236013402 ], [ -75.243104645602997, 39.932075188649399 ], [ -75.243049472766401, 39.932163331410798 ], [ -75.242935102112298, 39.932283098748002 ], [ -75.242844450575205, 39.932422194562697 ], [ -75.242722242558301, 39.932588815925499 ], [ -75.242624621386796, 39.932751272440299 ], [ -75.242529425494993, 39.932847945402202 ], [ -75.242453061495397, 39.932930922290303 ], [ -75.242350895022696, 39.933050955936203 ], [ -75.242286218181505, 39.933148296029103 ], [ -75.242239850991993, 39.933246036461199 ], [ -75.242169416079705, 39.933333846013397 ], [ -75.242124956918602, 39.933379900275199 ], [ -75.242012662136702, 39.933443279320301 ], [ -75.241889027433899, 39.933482899728503 ], [ -75.241853748367205, 39.933487917069399 ], [ -75.2417708704386, 39.933499705009098 ], [ -75.241717085252702, 39.933507354816697 ], [ -75.241557694097807, 39.933522677796198 ], [ -75.241397783683794, 39.933552098762902 ], [ -75.241188870935801, 39.933585148947799 ], [ -75.240973852335799, 39.933618065175899 ], [ -75.240759703250305, 39.933627486785703 ], [ -75.240516421951895, 39.9335986504313 ], [ -75.240244011260501, 39.933531555077899 ], [ -75.240187990293094, 39.933512553388297 ], [ -75.240161113173997, 39.933503437283498 ], [ -75.239924006021099, 39.933567748030796 ], [ -75.239527145917194, 39.933577419141997 ], [ -75.239200927299606, 39.933466775039797 ], [ -75.238939053544598, 39.933284670014103 ], [ -75.2387392065787, 39.933134332963597 ], [ -75.238497647990997, 39.933043898344103 ], [ -75.238253530750399, 39.933018156259301 ], [ -75.238206481258004, 39.933013194756001 ], [ -75.238000797321206, 39.933020852237597 ], [ -75.237776854090995, 39.933095009152602 ], [ -75.236835574908, 39.933767700969 ], [ -75.236832816219206, 39.933769760558 ], [ -75.236647214271002, 39.933908335174301 ], [ -75.236649002914305, 39.933946591891697 ], [ -75.236661752590294, 39.934097355541503 ], [ -75.236651305266406, 39.934214691160903 ], [ -75.236603365376993, 39.934354718395497 ], [ -75.236553341217402, 39.934551131977202 ], [ -75.236523712217505, 39.934691561383801 ], [ -75.236468626843703, 39.934859647544499 ], [ -75.236392543766399, 39.935182460022801 ], [ -75.23631966632, 39.935336048391001 ], [ -75.236170045722801, 39.935417415690701 ], [ -75.236013277285295, 39.935526841695797 ], [ -75.235862960640802, 39.9356270034381 ], [ -75.235688192601302, 39.935709912777398 ], [ -75.235663985955298, 39.935721395968201 ], [ -75.235458210676697, 39.935834449148899 ], [ -75.235263773586396, 39.935971263868502 ], [ -75.234979186930104, 39.936233072446299 ], [ -75.234920078426299, 39.936344637677401 ], [ -75.234921833654894, 39.936462241703801 ], [ -75.234916617054594, 39.9366032061289 ], [ -75.234846170407806, 39.936691010304799 ], [ -75.234773191722994, 39.936764651119297 ], [ -75.234743905889502, 39.936895682192997 ], [ -75.234780123993005, 39.937026901933201 ], [ -75.234786934462406, 39.937051580000102 ], [ -75.234786999544696, 39.937051813884302 ], [ -75.234781608767307, 39.937197475885398 ], [ -75.234800342998597, 39.937347447533497 ], [ -75.2348004585442, 39.9373483735882 ], [ -75.234833640624004, 39.937405718948099 ], [ -75.234869360685707, 39.937467450139799 ], [ -75.234920819218502, 39.937562630837 ], [ -75.234968451232803, 39.937761185336598 ], [ -75.234975617105306, 39.937897717191497 ], [ -75.234982782973105, 39.938034249945702 ], [ -75.235003372290606, 39.938138159171402 ], [ -75.235073839332003, 39.9382149465156 ], [ -75.235134911247002, 39.938261398510299 ], [ -75.235162966613998, 39.938282737478303 ], [ -75.235295517890407, 39.9383326712857 ], [ -75.235489634097206, 39.938369845101299 ], [ -75.235781587485604, 39.938404461948302 ], [ -75.235945878425596, 39.938422171087403 ], [ -75.236146792987299, 39.9384406836162 ], [ -75.236347361266496, 39.938468592790898 ], [ -75.2364999628346, 39.938471938057603 ], [ -75.236683782913303, 39.938457155349198 ], [ -75.236879810315401, 39.938442641633898 ], [ -75.237144373325506, 39.938392007227698 ], [ -75.237448960499606, 39.938332844441 ], [ -75.2376217860851, 39.938284902437402 ], [ -75.237769326941802, 39.938259918708503 ], [ -75.237965702082704, 39.938236005286498 ], [ -75.238173241393199, 39.938240550685499 ], [ -75.238326191061901, 39.938234494770498 ], [ -75.238497975093694, 39.938214744207599 ], [ -75.238737077029597, 39.9381917650826 ], [ -75.238872409845897, 39.938166512645701 ], [ -75.239007394166805, 39.938150657903897 ], [ -75.239184239931205, 39.938159232684697 ], [ -75.239336668540602, 39.938167272694102 ], [ -75.239452820917194, 39.9381651120611 ], [ -75.239563041926203, 39.938158120094002 ], [ -75.239709541612399, 39.938161326641797 ], [ -75.239819240766195, 39.938168430776699 ], [ -75.239922490329803, 39.938184798234197 ], [ -75.2400372543852, 39.938220228542598 ], [ -75.240139635253897, 39.938260090038 ], [ -75.240258594569099, 39.938347339805603 ], [ -75.2404099119221, 39.938468216193698 ], [ -75.2405187353217, 39.938574177383302 ], [ -75.240592470449101, 39.9386459718121 ], [ -75.240592720172003, 39.938646214237401 ], [ -75.240711507264606, 39.9387381620272 ], [ -75.240762963998904, 39.938803805276898 ], [ -75.240764015863803, 39.938805147344603 ], [ -75.240761240040499, 39.9388803286298 ], [ -75.240739284250395, 39.938978602640901 ], [ -75.240698668832707, 39.939085873888899 ], [ -75.240627184892105, 39.939201875241402 ], [ -75.240544359460202, 39.939294114265103 ], [ -75.240424908470899, 39.939385552756001 ], [ -75.240342256047796, 39.939473093141203 ], [ -75.240240597761797, 39.9395790285431 ], [ -75.240143828295501, 39.939717988666899 ], [ -75.240016710284294, 39.939851582288597 ], [ -75.239951154750599, 39.939972414385501 ], [ -75.239904613305598, 39.940045055730799 ], [ -75.239879842142898, 39.9400837167791 ], [ -75.2397970145892, 39.940175956161902 ], [ -75.239636148233302, 39.9403135130744 ], [ -75.239527514606905, 39.940442808475403 ], [ -75.239411040826198, 39.940618956870701 ], [ -75.239399901674204, 39.940755089364103 ], [ -75.239427746288399, 39.940885615036997 ], [ -75.239431146591301, 39.940901553273697 ], [ -75.239434952834699, 39.940918068022199 ], [ -75.239462738753701, 39.941038621093497 ], [ -75.239494479065797, 39.941170889844102 ], [ -75.239494503477204, 39.941170989487802 ], [ -75.239495808341999, 39.9411736264274 ], [ -75.239562723419994, 39.941308858074599 ], [ -75.239610063722495, 39.941394099349701 ], [ -75.239631462017499, 39.9414326301968 ], [ -75.239735092817895, 39.9416041924176 ], [ -75.239841952925104, 39.941733150512697 ], [ -75.239846229758001, 39.941738291480199 ], [ -75.239986823400798, 39.9419012631936 ], [ -75.2400223767753, 39.941943959074898 ], [ -75.240074572059598, 39.942006640966902 ], [ -75.240139231820507, 39.942084013291399 ], [ -75.240149192920498, 39.942095933373103 ], [ -75.240150631157306, 39.942097654208702 ], [ -75.240252499677794, 39.9421516120264 ], [ -75.240367442912003, 39.942182344384896 ], [ -75.240519533712202, 39.942199778905596 ], [ -75.240790142371395, 39.942233916491801 ], [ -75.240954269229903, 39.942256316924102 ], [ -75.241179615143906, 39.942275355692203 ], [ -75.241448039127803, 39.9422859288903 ], [ -75.241583205626299, 39.9422653726512 ], [ -75.241828078063094, 39.942251916665803 ], [ -75.242035804426393, 39.942251757508799 ], [ -75.242292192449696, 39.942257364173898 ], [ -75.242609104844306, 39.942278400228098 ], [ -75.243066768697005, 39.942293109054802 ], [ -75.243175782731896, 39.9423190048891 ], [ -75.243333806484003, 39.942341268508997 ], [ -75.243415350064197, 39.942407704017199 ], [ -75.243424007058195, 39.942414756968098 ], [ -75.243424170697907, 39.942414890287203 ], [ -75.243434635685603, 39.942423416228202 ], [ -75.243531268526297, 39.942453744331701 ], [ -75.243844610897895, 39.942488806681197 ], [ -75.244069783965202, 39.942512538244003 ], [ -75.244410077404893, 39.9425622965 ], [ -75.244659150124704, 39.942600654918401 ], [ -75.245013212695298, 39.9426083888834 ], [ -75.245226351522305, 39.942627152155602 ], [ -75.245409833373202, 39.942621754240101 ], [ -75.245562619067201, 39.9426203880776 ], [ -75.245739997915607, 39.942614856378199 ], [ -75.245886851455793, 39.942608657086303 ], [ -75.246051501429704, 39.942616954751699 ], [ -75.246191732589097, 39.942624719141399 ], [ -75.246349410603699, 39.942656377383699 ], [ -75.246470809035202, 39.9426778371895 ], [ -75.246567270507001, 39.9427128612367 ], [ -75.246661139529095, 39.942775048498497 ], [ -75.246662692403504, 39.942776077085398 ], [ -75.246744866471104, 39.9428672201024 ], [ -75.246811112218197, 39.942964204358802 ], [ -75.246822062156099, 39.942980234115304 ], [ -75.246823125059706, 39.942981789899399 ], [ -75.246853677927703, 39.943082037930303 ], [ -75.246872180259203, 39.943142748722003 ], [ -75.246964089915096, 39.943275126198998 ], [ -75.246965008096595, 39.943276448169399 ], [ -75.246970815797397, 39.9432880949919 ], [ -75.247009051701795, 39.943364783904798 ], [ -75.247021899872905, 39.943390552441201 ], [ -75.247028258434398, 39.943420899660602 ], [ -75.246917595389306, 39.943457453579299 ], [ -75.246794657427699, 39.943498752632699 ], [ -75.246633931704594, 39.943550818112698 ], [ -75.245852933348402, 39.943823815890802 ], [ -75.245217934858005, 39.9440668141416 ], [ -75.244440935461199, 39.944342812705401 ], [ -75.243416938155207, 39.9446998104847 ], [ -75.241770940343599, 39.945306805335598 ], [ -75.240267535972293, 39.945876924601997 ], [ -75.240053103050599, 39.9459283817162 ], [ -75.239340364087298, 39.946086315137599 ], [ -75.238729437072095, 39.946196928434901 ], [ -75.237981179036495, 39.946342739600198 ], [ -75.237271140879699, 39.946473941042598 ], [ -75.236138457932398, 39.946744342442997 ], [ -75.235905556884802, 39.946807829038598 ], [ -75.235871636913103, 39.9468170749279 ], [ -75.235808156144202, 39.946846803030702 ], [ -75.235793139075199, 39.946850642786103 ], [ -75.235750901746599, 39.946861441653702 ], [ -75.235048978089694, 39.947003411232799 ], [ -75.234362813936698, 39.947184996607803 ], [ -75.233605362387706, 39.947361986775803 ], [ -75.231707024103301, 39.947815755634799 ], [ -75.231704713886302, 39.947816307683503 ], [ -75.231271403567007, 39.947919879040803 ], [ -75.230303011492296, 39.947812273388301 ], [ -75.2294495499292, 39.947790609211303 ], [ -75.227626726291405, 39.947781197352398 ], [ -75.227420193883404, 39.947781507516403 ], [ -75.226114889129605, 39.9477704030719 ], [ -75.225974913100202, 39.947768380022602 ], [ -75.225324045900706, 39.947758967958698 ], [ -75.225306186115702, 39.947758794716201 ], [ -75.224947725377007, 39.947755318553597 ], [ -75.223316172885404, 39.947936695775503 ], [ -75.223043512951193, 39.947703390949897 ] ] ] } },
{ "type": "Feature", "properties": { "OBJECTID": 13, "ORGANIZATION": "Hispanic Assn. of Contractors and Entreprenuers", "STREET_ADDRESS": "167 W Allegheny Ave", "ZIP_CODE": "19140", "NAC_COORDINATOR": "Maria Gonzalez", "PHONE_NUMBER": "215-426-8025", "EMAIL_ADDRESS": "mgonzalez@hacecdc.org", "WEBSITE_URL": "hacecdc.org", "Shape__Area": 10149246.20703125, "Shape__Length": 17552.827342241675 }, "geometry": { "type": "Polygon", "coordinates": [ [ [ -75.106857920079705, 40.016569273629599 ], [ -75.106665758025301, 40.016453968115101 ], [ -75.106431752458803, 40.016403219237702 ], [ -75.106194572885997, 40.016349876606299 ], [ -75.106032431118194, 40.016317815576699 ], [ -75.105862821394595, 40.016284275844299 ], [ -75.105662974610595, 40.016282193737197 ], [ -75.105414598521705, 40.0162638724346 ], [ -75.105206497154001, 40.016221277312198 ], [ -75.105109129766205, 40.016197361079598 ], [ -75.104985738441897, 40.0161670516421 ], [ -75.104758157444095, 40.016150236917397 ], [ -75.104688343365098, 40.016145077556402 ], [ -75.104366748302496, 40.016155307544999 ], [ -75.104082156808502, 40.0161411892621 ], [ -75.103866133047504, 40.016133690860002 ], [ -75.103677623637793, 40.016122639987998 ], [ -75.103653581612605, 40.0161212308006 ], [ -75.103630635730497, 40.0161186376858 ], [ -75.103416197477102, 40.016094400447699 ], [ -75.103317480282101, 40.016083242628099 ], [ -75.102878213379199, 40.016001293321899 ], [ -75.102555799470295, 40.015974353359702 ], [ -75.102544993840397, 40.0159734500619 ], [ -75.1022857140741, 40.015982590825402 ], [ -75.102048278255495, 40.016019955053203 ], [ -75.101772331003602, 40.016036270855103 ], [ -75.101546289534198, 40.016033575606698 ], [ -75.101323816326598, 40.016023403455002 ], [ -75.101212244803705, 40.016024933889497 ], [ -75.101015567142099, 40.016027630990997 ], [ -75.100595501873599, 40.016050670929602 ], [ -75.100595144859398, 40.0160506906238 ], [ -75.100594124323607, 40.016050896839403 ], [ -75.100393629413801, 40.016091401379299 ], [ -75.099937976262893, 40.016198131978399 ], [ -75.099894159226295, 40.016208395315097 ], [ -75.099613264761899, 40.016267432340797 ], [ -75.0994515344223, 40.016296457949103 ], [ -75.099014782498202, 40.016349454693 ], [ -75.098954273529102, 40.016356797684502 ], [ -75.098842840700499, 40.016353349017002 ], [ -75.098783292803304, 40.016351506439896 ], [ -75.098633463308801, 40.016346870041303 ], [ -75.098499466030603, 40.0163103050781 ], [ -75.098451857861903, 40.016297313829298 ], [ -75.098228305287094, 40.0162211919844 ], [ -75.098189865080798, 40.016208101499302 ], [ -75.097977284582001, 40.016112469261401 ], [ -75.097926359602099, 40.016094996022701 ], [ -75.097796172060299, 40.016050324204798 ], [ -75.097704583700207, 40.0160386666468 ], [ -75.097505918356703, 40.016013377950401 ], [ -75.097360197475496, 40.015998293579599 ], [ -75.097270888002001, 40.0159890481304 ], [ -75.097063687794304, 40.015993906529999 ], [ -75.097054374692306, 40.015994124747998 ], [ -75.097041396336394, 40.0159938248811 ], [ -75.096877549467806, 40.015990038146001 ], [ -75.096710547267804, 40.015986179164102 ], [ -75.096571334754799, 40.015976739595303 ], [ -75.096537060781102, 40.015974415782601 ], [ -75.096484997057502, 40.0159708861257 ], [ -75.096449470800195, 40.015966452856503 ], [ -75.0964130663818, 40.015961910979797 ], [ -75.096361056331901, 40.015955419903499 ], [ -75.096172511510503, 40.0159157813288 ], [ -75.096043302313902, 40.015867433154199 ], [ -75.095971749304198, 40.015829350406499 ], [ -75.095805710585694, 40.015740979045603 ], [ -75.095584493363702, 40.0156149020711 ], [ -75.095261002961607, 40.0154221982027 ], [ -75.095137799238401, 40.015350135613197 ], [ -75.095081569951105, 40.0153172469631 ], [ -75.094925058033397, 40.015212825457603 ], [ -75.094890516482295, 40.0151887115207 ], [ -75.094749587801999, 40.015090325735102 ], [ -75.094624717540199, 40.014996846957999 ], [ -75.0945967455838, 40.014975907834497 ], [ -75.094582359853604, 40.014962072216598 ], [ -75.094489351888697, 40.014872621640201 ], [ -75.094412591691693, 40.014792667955099 ], [ -75.094385430200504, 40.014764375247204 ], [ -75.094300861309407, 40.014664137867001 ], [ -75.094204571927193, 40.0145283474615 ], [ -75.0938990802387, 40.014040980121997 ], [ -75.093815878367096, 40.013908242967297 ], [ -75.093695662330305, 40.013713937619997 ], [ -75.093686363659501, 40.013696155896497 ], [ -75.093567594825799, 40.013469049224597 ], [ -75.093499621409705, 40.013279733076502 ], [ -75.093465748774193, 40.013140346589303 ], [ -75.093461285640402, 40.0130158012349 ], [ -75.093461048497403, 40.013009194757899 ], [ -75.093463364979996, 40.012994317286903 ], [ -75.093474217521305, 40.012924596629396 ], [ -75.093482937793894, 40.012868579149597 ], [ -75.093507608985206, 40.0127406270907 ], [ -75.093575634149502, 40.012593518318198 ], [ -75.093688000503406, 40.012402074526399 ], [ -75.093921419751993, 40.012048367624402 ], [ -75.094057689832894, 40.011832276319602 ], [ -75.094293937611397, 40.011489975512198 ], [ -75.094384486262697, 40.011353467192301 ], [ -75.094484100728195, 40.011211983032197 ], [ -75.094973947597694, 40.0105162275824 ], [ -75.095007347879999, 40.010445931674802 ], [ -75.095092398510602, 40.010266926315602 ], [ -75.095104326925807, 40.010241820876303 ], [ -75.095099978076206, 40.010228229106303 ], [ -75.095003463045302, 40.0099265596563 ], [ -75.094906852807199, 40.009640409141497 ], [ -75.094787508188901, 40.009453207995797 ], [ -75.094615907020497, 40.009273877836101 ], [ -75.094277160235507, 40.009070339376301 ], [ -75.094103127700805, 40.008959985927 ], [ -75.0937379937874, 40.008728454692601 ], [ -75.093735462351006, 40.0087268499461 ], [ -75.093707946035096, 40.0087094017792 ], [ -75.093511448057399, 40.008595226211703 ], [ -75.092958143122601, 40.008273721760098 ], [ -75.092922098194094, 40.008242172121399 ], [ -75.092603261217604, 40.007963099452802 ], [ -75.092581950643293, 40.007939821672601 ], [ -75.0935936845962, 40.007386692306198 ], [ -75.094105406836604, 40.007106920183801 ], [ -75.094850923931702, 40.006688409076901 ], [ -75.096348144737604, 40.005862175212201 ], [ -75.096867722806394, 40.005571619893203 ], [ -75.097980382249901, 40.004960472365099 ], [ -75.099363542081903, 40.004213615012901 ], [ -75.100498390756101, 40.003589632824401 ], [ -75.101811450841097, 40.002873726942603 ], [ -75.103084816328703, 40.002160525292197 ], [ -75.103181021434295, 40.002106640629499 ], [ -75.1041990604364, 40.001536208674104 ], [ -75.1054274992497, 40.000884185529401 ], [ -75.106443873839396, 40.000332989067999 ], [ -75.107593993391006, 39.999672891430301 ], [ -75.108145214550206, 39.9993679638633 ], [ -75.108724382788594, 39.999042983705003 ], [ -75.109295369576103, 39.998755434218602 ], [ -75.109848818334598, 39.998446904481298 ], [ -75.110419758411993, 39.998135165766797 ], [ -75.110983868390406, 39.997811744920199 ], [ -75.111559032405495, 39.997485725537999 ], [ -75.112134025825995, 39.997169229681496 ], [ -75.112711186311898, 39.996870305000201 ], [ -75.113356370851903, 39.996527716414803 ], [ -75.113997905392694, 39.996156095831203 ], [ -75.114439440052607, 39.995913425201003 ], [ -75.1148882544869, 39.995660557314899 ], [ -75.115779816360799, 39.995177986914001 ], [ -75.118043980840795, 39.993936757815902 ], [ -75.118273160369796, 39.993814315142401 ], [ -75.119695351388799, 39.993027027318497 ], [ -75.120310095355407, 39.992683103603298 ], [ -75.121552776068498, 39.992010650959202 ], [ -75.122559931024597, 39.991438432508403 ], [ -75.123687884171801, 39.990846398064697 ], [ -75.124432729436194, 39.990423772611699 ], [ -75.124492381744403, 39.9903913062778 ], [ -75.124679508684807, 39.990289458186098 ], [ -75.124740711559497, 39.990256146891099 ], [ -75.125491870491302, 39.989847306222202 ], [ -75.125964429722302, 39.989574511715702 ], [ -75.126435322273906, 39.9893219566613 ], [ -75.126887003173096, 39.989075065143503 ], [ -75.127364375061703, 39.988803238291801 ], [ -75.127944573635006, 39.9884866557246 ], [ -75.128504295301596, 39.988183651446803 ], [ -75.129642600253604, 39.987556501410999 ], [ -75.1302219155763, 39.987247191356502 ], [ -75.130794904378007, 39.986938533329301 ], [ -75.131355147264003, 39.986631969464099 ], [ -75.131907477722905, 39.986317130376897 ], [ -75.131908314004903, 39.986151874397301 ], [ -75.132208637442901, 39.9847520308223 ], [ -75.132265875974198, 39.9848231324887 ], [ -75.132731851783802, 39.984888877367702 ], [ -75.133247539512098, 39.984961384288503 ], [ -75.133719150132904, 39.985020616642799 ], [ -75.134188213650305, 39.985082257794801 ], [ -75.1346412075508, 39.985139244645303 ], [ -75.135100365092498, 39.9852005643911 ], [ -75.135624609609195, 39.985267428555503 ], [ -75.136168302260302, 39.985338922987999 ], [ -75.136760918304006, 39.985413158736201 ], [ -75.137461817641494, 39.985502964414302 ], [ -75.138122531155702, 39.985592148589703 ], [ -75.138656943163397, 39.985660606017397 ], [ -75.139168486714993, 39.985727097278499 ], [ -75.139572279616303, 39.986263918469497 ], [ -75.139517679036501, 39.986516873175702 ], [ -75.139351474798104, 39.987286857921198 ], [ -75.139021430203698, 39.9887750430088 ], [ -75.138693274778106, 39.990271662511397 ], [ -75.138352236111601, 39.991862293776499 ], [ -75.139261448299095, 39.991980019727599 ], [ -75.139709047975899, 39.992039019779902 ], [ -75.140198058861003, 39.992097369344997 ], [ -75.139851820269499, 39.993682522355201 ], [ -75.139520878940203, 39.995175318975399 ], [ -75.139199764928804, 39.996671983947699 ], [ -75.138877626559506, 39.998159669697998 ], [ -75.138680594997197, 39.9990519838178 ], [ -75.1385256699065, 39.999753591812798 ], [ -75.138249653320202, 40.001003587788098 ], [ -75.138182197866001, 40.001338343641997 ], [ -75.138061382629999, 40.001853391960402 ], [ -75.137847791608706, 40.0028094594579 ], [ -75.137669327182294, 40.003655599274197 ], [ -75.137442457327694, 40.003742339999398 ], [ -75.137136825903198, 40.003860899476301 ], [ -75.136831701298107, 40.003980265303397 ], [ -75.136526727054104, 40.004099866230703 ], [ -75.136221546789798, 40.004219129203697 ], [ -75.135915805163805, 40.004337484791797 ], [ -75.135609148151801, 40.004454359986497 ], [ -75.135300960625301, 40.004569025357398 ], [ -75.134989610934994, 40.004679005555403 ], [ -75.134674032307203, 40.004780788388302 ], [ -75.134352560169006, 40.004870900289802 ], [ -75.134024919037898, 40.004948284336102 ], [ -75.133693633247105, 40.005014358545402 ], [ -75.133358943070704, 40.005072043172397 ], [ -75.1330213099681, 40.005115327158599 ], [ -75.132681261420402, 40.005141261733002 ], [ -75.1323393621186, 40.005156813850803 ], [ -75.131996740597103, 40.005165749380502 ], [ -75.131938618611599, 40.005166737768803 ], [ -75.131654447691005, 40.005171568433198 ], [ -75.131312154728406, 40.005174622121601 ], [ -75.130969744211001, 40.005174160814697 ], [ -75.130627409097301, 40.005169800570798 ], [ -75.130285329955697, 40.005161266192097 ], [ -75.129943337420301, 40.005150944233897 ], [ -75.129601338986603, 40.005139866061 ], [ -75.129259357357597, 40.005127929474497 ], [ -75.128917422436004, 40.005115027934799 ], [ -75.128575558064497, 40.005101060170702 ], [ -75.128233790533898, 40.005085922263603 ], [ -75.127892149718093, 40.005069508575602 ], [ -75.127863424527106, 40.005068011829998 ], [ -75.127550657194604, 40.005051715981999 ], [ -75.127209277040393, 40.005032807663802 ], [ -75.126867824208503, 40.005013843505097 ], [ -75.126526324976695, 40.004994719586897 ], [ -75.126184824565797, 40.004975236013401 ], [ -75.125843364653704, 40.004955193709101 ], [ -75.125501991500798, 40.004934396406902 ], [ -75.125160747998095, 40.004912644159198 ], [ -75.124819678142202, 40.004889738845897 ], [ -75.124478824797194, 40.004865481420303 ], [ -75.124138234343505, 40.004839672917001 ], [ -75.123949402789293, 40.0048243809387 ], [ -75.124163847266601, 40.003839862001897 ], [ -75.124411963947594, 40.0026451085985 ], [ -75.124299247842004, 40.002661873837901 ], [ -75.123793736945899, 40.002592971020299 ], [ -75.123354864549995, 40.002535923673598 ], [ -75.122213612352496, 40.002387864146101 ], [ -75.1215787139773, 40.0023005424461 ], [ -75.120941759431503, 40.002217283301597 ], [ -75.1202860438204, 40.0021343341717 ], [ -75.119930751925807, 40.002090217668503 ], [ -75.1193146808655, 40.002013717034799 ], [ -75.118103081852595, 40.002402341007198 ], [ -75.117824082382398, 40.002355341180198 ], [ -75.116307004591903, 40.0020850083773 ], [ -75.116197127514994, 40.002564012992899 ], [ -75.116090855051894, 40.003077933132097 ], [ -75.114161213286195, 40.002821805513001 ], [ -75.114011986241806, 40.003454580238198 ], [ -75.113987400602497, 40.003570430603297 ], [ -75.113740962027606, 40.0047316480916 ], [ -75.113483644914098, 40.005937831761997 ], [ -75.112822658861006, 40.009018109155299 ], [ -75.112497321208295, 40.010500176694798 ], [ -75.112162530730004, 40.012095749021903 ], [ -75.111812714359601, 40.013672846646401 ], [ -75.111498080801894, 40.015179021831898 ], [ -75.111360631145104, 40.015877345190198 ], [ -75.109025269887496, 40.016297265427603 ], [ -75.107956823573602, 40.016501715950902 ], [ -75.107954906408494, 40.016502528718 ], [ -75.107745795004007, 40.016591137640397 ], [ -75.107600950461006, 40.016499606948102 ], [ -75.107249128541397, 40.016692275102997 ], [ -75.107235128248604, 40.016692274539501 ], [ -75.107213507025406, 40.016780323088 ], [ -75.107065818278301, 40.016701322674997 ], [ -75.106857920079705, 40.016569273629599 ] ] ] } },
{ "type": "Feature", "properties": { "OBJECTID": 14, "ORGANIZATION": "HopePHL", "STREET_ADDRESS": "325 N 39th St", "ZIP_CODE": "19104", "NAC_COORDINATOR": "Kathy Desmond", "PHONE_NUMBER": "267-777-5819", "EMAIL_ADDRESS": "kdesmond@hopephl.org", "WEBSITE_URL": "hopephl.org", "Shape__Area": 4762265.98828125, "Shape__Length": 10382.492819717501 }, "geometry": { "type": "Polygon", "coordinates": [ [ [ -75.202266484159395, 39.961954699273299 ], [ -75.202235316105501, 39.961654440153602 ], [ -75.201417754141801, 39.961779199613098 ], [ -75.201179959725295, 39.961814855209703 ], [ -75.200137164188405, 39.961973736017299 ], [ -75.199436983036406, 39.962053049482698 ], [ -75.197197837391201, 39.962298082736901 ], [ -75.195748016988006, 39.962458459238299 ], [ -75.194298269497395, 39.962617724476203 ], [ -75.194155513421606, 39.9618627827655 ], [ -75.194124679609104, 39.961685494858202 ], [ -75.194054093831397, 39.961302380946996 ], [ -75.194048636505897, 39.961272344125597 ], [ -75.194015626310602, 39.961134868252103 ], [ -75.193993876842598, 39.961003951189703 ], [ -75.193906024772502, 39.9605256647042 ], [ -75.193789274944606, 39.959891934886898 ], [ -75.193657404675307, 39.959182682512797 ], [ -75.193596541760002, 39.958843389081999 ], [ -75.193642093086297, 39.958578178892701 ], [ -75.193693083301397, 39.958374251168202 ], [ -75.193737116274207, 39.958168422256101 ], [ -75.193795372948401, 39.957892086563497 ], [ -75.193806862890099, 39.957817506696401 ], [ -75.193992576285495, 39.956935947868097 ], [ -75.194070303337199, 39.956567309684601 ], [ -75.194085651749404, 39.9564808395725 ], [ -75.194153774429793, 39.9561906777529 ], [ -75.196121352906303, 39.956439899180602 ], [ -75.198008447298506, 39.956665372940002 ], [ -75.199623166231603, 39.9568714428543 ], [ -75.201954664917196, 39.957160087221297 ], [ -75.203405252544698, 39.957340349935798 ], [ -75.204146026111502, 39.957433053708002 ], [ -75.205037276676293, 39.957542378829601 ], [ -75.206075882772495, 39.957669861740897 ], [ -75.208128724541396, 39.957926517064998 ], [ -75.209422553669398, 39.9580847186228 ], [ -75.211040980986397, 39.958287056714198 ], [ -75.213017956557906, 39.9585291108909 ], [ -75.214019791355298, 39.9586542926249 ], [ -75.217002013556396, 39.959026553409998 ], [ -75.218954853750304, 39.959270934879299 ], [ -75.219176893396906, 39.959299061827402 ], [ -75.219438970333101, 39.9609520876527 ], [ -75.219512010496302, 39.961405717633198 ], [ -75.219693720409595, 39.962534233279101 ], [ -75.2197694930464, 39.9630210386062 ], [ -75.220044737799299, 39.963830598965203 ], [ -75.220982779687105, 39.964048571965002 ], [ -75.221952181416597, 39.964260933757302 ], [ -75.222025016375696, 39.964670622617497 ], [ -75.222119151236498, 39.965079940954197 ], [ -75.222151455335407, 39.965220404812399 ], [ -75.222246114214798, 39.965693504550003 ], [ -75.222355790861997, 39.966152155022698 ], [ -75.222365010115695, 39.966200453436201 ], [ -75.222422033913503, 39.966499193304898 ], [ -75.222474992171001, 39.966729745184097 ], [ -75.222618547003904, 39.967354704614003 ], [ -75.222699667210094, 39.967779525618099 ], [ -75.222825613099602, 39.968389952048597 ], [ -75.223119525063396, 39.969758450982901 ], [ -75.221320430086905, 39.9699432586253 ], [ -75.220823915216599, 39.969992848482001 ], [ -75.220185502534804, 39.970058154969301 ], [ -75.217847146351403, 39.9702913644321 ], [ -75.217171971069206, 39.970362107677602 ], [ -75.217437549065394, 39.972445358782302 ], [ -75.217768018792299, 39.972637721768599 ], [ -75.216332621842696, 39.972801548233598 ], [ -75.213887908394398, 39.973064958062601 ], [ -75.212821094287804, 39.973184943722302 ], [ -75.212212944482701, 39.973253338245001 ], [ -75.212207950351896, 39.973240723695902 ], [ -75.212171297692393, 39.973148138867003 ], [ -75.212148205198901, 39.973022355582103 ], [ -75.211981132402201, 39.972982087887303 ], [ -75.211654597693794, 39.972903477065501 ], [ -75.211328057419394, 39.972824877788803 ], [ -75.211001542353401, 39.972746218657903 ], [ -75.210675082033902, 39.972667430048297 ], [ -75.2103487095779, 39.972588440613499 ], [ -75.210022454559606, 39.972509179829402 ], [ -75.209696346588103, 39.972429576272297 ], [ -75.209370417580303, 39.972349559470899 ], [ -75.209044694807702, 39.972269057950101 ], [ -75.2087192124621, 39.972188003091603 ], [ -75.208646161905406, 39.9721696536444 ], [ -75.208394002834694, 39.9721063145222 ], [ -75.2080695718833, 39.972022238387503 ], [ -75.207746117055905, 39.9719350681763 ], [ -75.207423393290199, 39.9718456580229 ], [ -75.207101153168296, 39.971754862007103 ], [ -75.206779152767993, 39.971663534283302 ], [ -75.206457144641703, 39.971572528925698 ], [ -75.206134883667005, 39.971482700057599 ], [ -75.205979021500795, 39.971440301450897 ], [ -75.205952540985905, 39.971433098292898 ], [ -75.205812121264202, 39.971394899921002 ], [ -75.205488612179806, 39.9713099853344 ], [ -75.205164111313806, 39.971228808612302 ], [ -75.204838371109602, 39.971152224715098 ], [ -75.204511077462101, 39.971081301563402 ], [ -75.204175720229102, 39.971037011542201 ], [ -75.204053721034498, 39.971031946833499 ], [ -75.204044205884699, 39.9710315519118 ], [ -75.203722607072294, 39.970939731505197 ], [ -75.203722441276398, 39.970938812405798 ], [ -75.203651903255505, 39.970546388782303 ], [ -75.2036022344125, 39.970271719148997 ], [ -75.203450867202207, 39.969501125061598 ], [ -75.2032589976005, 39.968458403280202 ], [ -75.203159922166407, 39.9679345722232 ], [ -75.203058664069502, 39.9674068453009 ], [ -75.202853891035701, 39.966295594906498 ], [ -75.202641264026795, 39.9651802880662 ], [ -75.202538957027599, 39.964619577525397 ], [ -75.202436468475895, 39.964063284947798 ], [ -75.202334483853093, 39.963506338481601 ], [ -75.202326778573095, 39.9634307956321 ], [ -75.202313659996605, 39.963351198791798 ], [ -75.2023100100119, 39.963276769529699 ], [ -75.202331824726201, 39.963210339903803 ], [ -75.2023438005576, 39.963148648231098 ], [ -75.202368464596404, 39.963092194723501 ], [ -75.202376850398295, 39.963040337989497 ], [ -75.202370074788305, 39.962963359760998 ], [ -75.202361914231403, 39.962870357943899 ], [ -75.202301526785206, 39.962278224564699 ], [ -75.202300636077595, 39.962271440041697 ], [ -75.202294999290203, 39.962232976216697 ], [ -75.202266484159395, 39.961954699273299 ] ] ] } },
{ "type": "Feature", "properties": { "OBJECTID": 15, "ORGANIZATION": "Hunting Park Community Revitilization Corporation", "STREET_ADDRESS": "3760 N Delhi St", "ZIP_CODE": "19140", "NAC_COORDINATOR": "Charles Lanier", "PHONE_NUMBER": "215-225-5560", "EMAIL_ADDRESS": "charles.lanier@huntingparknac.org", "WEBSITE_URL": "huntingparknac.org", "Shape__Area": 8602118.3515625, "Shape__Length": 22204.437907470139 }, "geometry": { "type": "Polygon", "coordinates": [ [ [ -75.109687292444207, 40.022169722643703 ], [ -75.109368739860798, 40.022147047787399 ], [ -75.109082705751803, 40.022186516161099 ], [ -75.108795928823795, 40.022245155101103 ], [ -75.108613570497297, 40.022313868424497 ], [ -75.108612059072101, 40.022315002295699 ], [ -75.108469616414197, 40.022421838917097 ], [ -75.108171287519994, 40.022619485690598 ], [ -75.108167341709802, 40.022622099808999 ], [ -75.108125066795694, 40.022667826770302 ], [ -75.1080922284971, 40.022703347693401 ], [ -75.108078761635497, 40.022717913890801 ], [ -75.108089544192495, 40.022825606328801 ], [ -75.108066762108905, 40.0228979918313 ], [ -75.108004831446806, 40.022950290074697 ], [ -75.107922952819706, 40.023002127523597 ], [ -75.107781682575606, 40.023041087702801 ], [ -75.1077050903084, 40.023085372553801 ], [ -75.107664300038195, 40.023107458020903 ], [ -75.107514397600795, 40.023111683619497 ], [ -75.107373126929303, 40.023150642395798 ], [ -75.107244342893907, 40.0232233301505 ], [ -75.107209818192899, 40.023242816916301 ], [ -75.107087447741705, 40.023309071872703 ], [ -75.107083732973194, 40.0233104757815 ], [ -75.107001328555995, 40.0233416254286 ], [ -75.106860802393797, 40.023361415062901 ], [ -75.106736879574797, 40.023339375179397 ], [ -75.106599487770296, 40.0232786519773 ], [ -75.106462695790299, 40.023202594239798 ], [ -75.106311390012394, 40.023114688812697 ], [ -75.106242565432495, 40.023075544803099 ], [ -75.106135598878197, 40.023014707857001 ], [ -75.106065873606298, 40.022974411303601 ], [ -75.106052615809602, 40.022966749127903 ], [ -75.105911773390602, 40.022955558239197 ], [ -75.105898352445095, 40.022954491446001 ], [ -75.105848607129801, 40.022950539302002 ], [ -75.1056687843014, 40.022954071730901 ], [ -75.105477643062997, 40.022991880681403 ], [ -75.105396212922898, 40.023032215117901 ], [ -75.105382763814504, 40.023055302482497 ], [ -75.105182250817805, 40.023399507322999 ], [ -75.105161315299, 40.023423727834803 ], [ -75.105109075913006, 40.023484162452299 ], [ -75.105066491719001, 40.023552254750598 ], [ -75.104914496504307, 40.023610149217603 ], [ -75.104799828780301, 40.023613796206099 ], [ -75.104774566870105, 40.023614600082396 ], [ -75.104749655829593, 40.023604296001501 ], [ -75.1046272045308, 40.0235536457213 ], [ -75.104489964754194, 40.023489086869901 ], [ -75.104383393385504, 40.023406046028697 ], [ -75.104292230391906, 40.023311849396997 ], [ -75.104226301494606, 40.023210559993899 ], [ -75.104199517971395, 40.023129358162798 ], [ -75.104193281324001, 40.023033282450903 ], [ -75.104206989146903, 40.022937664466298 ], [ -75.104107594570706, 40.0228243292946 ], [ -75.104097075971893, 40.022812336568002 ], [ -75.103971746895795, 40.022674656987697 ], [ -75.103900839167295, 40.0225967614833 ], [ -75.103770083696801, 40.022493977053102 ], [ -75.103651393983299, 40.022337748260298 ], [ -75.103586662848898, 40.022205786963298 ], [ -75.103534279703098, 40.022100909615801 ], [ -75.103359803970406, 40.021751589267701 ], [ -75.103268218581306, 40.021540343252397 ], [ -75.103195158571296, 40.021365979040503 ], [ -75.103156259298402, 40.021211589680497 ], [ -75.103145933385903, 40.021092393714603 ], [ -75.103170215117999, 40.020981670458703 ], [ -75.103237051619502, 40.020936515004998 ], [ -75.103247106941296, 40.020929721422704 ], [ -75.103364490066596, 40.020863354712098 ], [ -75.103368711801707, 40.020857152896703 ], [ -75.103368748354995, 40.020857087062801 ], [ -75.103449207523795, 40.020738675250499 ], [ -75.103498004440695, 40.020570871587701 ], [ -75.103501998426907, 40.020557134588898 ], [ -75.103546778193007, 40.020403144863501 ], [ -75.103575980342001, 40.020302722015899 ], [ -75.103593303908397, 40.020243144027297 ], [ -75.103608598435898, 40.020157545205301 ], [ -75.103657146161595, 40.019885824153697 ], [ -75.103697199718098, 40.019668563972999 ], [ -75.103723951159694, 40.019570898543002 ], [ -75.103751161520705, 40.019503484142199 ], [ -75.103835581644304, 40.019439909229099 ], [ -75.103863069383905, 40.019430880002297 ], [ -75.103993290365594, 40.019388102956803 ], [ -75.104132053925795, 40.019359800369898 ], [ -75.104220864287001, 40.019351766877598 ], [ -75.104908996539606, 40.019356282726598 ], [ -75.105140771553707, 40.019338311843498 ], [ -75.105163562851004, 40.019332660228599 ], [ -75.105185837040096, 40.019327136358498 ], [ -75.105336039387495, 40.0192898899558 ], [ -75.105479598723093, 40.019222634668402 ], [ -75.105481279788407, 40.019221086666697 ], [ -75.105493879586305, 40.019209491331601 ], [ -75.105554389541595, 40.019153796393802 ], [ -75.105598326742907, 40.019106270558503 ], [ -75.105609138498593, 40.019094576367699 ], [ -75.105651768590505, 40.019009878066498 ], [ -75.105690537598903, 40.018940209252698 ], [ -75.1057312089916, 40.018883554593302 ], [ -75.105756385981906, 40.018848484144101 ], [ -75.105783586698905, 40.018833272185503 ], [ -75.105860255366395, 40.018790396058499 ], [ -75.106027715596696, 40.018698491332898 ], [ -75.106294250406293, 40.018587447246802 ], [ -75.106540204854795, 40.0184998682859 ], [ -75.106601703730504, 40.018473389026802 ], [ -75.106723547518499, 40.018420929150103 ], [ -75.106806613875506, 40.018390717724301 ], [ -75.106886456304693, 40.018361679057598 ], [ -75.107026836492594, 40.018291828548797 ], [ -75.107040880776097, 40.018280023023301 ], [ -75.107131880287298, 40.018203525963401 ], [ -75.107250805077896, 40.0180953821841 ], [ -75.107384530768996, 40.017923113717401 ], [ -75.107402633774896, 40.017899793569597 ], [ -75.107416523040897, 40.017867944590002 ], [ -75.107435846407995, 40.017823631456103 ], [ -75.107449419089505, 40.017792508626897 ], [ -75.107453477767294, 40.017779101876499 ], [ -75.107502075297901, 40.017618577921098 ], [ -75.107512672956503, 40.017576365201798 ], [ -75.107548623799502, 40.017433167156298 ], [ -75.1075399939281, 40.017233884726103 ], [ -75.107497047873693, 40.017074133718097 ], [ -75.107435476003005, 40.016971915591903 ], [ -75.107354019016796, 40.016882274997897 ], [ -75.107345087613496, 40.016872446422802 ], [ -75.107334903280602, 40.016861238364001 ], [ -75.107213507025406, 40.016780323088 ], [ -75.107235128248604, 40.016692274539501 ], [ -75.107249128541397, 40.016692275102997 ], [ -75.107600950461006, 40.016499606948102 ], [ -75.107745795004007, 40.016591137640397 ], [ -75.107954906408494, 40.016502528718 ], [ -75.107956823573602, 40.016501715950902 ], [ -75.109025269887496, 40.016297265427603 ], [ -75.111360631145104, 40.015877345190198 ], [ -75.111498080801894, 40.015179021831898 ], [ -75.111812714359601, 40.013672846646401 ], [ -75.112162530730004, 40.012095749021903 ], [ -75.114141666324301, 40.0123372040172 ], [ -75.1194405767163, 40.013036377377396 ], [ -75.117572298902999, 40.015592553489398 ], [ -75.117477013247793, 40.015793512098 ], [ -75.117777109685406, 40.015934311043097 ], [ -75.117652184403596, 40.017492295228998 ], [ -75.117509912419393, 40.019065123420198 ], [ -75.117900972451594, 40.019118106056901 ], [ -75.118644089272095, 40.019211170911497 ], [ -75.119415501807794, 40.019325482048401 ], [ -75.120730110052904, 40.019478313663001 ], [ -75.121408255564106, 40.019558500885303 ], [ -75.121945323076702, 40.019630268094097 ], [ -75.122754087587396, 40.0197323312291 ], [ -75.122842145495696, 40.019334036844498 ], [ -75.122852106801403, 40.019241320227998 ], [ -75.123305106870703, 40.019449321113399 ], [ -75.123347107064006, 40.019393321663202 ], [ -75.123466105942597, 40.0194043223131 ], [ -75.123584105635004, 40.019395322422497 ], [ -75.123750105256704, 40.0193313232298 ], [ -75.123864105320294, 40.019229324028899 ], [ -75.123923105141799, 40.0191373234099 ], [ -75.123945104341303, 40.019039324505798 ], [ -75.123958104146098, 40.018882325101998 ], [ -75.123942104457299, 40.018705324654498 ], [ -75.123921103541306, 40.0184233258273 ], [ -75.1239431033123, 40.018271326615597 ], [ -75.124003102792898, 40.018107326180001 ], [ -75.124130101235806, 40.017911327102901 ], [ -75.124327101286994, 40.017831328363499 ], [ -75.124468100953806, 40.017820328887098 ], [ -75.124556100934299, 40.0178353293201 ], [ -75.1250071009256, 40.018086329803999 ], [ -75.125092622780798, 40.018114513743399 ], [ -75.125023237096599, 40.018445329652302 ], [ -75.125988594176505, 40.018584304990597 ], [ -75.127170246235195, 40.018729578836002 ], [ -75.128412406716905, 40.0188975212182 ], [ -75.128882541092295, 40.018956052301398 ], [ -75.129584294529394, 40.0159713929689 ], [ -75.129502887808698, 40.015898742476097 ], [ -75.129506171854601, 40.015813671468202 ], [ -75.129544585269798, 40.015638172512503 ], [ -75.129696354538595, 40.015034487669702 ], [ -75.129852923135701, 40.014617366682003 ], [ -75.129862131119395, 40.014580423944899 ], [ -75.129912208733401, 40.014391010737803 ], [ -75.129955764507002, 40.014226261115503 ], [ -75.130321060529795, 40.012529789712097 ], [ -75.130394650530206, 40.012213997155598 ], [ -75.130586667513498, 40.011335576467197 ], [ -75.130769413711903, 40.010439256928301 ], [ -75.131191441652305, 40.008538620618602 ], [ -75.131222365520301, 40.008399350902401 ], [ -75.131241674929697, 40.008363276419402 ], [ -75.131289028878598, 40.008274813608402 ], [ -75.131575629201905, 40.006927670838301 ], [ -75.1315933654557, 40.006786606373701 ], [ -75.131938618611599, 40.005166737768803 ], [ -75.131996740597103, 40.005165749380502 ], [ -75.1323393621186, 40.005156813850803 ], [ -75.132681261420402, 40.005141261733002 ], [ -75.1330213099681, 40.005115327158599 ], [ -75.133358943070704, 40.005072043172397 ], [ -75.133693633247105, 40.005014358545402 ], [ -75.134024919037898, 40.004948284336102 ], [ -75.134352560169006, 40.004870900289802 ], [ -75.134674032307203, 40.004780788388302 ], [ -75.134989610934994, 40.004679005555403 ], [ -75.135300960625301, 40.004569025357398 ], [ -75.135609148151801, 40.004454359986497 ], [ -75.135915805163805, 40.004337484791797 ], [ -75.136221546789798, 40.004219129203697 ], [ -75.136526727054104, 40.004099866230703 ], [ -75.136831701298107, 40.003980265303397 ], [ -75.137136825903198, 40.003860899476301 ], [ -75.137442457327694, 40.003742339999398 ], [ -75.137669327182294, 40.003655599274197 ], [ -75.137748948560599, 40.003625157139098 ], [ -75.138056656006597, 40.003509923938097 ], [ -75.138365736389005, 40.003396891733097 ], [ -75.138675370934607, 40.003284746217403 ], [ -75.1389853785453, 40.003173200346403 ], [ -75.139295715138303, 40.0030621819337 ], [ -75.139606333360206, 40.0029516124117 ], [ -75.139876490289794, 40.002855844976203 ], [ -75.1399171867848, 40.002841419541902 ], [ -75.140228224544799, 40.002731524677898 ], [ -75.140539403758396, 40.0026218547616 ], [ -75.140850673521399, 40.002512332047999 ], [ -75.141161991019004, 40.0024028816796 ], [ -75.141473305241306, 40.0022934286131 ], [ -75.1417845698939, 40.002183897011903 ], [ -75.142095738681704, 40.002074211039897 ], [ -75.142406764137704, 40.001964294834899 ], [ -75.142416705819201, 40.001960769702897 ], [ -75.142717598759404, 40.001854073435503 ], [ -75.143028193941703, 40.001743470053903 ], [ -75.143338504451904, 40.001632411583103 ], [ -75.143648484093106, 40.001520819489002 ], [ -75.143798753963097, 40.0014663612194 ], [ -75.143958084118694, 40.001408620586098 ], [ -75.144267255988495, 40.001295736287901 ], [ -75.144575948854595, 40.001182087055099 ], [ -75.144884127565206, 40.001067611725901 ], [ -75.145191835998602, 40.000952387886699 ], [ -75.145499131770094, 40.000836501544697 ], [ -75.145806070016903, 40.000720042254301 ], [ -75.1461127070137, 40.000603100495702 ], [ -75.146419094526806, 40.0004857621417 ], [ -75.146725291208895, 40.000368116824198 ], [ -75.147031351100594, 40.000250252268302 ], [ -75.147337330481605, 40.000132258952 ], [ -75.147643283498496, 40.000014221898397 ], [ -75.147718599965302, 39.999985180157601 ], [ -75.147949267534898, 39.999896233411398 ], [ -75.148255334363995, 39.999778379360002 ], [ -75.148561543816697, 39.999660749399297 ], [ -75.148867947599598, 39.999543431197601 ], [ -75.149174601999803, 39.999426515229601 ], [ -75.149481564682702, 39.999310086594299 ], [ -75.149788888357094, 39.999194237485902 ], [ -75.150021442156799, 39.999107194532201 ], [ -75.150096628349701, 39.999079052949298 ], [ -75.150404808868302, 39.998964574075103 ], [ -75.150713219272603, 39.998850458207798 ], [ -75.151021797497094, 39.9987366129374 ], [ -75.151330531495702, 39.998623016365201 ], [ -75.151639413663005, 39.998509653000497 ], [ -75.151948428337704, 39.998396503566198 ], [ -75.152257565676095, 39.998283549817998 ], [ -75.152566815799901, 39.998170774412102 ], [ -75.152876166489506, 39.998058159951597 ], [ -75.153185604492293, 39.997945685412397 ], [ -75.153495118689904, 39.997833335225103 ], [ -75.153782306766303, 39.997729210148698 ], [ -75.153609457886702, 39.998526064528498 ], [ -75.153566192336001, 39.998734384380199 ], [ -75.153516777259995, 39.998953146684798 ], [ -75.153430447964993, 39.999332367093899 ], [ -75.153375653614702, 39.999545180791401 ], [ -75.153271794632801, 40.000015424616102 ], [ -75.152926536848298, 40.001603398909999 ], [ -75.152550768099005, 40.003192289524101 ], [ -75.152236192946404, 40.004700406344199 ], [ -75.151921589730605, 40.006177966555903 ], [ -75.151603537654097, 40.007676000308798 ], [ -75.151453918282797, 40.0083141040691 ], [ -75.151369685811503, 40.008737999136002 ], [ -75.1512469527989, 40.009289665636402 ], [ -75.151121455144093, 40.009819071962603 ], [ -75.151091592959801, 40.009945038676797 ], [ -75.151057590806602, 40.009874752697399 ], [ -75.151052472329297, 40.009864171500702 ], [ -75.151025504056193, 40.0098084267931 ], [ -75.151024845091698, 40.009807061249198 ], [ -75.150949493564397, 40.009651299323103 ], [ -75.150813168512599, 40.009214206851503 ], [ -75.150813150713105, 40.009214151486397 ], [ -75.150810968602002, 40.009207152527999 ], [ -75.1504596580819, 40.008072578180702 ], [ -75.1503409739923, 40.007685681929097 ], [ -75.150287370932702, 40.007510941808299 ], [ -75.150213613794705, 40.007282383322099 ], [ -75.149856569193304, 40.006175951626403 ], [ -75.149806423501801, 40.006020554210401 ], [ -75.149806336847107, 40.006020399975498 ], [ -75.149738128200596, 40.0058993781659 ], [ -75.149745318748799, 40.0058437913642 ], [ -75.149736683361695, 40.0058117366396 ], [ -75.1496006626585, 40.005306807859903 ], [ -75.149327288948697, 40.004421265551301 ], [ -75.149266893216705, 40.004282800953497 ], [ -75.149158379325399, 40.003933953807604 ], [ -75.148818643468601, 40.002708779982598 ], [ -75.148843944536694, 40.002966425864699 ], [ -75.148804200521596, 40.003316530127499 ], [ -75.148645796603603, 40.004213190987798 ], [ -75.148568566302004, 40.0044266449963 ], [ -75.148405778514203, 40.005157512371902 ], [ -75.148278315264506, 40.005707988660603 ], [ -75.148162849140505, 40.006209575298598 ], [ -75.147917659169096, 40.0071958779384 ], [ -75.147603666298096, 40.008789490141297 ], [ -75.147517366995103, 40.009304435489199 ], [ -75.147462887373706, 40.0096532836778 ], [ -75.147326214134594, 40.010392561832397 ], [ -75.147249008406604, 40.011917264380799 ], [ -75.147242899137893, 40.012261513655901 ], [ -75.147221942408194, 40.013442372752401 ], [ -75.147228900752197, 40.014090812352102 ], [ -75.147213157949494, 40.014975427988198 ], [ -75.146525189568806, 40.014885910251699 ], [ -75.146453796384804, 40.014876620151 ], [ -75.146167582039297, 40.014735640942199 ], [ -75.143198311036798, 40.013521150928199 ], [ -75.141746347306807, 40.012950049719798 ], [ -75.141447327341695, 40.014238245145997 ], [ -75.141127487379194, 40.015828524527898 ], [ -75.140762426831799, 40.017421811357998 ], [ -75.140444544696706, 40.0189083505553 ], [ -75.140106658251895, 40.0204012533613 ], [ -75.139100103311094, 40.020272314927503 ], [ -75.138463989623105, 40.020182156615597 ], [ -75.137811960113794, 40.020099074224497 ], [ -75.137265376511493, 40.020033064144798 ], [ -75.136740521202398, 40.019968818176601 ], [ -75.1366251994435, 40.020481971429902 ], [ -75.136567960820102, 40.020710944894198 ], [ -75.135976948272898, 40.020636831049103 ], [ -75.135683434713201, 40.022963236902498 ], [ -75.135715563621005, 40.023569527748698 ], [ -75.135321095110399, 40.023700350353899 ], [ -75.134284097289097, 40.023933346531201 ], [ -75.133207982977595, 40.024154907387199 ], [ -75.132348344039599, 40.024342717473701 ], [ -75.131650752703905, 40.0244887901288 ], [ -75.130611994585706, 40.024710332735303 ], [ -75.129098539216898, 40.025017737422097 ], [ -75.128722872720999, 40.025113042194 ], [ -75.128126997029696, 40.025232488112501 ], [ -75.127694958990801, 40.025301095430699 ], [ -75.127203826858505, 40.025379084510099 ], [ -75.126345880842507, 40.025509308125898 ], [ -75.125387193213896, 40.025658287190701 ], [ -75.124295760000905, 40.025811308948697 ], [ -75.123420770323406, 40.025940774378697 ], [ -75.121843503655001, 40.026166181650503 ], [ -75.120273939201795, 40.0263943919974 ], [ -75.120022656759403, 40.026425429198497 ], [ -75.118289744035906, 40.026667670602599 ], [ -75.117263842251603, 40.0268289704129 ], [ -75.115583492280095, 40.027077473571097 ], [ -75.115117218437007, 40.027135692455403 ], [ -75.115004677622096, 40.027152895066102 ], [ -75.114668910543799, 40.027204221351603 ], [ -75.113914931111296, 40.027312138144502 ], [ -75.113787028115993, 40.0273304439106 ], [ -75.112890387826695, 40.027467056654302 ], [ -75.112883608528506, 40.027341394770502 ], [ -75.112881725501495, 40.027306482587001 ], [ -75.112855455656103, 40.0270833151245 ], [ -75.112844929760698, 40.027035468414198 ], [ -75.112814836600194, 40.026898668728698 ], [ -75.112808791154194, 40.026871190860398 ], [ -75.1127823716036, 40.026651856513702 ], [ -75.112761387539194, 40.026421135424599 ], [ -75.112737349706194, 40.0262690085898 ], [ -75.112697085130407, 40.0261491281708 ], [ -75.112641412203999, 40.026040403621899 ], [ -75.112540112014401, 40.025949817666103 ], [ -75.112397573500104, 40.025892821829999 ], [ -75.112195789541104, 40.025819115025698 ], [ -75.112142747245002, 40.025803403576397 ], [ -75.112021451461999, 40.025767476533296 ], [ -75.112013207427097, 40.025765034581603 ], [ -75.111844991062299, 40.0257266338105 ], [ -75.1117558826665, 40.025716942358898 ], [ -75.111666056524996, 40.025707173077599 ], [ -75.111582022992593, 40.025686055887398 ], [ -75.111488611332902, 40.025649373214897 ], [ -75.111426017144794, 40.025590374527198 ], [ -75.111421718860896, 40.025584779483701 ], [ -75.111392985295595, 40.0255473743713 ], [ -75.111369004049195, 40.025516155893598 ], [ -75.111368180972093, 40.025491443350901 ], [ -75.111366700892503, 40.025447031808497 ], [ -75.111379370530003, 40.025346336367903 ], [ -75.111381144333293, 40.025332243566702 ], [ -75.111395441014693, 40.025221289438697 ], [ -75.111396862105195, 40.025214550849903 ], [ -75.111456637456399, 40.024931059124697 ], [ -75.111498812966403, 40.024826785148498 ], [ -75.111517379420704, 40.024780880767501 ], [ -75.111551324961198, 40.024678053052199 ], [ -75.111551256008198, 40.024551420701101 ], [ -75.111529151708694, 40.024433696928497 ], [ -75.111522310165498, 40.024397261561703 ], [ -75.111491313777293, 40.024283433158899 ], [ -75.111465528473104, 40.0241887416202 ], [ -75.111457879533901, 40.024155048452798 ], [ -75.111401603669407, 40.023907147953601 ], [ -75.111385953196702, 40.023841478976799 ], [ -75.111362982381905, 40.023745093265298 ], [ -75.111368017671595, 40.023680838468898 ], [ -75.111372887923096, 40.023618688290497 ], [ -75.111331582895303, 40.023525643089897 ], [ -75.111253216047999, 40.023358838478899 ], [ -75.111186610853395, 40.023263556652502 ], [ -75.111101910156194, 40.023142389522199 ], [ -75.111031133374894, 40.023037154459097 ], [ -75.111001441668407, 40.022902165436101 ], [ -75.110990208475897, 40.022805974585303 ], [ -75.1109799869607, 40.022773650386803 ], [ -75.110941316759295, 40.022651357756502 ], [ -75.110886964741297, 40.022566105574903 ], [ -75.110851934540307, 40.022511159381096 ], [ -75.110750206250998, 40.022452062741998 ], [ -75.110700625756493, 40.022423260660197 ], [ -75.110467811107199, 40.022350812374398 ], [ -75.110434323122803, 40.022340391675201 ], [ -75.110181789024097, 40.022288538491502 ], [ -75.109973838311603, 40.022245383820099 ], [ -75.1098151571383, 40.022218710629403 ], [ -75.109687292444207, 40.022169722643703 ] ] ] } },
{ "type": "Feature", "properties": { "OBJECTID": 16, "ORGANIZATION": "Mt. Vernon Manor, Inc.", "STREET_ADDRESS": "631 N 39th St", "ZIP_CODE": "19104", "NAC_COORDINATOR": "Michael Thorpe", "PHONE_NUMBER": "215)475-9492", "EMAIL_ADDRESS": "michael@mvmcdc.org", "WEBSITE_URL": "mvmcdc.org", "Shape__Area": 3187968.65234375, "Shape__Length": 12259.830234308649 }, "geometry": { "type": "MultiPolygon", "coordinates": [ [ [ [ -75.186635981009999, 39.962565851071801 ], [ -75.186629965424004, 39.962302684078203 ], [ -75.186628863125307, 39.9620394196237 ], [ -75.186631708503995, 39.961776170385903 ], [ -75.186637649313695, 39.9615129930093 ], [ -75.186646591557206, 39.961249833135497 ], [ -75.186658462832398, 39.9609867468114 ], [ -75.186674132496506, 39.960723811125199 ], [ -75.186696748589398, 39.960461098212498 ], [ -75.186718932279405, 39.960198390052902 ], [ -75.186732260423696, 39.959935438088401 ], [ -75.186740122882298, 39.959672238767901 ], [ -75.186745038752093, 39.959408933067898 ], [ -75.186746623141801, 39.959145637629099 ], [ -75.1867444946419, 39.958882470070499 ], [ -75.186732997817799, 39.958619284212098 ], [ -75.186695680225498, 39.9583575703356 ], [ -75.186681733515002, 39.958304249630203 ], [ -75.186664929975393, 39.958240006124697 ], [ -75.186627945394306, 39.958098603351203 ], [ -75.186563565096606, 39.957968054677103 ], [ -75.186506132689601, 39.957851594422401 ], [ -75.186287388318306, 39.957652411798001 ], [ -75.186021659111702, 39.957484224880901 ], [ -75.185738965865298, 39.957335649752103 ], [ -75.185420809714202, 39.9572376080827 ], [ -75.185110124695996, 39.957127055332897 ], [ -75.184796391475004, 39.957022001804098 ], [ -75.184490976441097, 39.956924952379197 ], [ -75.184538178169404, 39.956795172233001 ], [ -75.184625532084198, 39.956540655786299 ], [ -75.184716822649804, 39.956286978755799 ], [ -75.184809114590706, 39.956033506962299 ], [ -75.186574678180605, 39.9562621052699 ], [ -75.186713709003797, 39.956244881405503 ], [ -75.186847275832505, 39.956158724296799 ], [ -75.186923155636606, 39.956032701505698 ], [ -75.187058400681906, 39.955350750396697 ], [ -75.187064796813999, 39.955306517672803 ], [ -75.1872287489782, 39.955326264285098 ], [ -75.187478939052099, 39.955356395674002 ], [ -75.187960385265995, 39.955414378774996 ], [ -75.188267018118594, 39.955452645447998 ], [ -75.189489583958604, 39.955603872808602 ], [ -75.191465193957995, 39.955853763150799 ], [ -75.191734347843905, 39.955894605730002 ], [ -75.194153774429793, 39.9561906777529 ], [ -75.194085651749404, 39.9564808395725 ], [ -75.194070303337199, 39.956567309684601 ], [ -75.193992576285495, 39.956935947868097 ], [ -75.193806862890099, 39.957817506696401 ], [ -75.193795372948401, 39.957892086563497 ], [ -75.193737116274207, 39.958168422256101 ], [ -75.193693083301397, 39.958374251168202 ], [ -75.193642093086297, 39.958578178892701 ], [ -75.193596541760002, 39.958843389081999 ], [ -75.193657404675307, 39.959182682512797 ], [ -75.193789274944606, 39.959891934886898 ], [ -75.193906024772502, 39.9605256647042 ], [ -75.193993876842598, 39.961003951189703 ], [ -75.194015626310602, 39.961134868252103 ], [ -75.194048636505897, 39.961272344125597 ], [ -75.194054093831397, 39.961302380946996 ], [ -75.194124679609104, 39.961685494858202 ], [ -75.194155513421606, 39.9618627827655 ], [ -75.194298269497395, 39.962617724476203 ], [ -75.195748016988006, 39.962458459238299 ], [ -75.197197837391201, 39.962298082736901 ], [ -75.199436983036406, 39.962053049482698 ], [ -75.200137164188405, 39.961973736017299 ], [ -75.201179959725295, 39.961814855209703 ], [ -75.201417754141801, 39.961779199613098 ], [ -75.202235316105501, 39.961654440153602 ], [ -75.202266484159395, 39.961954699273299 ], [ -75.202294999290203, 39.962232976216697 ], [ -75.202300636077595, 39.962271440041697 ], [ -75.202301526785206, 39.962278224564699 ], [ -75.202361914231403, 39.962870357943899 ], [ -75.202370074788305, 39.962963359760998 ], [ -75.202376850398295, 39.963040337989497 ], [ -75.202368464596404, 39.963092194723501 ], [ -75.2023438005576, 39.963148648231098 ], [ -75.202331824726201, 39.963210339903803 ], [ -75.2023100100119, 39.963276769529699 ], [ -75.202313659996605, 39.963351198791798 ], [ -75.202326778573095, 39.9634307956321 ], [ -75.202334483853093, 39.963506338481601 ], [ -75.202436468475895, 39.964063284947798 ], [ -75.202538957027599, 39.964619577525397 ], [ -75.202641264026795, 39.9651802880662 ], [ -75.202853891035701, 39.966295594906498 ], [ -75.203058664069502, 39.9674068453009 ], [ -75.203159922166407, 39.9679345722232 ], [ -75.2032589976005, 39.968458403280202 ], [ -75.203450867202207, 39.969501125061598 ], [ -75.2036022344125, 39.970271719148997 ], [ -75.203651903255505, 39.970546388782303 ], [ -75.203722441276398, 39.970938812405798 ], [ -75.203722607072294, 39.970939731505197 ], [ -75.195764788019602, 39.968667310173302 ], [ -75.195476495555496, 39.968566266762103 ], [ -75.195159874584803, 39.9684704970525 ], [ -75.194840882661595, 39.968378383998001 ], [ -75.194519816921201, 39.968289467475699 ], [ -75.194196975574499, 39.968203290092802 ], [ -75.193872653328498, 39.968119394381702 ], [ -75.193547150849099, 39.968037320307403 ], [ -75.193220762789906, 39.967956612209299 ], [ -75.192893787456995, 39.967876810907498 ], [ -75.192566520790294, 39.9677974580732 ], [ -75.192309980247202, 39.967735244865402 ], [ -75.192239259940905, 39.967718094507198 ], [ -75.191912303135595, 39.967638263740199 ], [ -75.191585947506397, 39.967557507479903 ], [ -75.191064472557102, 39.9674248905689 ], [ -75.190765385621305, 39.967296755080099 ], [ -75.190464864772196, 39.967170281596204 ], [ -75.190165672209105, 39.967042272783402 ], [ -75.189870568827303, 39.966909535811901 ], [ -75.189583317958196, 39.966767602796097 ], [ -75.189310637860601, 39.966608388509499 ], [ -75.189046680426202, 39.9664401346974 ], [ -75.188784345162105, 39.966270973102503 ], [ -75.188524025769894, 39.966099592547003 ], [ -75.188269468978305, 39.965923611536603 ], [ -75.188024079724798, 39.965740676116603 ], [ -75.187787625876396, 39.965547999747102 ], [ -75.187787283700999, 39.965547665039701 ], [ -75.187692173598407, 39.9654545725124 ], [ -75.187576069710005, 39.965340930258897 ], [ -75.187575296717696, 39.965339910172503 ], [ -75.187404959230406, 39.965115053216401 ], [ -75.187264269483506, 39.964873913812298 ], [ -75.187142850251107, 39.964626490337601 ], [ -75.187035835957104, 39.964376853051199 ], [ -75.186943640765406, 39.964123020918997 ], [ -75.186860559445407, 39.9638672992523 ], [ -75.186854572286094, 39.963847504575597 ], [ -75.186783059418005, 39.963610800288201 ], [ -75.186743479596799, 39.963456354315099 ], [ -75.186716783616603, 39.963352180562303 ], [ -75.186668287812097, 39.963091937957401 ], [ -75.1866449816536, 39.9628294118206 ], [ -75.186635981009999, 39.962565851071801 ] ] ], [ [ [ -75.204362274367298, 39.974428206289097 ], [ -75.203720700302696, 39.974192994498203 ], [ -75.203154108805506, 39.974256059250898 ], [ -75.201736986152198, 39.974405542859103 ], [ -75.199505872200803, 39.9746575532035 ], [ -75.198994320368996, 39.974712191839799 ], [ -75.198810376757706, 39.974732955003503 ], [ -75.198780352294307, 39.974610125559202 ], [ -75.1987155808566, 39.974351677286897 ], [ -75.198667745905993, 39.974123234190401 ], [ -75.198661162513304, 39.974091792290103 ], [ -75.198659425384406, 39.974082698561197 ], [ -75.198611410190196, 39.973831346959102 ], [ -75.198568125150501, 39.973570118257797 ], [ -75.198547200414893, 39.973307381068402 ], [ -75.198544950492504, 39.973044097728497 ], [ -75.198569927026696, 39.972781528781901 ], [ -75.198587052897807, 39.972647401133898 ], [ -75.198593073360101, 39.972641602774601 ], [ -75.198818945572498, 39.9724454076282 ], [ -75.199065958024406, 39.9722628628355 ], [ -75.1993317587185, 39.9720948854618 ], [ -75.199609488526704, 39.971941139121 ], [ -75.199901313308303, 39.971804855109298 ], [ -75.200206565302807, 39.971683984909298 ], [ -75.200516636664005, 39.971571558899903 ], [ -75.200830017432395, 39.971465969439997 ], [ -75.201148323563103, 39.9713686255268 ], [ -75.201469897952904, 39.971278719954398 ], [ -75.201795256921102, 39.971195758695401 ], [ -75.2021258030083, 39.971126466421801 ], [ -75.202461442637698, 39.971078245462898 ], [ -75.202801831452007, 39.971045265832302 ], [ -75.203143840420495, 39.971028532931101 ], [ -75.20348651223, 39.971024257494697 ], [ -75.203736169041406, 39.971023171710797 ], [ -75.203737623719505, 39.971023165247203 ], [ -75.203832257129406, 39.9710227531397 ], [ -75.203959331888299, 39.971028028911803 ], [ -75.204044205884699, 39.9710315519118 ], [ -75.204053721034498, 39.971031946833499 ], [ -75.204175720229102, 39.971037011542201 ], [ -75.204511077462101, 39.971081301563402 ], [ -75.204838371109602, 39.971152224715098 ], [ -75.205164111313806, 39.971228808612302 ], [ -75.205488612179806, 39.9713099853344 ], [ -75.205812121264202, 39.971394899921002 ], [ -75.205952540985905, 39.971433098292898 ], [ -75.205979021500795, 39.971440301450897 ], [ -75.206134883667005, 39.971482700057599 ], [ -75.206457144641703, 39.971572528925698 ], [ -75.206779152767993, 39.971663534283302 ], [ -75.207101153168296, 39.971754862007103 ], [ -75.207423393290199, 39.9718456580229 ], [ -75.207746117055905, 39.9719350681763 ], [ -75.2080695718833, 39.972022238387503 ], [ -75.208394002834694, 39.9721063145222 ], [ -75.208646161905406, 39.9721696536444 ], [ -75.2087192124621, 39.972188003091603 ], [ -75.209044694807702, 39.972269057950101 ], [ -75.209370417580303, 39.972349559470899 ], [ -75.209696346588103, 39.972429576272297 ], [ -75.210022454559606, 39.972509179829402 ], [ -75.2103487095779, 39.972588440613499 ], [ -75.210675082033902, 39.972667430048297 ], [ -75.211001542353401, 39.972746218657903 ], [ -75.211328057419394, 39.972824877788803 ], [ -75.211654597693794, 39.972903477065501 ], [ -75.211981132402201, 39.972982087887303 ], [ -75.212148205198901, 39.973022355582103 ], [ -75.212171297692393, 39.973148138867003 ], [ -75.212207950351896, 39.973240723695902 ], [ -75.212212944482701, 39.973253338245001 ], [ -75.212421718549706, 39.973994612299499 ], [ -75.212615685945707, 39.974732632908399 ], [ -75.213010294838497, 39.976149002885002 ], [ -75.213122671669694, 39.976556380986203 ], [ -75.213273256602093, 39.977110969392598 ], [ -75.213305057955793, 39.9772280907275 ], [ -75.213470759940904, 39.977801800628697 ], [ -75.211290130028601, 39.976993961911099 ], [ -75.210358841080605, 39.976647013751901 ], [ -75.209321703009905, 39.976261203077101 ], [ -75.208599786037595, 39.975992545955897 ], [ -75.207892573622104, 39.975728294153903 ], [ -75.206907802104297, 39.975364540568798 ], [ -75.206626782629897, 39.975258373242397 ], [ -75.204362274367298, 39.974428206289097 ] ] ] ] } },
{ "type": "Feature", "properties": { "OBJECTID": 17, "ORGANIZATION": "New Kensington CDC", "STREET_ADDRESS": "2771 Ruth St, Suite 1", "ZIP_CODE": "19134", "NAC_COORDINATOR": "Bill McKinney", "PHONE_NUMBER": "215-427-0350 x113", "EMAIL_ADDRESS": "bmckinney@nkcdc.org", "WEBSITE_URL": "nkcdc.org", "Shape__Area": 18105902.109375, "Shape__Length": 22182.889639002115 }, "geometry": { "type": "Polygon", "coordinates": [ [ [ -75.101729859315, 39.983307976755903 ], [ -75.101439260146293, 39.982984589451299 ], [ -75.099027534532794, 39.984238515724599 ], [ -75.097858835130197, 39.984852856143902 ], [ -75.096707231304507, 39.985460108977797 ], [ -75.095727337894999, 39.985958467187999 ], [ -75.095384950661995, 39.986128616526202 ], [ -75.094393253617397, 39.986640484741201 ], [ -75.092660977102099, 39.987521255975103 ], [ -75.092075944404598, 39.987818762553196 ], [ -75.091481153886505, 39.988125715584502 ], [ -75.091090852559105, 39.988328354158298 ], [ -75.090896497225103, 39.988426899528399 ], [ -75.090564174392497, 39.988598027791802 ], [ -75.089616821342702, 39.989074441378797 ], [ -75.087157659921203, 39.990335657839999 ], [ -75.086964116447106, 39.9904348887233 ], [ -75.086529702805606, 39.990657613763403 ], [ -75.086041632161795, 39.990907844933403 ], [ -75.086079769464305, 39.990847999146702 ], [ -75.086204133032098, 39.990656168238701 ], [ -75.086608032622806, 39.990023177199902 ], [ -75.081386001097101, 39.992740916181802 ], [ -75.081714765492094, 39.993112925659702 ], [ -75.081408782487301, 39.993267821951399 ], [ -75.080940126761206, 39.993505063567298 ], [ -75.080922962793906, 39.993513752343297 ], [ -75.080759908538596, 39.993596292067899 ], [ -75.080422353301998, 39.993207758392302 ], [ -75.078815923292893, 39.991456094529603 ], [ -75.078663032970198, 39.991289375726303 ], [ -75.078478407564006, 39.991135142639301 ], [ -75.078377546411204, 39.991050884926103 ], [ -75.076579865318493, 39.9896103865604 ], [ -75.075899609011302, 39.989086321137499 ], [ -75.075581417400798, 39.988841184333999 ], [ -75.075305031185096, 39.988633117498203 ], [ -75.074456845389903, 39.987994580527698 ], [ -75.073992111449897, 39.987644708654202 ], [ -75.073808940631807, 39.987506808552098 ], [ -75.070690469662907, 39.9851589332701 ], [ -75.068376675204703, 39.983416732810497 ], [ -75.068015669197393, 39.983144897141102 ], [ -75.068088354944194, 39.983091557223702 ], [ -75.068879148517595, 39.982434842969901 ], [ -75.069392578226697, 39.982008455103802 ], [ -75.070138270658106, 39.981453176647399 ], [ -75.071200124172705, 39.980746192933999 ], [ -75.072237534087506, 39.9801340770954 ], [ -75.073231728710795, 39.979568669870403 ], [ -75.074496983205904, 39.9789459426745 ], [ -75.075822940909006, 39.978356432463499 ], [ -75.077229011188393, 39.977832406792999 ], [ -75.078298262767007, 39.977459603873498 ], [ -75.078409890594301, 39.977427137771002 ], [ -75.079260456452502, 39.9771797488335 ], [ -75.081227776080993, 39.976679380298599 ], [ -75.081495325797206, 39.976611328557802 ], [ -75.086391307719197, 39.9756751525711 ], [ -75.093469336148999, 39.974455243757703 ], [ -75.094557406784403, 39.974241193687398 ], [ -75.096073983440704, 39.973942827852703 ], [ -75.098463967756999, 39.973422993298897 ], [ -75.099181207275194, 39.9732669783942 ], [ -75.101352568363694, 39.972728526682602 ], [ -75.103171479694296, 39.972213719089901 ], [ -75.105076703977204, 39.971605425460098 ], [ -75.106755284256494, 39.970975971623403 ], [ -75.110512861547903, 39.969519401912699 ], [ -75.112887203896193, 39.968539981009101 ], [ -75.119153851784006, 39.965812233486901 ], [ -75.119448421050606, 39.965684000590798 ], [ -75.123367227717694, 39.963785293172002 ], [ -75.125777141291593, 39.962553224555698 ], [ -75.128698571739307, 39.966988317064697 ], [ -75.129516121590598, 39.966648506681501 ], [ -75.129769058618294, 39.966593360291299 ], [ -75.1317836482486, 39.965795189712502 ], [ -75.132302139082498, 39.965590273039098 ], [ -75.133688841687203, 39.965042207720302 ], [ -75.133999496326894, 39.964781506478801 ], [ -75.134344889158498, 39.964492140986003 ], [ -75.134359546354005, 39.964551467044203 ], [ -75.134374498653699, 39.964611979269101 ], [ -75.134394470794106, 39.964692809613098 ], [ -75.134402234056694, 39.964724231436797 ], [ -75.134415736684105, 39.964778876469303 ], [ -75.134414729546094, 39.965112052564997 ], [ -75.134414661134301, 39.965134783866802 ], [ -75.134415004248794, 39.965267839746303 ], [ -75.134415158048895, 39.965328016406197 ], [ -75.134415207831097, 39.965347434630303 ], [ -75.1344105995136, 39.966104850135203 ], [ -75.134417707499097, 39.966734486250502 ], [ -75.134419823027201, 39.966921811617503 ], [ -75.134421049413803, 39.967030468046502 ], [ -75.134423404271104, 39.967605456749403 ], [ -75.134429307672406, 39.968802445281099 ], [ -75.134435294541007, 39.970215668130798 ], [ -75.134437114200907, 39.970376436231497 ], [ -75.134420770475501, 39.970942280333297 ], [ -75.134408467796305, 39.971702372986201 ], [ -75.134400338719104, 39.972248509694801 ], [ -75.134297356043803, 39.972434425966497 ], [ -75.134248079271401, 39.972527651701498 ], [ -75.134109470777801, 39.972807748963099 ], [ -75.134059930731397, 39.972907857863298 ], [ -75.133767985829493, 39.9734033909888 ], [ -75.133374154353902, 39.974100681500097 ], [ -75.133146516622404, 39.974486478684099 ], [ -75.132967638890193, 39.974797532890904 ], [ -75.132671198493995, 39.975315335303101 ], [ -75.132622771738596, 39.975406053343598 ], [ -75.132201326175306, 39.976130429627702 ], [ -75.131812452266502, 39.976815342132703 ], [ -75.131356381015195, 39.977610550915699 ], [ -75.1312384288548, 39.977796810681603 ], [ -75.1311674573803, 39.9778810056727 ], [ -75.130449561198603, 39.978599609902801 ], [ -75.130920869055402, 39.978874184957398 ], [ -75.131777193831795, 39.979375237721598 ], [ -75.133029518004307, 39.980102750124999 ], [ -75.133190755676395, 39.980145199731503 ], [ -75.132880182693697, 39.981556310300697 ], [ -75.132881611821404, 39.981637976662697 ], [ -75.132881683649501, 39.981642100490298 ], [ -75.132546028038107, 39.983177370916898 ], [ -75.132518757968001, 39.983284598072302 ], [ -75.132208637442901, 39.9847520308223 ], [ -75.131908314004903, 39.986151874397301 ], [ -75.131907477722905, 39.986317130376897 ], [ -75.131355147264003, 39.986631969464099 ], [ -75.130794904378007, 39.986938533329301 ], [ -75.1302219155763, 39.987247191356502 ], [ -75.129642600253604, 39.987556501410999 ], [ -75.128504295301596, 39.988183651446803 ], [ -75.127944573635006, 39.9884866557246 ], [ -75.127364375061703, 39.988803238291801 ], [ -75.126887003173096, 39.989075065143503 ], [ -75.126435322273906, 39.9893219566613 ], [ -75.125964429722302, 39.989574511715702 ], [ -75.125491870491302, 39.989847306222202 ], [ -75.124740711559497, 39.990256146891099 ], [ -75.124679508684807, 39.990289458186098 ], [ -75.124492381744403, 39.9903913062778 ], [ -75.124432729436194, 39.990423772611699 ], [ -75.123687884171801, 39.990846398064697 ], [ -75.122559931024597, 39.991438432508403 ], [ -75.121552776068498, 39.992010650959202 ], [ -75.120310095355407, 39.992683103603298 ], [ -75.119695351388799, 39.993027027318497 ], [ -75.118273160369796, 39.993814315142401 ], [ -75.118043980840795, 39.993936757815902 ], [ -75.115779816360799, 39.995177986914001 ], [ -75.1148882544869, 39.995660557314899 ], [ -75.114439440052607, 39.995913425201003 ], [ -75.113997905392694, 39.996156095831203 ], [ -75.113356370851903, 39.996527716414803 ], [ -75.113309681886605, 39.996419117693499 ], [ -75.112236606226602, 39.995210003049301 ], [ -75.1122131869041, 39.995183614297197 ], [ -75.111556215702095, 39.994433614355401 ], [ -75.111370709826801, 39.994221839067201 ], [ -75.1102598588663, 39.992967608737899 ], [ -75.110005719595193, 39.9926799310051 ], [ -75.109710132428006, 39.9923453304066 ], [ -75.109528358206404, 39.992133981895897 ], [ -75.109341201704197, 39.991920089072501 ], [ -75.108755566621994, 39.991248266225099 ], [ -75.108314144985698, 39.990741869479898 ], [ -75.108014974011297, 39.990411681381097 ], [ -75.107730236935595, 39.990090243060202 ], [ -75.107340736148998, 39.989655309896399 ], [ -75.107048817895404, 39.989323482171699 ], [ -75.106749187207498, 39.988990793938001 ], [ -75.106326478976897, 39.988534543299899 ], [ -75.106126034327204, 39.988296246852599 ], [ -75.105916836261301, 39.988047539660897 ], [ -75.105481735235202, 39.987562906819598 ], [ -75.105065945705903, 39.987084013489898 ], [ -75.104716897998998, 39.986681003793798 ], [ -75.104460974155501, 39.986391047761998 ], [ -75.104366309532793, 39.986283793413399 ], [ -75.104047714298403, 39.985917220255502 ], [ -75.103725159867196, 39.985556388134398 ], [ -75.103366259516093, 39.985140150256399 ], [ -75.103000395741603, 39.984731204800603 ], [ -75.1027168758269, 39.984424581349899 ], [ -75.102498684245006, 39.984188607747399 ], [ -75.102291169020305, 39.983948258596698 ], [ -75.102218385151502, 39.9838639599812 ], [ -75.101938555606907, 39.983549176913002 ], [ -75.101856699811293, 39.983454572633697 ], [ -75.101729859315, 39.983307976755903 ] ] ] } },
{ "type": "Feature", "properties": { "OBJECTID": 18, "ORGANIZATION": "Nicetown CDC", "STREET_ADDRESS": "4414 Germantown Ave, 3rd Floor, Suite B", "ZIP_CODE": "19140", "NAC_COORDINATOR": "Majeedah A. Rashid", "PHONE_NUMBER": "215-329-1827", "EMAIL_ADDRESS": "Majeedah@nicetowncdc.org", "WEBSITE_URL": "nicetowncdc.org", "Shape__Area": 18613110.4765625, "Shape__Length": 27794.033275345875 }, "geometry": { "type": "Polygon", "coordinates": [ [ [ -75.135683434713201, 40.022963236902498 ], [ -75.135976948272898, 40.020636831049103 ], [ -75.136567960820102, 40.020710944894198 ], [ -75.1366251994435, 40.020481971429902 ], [ -75.136740521202398, 40.019968818176601 ], [ -75.137265376511493, 40.020033064144798 ], [ -75.137811960113794, 40.020099074224497 ], [ -75.138463989623105, 40.020182156615597 ], [ -75.139100103311094, 40.020272314927503 ], [ -75.140106658251895, 40.0204012533613 ], [ -75.140949881680797, 40.020507558599697 ], [ -75.141589844730305, 40.020821905927903 ], [ -75.141683901885003, 40.020758148058199 ], [ -75.142028069316595, 40.0206458725796 ], [ -75.142442789064404, 40.020698048733898 ], [ -75.143223670335303, 40.020806857991502 ], [ -75.144014356252001, 40.020905371286503 ], [ -75.144801679103793, 40.021007868190097 ], [ -75.145594403869296, 40.021114532244802 ], [ -75.146379459411705, 40.021214934100001 ], [ -75.147111858584395, 40.021290857342002 ], [ -75.147118373300501, 40.020756434679903 ], [ -75.147140536335797, 40.019941858626403 ], [ -75.147145267239495, 40.019603942096097 ], [ -75.147145268904893, 40.019603806980903 ], [ -75.147140915928503, 40.019529984192097 ], [ -75.147140934035804, 40.019528931310802 ], [ -75.147142983564706, 40.019407391494198 ], [ -75.147144543374495, 40.019020848936698 ], [ -75.147181776531596, 40.018232539476301 ], [ -75.147184051494193, 40.016620018311102 ], [ -75.147212796558406, 40.015894388637797 ], [ -75.147203918788406, 40.015522933072802 ], [ -75.1472011061513, 40.015341552629302 ], [ -75.147213157949494, 40.014975427988198 ], [ -75.147228900752197, 40.014090812352102 ], [ -75.147221942408194, 40.013442372752401 ], [ -75.147242899137893, 40.012261513655901 ], [ -75.147249008406604, 40.011917264380799 ], [ -75.147326214134594, 40.010392561832397 ], [ -75.147462887373706, 40.0096532836778 ], [ -75.147517366995103, 40.009304435489199 ], [ -75.147603666298096, 40.008789490141297 ], [ -75.147917659169096, 40.0071958779384 ], [ -75.148162849140505, 40.006209575298598 ], [ -75.148278315264506, 40.005707988660603 ], [ -75.148405778514203, 40.005157512371902 ], [ -75.148568566302004, 40.0044266449963 ], [ -75.148645796603603, 40.004213190987798 ], [ -75.148804200521596, 40.003316530127499 ], [ -75.148843944536694, 40.002966425864699 ], [ -75.148818643468601, 40.002708779982598 ], [ -75.149158379325399, 40.003933953807604 ], [ -75.149266893216705, 40.004282800953497 ], [ -75.149327288948697, 40.004421265551301 ], [ -75.1496006626585, 40.005306807859903 ], [ -75.149736683361695, 40.0058117366396 ], [ -75.149745318748799, 40.0058437913642 ], [ -75.149738128200596, 40.0058993781659 ], [ -75.149806336847107, 40.006020399975498 ], [ -75.149806423501801, 40.006020554210401 ], [ -75.149856569193304, 40.006175951626403 ], [ -75.150213613794705, 40.007282383322099 ], [ -75.150287370932702, 40.007510941808299 ], [ -75.1503409739923, 40.007685681929097 ], [ -75.1504596580819, 40.008072578180702 ], [ -75.150810968602002, 40.009207152527999 ], [ -75.150813150713105, 40.009214151486397 ], [ -75.150813168512599, 40.009214206851503 ], [ -75.150949493564397, 40.009651299323103 ], [ -75.151024845091698, 40.009807061249198 ], [ -75.151025504056193, 40.0098084267931 ], [ -75.151052472329297, 40.009864171500702 ], [ -75.151057590806602, 40.009874752697399 ], [ -75.151091592959801, 40.009945038676797 ], [ -75.151095722233194, 40.010157211216999 ], [ -75.151122509236203, 40.010260211128603 ], [ -75.1511851145478, 40.010408654652799 ], [ -75.151284139800794, 40.0105868037327 ], [ -75.151428352593996, 40.010914040729801 ], [ -75.151887384011005, 40.0119987474963 ], [ -75.152163131217705, 40.012549661486702 ], [ -75.152163995488294, 40.012551389372199 ], [ -75.152385150298798, 40.0131237010809 ], [ -75.152432156356298, 40.0132213978262 ], [ -75.153070799692799, 40.014436638164 ], [ -75.153850720540703, 40.015902370188797 ], [ -75.155186632161104, 40.015305877704002 ], [ -75.156653976174795, 40.014628869527201 ], [ -75.157953397256705, 40.014027284276601 ], [ -75.158466787191202, 40.013794161413799 ], [ -75.158692556181805, 40.013685651414001 ], [ -75.158882954657997, 40.013600021486802 ], [ -75.159390906202304, 40.013371979777602 ], [ -75.160346576864995, 40.012929671111003 ], [ -75.160943586537698, 40.012658424736202 ], [ -75.161887555297696, 40.012197179787101 ], [ -75.161896423226395, 40.012192846673997 ], [ -75.163054136017607, 40.011676039613903 ], [ -75.164206784742802, 40.011135556497401 ], [ -75.164562451199401, 40.0109684791421 ], [ -75.165991460090893, 40.010299255770803 ], [ -75.166872698848806, 40.009912065339797 ], [ -75.167293529026594, 40.009706062455201 ], [ -75.167945321129807, 40.009389284870402 ], [ -75.169021315736998, 40.008912317704599 ], [ -75.169141423495105, 40.008843357410903 ], [ -75.169189082858907, 40.008895937877199 ], [ -75.169384855246605, 40.0091119071664 ], [ -75.169478066798405, 40.009214727417401 ], [ -75.169580639518699, 40.009327873656098 ], [ -75.169776432265607, 40.009543834566699 ], [ -75.169844136424004, 40.009618511150499 ], [ -75.169972228633597, 40.009759794293899 ], [ -75.170121842705399, 40.009924813330201 ], [ -75.170168027451794, 40.009975752811499 ], [ -75.170363825071206, 40.010191713641603 ], [ -75.170559618048202, 40.010407674904698 ], [ -75.170755403904295, 40.010623640149298 ], [ -75.170951179058804, 40.010839611096998 ], [ -75.1710153391397, 40.010910395133699 ], [ -75.1711469435118, 40.011055587747798 ], [ -75.171342688999502, 40.011271571718297 ], [ -75.171538415385101, 40.011487566609503 ], [ -75.171661897685098, 40.011623856179803 ], [ -75.171701404244999, 40.011667460347901 ], [ -75.171734120429406, 40.0117035696681 ], [ -75.171929799244296, 40.0119195861907 ], [ -75.172077919035203, 40.012083132684602 ], [ -75.172125449556404, 40.012135614324301 ], [ -75.172183962595199, 40.012200236781801 ], [ -75.1723210688872, 40.012351657617401 ], [ -75.172446089369899, 40.012489766608198 ], [ -75.172516653690096, 40.012567716891603 ], [ -75.172585509080307, 40.012643801513001 ], [ -75.172712201589206, 40.012783792994703 ], [ -75.172907710140194, 40.012999888575202 ], [ -75.173103173488897, 40.013216003501803 ], [ -75.173298590361696, 40.013432140449297 ], [ -75.173306011361902, 40.013440350320899 ], [ -75.173461888023496, 40.013612816869802 ], [ -75.173493958382807, 40.013648300265501 ], [ -75.173498050587895, 40.013652830477803 ], [ -75.173689272834395, 40.013864483745898 ], [ -75.173839075041997, 40.014030358589999 ], [ -75.173884532477103, 40.014080692664997 ], [ -75.173969686108904, 40.014175022628997 ], [ -75.174079733729897, 40.014296928744699 ], [ -75.174274873045903, 40.014513192806902 ], [ -75.174395572284894, 40.014647020953497 ], [ -75.174469948014803, 40.014729486599698 ], [ -75.174664956226295, 40.014945811871499 ], [ -75.174859892996594, 40.015162168517598 ], [ -75.175054755847398, 40.015378560086802 ], [ -75.175249542470496, 40.015594985626699 ], [ -75.175361258378501, 40.015719184846603 ], [ -75.175444249182306, 40.015811449560204 ], [ -75.175502698324607, 40.0158764696926 ], [ -75.175526723226398, 40.015903194451802 ], [ -75.1756388725383, 40.0160279500085 ], [ -75.175669204624, 40.016061712482802 ], [ -75.174861041991605, 40.0165413768527 ], [ -75.174037804021296, 40.0169725790632 ], [ -75.173405219189604, 40.017236586844597 ], [ -75.172938207432097, 40.017413717846203 ], [ -75.172353944591705, 40.017611664702699 ], [ -75.172342708406305, 40.017615039041402 ], [ -75.171944439731703, 40.017734651531903 ], [ -75.170779196993095, 40.017970710751797 ], [ -75.169645042318194, 40.0181301968924 ], [ -75.167889284758402, 40.018378369683198 ], [ -75.166724236703601, 40.0185084722387 ], [ -75.166006947125496, 40.0186309080622 ], [ -75.165383124443807, 40.018774631320099 ], [ -75.164337553096701, 40.019070882779403 ], [ -75.163883129478407, 40.019207753410903 ], [ -75.163759487262496, 40.019245268391998 ], [ -75.163612533085598, 40.019357289253698 ], [ -75.163556343626496, 40.019406147971999 ], [ -75.163500790414403, 40.019454453356801 ], [ -75.1631612685715, 40.019716773481299 ], [ -75.163036199673797, 40.019880091288499 ], [ -75.162902884195901, 40.020117983974998 ], [ -75.162782483662497, 40.020378560431297 ], [ -75.162727536534803, 40.020608284937403 ], [ -75.162692007773899, 40.020831766826397 ], [ -75.1626764874554, 40.021097234510101 ], [ -75.162667312920703, 40.0213379240043 ], [ -75.162602739659903, 40.021614745664202 ], [ -75.162463739878703, 40.021964514105399 ], [ -75.162025152148004, 40.0222972567623 ], [ -75.160340203301104, 40.023479904480801 ], [ -75.159880295593695, 40.023804295430097 ], [ -75.159707883411997, 40.023889086294197 ], [ -75.159552350630094, 40.023935955499397 ], [ -75.159507903787102, 40.023993372015802 ], [ -75.159480259072694, 40.024054975239103 ], [ -75.159465549650307, 40.0241172784187 ], [ -75.159412599114503, 40.024750457484103 ], [ -75.159376536220705, 40.025513242054302 ], [ -75.159296860547798, 40.026602269973999 ], [ -75.159220684204698, 40.027667353008297 ], [ -75.159033457196799, 40.030327376232599 ], [ -75.158124170345005, 40.030835849773197 ], [ -75.1578210802477, 40.031134892405497 ], [ -75.157756884476598, 40.0312028928562 ], [ -75.157676160112402, 40.031327341860298 ], [ -75.157635677968599, 40.031419553498303 ], [ -75.157617283116707, 40.031524891421498 ], [ -75.157623695082606, 40.031787049764098 ], [ -75.157626429810605, 40.032047161786302 ], [ -75.157641400869494, 40.032937779028401 ], [ -75.1576404565226, 40.033216359907001 ], [ -75.157640455479793, 40.0332167554294 ], [ -75.158364761861307, 40.036356845024898 ], [ -75.158374222556702, 40.036695460970698 ], [ -75.158415571568696, 40.037512671554801 ], [ -75.158452502226993, 40.038549689586098 ], [ -75.158404664186904, 40.040746863173801 ], [ -75.158359255713705, 40.041497530430597 ], [ -75.1583421749244, 40.042032199414201 ], [ -75.158318581146403, 40.042418943235397 ], [ -75.158308059838504, 40.042871666003101 ], [ -75.1582866116552, 40.043352156590302 ], [ -75.158262842639701, 40.043792637486597 ], [ -75.158219009273907, 40.045086718079602 ], [ -75.158166066844501, 40.045921913347399 ], [ -75.158132209836495, 40.046429067857197 ], [ -75.158093468474206, 40.0471177504769 ], [ -75.158067405632906, 40.047472125408397 ], [ -75.158058938736005, 40.047603294253101 ], [ -75.158019101094396, 40.048136560350699 ], [ -75.157984387630606, 40.0486755283452 ], [ -75.157959911712098, 40.049036330856602 ], [ -75.157950187155805, 40.049227507745698 ], [ -75.157918721041995, 40.0496794208373 ], [ -75.157872410183103, 40.050408390840097 ], [ -75.157858271722404, 40.050613234731799 ], [ -75.157775387868995, 40.051965626038303 ], [ -75.157747391607899, 40.052383368889103 ], [ -75.157730921930195, 40.0526365014112 ], [ -75.157689048672694, 40.053235571219503 ], [ -75.157618385074102, 40.054272767584798 ], [ -75.157585703593099, 40.054620619267602 ], [ -75.157567888336203, 40.054901448329197 ], [ -75.157726262016396, 40.0551520161696 ], [ -75.157740754270606, 40.055157754656797 ], [ -75.157817757161496, 40.055188246146102 ], [ -75.157870924795503, 40.055209297787002 ], [ -75.158307023025102, 40.0554476164085 ], [ -75.158890616514, 40.055778844117 ], [ -75.160639208901003, 40.056789444353001 ], [ -75.160639288053105, 40.056789490286597 ], [ -75.160639950008402, 40.056789872818896 ], [ -75.160647380419206, 40.056797429495198 ], [ -75.160691440187307, 40.0568422414811 ], [ -75.160141267556796, 40.057409204641999 ], [ -75.159645288923102, 40.057919865572998 ], [ -75.158413379467206, 40.059191503356097 ], [ -75.156420263829204, 40.061244398416498 ], [ -75.155840980311893, 40.061839504321597 ], [ -75.155254983620097, 40.062442062287197 ], [ -75.155205781694605, 40.062514112709302 ], [ -75.154699893256705, 40.063034906137098 ], [ -75.154110925646194, 40.063658021237401 ], [ -75.153584722693907, 40.064208492836599 ], [ -75.153514385506, 40.064296276087198 ], [ -75.153342436242596, 40.064816884238397 ], [ -75.1532453368132, 40.065152568977602 ], [ -75.153078216824099, 40.065671531662403 ], [ -75.152938865063703, 40.066128409256798 ], [ -75.152818243450497, 40.066675693592202 ], [ -75.152602526233593, 40.067656510871799 ], [ -75.1523234541812, 40.068912017330199 ], [ -75.152282442181999, 40.069115154055602 ], [ -75.152224092320495, 40.069404171076698 ], [ -75.152191952799996, 40.069533421434102 ], [ -75.152135134032804, 40.069676038156103 ], [ -75.152070679650294, 40.069781346867401 ], [ -75.151996992096102, 40.0698910888337 ], [ -75.151914694272406, 40.069989031005299 ], [ -75.151840628502697, 40.070070210238399 ], [ -75.151589720007394, 40.0703269867263 ], [ -75.150724940506095, 40.069834641849603 ], [ -75.150040883400294, 40.0694451765929 ], [ -75.149605588716497, 40.069197339727602 ], [ -75.148355510372795, 40.068485580791503 ], [ -75.147678871425498, 40.068100310746402 ], [ -75.146665924289707, 40.067530793163698 ], [ -75.145501012485795, 40.066861619366399 ], [ -75.145219245638302, 40.0666997564756 ], [ -75.144554751870402, 40.066321364088203 ], [ -75.144051724595201, 40.066025235404197 ], [ -75.143098240967205, 40.065485184903601 ], [ -75.141887204908301, 40.0647992333068 ], [ -75.140773787528602, 40.064161724545897 ], [ -75.140929812492303, 40.064103111524702 ], [ -75.141170567709906, 40.063022539755003 ], [ -75.141513053443205, 40.061477880711102 ], [ -75.141843365633406, 40.059958484822403 ], [ -75.142183769232503, 40.058435128405797 ], [ -75.1422924704613, 40.057951570501103 ], [ -75.142509822382294, 40.056919722278103 ], [ -75.142849527647797, 40.055367830314999 ], [ -75.142981716784703, 40.054798856682503 ], [ -75.143073423491202, 40.054365352521103 ], [ -75.143190263875795, 40.053820833676198 ], [ -75.143571493602195, 40.052307553858299 ], [ -75.143569713209502, 40.052127076268 ], [ -75.143607421812902, 40.051836288094499 ], [ -75.143718607184596, 40.051311359341497 ], [ -75.143842658509996, 40.050781452318503 ], [ -75.143595072043794, 40.050749450831297 ], [ -75.142215288928696, 40.050573623646301 ], [ -75.142219830938103, 40.050552881659897 ], [ -75.142223738730706, 40.050535035570199 ], [ -75.142548704261401, 40.049050976590898 ], [ -75.142891359937593, 40.0475352420844 ], [ -75.142898362851597, 40.047504266284001 ], [ -75.141846228656405, 40.047366752015499 ], [ -75.141716977645302, 40.047356207382002 ], [ -75.140688607713898, 40.047225509301299 ], [ -75.139905560794702, 40.047123370273702 ], [ -75.139108444043103, 40.047021442182199 ], [ -75.137529221434903, 40.046815934685 ], [ -75.137134678205797, 40.046763471695002 ], [ -75.136743762719604, 40.046705533264102 ], [ -75.136352223015507, 40.046557109508001 ], [ -75.136019900481102, 40.046239480199802 ], [ -75.135660764077699, 40.046184447012699 ], [ -75.134726045355393, 40.0461450589479 ], [ -75.134726156996393, 40.046058882327799 ], [ -75.134726452589305, 40.0457956545415 ], [ -75.134726728302098, 40.0455324253981 ], [ -75.134727002876105, 40.045269195324401 ], [ -75.134727297360399, 40.045005965700497 ], [ -75.134727630495703, 40.044742736953097 ], [ -75.134728023400001, 40.044479508662 ], [ -75.134728497225396, 40.044216279506799 ], [ -75.1347290682303, 40.043953053461799 ], [ -75.1347297611497, 40.043689827485998 ], [ -75.134729835075007, 40.043426571195397 ], [ -75.134727115219604, 40.043163197232303 ], [ -75.134723658275405, 40.042899785759801 ], [ -75.134721962127202, 40.042636435997302 ], [ -75.134724523519296, 40.042373245337103 ], [ -75.134733841326195, 40.042110315725502 ], [ -75.134751889909097, 40.041847700223897 ], [ -75.134777548322305, 40.041585311138498 ], [ -75.134809043571096, 40.041323128823102 ], [ -75.134844653806098, 40.041061145608303 ], [ -75.1348826574133, 40.040799348424699 ], [ -75.134921330289203, 40.040537728653 ], [ -75.134962470893001, 40.040276463291903 ], [ -75.135008934819396, 40.040015674115097 ], [ -75.135057908940695, 40.039755108760303 ], [ -75.135106531153497, 40.039494509248797 ], [ -75.135150967231297, 40.039233414369498 ], [ -75.135192271237003, 40.038971880558798 ], [ -75.135241997089494, 40.038711603466403 ], [ -75.134473293400504, 40.038523600203597 ], [ -75.134472127467106, 40.038523315060097 ], [ -75.134827505885099, 40.0369989002333 ], [ -75.1349173128758, 40.036058157417798 ], [ -75.1350420624902, 40.033294271065799 ], [ -75.135082844870794, 40.032343233187802 ], [ -75.135144111989106, 40.031371333570597 ], [ -75.135188110767999, 40.0307823348912 ], [ -75.135212109635205, 40.030481336040602 ], [ -75.135060896599796, 40.029160753815397 ], [ -75.1352226825652, 40.027714966711997 ], [ -75.135308103367905, 40.027301342776902 ], [ -75.135260101746198, 40.026819344277101 ], [ -75.135186100843498, 40.026408344516902 ], [ -75.135154475406907, 40.026096512047197 ], [ -75.135715563621005, 40.023569527748698 ], [ -75.135683434713201, 40.022963236902498 ] ] ] } },
{ "type": "Feature", "properties": { "OBJECTID": 19, "ORGANIZATION": "Strawberry Mansion Neighborhood Action Center", "STREET_ADDRESS": "2829 W Diamond St", "ZIP_CODE": "19121", "NAC_COORDINATOR": "Lenora Jackson-Evans", "PHONE_NUMBER": "215-235-7505 x202", "EMAIL_ADDRESS": "LenoraJacksonevans@strawberrymansionnac.org", "WEBSITE_URL": "strawberrymansioncdc.org", "Shape__Area": 6094923.53125, "Shape__Length": 14142.804662182863 }, "geometry": { "type": "Polygon", "coordinates": [ [ [ -75.171441518625997, 39.992957472402601 ], [ -75.171595247323594, 39.992211018833203 ], [ -75.172075667655804, 39.992277621156198 ], [ -75.172867344525599, 39.992376591819003 ], [ -75.173183548663104, 39.992422602017001 ], [ -75.173351229822501, 39.991673763037298 ], [ -75.173440433986102, 39.991300255869596 ], [ -75.173518454326398, 39.990923709873201 ], [ -75.173605205979598, 39.990539737259297 ], [ -75.173682405625897, 39.990178539529502 ], [ -75.173203844297802, 39.990120226924901 ], [ -75.172354593110896, 39.990005728127201 ], [ -75.172138856137593, 39.989977922489601 ], [ -75.171745439563395, 39.989934871734199 ], [ -75.171650474310098, 39.989924478915597 ], [ -75.170274850056103, 39.989748846452102 ], [ -75.169461585956199, 39.989640495903203 ], [ -75.168894199999599, 39.989560795396002 ], [ -75.169162277168397, 39.988355659886601 ], [ -75.169234533790998, 39.987969652199403 ], [ -75.168428506664299, 39.987868112328002 ], [ -75.167633637487697, 39.987762664114797 ], [ -75.166984145629002, 39.9876753984665 ], [ -75.166409940761696, 39.987608984833599 ], [ -75.165763459153496, 39.987524534374899 ], [ -75.164977237404401, 39.987431790906101 ], [ -75.164185198399394, 39.9873215736039 ], [ -75.163842635592204, 39.988917307075802 ], [ -75.163501822906397, 39.990412108730801 ], [ -75.163184301465407, 39.9919011977195 ], [ -75.162941865427797, 39.993054107434503 ], [ -75.162970440152506, 39.993083384841398 ], [ -75.163146110087794, 39.993263375431297 ], [ -75.163208320075995, 39.993333751068199 ], [ -75.163732929640204, 39.993956261884001 ], [ -75.163735985708698, 39.993959867226899 ], [ -75.163750438642595, 39.993976919320197 ], [ -75.163772184164898, 39.994002576433402 ], [ -75.163922110638197, 39.9941794718683 ], [ -75.164283225354893, 39.994617861686301 ], [ -75.164186399111301, 39.994714548006002 ], [ -75.164095752343798, 39.995179539114197 ], [ -75.163540962975205, 39.995123743089998 ], [ -75.163194420742798, 39.995072700619303 ], [ -75.162543654392195, 39.9949787736468 ], [ -75.161858846933399, 39.994888468765403 ], [ -75.161632036124402, 39.994859148751601 ], [ -75.161350660276895, 39.9948227735876 ], [ -75.160946905700698, 39.994747631082902 ], [ -75.159918966474606, 39.994602261252297 ], [ -75.159367798100206, 39.994535881072402 ], [ -75.158808119982595, 39.994441657518699 ], [ -75.158359519365803, 39.994393314131401 ], [ -75.157792040943306, 39.994353457030101 ], [ -75.157248567353307, 39.9942881702055 ], [ -75.156787467312796, 39.994236438792299 ], [ -75.156229155459599, 39.994159710436001 ], [ -75.155053177514702, 39.994006496685401 ], [ -75.154832604980598, 39.993979057516199 ], [ -75.154821920534303, 39.993977728422699 ], [ -75.154588707695794, 39.9939490443114 ], [ -75.154655851240193, 39.993654490623001 ], [ -75.154950108187506, 39.992363555906103 ], [ -75.155271094464894, 39.990863793146701 ], [ -75.155499931990306, 39.9898039033232 ], [ -75.155593313397304, 39.989379991198803 ], [ -75.155935932827504, 39.987888055762703 ], [ -75.156276342060494, 39.986294146479999 ], [ -75.156591928968297, 39.984812913684699 ], [ -75.156613951861502, 39.984709541991897 ], [ -75.156641857058702, 39.984572824996299 ], [ -75.156915823641299, 39.983230487253003 ], [ -75.157255522750802, 39.981704340689703 ], [ -75.157582849590597, 39.980233718438498 ], [ -75.159219388379597, 39.980445928685597 ], [ -75.160005178596904, 39.980541313214303 ], [ -75.160798776253301, 39.980644798308901 ], [ -75.161581658618005, 39.980740682088097 ], [ -75.162360129323801, 39.980847675954401 ], [ -75.163156696741694, 39.980952390976697 ], [ -75.163935840950003, 39.981048674348301 ], [ -75.164724724414796, 39.981155552377601 ], [ -75.165511465829596, 39.981254607235698 ], [ -75.166294742763199, 39.9813588577004 ], [ -75.1670775153151, 39.981464602416203 ], [ -75.167743242411802, 39.981545423420599 ], [ -75.168027963509502, 39.981586305863402 ], [ -75.168293974698202, 39.981615871634702 ], [ -75.168495357694894, 39.981647762814802 ], [ -75.168961845151998, 39.981700430583501 ], [ -75.169746346096701, 39.981812391161498 ], [ -75.170558977623898, 39.981912550899999 ], [ -75.171374689482704, 39.982011658588299 ], [ -75.172161913043297, 39.9821111026354 ], [ -75.172731389294796, 39.982191789438502 ], [ -75.173214914122198, 39.982261501020197 ], [ -75.173750128137797, 39.982317229348901 ], [ -75.174333894857099, 39.982405044170001 ], [ -75.174772649971999, 39.982455273598703 ], [ -75.174992530742401, 39.982470674342402 ], [ -75.175344510823095, 39.982528228679499 ], [ -75.175910908406095, 39.982592018493897 ], [ -75.176367912189804, 39.982661299314202 ], [ -75.176933592438402, 39.982723668678702 ], [ -75.177477764448398, 39.982794021730101 ], [ -75.177977643878606, 39.982863667873403 ], [ -75.178535973602095, 39.982930466904797 ], [ -75.179057454274798, 39.983000913954598 ], [ -75.179465748348804, 39.983059738638197 ], [ -75.179952325799505, 39.983118771493302 ], [ -75.180528928151801, 39.983191246247301 ], [ -75.180963244861104, 39.983249151576601 ], [ -75.181481822573204, 39.983312703672802 ], [ -75.181579807238705, 39.983324311202701 ], [ -75.182929850068007, 39.983487217942603 ], [ -75.183670741468703, 39.9835766115472 ], [ -75.184299210476695, 39.983658252257399 ], [ -75.184795380630703, 39.983716713886203 ], [ -75.186376147784799, 39.983914089527502 ], [ -75.187222215957604, 39.984028972451497 ], [ -75.188033496843801, 39.984137601608502 ], [ -75.187951003158204, 39.984541185984597 ], [ -75.187705219104103, 39.985656138267103 ], [ -75.187597258045699, 39.986162056276697 ], [ -75.187491579641502, 39.986640651635099 ], [ -75.187383294902105, 39.987141498602803 ], [ -75.187274673441095, 39.987652281508304 ], [ -75.187172618838702, 39.988085819735701 ], [ -75.187060348939994, 39.988676029632501 ], [ -75.186714495535, 39.990225935914097 ], [ -75.186372180301504, 39.991787758803298 ], [ -75.186149318495296, 39.992673102958399 ], [ -75.186197551877697, 39.992771240577 ], [ -75.186358739288494, 39.993099202973099 ], [ -75.1864863759222, 39.993358899629499 ], [ -75.186741804495696, 39.993878600453499 ], [ -75.186976014079406, 39.9943551208233 ], [ -75.187084539296706, 39.994584128696602 ], [ -75.1872616228016, 39.994957807600798 ], [ -75.187556828988704, 39.995840153702098 ], [ -75.187583808289105, 39.996052705538503 ], [ -75.187608635490193, 39.996442494406601 ], [ -75.187609920866507, 39.996585787012002 ], [ -75.187605785254107, 39.998206352567401 ], [ -75.186546386200902, 39.998076848516199 ], [ -75.185030056439601, 39.997888645071598 ], [ -75.184396493143197, 39.997804289986398 ], [ -75.182341842076895, 39.9975299919344 ], [ -75.1817920577857, 39.997455002581503 ], [ -75.180189953426293, 39.997264091142 ], [ -75.179204923353794, 39.997129535014601 ], [ -75.178576916565007, 39.997050566276698 ], [ -75.1779889438819, 39.996973693936503 ], [ -75.177502558605397, 39.996921693474398 ], [ -75.176949652969995, 39.996843254486102 ], [ -75.1755394343772, 39.996649848883003 ], [ -75.174418901613095, 39.996508983879302 ], [ -75.173949379905295, 39.9964430799741 ], [ -75.172355767825806, 39.996251320726003 ], [ -75.171789328828197, 39.996181002431697 ], [ -75.171326559798402, 39.996124679274502 ], [ -75.170768619290698, 39.9960467494423 ], [ -75.170903357933298, 39.9954189396557 ], [ -75.170998189932703, 39.994979323384797 ], [ -75.171116083864504, 39.994454989338799 ], [ -75.171231043614199, 39.9938948785272 ], [ -75.171320789198205, 39.993492908350099 ], [ -75.171441518625997, 39.992957472402601 ] ] ] } },
{ "type": "Feature", "properties": { "OBJECTID": 20, "ORGANIZATION": "The Enterprise Center CDC", "STREET_ADDRESS": "4548 Market St", "ZIP_CODE": "19139", "NAC_COORDINATOR": "Kim Carter", "PHONE_NUMBER": "215-594-0228", "EMAIL_ADDRESS": "Kcarter@theenterprisecenter.com", "WEBSITE_URL": "theenterprisecenter.com", "Shape__Area": 6381298.265625, "Shape__Length": 12706.8107480905 }, "geometry": { "type": "Polygon", "coordinates": [ [ [ -75.219438970333101, 39.9609520876527 ], [ -75.219176893396906, 39.959299061827402 ], [ -75.218954853750304, 39.959270934879299 ], [ -75.217002013556396, 39.959026553409998 ], [ -75.214019791355298, 39.9586542926249 ], [ -75.213017956557906, 39.9585291108909 ], [ -75.211040980986397, 39.958287056714198 ], [ -75.209422553669398, 39.9580847186228 ], [ -75.208128724541396, 39.957926517064998 ], [ -75.206075882772495, 39.957669861740897 ], [ -75.205037276676293, 39.957542378829601 ], [ -75.204146026111502, 39.957433053708002 ], [ -75.204308854267595, 39.956659167732298 ], [ -75.204465685611098, 39.955915621399697 ], [ -75.204775483764905, 39.955953790499201 ], [ -75.204933959169495, 39.955192240232897 ], [ -75.205092091463698, 39.954430034379499 ], [ -75.205168130827005, 39.954089104449501 ], [ -75.205248043436896, 39.953704817586001 ], [ -75.205334140281096, 39.953290798674502 ], [ -75.205461891649193, 39.952693308670703 ], [ -75.205574481794002, 39.952148573952499 ], [ -75.205583553153204, 39.952067178425501 ], [ -75.205700017133793, 39.951524360384802 ], [ -75.205802721619307, 39.950995851379098 ], [ -75.205821418262801, 39.950964287609601 ], [ -75.205760185114102, 39.949843165275901 ], [ -75.205683382618602, 39.948522836881999 ], [ -75.205656846838707, 39.948063830007399 ], [ -75.206973797301202, 39.946844183842003 ], [ -75.206960171744797, 39.946671972044101 ], [ -75.205374261942794, 39.945068862964902 ], [ -75.205281623596903, 39.944166703586198 ], [ -75.205326587814298, 39.944090806718997 ], [ -75.2052030296271, 39.943780723002902 ], [ -75.205061426619693, 39.943635156800397 ], [ -75.205225169127004, 39.943528732952103 ], [ -75.205473458004803, 39.943346177344601 ], [ -75.205716780427593, 39.943160608928302 ], [ -75.205955559465195, 39.942972233536999 ], [ -75.206189101630201, 39.942779751888096 ], [ -75.206418805179396, 39.9425845861714 ], [ -75.206643567221107, 39.942386336235401 ], [ -75.206859433488603, 39.942182097895298 ], [ -75.207075301866595, 39.941977861926802 ], [ -75.207290446463404, 39.941773132002901 ], [ -75.207510097766104, 39.941571460499297 ], [ -75.207740530101304, 39.941377095037602 ], [ -75.207839930640304, 39.941297109552302 ], [ -75.2079629532723, 39.941297924243003 ], [ -75.208364470516301, 39.941288101328198 ], [ -75.208800367821794, 39.941655336469999 ], [ -75.207650192391299, 39.942486270766402 ], [ -75.208143801795799, 39.943067444147999 ], [ -75.209008766404295, 39.943806805476697 ], [ -75.209455330625303, 39.9441821244205 ], [ -75.209755907077195, 39.944434741822299 ], [ -75.2109084579929, 39.945386926759802 ], [ -75.211401505182096, 39.945813669567499 ], [ -75.212687028695001, 39.944896490537801 ], [ -75.214001302682405, 39.943994583805697 ], [ -75.214999534132403, 39.943276586133102 ], [ -75.215153411479307, 39.943310695705797 ], [ -75.215482012252494, 39.943383584332999 ], [ -75.215616174258201, 39.943413362599003 ], [ -75.215810596880402, 39.943456515795702 ], [ -75.216139168939705, 39.943529488370999 ], [ -75.216467727429304, 39.943602497531998 ], [ -75.216796274655096, 39.9436755442307 ], [ -75.2171248120558, 39.943748621290901 ], [ -75.217137844607194, 39.943751525585498 ], [ -75.217453335854501, 39.943821735837403 ], [ -75.2177818535055, 39.943894876321799 ], [ -75.218110360263594, 39.943968044441398 ], [ -75.218438859772306, 39.944041236672703 ], [ -75.218767350962693, 39.944114450289199 ], [ -75.219095836208098, 39.944187684442298 ], [ -75.219139084459599, 39.9441973288532 ], [ -75.219003223631802, 39.944294390746201 ], [ -75.220393370081297, 39.9454749210934 ], [ -75.221031124013194, 39.946014394614402 ], [ -75.221425280239501, 39.946351941726803 ], [ -75.221658784731204, 39.946551907464602 ], [ -75.221829629729399, 39.946699453665602 ], [ -75.222140510581497, 39.946967939144699 ], [ -75.222370120069996, 39.947145996202103 ], [ -75.223043512951193, 39.947703390949897 ], [ -75.223316172885404, 39.947936695775503 ], [ -75.224947725377007, 39.947755318553597 ], [ -75.225306186115702, 39.947758794716201 ], [ -75.225324045900706, 39.947758967958698 ], [ -75.225974913100202, 39.947768380022602 ], [ -75.226114889129605, 39.9477704030719 ], [ -75.227420193883404, 39.947781507516403 ], [ -75.227626726291405, 39.947781197352398 ], [ -75.2294495499292, 39.947790609211303 ], [ -75.230303011492296, 39.947812273388301 ], [ -75.231271403567007, 39.947919879040803 ], [ -75.231163523264499, 39.948453984348802 ], [ -75.231097081059701, 39.948757402828697 ], [ -75.231067207762194, 39.9489192974589 ], [ -75.230960878057203, 39.949449762419803 ], [ -75.230794874134304, 39.950183450290403 ], [ -75.230636258923695, 39.950933477657003 ], [ -75.230324464819205, 39.952486330814899 ], [ -75.230206728489605, 39.953006109401898 ], [ -75.230112877191701, 39.953467572056802 ], [ -75.2299995953597, 39.954007246844697 ], [ -75.232152710521802, 39.954275015219601 ], [ -75.232045792611103, 39.954791628006802 ], [ -75.231937798994906, 39.955329830212499 ], [ -75.231911264844996, 39.955422989261201 ], [ -75.231801197194599, 39.955959382602103 ], [ -75.231674924998501, 39.956555011158301 ], [ -75.231557336500501, 39.957112773955998 ], [ -75.231439175908605, 39.957699751531401 ], [ -75.231278328880407, 39.958459705822399 ], [ -75.231114154914195, 39.959221095177099 ], [ -75.230961684202796, 39.959965156576402 ], [ -75.230802911624707, 39.960733071195101 ], [ -75.230247994253205, 39.960667080433502 ], [ -75.229785642635605, 39.960610132798301 ], [ -75.229394339741603, 39.960562351351697 ], [ -75.229263375978803, 39.960546360012998 ], [ -75.228936391137907, 39.960508325226897 ], [ -75.228646399294902, 39.960474592041599 ], [ -75.228319448057903, 39.962044406515297 ], [ -75.227997764026398, 39.9635655110635 ], [ -75.227912139662095, 39.963974541350602 ], [ -75.227844264346899, 39.964298602171503 ], [ -75.227679209514207, 39.965083556402497 ], [ -75.227821871664801, 39.965899359618 ], [ -75.227861483474001, 39.9662026140414 ], [ -75.226231662407301, 39.965581770615202 ], [ -75.225998294913595, 39.965481363062402 ], [ -75.225966859988105, 39.965457817747101 ], [ -75.225860378121396, 39.965378059756397 ], [ -75.225467889430107, 39.9652246640455 ], [ -75.225451234736795, 39.965218154593998 ], [ -75.225141921380299, 39.965103640429497 ], [ -75.2251377601239, 39.965102153213103 ], [ -75.224591190301695, 39.964906778440302 ], [ -75.224106509453506, 39.964750042280599 ], [ -75.223891704076294, 39.964725666053702 ], [ -75.223531185310506, 39.964611899546398 ], [ -75.223265096518304, 39.964553203691501 ], [ -75.223264858449795, 39.964553150695799 ], [ -75.222917442347807, 39.964475192638702 ], [ -75.222329125897801, 39.964344781010801 ], [ -75.221952181416597, 39.964260933757302 ], [ -75.220982779687105, 39.964048571965002 ], [ -75.220044737799299, 39.963830598965203 ], [ -75.2197694930464, 39.9630210386062 ], [ -75.219693720409595, 39.962534233279101 ], [ -75.219512010496302, 39.961405717633198 ], [ -75.219438970333101, 39.9609520876527 ] ] ] } },
{ "type": "Feature", "properties": { "OBJECTID": 21, "ORGANIZATION": "Tacony CDC", "STREET_ADDRESS": "4819 Longshore Ave, Unit C", "ZIP_CODE": "19135", "NAC_COORDINATOR": "Xhulio Binjaku", "PHONE_NUMBER": "267-276-2586", "EMAIL_ADDRESS": "director@taconycdc.org", "WEBSITE_URL": "visittacony.com", "Shape__Area": 13399010.4921875, "Shape__Length": 21330.814368052466 }, "geometry": { "type": "Polygon", "coordinates": [ [ [ -75.033108831412306, 40.027511410305998 ], [ -75.032752988203598, 40.027060874358398 ], [ -75.032721371852901, 40.027080594611803 ], [ -75.032455384222999, 40.027246444289702 ], [ -75.032189349266204, 40.0274122427032 ], [ -75.031923248788004, 40.027577975905501 ], [ -75.031657071691797, 40.027743628315498 ], [ -75.031390800954199, 40.027909186013801 ], [ -75.031124424343801, 40.028074632491403 ], [ -75.030857927107206, 40.028239955684299 ], [ -75.0305912923656, 40.028405138071903 ], [ -75.030324508986595, 40.028570164972898 ], [ -75.029968217915993, 40.028790132424902 ], [ -75.029703187269305, 40.0289567970365 ], [ -75.029438216246106, 40.0291235201463 ], [ -75.029173295874898, 40.029290291630403 ], [ -75.028908418211103, 40.029457104993597 ], [ -75.028643571977696, 40.029623949156303 ], [ -75.028414606930696, 40.029768223735402 ], [ -75.028378750473294, 40.029790815850497 ], [ -75.028113939970595, 40.029957696641397 ], [ -75.027849137317403, 40.030124582443797 ], [ -75.0275843276156, 40.030291464795198 ], [ -75.027319505407206, 40.030458333654501 ], [ -75.027054659234906, 40.030625182442499 ], [ -75.026789781407203, 40.030791998361998 ], [ -75.026524860358407, 40.030958777534103 ], [ -75.026259889568195, 40.031125507189202 ], [ -75.025994857615601, 40.031292179847597 ], [ -75.025729755457505, 40.031458787184903 ], [ -75.025464575294606, 40.031625319103803 ], [ -75.025199305741907, 40.031791767224298 ], [ -75.024933938891607, 40.031958124149597 ], [ -75.024668464638296, 40.032124378826602 ], [ -75.024531014992405, 40.032210363994402 ], [ -75.024402875110596, 40.032290522958199 ], [ -75.024137158923594, 40.0324565481638 ], [ -75.023871309376901, 40.032622446174102 ], [ -75.023605183546195, 40.0327880982598 ], [ -75.023382250834999, 40.032926338762401 ], [ -75.023338644652398, 40.032953378628001 ], [ -75.023071629974496, 40.033118214602901 ], [ -75.022804079098094, 40.033282534464199 ], [ -75.022535927987803, 40.033446269107998 ], [ -75.022267115059194, 40.033609346784999 ], [ -75.021997578764598, 40.033771694845001 ], [ -75.021807149339196, 40.033885498299099 ], [ -75.021727944462199, 40.033932832556602 ], [ -75.021653150662701, 40.033871671587299 ], [ -75.021639473546699, 40.033865837607898 ], [ -75.021387643433201, 40.0337584218817 ], [ -75.021385725776597, 40.033757604115102 ], [ -75.021106505530895, 40.0337319603628 ], [ -75.020750369930198, 40.033774185874698 ], [ -75.020278951968194, 40.033794166027498 ], [ -75.020271475826505, 40.033794483015797 ], [ -75.020257084254794, 40.033793300268997 ], [ -75.020115991373203, 40.033781701989 ], [ -75.019873402877707, 40.033761761917198 ], [ -75.019729249072896, 40.033749911986902 ], [ -75.019285587339695, 40.0337140182084 ], [ -75.018892862307297, 40.033641317436299 ], [ -75.018380921099606, 40.033578924504504 ], [ -75.018376107060604, 40.033578337850003 ], [ -75.018367262332106, 40.033574011445701 ], [ -75.018117434647195, 40.033451798294301 ], [ -75.017987862613396, 40.033362963246702 ], [ -75.018141047110603, 40.033277877148997 ], [ -75.019841169803897, 40.0323307604517 ], [ -75.0205627665256, 40.031928751697201 ], [ -75.021274924434906, 40.0315291057819 ], [ -75.021568497328701, 40.031364356232501 ], [ -75.021762517708197, 40.031255473700803 ], [ -75.022557341301905, 40.030816065879797 ], [ -75.022118530008399, 40.0303482470147 ], [ -75.022026858791605, 40.030275740153598 ], [ -75.021866202068693, 40.030148668134899 ], [ -75.021722063510396, 40.030034661671202 ], [ -75.021632930602905, 40.0299412255373 ], [ -75.021572269671694, 40.029828296492902 ], [ -75.021496928676299, 40.029725060020198 ], [ -75.021358892495599, 40.029559482733298 ], [ -75.021155970521505, 40.029341727625798 ], [ -75.020940149660603, 40.029133791690498 ], [ -75.020523119332793, 40.028687798302798 ], [ -75.019833961279701, 40.027946359255402 ], [ -75.0195185640966, 40.0275940967095 ], [ -75.019125389513803, 40.027199388277097 ], [ -75.018873914914394, 40.026879027568299 ], [ -75.018309914718202, 40.026312978031797 ], [ -75.017701769155806, 40.0256900878612 ], [ -75.015583294718695, 40.023142966582 ], [ -75.013943712865299, 40.020450001562899 ], [ -75.014864374895694, 40.019904380796497 ], [ -75.016278174391203, 40.0192221684296 ], [ -75.0182564623574, 40.018394287482401 ], [ -75.019369296163603, 40.017991230783601 ], [ -75.0204149900554, 40.017713836674197 ], [ -75.022501244518594, 40.017286163983698 ], [ -75.023771739697594, 40.017077713264101 ], [ -75.026581424355896, 40.016667144594102 ], [ -75.030970317024099, 40.016087112013899 ], [ -75.031023262543798, 40.0160782577641 ], [ -75.033053273111904, 40.015738715588398 ], [ -75.034782905295501, 40.015429649565199 ], [ -75.036580886553395, 40.014963091217702 ], [ -75.037879582425902, 40.0145642512812 ], [ -75.039181441100894, 40.014085931247401 ], [ -75.040379295372702, 40.013621049621499 ], [ -75.041663617272704, 40.013062745328803 ], [ -75.042634705453693, 40.012576582610102 ], [ -75.043183690736996, 40.012310883647501 ], [ -75.043731695512903, 40.012045654625801 ], [ -75.047007595479698, 40.010309281134802 ], [ -75.048023739310693, 40.009728684422797 ], [ -75.048831283989301, 40.009190897357399 ], [ -75.049938915719295, 40.008389721762001 ], [ -75.050920621065501, 40.007633297885903 ], [ -75.051711238172601, 40.006999643735902 ], [ -75.052355905344697, 40.006394370178903 ], [ -75.052877816471494, 40.005754392403702 ], [ -75.053940492985205, 40.004130844713501 ], [ -75.056344201604404, 40.004591134506299 ], [ -75.058227108957396, 40.005421371047198 ], [ -75.058304198296597, 40.005410138589703 ], [ -75.058331198229396, 40.005407138617002 ], [ -75.058472197806793, 40.005415139794401 ], [ -75.058561198276493, 40.005432139605702 ], [ -75.058662197726903, 40.005471139482403 ], [ -75.058735198263406, 40.005515139675197 ], [ -75.0588421979934, 40.005565140370202 ], [ -75.058872197946499, 40.005582140853797 ], [ -75.058898197802094, 40.005605140442 ], [ -75.059793196537896, 40.005989142216599 ], [ -75.060081196411303, 40.006108143023397 ], [ -75.060940194886697, 40.006530145144303 ], [ -75.061166194696497, 40.006636145773697 ], [ -75.0614861943221, 40.006779145694502 ], [ -75.061690193845195, 40.006795147155799 ], [ -75.0620881929391, 40.006681149045598 ], [ -75.062126192694393, 40.006652148331398 ], [ -75.062149193514998, 40.006624148913197 ], [ -75.062171193160495, 40.006608148707201 ], [ -75.062199193040698, 40.006606149765098 ], [ -75.062243192995098, 40.006591149379602 ], [ -75.0622841925899, 40.006559149884701 ], [ -75.062313192637006, 40.006508149323999 ], [ -75.062350192884907, 40.006461149274699 ], [ -75.062399191673904, 40.006406150395399 ], [ -75.0624641918359, 40.006330150577099 ], [ -75.062495192094204, 40.0062851500101 ], [ -75.062543191911601, 40.006233151598998 ], [ -75.062619191762195, 40.006194151139702 ], [ -75.062668191913204, 40.006178151251198 ], [ -75.062700192446997, 40.006183151454302 ], [ -75.062790190310906, 40.006148152111699 ], [ -75.062915190670196, 40.006114152184502 ], [ -75.063056190466497, 40.006107153390097 ], [ -75.063488190073997, 40.006136153859401 ], [ -75.063500189972601, 40.006116154836299 ], [ -75.063536190058301, 40.0061011550833 ], [ -75.0635691898229, 40.006105154838401 ], [ -75.063594189838398, 40.006107154485697 ], [ -75.063628189477697, 40.0061171551569 ], [ -75.063739190024407, 40.006140154867403 ], [ -75.063796189865101, 40.006140155936698 ], [ -75.063844189461904, 40.006147155655697 ], [ -75.063904188667195, 40.006159155790499 ], [ -75.063932189250593, 40.0061561553864 ], [ -75.063969188358897, 40.0061441559277 ], [ -75.064003189010293, 40.006153155448203 ], [ -75.064029188264897, 40.006167155975099 ], [ -75.064062188896898, 40.006174156088598 ], [ -75.064139188467706, 40.006182156737097 ], [ -75.064269188432803, 40.006188156187498 ], [ -75.064439188807, 40.006201157051898 ], [ -75.064579188172303, 40.006203156952097 ], [ -75.064852187335504, 40.006163158482899 ], [ -75.065219186623494, 40.006117159984399 ], [ -75.065371186301107, 40.006095160903698 ], [ -75.065494186563598, 40.006074161264003 ], [ -75.065576186009395, 40.006055160915999 ], [ -75.065662185962296, 40.006057161896301 ], [ -75.065795185727296, 40.0060451620121 ], [ -75.065874184982704, 40.006040162923597 ], [ -75.065901185448894, 40.006047162783098 ], [ -75.065934185637701, 40.006025162218201 ], [ -75.065963185976798, 40.0060121623751 ], [ -75.066090184797403, 40.005987163944702 ], [ -75.066233184056202, 40.005942163196799 ], [ -75.066313183911703, 40.005926163820398 ], [ -75.066354184515205, 40.005905164704899 ], [ -75.066474183977405, 40.005867164155703 ], [ -75.066565183338696, 40.005824165121602 ], [ -75.066717183414397, 40.0057771648125 ], [ -75.066737183124999, 40.005766165571004 ], [ -75.066750183185206, 40.005744165862602 ], [ -75.066805182992994, 40.005723165810203 ], [ -75.066858183267598, 40.005715166124297 ], [ -75.067023182268301, 40.005648166893998 ], [ -75.067133182575105, 40.0056021667896 ], [ -75.067199182788698, 40.005569167620401 ], [ -75.067330181844099, 40.005512167930398 ], [ -75.067377182393002, 40.005481168314297 ], [ -75.067461180791497, 40.005441168567401 ], [ -75.067545180727095, 40.005406168692197 ], [ -75.067584180816596, 40.0053931696362 ], [ -75.067696838603098, 40.005341749150098 ], [ -75.068122743390802, 40.0063858097825 ], [ -75.068346568842301, 40.006934524578902 ], [ -75.068509068576603, 40.007453574978001 ], [ -75.068832593162298, 40.008647974241299 ], [ -75.068860359238798, 40.008730267154803 ], [ -75.068883987121595, 40.008800297526903 ], [ -75.068926747402401, 40.008927026849904 ], [ -75.069046798489595, 40.009282832199403 ], [ -75.069047993315195, 40.009286372368798 ], [ -75.069290191422098, 40.010089870393998 ], [ -75.069384713286397, 40.010475414631699 ], [ -75.069509170146603, 40.010808679899398 ], [ -75.069331956154699, 40.010852526533803 ], [ -75.069006091173904, 40.010933150524203 ], [ -75.068680225348203, 40.011013775390303 ], [ -75.068354356478395, 40.011094397476199 ], [ -75.067851521788697, 40.011218801268399 ], [ -75.067524695185497, 40.011297097405098 ], [ -75.067197867970904, 40.011375389010702 ], [ -75.066871037696899, 40.011453678730902 ], [ -75.066544206704805, 40.011531966620701 ], [ -75.066217376165497, 40.0116102527073 ], [ -75.065890542459897, 40.011688539609203 ], [ -75.065563710377802, 40.011766824735297 ], [ -75.0652368786061, 40.011845111658999 ], [ -75.064910044803199, 40.011923400325699 ], [ -75.064583213687698, 40.012001689944597 ], [ -75.064256381640504, 40.012079983134299 ], [ -75.063929551038498, 40.012158279049203 ], [ -75.063602722945802, 40.012236580417401 ], [ -75.063275675925496, 40.012314412612596 ], [ -75.062947938498297, 40.012390750021197 ], [ -75.062619887194302, 40.012466412391099 ], [ -75.062291954881204, 40.012542335226399 ], [ -75.061964577780003, 40.012619457719303 ], [ -75.061638187484206, 40.012698717156901 ], [ -75.061313216741894, 40.012781050858301 ], [ -75.061306761725007, 40.012782782882702 ], [ -75.061268410708195, 40.012793071268497 ], [ -75.060990235237398, 40.012867695799599 ], [ -75.060670193409706, 40.012960748469197 ], [ -75.060352414415703, 40.0130587162231 ], [ -75.060035949247606, 40.013159493628102 ], [ -75.059719840807901, 40.013260973248201 ], [ -75.0594031507935, 40.013361076909803 ], [ -75.059285867076298, 40.013397556373199 ], [ -75.059085744514206, 40.013459803253397 ], [ -75.058768551275193, 40.013558984257898 ], [ -75.058452495705794, 40.013660155359403 ], [ -75.058138497550502, 40.013764856395397 ], [ -75.057826114543801, 40.013872655323603 ], [ -75.057514726514697, 40.013982523936498 ], [ -75.057205631629699, 40.014096003745003 ], [ -75.056900134596901, 40.014214648141099 ], [ -75.0565993756328, 40.014339873317297 ], [ -75.056454716268306, 40.0144039141652 ], [ -75.056302812715302, 40.014471162009201 ], [ -75.056009113350299, 40.0146065664578 ], [ -75.055716944013, 40.014744106427301 ], [ -75.055424974786206, 40.014881799950899 ], [ -75.055132303794593, 40.015018366197303 ], [ -75.054839520365704, 40.015154811949301 ], [ -75.054546966207099, 40.015291562413097 ], [ -75.054254946888605, 40.015428978876599 ], [ -75.053963765849403, 40.015567417174701 ], [ -75.053673726274695, 40.015707239446698 ], [ -75.053385110424401, 40.015848774004901 ], [ -75.053097198946503, 40.015991160582502 ], [ -75.052817544727802, 40.016129854211599 ], [ -75.053404223463701, 40.016916100139802 ], [ -75.053922223420102, 40.017497101378297 ], [ -75.054369222642705, 40.018009101531703 ], [ -75.054817222062994, 40.018519101301898 ], [ -75.055259222245596, 40.0190231024554 ], [ -75.055260403774696, 40.019024454723798 ], [ -75.055687310625501, 40.019514623785902 ], [ -75.056165786293107, 40.0200662881985 ], [ -75.056614005077904, 40.020577518960401 ], [ -75.057067679488696, 40.021091691520098 ], [ -75.057513875650102, 40.021607834863097 ], [ -75.057966641108493, 40.022117904078101 ], [ -75.058415955260003, 40.022631181963497 ], [ -75.058857505817102, 40.023148863204298 ], [ -75.059310221965006, 40.023658585761403 ], [ -75.059555273047906, 40.023935671114202 ], [ -75.059762561499596, 40.0241720954497 ], [ -75.059856398684403, 40.024279384556898 ], [ -75.059979180313505, 40.024419765843099 ], [ -75.060119997961394, 40.024579033695403 ], [ -75.060214232417195, 40.024685612752997 ], [ -75.060452713381196, 40.0249607165943 ], [ -75.060756806010502, 40.025311505270899 ], [ -75.061112067861899, 40.025718399115298 ], [ -75.061304192170894, 40.025938442937303 ], [ -75.061554102223894, 40.026221745564897 ], [ -75.061702597150401, 40.026392464901299 ], [ -75.061814904240507, 40.0265215817479 ], [ -75.062239569340704, 40.0270051336243 ], [ -75.062256313402898, 40.0270209099575 ], [ -75.062350935401597, 40.027110057335797 ], [ -75.062419101044995, 40.027146596072498 ], [ -75.062419497013096, 40.027146808074498 ], [ -75.062395951311302, 40.027454570333902 ], [ -75.0622080218739, 40.027481900537801 ], [ -75.061841422516693, 40.027542907492403 ], [ -75.061708332458096, 40.027605843172303 ], [ -75.060253163553298, 40.027814835828401 ], [ -75.059982553751894, 40.0278033641045 ], [ -75.059227785854205, 40.027919110579397 ], [ -75.058670770433594, 40.028154502586197 ], [ -75.058580604693603, 40.0282351785117 ], [ -75.057872535972606, 40.028530339493102 ], [ -75.057250581840805, 40.028795756266497 ], [ -75.056872312942801, 40.028953519445899 ], [ -75.056665862144897, 40.029069251406099 ], [ -75.056079146711397, 40.029465159957901 ], [ -75.055661919372199, 40.029853275379999 ], [ -75.055417380651306, 40.030096651401003 ], [ -75.055270423582499, 40.030230437237002 ], [ -75.054800725678703, 40.030652703575903 ], [ -75.054055994360596, 40.031190884323998 ], [ -75.053969033862302, 40.031247431748199 ], [ -75.053512310038997, 40.031577634928603 ], [ -75.053386288814806, 40.031653363585001 ], [ -75.0533208190746, 40.031688126832798 ], [ -75.053250191844299, 40.031710588576303 ], [ -75.052858207597097, 40.0318064673815 ], [ -75.052686527264996, 40.031856101795199 ], [ -75.050973790838796, 40.032334885187304 ], [ -75.049910578584303, 40.032620562706803 ], [ -75.048672238366294, 40.032963948767303 ], [ -75.047719732527398, 40.033311785891598 ], [ -75.046771651236099, 40.033693163745603 ], [ -75.046658187831497, 40.033736048357802 ], [ -75.045801900813203, 40.034185518835898 ], [ -75.044927945953404, 40.034651587901003 ], [ -75.044672364153001, 40.034781239977598 ], [ -75.044054790936002, 40.035106873948997 ], [ -75.043200427435593, 40.035554521282897 ], [ -75.042434787988597, 40.035971518963997 ], [ -75.041684179079198, 40.0363531142768 ], [ -75.040753781284096, 40.036803754689799 ], [ -75.040341469886499, 40.036468398015799 ], [ -75.040340397940099, 40.0364671193635 ], [ -75.040023962533695, 40.036089555543001 ], [ -75.039475056472199, 40.0354142232733 ], [ -75.039051930647602, 40.034887051720297 ], [ -75.038797080638801, 40.034581493789801 ], [ -75.038617012176104, 40.034365595642498 ], [ -75.038450299026906, 40.034156755070804 ], [ -75.038196253277107, 40.033838509817997 ], [ -75.037755208120103, 40.033318166948298 ], [ -75.037360917730297, 40.032829128929002 ], [ -75.037331389331996, 40.0327925056094 ], [ -75.036906628117194, 40.0322620519038 ], [ -75.0364791964424, 40.031742821753603 ], [ -75.036056197059494, 40.031216533016803 ], [ -75.035737934570093, 40.030834384286798 ], [ -75.035674232605402, 40.030751406381903 ], [ -75.035626672865504, 40.030689456700699 ], [ -75.035505572341293, 40.030539908310999 ], [ -75.035170778343797, 40.030126469076002 ], [ -75.035099700348695, 40.030052486473402 ], [ -75.034993919802503, 40.029916553247801 ], [ -75.034748516321599, 40.029601234957198 ], [ -75.034541291470205, 40.0293399801009 ], [ -75.034355990704199, 40.029106364988003 ], [ -75.034209695154601, 40.028918187619603 ], [ -75.033940542384897, 40.0285719772085 ], [ -75.033525967348197, 40.028041351394698 ], [ -75.033344079925001, 40.027810276890399 ], [ -75.033108831412306, 40.027511410305998 ] ], [ [ -75.038919622798801, 40.024109380982203 ], [ -75.039997239242496, 40.023640159405701 ], [ -75.038919255619703, 40.024108039656802 ], [ -75.038684257397094, 40.024219038918901 ], [ -75.038626381309996, 40.024249411075502 ], [ -75.038685289396298, 40.024221018569598 ], [ -75.038919622798801, 40.024109380982203 ] ], [ [ -75.045365487726997, 40.019886125555303 ], [ -75.045381837749403, 40.019878150717403 ], [ -75.0450532412179, 40.020034067419402 ], [ -75.044761241326299, 40.020171066447098 ], [ -75.044440242401393, 40.020319064511597 ], [ -75.044407242224906, 40.020335064522399 ], [ -75.044231405859094, 40.020416987854901 ], [ -75.044488683210403, 40.020297621927902 ], [ -75.0447818759705, 40.0201615671387 ], [ -75.045074373173307, 40.020024673484599 ], [ -75.045365487726997, 40.019886125555303 ] ] ] } },
{ "type": "Feature", "properties": { "OBJECTID": 22, "ORGANIZATION": "Tioga United, Inc.", "STREET_ADDRESS": "1539 W Venango St", "ZIP_CODE": "19140", "NAC_COORDINATOR": "David Smith", "PHONE_NUMBER": "267-639-6912", "EMAIL_ADDRESS": "info@tiogaunitednac.org", "WEBSITE_URL": "tu-nac.org", "Shape__Area": 9907394.1015625, "Shape__Length": 14599.345334976153 }, "geometry": { "type": "Polygon", "coordinates": [ [ [ -75.151369685811503, 40.008737999136002 ], [ -75.151453918282797, 40.0083141040691 ], [ -75.151603537654097, 40.007676000308798 ], [ -75.151921589730605, 40.006177966555903 ], [ -75.152236192946404, 40.004700406344199 ], [ -75.152550768099005, 40.003192289524101 ], [ -75.152926536848298, 40.001603398909999 ], [ -75.153271794632801, 40.000015424616102 ], [ -75.153375653614702, 39.999545180791401 ], [ -75.153430447964993, 39.999332367093899 ], [ -75.153516777259995, 39.998953146684798 ], [ -75.153566192336001, 39.998734384380199 ], [ -75.153609457886702, 39.998526064528498 ], [ -75.153782306766303, 39.997729210148698 ], [ -75.153985471500604, 39.996792564332097 ], [ -75.154142570145297, 39.996002207402498 ], [ -75.154253979650505, 39.995536233373798 ], [ -75.154319243802206, 39.995232604623197 ], [ -75.154392651862906, 39.994881769146303 ], [ -75.154588707695794, 39.9939490443114 ], [ -75.154821920534303, 39.993977728422699 ], [ -75.154832604980598, 39.993979057516199 ], [ -75.155053177514702, 39.994006496685401 ], [ -75.156229155459599, 39.994159710436001 ], [ -75.156787467312796, 39.994236438792299 ], [ -75.157248567353307, 39.9942881702055 ], [ -75.157792040943306, 39.994353457030101 ], [ -75.158359519365803, 39.994393314131401 ], [ -75.158808119982595, 39.994441657518699 ], [ -75.159367798100206, 39.994535881072402 ], [ -75.159918966474606, 39.994602261252297 ], [ -75.160946905700698, 39.994747631082902 ], [ -75.161350660276895, 39.9948227735876 ], [ -75.161632036124402, 39.994859148751601 ], [ -75.161858846933399, 39.994888468765403 ], [ -75.162543654392195, 39.9949787736468 ], [ -75.163194420742798, 39.995072700619303 ], [ -75.163540962975205, 39.995123743089998 ], [ -75.164095752343798, 39.995179539114197 ], [ -75.165964863852395, 39.995423070712803 ], [ -75.167568419757004, 39.995632099405903 ], [ -75.168140176102995, 39.995705654209502 ], [ -75.168607148943195, 39.995772863699202 ], [ -75.169177136595195, 39.995837837308002 ], [ -75.169732642284302, 39.995914984995899 ], [ -75.170202152362194, 39.995978418359499 ], [ -75.170768619290698, 39.9960467494423 ], [ -75.171326559798402, 39.996124679274502 ], [ -75.171789328828197, 39.996181002431697 ], [ -75.172355767825806, 39.996251320726003 ], [ -75.173949379905295, 39.9964430799741 ], [ -75.174418901613095, 39.996508983879302 ], [ -75.1755394343772, 39.996649848883003 ], [ -75.176949652969995, 39.996843254486102 ], [ -75.177502558605397, 39.996921693474398 ], [ -75.1779889438819, 39.996973693936503 ], [ -75.178576916565007, 39.997050566276698 ], [ -75.179204923353794, 39.997129535014601 ], [ -75.180189953426293, 39.997264091142 ], [ -75.1817920577857, 39.997455002581503 ], [ -75.182341842076895, 39.9975299919344 ], [ -75.184396493143197, 39.997804289986398 ], [ -75.185030056439601, 39.997888645071598 ], [ -75.186546386200902, 39.998076848516199 ], [ -75.187605785254107, 39.998206352567401 ], [ -75.187589948351601, 39.998571032608297 ], [ -75.187556870536497, 39.998654286226397 ], [ -75.187032559490305, 39.999984544853703 ], [ -75.186953419459201, 40.000195640235098 ], [ -75.186861432725095, 40.000419989989602 ], [ -75.186950166042706, 40.000374997993902 ], [ -75.187196427433804, 40.000296925662198 ], [ -75.187341502299901, 40.000271096906502 ], [ -75.187511991013395, 40.0002603694236 ], [ -75.187743369565894, 40.000263716693297 ], [ -75.188113592548902, 40.000281065237203 ], [ -75.188288739938599, 40.000283857478401 ], [ -75.188448487177197, 40.000282583753098 ], [ -75.188561017552004, 40.000265805908199 ], [ -75.1888156668482, 40.0002151061219 ], [ -75.189577774203798, 39.999906392492399 ], [ -75.1905198157326, 39.999652389196001 ], [ -75.191796405419893, 39.999754090488501 ], [ -75.191737136764701, 40.000016780920298 ], [ -75.191566021621796, 40.000860868127297 ], [ -75.191483884245898, 40.001301342749699 ], [ -75.191418214404806, 40.001708495701699 ], [ -75.191370297418104, 40.002081961911401 ], [ -75.191350321802005, 40.002285693879301 ], [ -75.191337491369197, 40.002455451350002 ], [ -75.191328456989694, 40.002625173592001 ], [ -75.191324528666101, 40.002761001130601 ], [ -75.1913242443147, 40.002897037828298 ], [ -75.191328665651199, 40.003067320359101 ], [ -75.191337929323893, 40.003237787398298 ], [ -75.191353030983393, 40.0034216275482 ], [ -75.191354744267798, 40.003442478091301 ], [ -75.191376973125102, 40.003647174110299 ], [ -75.191408607372495, 40.003885801721403 ], [ -75.191436605849006, 40.004065836002397 ], [ -75.191456221047005, 40.004191971719202 ], [ -75.191515027091398, 40.004530772398603 ], [ -75.191558828623897, 40.004766721199303 ], [ -75.191590576369805, 40.004900944390897 ], [ -75.191639078128503, 40.0050678591371 ], [ -75.191695934090902, 40.005233556252598 ], [ -75.191773008634797, 40.005430397563401 ], [ -75.191857208830498, 40.005624615279103 ], [ -75.191902350549398, 40.005720375499997 ], [ -75.191955083600803, 40.005814111796198 ], [ -75.192014541177102, 40.0059059435983 ], [ -75.192092067028696, 40.006013726602703 ], [ -75.192354404149, 40.0063489467693 ], [ -75.192397737019405, 40.006400599143298 ], [ -75.192427318201894, 40.006435860384499 ], [ -75.192478220377396, 40.006491704341499 ], [ -75.192508461329197, 40.006521863441598 ], [ -75.192559740042597, 40.006573002582599 ], [ -75.192617989363796, 40.006623635633701 ], [ -75.192712399851899, 40.006693863720798 ], [ -75.192802833100501, 40.006751421485099 ], [ -75.192416688025702, 40.007072611718499 ], [ -75.192311516953694, 40.0071598107955 ], [ -75.192230119757099, 40.007227299222897 ], [ -75.192201374769894, 40.007251131059 ], [ -75.191915361587405, 40.007480955734202 ], [ -75.191540051128797, 40.007777979036 ], [ -75.191413260723195, 40.007861994343102 ], [ -75.191335821269803, 40.0079133063009 ], [ -75.191317458143303, 40.0079254751099 ], [ -75.190515464804506, 40.00841851122 ], [ -75.189697967366101, 40.008789910757898 ], [ -75.189604477863199, 40.008826870136097 ], [ -75.188706202582793, 40.009181983998303 ], [ -75.187103348121894, 40.009651701419102 ], [ -75.186917353589294, 40.009714327615001 ], [ -75.186538671143694, 40.009841830867003 ], [ -75.185737548793696, 40.010111564615997 ], [ -75.185675741415196, 40.0101314822139 ], [ -75.184956613796601, 40.010363209275702 ], [ -75.1836125534806, 40.0109161139669 ], [ -75.182979313495807, 40.0112339093046 ], [ -75.182573561721298, 40.011475824657801 ], [ -75.182332895381705, 40.011621576273399 ], [ -75.182239820864098, 40.011686723581398 ], [ -75.181921898419006, 40.011909252423003 ], [ -75.181248165325997, 40.012369170851798 ], [ -75.179896756935307, 40.013299702296003 ], [ -75.178231829969405, 40.0144444993512 ], [ -75.178229374502706, 40.0144462148385 ], [ -75.177869476617502, 40.014697646020899 ], [ -75.177316469853906, 40.0150839781626 ], [ -75.175669204624, 40.016061712482802 ], [ -75.1756388725383, 40.0160279500085 ], [ -75.175526723226398, 40.015903194451802 ], [ -75.175502698324607, 40.0158764696926 ], [ -75.175444249182306, 40.015811449560204 ], [ -75.175361258378501, 40.015719184846603 ], [ -75.175249542470496, 40.015594985626699 ], [ -75.175054755847398, 40.015378560086802 ], [ -75.174859892996594, 40.015162168517598 ], [ -75.174664956226295, 40.014945811871499 ], [ -75.174469948014803, 40.014729486599698 ], [ -75.174395572284894, 40.014647020953497 ], [ -75.174274873045903, 40.014513192806902 ], [ -75.174079733729897, 40.014296928744699 ], [ -75.173969686108904, 40.014175022628997 ], [ -75.173884532477103, 40.014080692664997 ], [ -75.173839075041997, 40.014030358589999 ], [ -75.173689272834395, 40.013864483745898 ], [ -75.173498050587895, 40.013652830477803 ], [ -75.173493958382807, 40.013648300265501 ], [ -75.173461888023496, 40.013612816869802 ], [ -75.173306011361902, 40.013440350320899 ], [ -75.173298590361696, 40.013432140449297 ], [ -75.173103173488897, 40.013216003501803 ], [ -75.172907710140194, 40.012999888575202 ], [ -75.172712201589206, 40.012783792994703 ], [ -75.172585509080307, 40.012643801513001 ], [ -75.172516653690096, 40.012567716891603 ], [ -75.172446089369899, 40.012489766608198 ], [ -75.1723210688872, 40.012351657617401 ], [ -75.172183962595199, 40.012200236781801 ], [ -75.172125449556404, 40.012135614324301 ], [ -75.172077919035203, 40.012083132684602 ], [ -75.171929799244296, 40.0119195861907 ], [ -75.171734120429406, 40.0117035696681 ], [ -75.171701404244999, 40.011667460347901 ], [ -75.171661897685098, 40.011623856179803 ], [ -75.171538415385101, 40.011487566609503 ], [ -75.171342688999502, 40.011271571718297 ], [ -75.1711469435118, 40.011055587747798 ], [ -75.1710153391397, 40.010910395133699 ], [ -75.170951179058804, 40.010839611096998 ], [ -75.170755403904295, 40.010623640149298 ], [ -75.170559618048202, 40.010407674904698 ], [ -75.170363825071206, 40.010191713641603 ], [ -75.170168027451794, 40.009975752811499 ], [ -75.170121842705399, 40.009924813330201 ], [ -75.169972228633597, 40.009759794293899 ], [ -75.169844136424004, 40.009618511150499 ], [ -75.169776432265607, 40.009543834566699 ], [ -75.169580639518699, 40.009327873656098 ], [ -75.169478066798405, 40.009214727417401 ], [ -75.169384855246605, 40.0091119071664 ], [ -75.169189082858907, 40.008895937877199 ], [ -75.169141423495105, 40.008843357410903 ], [ -75.169021315736998, 40.008912317704599 ], [ -75.167945321129807, 40.009389284870402 ], [ -75.167293529026594, 40.009706062455201 ], [ -75.166872698848806, 40.009912065339797 ], [ -75.165991460090893, 40.010299255770803 ], [ -75.164562451199401, 40.0109684791421 ], [ -75.164206784742802, 40.011135556497401 ], [ -75.163054136017607, 40.011676039613903 ], [ -75.161896423226395, 40.012192846673997 ], [ -75.161887555297696, 40.012197179787101 ], [ -75.160943586537698, 40.012658424736202 ], [ -75.160346576864995, 40.012929671111003 ], [ -75.159390906202304, 40.013371979777602 ], [ -75.158882954657997, 40.013600021486802 ], [ -75.158692556181805, 40.013685651414001 ], [ -75.158466787191202, 40.013794161413799 ], [ -75.157953397256705, 40.014027284276601 ], [ -75.156653976174795, 40.014628869527201 ], [ -75.155186632161104, 40.015305877704002 ], [ -75.153850720540703, 40.015902370188797 ], [ -75.153070799692799, 40.014436638164 ], [ -75.152432156356298, 40.0132213978262 ], [ -75.152385150298798, 40.0131237010809 ], [ -75.152163995488294, 40.012551389372199 ], [ -75.152163131217705, 40.012549661486702 ], [ -75.151887384011005, 40.0119987474963 ], [ -75.151428352593996, 40.010914040729801 ], [ -75.151284139800794, 40.0105868037327 ], [ -75.1511851145478, 40.010408654652799 ], [ -75.151122509236203, 40.010260211128603 ], [ -75.151095722233194, 40.010157211216999 ], [ -75.151091592959801, 40.009945038676797 ], [ -75.151121455144093, 40.009819071962603 ], [ -75.1512469527989, 40.009289665636402 ], [ -75.151369685811503, 40.008737999136002 ] ] ] } },
{ "type": "Feature", "properties": { "OBJECTID": 23, "ORGANIZATION": "UAC/Parkside Association of Philadelphia", "STREET_ADDRESS": "1719 N 52nd St, Suite G", "ZIP_CODE": "19131", "NAC_COORDINATOR": "Lucinda Hudson", "PHONE_NUMBER": "215-877-1198", "EMAIL_ADDRESS": "lhudson@parksideassociation.org", "WEBSITE_URL": "uac.org", "Shape__Area": 5436488.65625, "Shape__Length": 13842.396305369753 }, "geometry": { "type": "Polygon", "coordinates": [ [ [ -75.226202650787101, 39.981618692494301 ], [ -75.225163617685496, 39.981347655162899 ], [ -75.224066849662805, 39.9815192042715 ], [ -75.223790759157595, 39.981530844551202 ], [ -75.223675159860903, 39.981520081028101 ], [ -75.2235463271832, 39.981485541552601 ], [ -75.223158197416197, 39.981392023445302 ], [ -75.222489651310497, 39.9811475219797 ], [ -75.221453425841304, 39.980760226810801 ], [ -75.219252617601299, 39.979945994757401 ], [ -75.216815949023498, 39.979037241312597 ], [ -75.214381238956506, 39.978139490888502 ], [ -75.213470759940904, 39.977801800628697 ], [ -75.213305057955793, 39.9772280907275 ], [ -75.213273256602093, 39.977110969392598 ], [ -75.213122671669694, 39.976556380986203 ], [ -75.213010294838497, 39.976149002885002 ], [ -75.212615685945707, 39.974732632908399 ], [ -75.212421718549706, 39.973994612299499 ], [ -75.212212944482701, 39.973253338245001 ], [ -75.212821094287804, 39.973184943722302 ], [ -75.213887908394398, 39.973064958062601 ], [ -75.216332621842696, 39.972801548233598 ], [ -75.217768018792299, 39.972637721768599 ], [ -75.217437549065394, 39.972445358782302 ], [ -75.217171971069206, 39.970362107677602 ], [ -75.217847146351403, 39.9702913644321 ], [ -75.220185502534804, 39.970058154969301 ], [ -75.220823915216599, 39.969992848482001 ], [ -75.221320430086905, 39.9699432586253 ], [ -75.223119525063396, 39.969758450982901 ], [ -75.222825613099602, 39.968389952048597 ], [ -75.222699667210094, 39.967779525618099 ], [ -75.222618547003904, 39.967354704614003 ], [ -75.222474992171001, 39.966729745184097 ], [ -75.222422033913503, 39.966499193304898 ], [ -75.222365010115695, 39.966200453436201 ], [ -75.222355790861997, 39.966152155022698 ], [ -75.222246114214798, 39.965693504550003 ], [ -75.222151455335407, 39.965220404812399 ], [ -75.222119151236498, 39.965079940954197 ], [ -75.222025016375696, 39.964670622617497 ], [ -75.221952181416597, 39.964260933757302 ], [ -75.222329125897801, 39.964344781010801 ], [ -75.222917442347807, 39.964475192638702 ], [ -75.223264858449795, 39.964553150695799 ], [ -75.223265096518304, 39.964553203691501 ], [ -75.223531185310506, 39.964611899546398 ], [ -75.223891704076294, 39.964725666053702 ], [ -75.224106509453506, 39.964750042280599 ], [ -75.224591190301695, 39.964906778440302 ], [ -75.2251377601239, 39.965102153213103 ], [ -75.225451234736795, 39.965218154593998 ], [ -75.225467889430107, 39.9652246640455 ], [ -75.225860378121396, 39.965378059756397 ], [ -75.225966859988105, 39.965457817747101 ], [ -75.225998294913595, 39.965481363062402 ], [ -75.226231662407301, 39.965581770615202 ], [ -75.227861483474001, 39.9662026140414 ], [ -75.227904541490602, 39.966426458215402 ], [ -75.227977593358602, 39.9668538499946 ], [ -75.228144954747705, 39.967829776502299 ], [ -75.228149140156205, 39.967854181898403 ], [ -75.228153075696795, 39.967876454548303 ], [ -75.228249169233905, 39.968420324321002 ], [ -75.228384900439195, 39.969226714591002 ], [ -75.228555791474605, 39.970163830716601 ], [ -75.228736248068103, 39.971118411627501 ], [ -75.228882382595202, 39.971911889445998 ], [ -75.229027222464893, 39.972655305292299 ], [ -75.229146365109202, 39.973293199254599 ], [ -75.2291492412986, 39.973308597402301 ], [ -75.229151651118499, 39.973321447197002 ], [ -75.229267075170497, 39.973936819960201 ], [ -75.229354522361405, 39.974429377655099 ], [ -75.229432553215304, 39.974839524195303 ], [ -75.229551682731199, 39.975470686796399 ], [ -75.229562251737093, 39.975526682505802 ], [ -75.229572041307193, 39.975578466955803 ], [ -75.229855968843196, 39.977080434166503 ], [ -75.230027588376501, 39.978021340884702 ], [ -75.230129857200197, 39.978570237190397 ], [ -75.230171008783003, 39.978805441247097 ], [ -75.230797381602102, 39.9791029589136 ], [ -75.232098547061398, 39.979704914152897 ], [ -75.232422356190995, 39.979808248019999 ], [ -75.232839425721295, 39.979974524802699 ], [ -75.233960881865599, 39.9803849436259 ], [ -75.234047631194002, 39.980412792307803 ], [ -75.234622520014199, 39.980554967943597 ], [ -75.234830837803301, 39.980600491943697 ], [ -75.235321142670699, 39.980707637421197 ], [ -75.235650678259105, 39.980803301947802 ], [ -75.235689031624702, 39.980814436078603 ], [ -75.236163674517599, 39.980981037370299 ], [ -75.239043488817998, 39.981961708095099 ], [ -75.238745400325698, 39.982392863391901 ], [ -75.238613274111202, 39.982612910507399 ], [ -75.238048527494797, 39.983553443143101 ], [ -75.237241463736297, 39.984851065278299 ], [ -75.237391251521103, 39.984864867277601 ], [ -75.2377740643593, 39.984988801540503 ], [ -75.238230890573504, 39.985043842521598 ], [ -75.239656922494106, 39.985169884343101 ], [ -75.2401537514952, 39.985224636587297 ], [ -75.241261030373593, 39.985326270292703 ], [ -75.242882344102497, 39.985499719320202 ], [ -75.243418215725796, 39.985556455334397 ], [ -75.243885141982602, 39.9855952249764 ], [ -75.244239326663703, 39.985642039623897 ], [ -75.244490998538197, 39.985677944203303 ], [ -75.244670900155697, 39.985730524892197 ], [ -75.2448182180392, 39.985805970338298 ], [ -75.244988739611998, 39.985901669063303 ], [ -75.245102164992801, 39.9860001939157 ], [ -75.245103650585506, 39.986001485023699 ], [ -75.245128412301497, 39.986036111755297 ], [ -75.245177892290798, 39.986105306589302 ], [ -75.245479359940106, 39.986630210565799 ], [ -75.242408665489506, 39.988080381419003 ], [ -75.239839313244502, 39.989297958205498 ], [ -75.239655878833204, 39.989475711009099 ], [ -75.238651343836196, 39.990341663666499 ], [ -75.238362332558594, 39.990497413301398 ], [ -75.238019950044603, 39.990632958932402 ], [ -75.238007854224705, 39.990637747889103 ], [ -75.2377853125234, 39.990679903810197 ], [ -75.236255607780095, 39.990982528911999 ], [ -75.236143508558101, 39.991030747578499 ], [ -75.236029674234203, 39.991105295731899 ], [ -75.234329592281199, 39.991902085010402 ], [ -75.233713414591506, 39.992187447791899 ], [ -75.233673862185597, 39.991893301488197 ], [ -75.232314766003299, 39.991825789444597 ], [ -75.231061043747005, 39.991775157269501 ], [ -75.229797907349493, 39.991693178856899 ], [ -75.228088271433506, 39.991612562203997 ], [ -75.226572944441202, 39.991526917071802 ], [ -75.225663144324102, 39.9914797532902 ], [ -75.225662971429102, 39.991414542518001 ], [ -75.225663501306499, 39.991151312519101 ], [ -75.225665897466101, 39.990888106443201 ], [ -75.225670402932195, 39.990624908912501 ], [ -75.225675371147005, 39.990361614338397 ], [ -75.225681629748493, 39.990098299487698 ], [ -75.225690495857094, 39.9898350762194 ], [ -75.225703289080897, 39.989572051941799 ], [ -75.225721326432705, 39.9893093403129 ], [ -75.2257478152858, 39.989047028087299 ], [ -75.225783419852604, 39.988785142482897 ], [ -75.225825170404605, 39.988523691164303 ], [ -75.225857439598997, 39.9883362113288 ], [ -75.2258700947515, 39.988262686249001 ], [ -75.225892581478007, 39.9881418722996 ], [ -75.225820895567296, 39.988106716534404 ], [ -75.225659895964895, 39.988007715942999 ], [ -75.225443895884297, 39.9878627158893 ], [ -75.225109804699201, 39.987592903652803 ], [ -75.225311037820305, 39.9874479007673 ], [ -75.2255746795351, 39.987161776575 ], [ -75.225963009443106, 39.986467871654 ], [ -75.226826285090596, 39.984330887807303 ], [ -75.226962947205806, 39.983823752154997 ], [ -75.227024416126696, 39.983273344563798 ], [ -75.227058117403303, 39.982702541544 ], [ -75.227056876380104, 39.982701172677899 ], [ -75.226916976585798, 39.982546760289601 ], [ -75.226577662441898, 39.9821071269754 ], [ -75.226450888776498, 39.981941737406302 ], [ -75.226203431447999, 39.981618896168101 ], [ -75.226202650787101, 39.981618692494301 ] ] ] } },
{ "type": "Feature", "properties": { "OBJECTID": 24, "ORGANIZATION": "Whitman Council, Inc.", "STREET_ADDRESS": "2455 S 3rd St", "ZIP_CODE": "19148", "NAC_COORDINATOR": "Mark Kapczynski", "PHONE_NUMBER": "215-468-4056", "EMAIL_ADDRESS": "mkapkkz@msn.com", "WEBSITE_URL": "whitmancouncil.com", "Shape__Area": 17466252.40625, "Shape__Length": 28581.059085210843 }, "geometry": { "type": "Polygon", "coordinates": [ [ [ -75.145379437572601, 39.933457874441103 ], [ -75.145394131314106, 39.933389088033103 ], [ -75.145537133209402, 39.933429428116099 ], [ -75.145703764453103, 39.933448794508998 ], [ -75.145757768447197, 39.933210976063201 ], [ -75.145839663090698, 39.932846447667799 ], [ -75.145911022112202, 39.932547960990398 ], [ -75.146003162663504, 39.932105271735502 ], [ -75.1460817986802, 39.931722351447704 ], [ -75.146171586779403, 39.931331752639203 ], [ -75.146372025246905, 39.9302368403321 ], [ -75.146415064870794, 39.930125425806501 ], [ -75.146462448820401, 39.930036679599802 ], [ -75.146694486348395, 39.928998505352901 ], [ -75.146706766807597, 39.928883030744203 ], [ -75.146940869056706, 39.927874413298298 ], [ -75.146987132985501, 39.927676357450302 ], [ -75.146665262381802, 39.927634133385403 ], [ -75.146411398187198, 39.927600829152198 ], [ -75.146263223399401, 39.9275813905776 ], [ -75.146091984143794, 39.927558925940097 ], [ -75.145014051408097, 39.927407350124298 ], [ -75.144924234310906, 39.927395627342001 ], [ -75.144778752272202, 39.9273766408485 ], [ -75.143546957030495, 39.9272158753678 ], [ -75.1420993246861, 39.927026920954603 ], [ -75.141876224633194, 39.927326624407797 ], [ -75.141822225078499, 39.9274156229068 ], [ -75.1416642241376, 39.927491623735797 ], [ -75.141509224149701, 39.927454622269003 ], [ -75.140894226285795, 39.927236622123999 ], [ -75.140880226914703, 39.927131622656098 ], [ -75.140827228214405, 39.927031622209903 ], [ -75.1405852301191, 39.926446623957801 ], [ -75.140261231170697, 39.926362623065401 ], [ -75.134007795502299, 39.925833514124001 ], [ -75.131378790343405, 39.920062550651501 ], [ -75.130757623574596, 39.918489384181299 ], [ -75.130485757793707, 39.917703045180701 ], [ -75.130441630222506, 39.917575411161003 ], [ -75.130186955683101, 39.916678747641697 ], [ -75.129989922170196, 39.915894754958202 ], [ -75.129699069204406, 39.914329128132998 ], [ -75.129514301952796, 39.913227257406398 ], [ -75.129383493873505, 39.912333419870798 ], [ -75.129298869573205, 39.911313377622299 ], [ -75.129197060005694, 39.909131661202601 ], [ -75.129231984118405, 39.908225706075001 ], [ -75.129284482985796, 39.907399693629898 ], [ -75.129396442734702, 39.906638671040298 ], [ -75.129649378194799, 39.905435449833099 ], [ -75.129692355774694, 39.905261777972399 ], [ -75.129712092613104, 39.905182027766998 ], [ -75.129741585362694, 39.905062845440803 ], [ -75.129845105624, 39.904644526460302 ], [ -75.130408988720504, 39.902875724323899 ], [ -75.131232721125798, 39.900794697028502 ], [ -75.131755703165197, 39.8995499196567 ], [ -75.133203627763606, 39.896274134777201 ], [ -75.133638263407704, 39.895445837519702 ], [ -75.134205082918399, 39.894365606715297 ], [ -75.1342190791147, 39.894338933199698 ], [ -75.139018299305903, 39.8949928383933 ], [ -75.139526832335605, 39.895060548261299 ], [ -75.139863573335504, 39.895105386280001 ], [ -75.140200314606403, 39.895150227810802 ], [ -75.140537055118102, 39.895195069226197 ], [ -75.140873797138894, 39.8952399123799 ], [ -75.141210538365897, 39.895284756318297 ], [ -75.141547278798896, 39.895329601041603 ], [ -75.141752534632602, 39.895356937283999 ], [ -75.141884019537898, 39.895374448376799 ], [ -75.142220761958797, 39.895419292949001 ], [ -75.142557503516798, 39.895464140106597 ], [ -75.142894244384493, 39.8955089853483 ], [ -75.143230986795999, 39.895553831428003 ], [ -75.143454340225603, 39.895583577358302 ], [ -75.143567729617004, 39.895598677418903 ], [ -75.143690230661306, 39.895614990999398 ], [ -75.143904471747803, 39.895643521493902 ], [ -75.143936919304096, 39.895647842622502 ], [ -75.144241215456802, 39.8956883655067 ], [ -75.144577959644295, 39.895733207630201 ], [ -75.144914703107005, 39.895778048738002 ], [ -75.145251448182506, 39.895822888883302 ], [ -75.145588193770905, 39.895867726239203 ], [ -75.145924939803095, 39.895912562605901 ], [ -75.146261686348296, 39.895957396183 ], [ -75.146598433371807, 39.896002227870902 ], [ -75.146935182111406, 39.896047055895501 ], [ -75.147271931363605, 39.896091881130602 ], [ -75.147608681094198, 39.896136704476298 ], [ -75.147945432575099, 39.896181523258498 ], [ -75.148282184534196, 39.896226340151301 ], [ -75.148618938278105, 39.8962711515804 ], [ -75.1489556925344, 39.896315960219901 ], [ -75.149292447372204, 39.896360764269303 ], [ -75.149629203994394, 39.896405562854902 ], [ -75.149965962297799, 39.896450358677498 ], [ -75.150302721251293, 39.896495148109402 ], [ -75.150639481920194, 39.896539933877897 ], [ -75.150976243239, 39.896584713255898 ], [ -75.151313006307703, 39.896629488070303 ], [ -75.151649771194698, 39.896674256520598 ], [ -75.151986536662704, 39.896719020380701 ], [ -75.152323305152095, 39.896763777002903 ], [ -75.152660074325397, 39.896808526334198 ], [ -75.152996845248197, 39.896853271101897 ], [ -75.153333618057701, 39.896898007704898 ], [ -75.153670392685299, 39.896942737943696 ], [ -75.154007168993203, 39.896987465419301 ], [ -75.154343714089805, 39.897034859084997 ], [ -75.154681251360103, 39.897074994877798 ], [ -75.155022265286604, 39.897087028983897 ], [ -75.155364181869302, 39.897093159202498 ], [ -75.155705683385705, 39.897103117349197 ], [ -75.156047189847598, 39.897113039448499 ], [ -75.156388699879798, 39.897122930875497 ], [ -75.156730212312993, 39.897132791603802 ], [ -75.157071728075195, 39.897142627961401 ], [ -75.157413246031794, 39.897152439021497 ], [ -75.157754765907697, 39.897162231986201 ], [ -75.158096288905696, 39.897172005981702 ], [ -75.158437812516496, 39.897181765456203 ], [ -75.158779338905902, 39.8971915149639 ], [ -75.159120864601604, 39.897201253525097 ], [ -75.159462391666906, 39.897210988394598 ], [ -75.1598039189671, 39.897220718645897 ], [ -75.160145446262106, 39.897230450580501 ], [ -75.160486973551997, 39.897240184198601 ], [ -75.160828500631098, 39.897249924901601 ], [ -75.161170027396807, 39.897259675390103 ], [ -75.161511552646104, 39.897269436538103 ], [ -75.161853077376705, 39.897279212873201 ], [ -75.162194599182698, 39.897289006142998 ], [ -75.162536120196407, 39.897298821802003 ], [ -75.162877640452507, 39.897308658949797 ], [ -75.163219156170896, 39.897318524709199 ], [ -75.163560669689502, 39.897328419132997 ], [ -75.1639021808721, 39.897338345822298 ], [ -75.164243688413094, 39.897348308351702 ], [ -75.164585191041894, 39.8973583093955 ], [ -75.164926691028001, 39.897368350807099 ], [ -75.165268187032197, 39.897378437061199 ], [ -75.165609678986797, 39.897388569958601 ], [ -75.165951165586904, 39.897398753073801 ], [ -75.166292646730497, 39.897408989107497 ], [ -75.166634124653498, 39.897419280813402 ], [ -75.166975595679304, 39.897429632613502 ], [ -75.167317059774703, 39.897440045408302 ], [ -75.167658519141497, 39.8974505228515 ], [ -75.167999971306202, 39.897461068491303 ], [ -75.168341416235805, 39.897471683228098 ], [ -75.168682854894996, 39.897482372489797 ], [ -75.1690242872167, 39.897493138077003 ], [ -75.169365710727703, 39.897503983538002 ], [ -75.169707126563793, 39.897514909799497 ], [ -75.1697998788988, 39.897518465487799 ], [ -75.170048644106103, 39.897527997965703 ], [ -75.170077311521098, 39.897530111871099 ], [ -75.170389457955906, 39.897553132066399 ], [ -75.170726733558993, 39.897593898331898 ], [ -75.171060997224302, 39.897649996878798 ], [ -75.171390470853595, 39.897721803996397 ], [ -75.171711953033295, 39.897809964917499 ], [ -75.172029224515995, 39.897907296251503 ], [ -75.1723442978561, 39.898009683304899 ], [ -75.172658664694296, 39.898113697936701 ], [ -75.172973815481996, 39.898215911062898 ], [ -75.174960923653998, 39.898499328653301 ], [ -75.174919507915703, 39.898614520001601 ], [ -75.174858784155106, 39.898911258941503 ], [ -75.174789201947306, 39.8989059916304 ], [ -75.174293236237702, 39.898830236257297 ], [ -75.173160126776295, 39.898686481814103 ], [ -75.172684855414701, 39.898651323024097 ], [ -75.172293623716598, 39.898634366866098 ], [ -75.171307937091498, 39.898652982437 ], [ -75.170672140313201, 39.8987180953836 ], [ -75.171379075486698, 39.898732080902398 ], [ -75.172156557582198, 39.898757726489499 ], [ -75.173011861864595, 39.898825906238997 ], [ -75.1742506392265, 39.898976114616197 ], [ -75.174838985910995, 39.899046844724303 ], [ -75.174834356595895, 39.899078547412799 ], [ -75.174812318471893, 39.899190306016997 ], [ -75.1742882823374, 39.899121523688798 ], [ -75.174271691420202, 39.8991193461463 ], [ -75.174020299270396, 39.899086913321 ], [ -75.172970971428299, 39.898951529003497 ], [ -75.172970035485207, 39.8989514079488 ], [ -75.172268556620907, 39.898901774809801 ], [ -75.171871493211896, 39.8988736792992 ], [ -75.171406549818101, 39.898867072725402 ], [ -75.170887038385402, 39.898859688777797 ], [ -75.170517494322695, 39.898898851342302 ], [ -75.170443787644501, 39.898901847287902 ], [ -75.170387423279095, 39.898904138740498 ], [ -75.169764779022202, 39.898929445736499 ], [ -75.168334784098306, 39.899069414207297 ], [ -75.168176365843706, 39.899084919691603 ], [ -75.165705145273506, 39.899392763252798 ], [ -75.165661003014307, 39.899593947146698 ], [ -75.1654222833034, 39.900687597849803 ], [ -75.165421857843697, 39.900687588256801 ], [ -75.164642223622096, 39.904252722855503 ], [ -75.164560973908706, 39.904620043312299 ], [ -75.164059474237206, 39.906837122309099 ], [ -75.164046255432396, 39.906898047332 ], [ -75.164004788275903, 39.907089176323602 ], [ -75.163416378347506, 39.909801065029903 ], [ -75.163390212547995, 39.909919707179299 ], [ -75.163399416695995, 39.910099623626998 ], [ -75.163339206321695, 39.910398647156498 ], [ -75.163338932320102, 39.910400006015401 ], [ -75.163310005652704, 39.910578380968801 ], [ -75.163329426323301, 39.910649862556497 ], [ -75.163370412793199, 39.910717901377801 ], [ -75.1633710764048, 39.910719002977103 ], [ -75.163402388605604, 39.910748861855801 ], [ -75.163434517127499, 39.910779499601297 ], [ -75.163435173105896, 39.910780125290799 ], [ -75.163536140789105, 39.910842079407402 ], [ -75.163673976051598, 39.9109048651503 ], [ -75.1639290195196, 39.911008941998098 ], [ -75.163931970171106, 39.911010145640098 ], [ -75.164167066712196, 39.911094501042101 ], [ -75.164168600725503, 39.911095051924697 ], [ -75.164540568088299, 39.911211426149002 ], [ -75.164727309166295, 39.911249738129598 ], [ -75.164961914271998, 39.911333340143301 ], [ -75.165514198660006, 39.9114044182177 ], [ -75.165484324652198, 39.9115409713812 ], [ -75.165484099420098, 39.9115420024728 ], [ -75.162148196315599, 39.911124941912902 ], [ -75.160871436185602, 39.910965290637598 ], [ -75.160790685296902, 39.9109535341154 ], [ -75.160186407299094, 39.910865552029797 ], [ -75.159739864152002, 39.910800534100801 ], [ -75.159738070545302, 39.910800225973901 ], [ -75.1592289774958, 39.910712766606999 ], [ -75.159154745823599, 39.910696698904601 ], [ -75.158821548616302, 39.9106245744779 ], [ -75.156626477082895, 39.910149403630399 ], [ -75.154518411561199, 39.909784386802997 ], [ -75.153723033082301, 39.909569943667698 ], [ -75.153566616953995, 39.9095277709024 ], [ -75.152772148929103, 39.909313565108597 ], [ -75.1523624941875, 39.909203110692403 ], [ -75.152096055261197, 39.909131270769002 ], [ -75.151878054112302, 39.909072489921797 ], [ -75.151169643724003, 39.908952062341598 ], [ -75.149548262081495, 39.908676415644599 ], [ -75.149455558141696, 39.9086606550743 ], [ -75.149188809365398, 39.908615303894599 ], [ -75.149048148466505, 39.9093357104421 ], [ -75.148901948984502, 39.910521432816303 ], [ -75.148873862741496, 39.910705532025403 ], [ -75.148817831038301, 39.911072791157899 ], [ -75.148747337621103, 39.911432757249401 ], [ -75.148522814406306, 39.9122769756042 ], [ -75.148150261317596, 39.913695367621997 ], [ -75.148125236395501, 39.913783002523502 ], [ -75.148360882794606, 39.913813500311001 ], [ -75.150015188197699, 39.914027594026997 ], [ -75.150549292114704, 39.914089474699203 ], [ -75.151040130033195, 39.914149964826201 ], [ -75.151590411667996, 39.914232612748101 ], [ -75.1519668855519, 39.914274405644697 ], [ -75.152377060523904, 39.914325114197602 ], [ -75.152609008300701, 39.9143599586981 ], [ -75.153175414339799, 39.914423931076698 ], [ -75.155070223853699, 39.914671234423203 ], [ -75.155988770550806, 39.914788494442902 ], [ -75.156709510168099, 39.9148804973197 ], [ -75.156634802672301, 39.915257056242702 ], [ -75.1566003383614, 39.915402910337299 ], [ -75.156528423997699, 39.915721036426298 ], [ -75.156461321822903, 39.9160301710453 ], [ -75.156400985569405, 39.9162740455955 ], [ -75.156299889944293, 39.916774685977799 ], [ -75.156139846615105, 39.917525773569899 ], [ -75.155866733041293, 39.918766065692402 ], [ -75.155767619470595, 39.919215027588798 ], [ -75.155688033191595, 39.919579957083897 ], [ -75.155597604119393, 39.920024028222997 ], [ -75.156129346822993, 39.920088992675304 ], [ -75.156557363481397, 39.920140353026 ], [ -75.157163438663503, 39.920222421153703 ], [ -75.157713894886996, 39.920285528090702 ], [ -75.1587265974226, 39.920422494420698 ], [ -75.159277935285004, 39.920491096402898 ], [ -75.159425220202394, 39.920535004222103 ], [ -75.159741427844295, 39.9205190395651 ], [ -75.159958644003595, 39.9205776515889 ], [ -75.160275390956599, 39.920622202803003 ], [ -75.160834947476602, 39.920692929052301 ], [ -75.161006044304301, 39.920716726580899 ], [ -75.161296926313597, 39.920754491921599 ], [ -75.161844242700695, 39.920821886007602 ], [ -75.162377523822101, 39.9208866297855 ], [ -75.162863784995196, 39.920952388796202 ], [ -75.163413282742894, 39.921026374936197 ], [ -75.163696157793595, 39.919761282040803 ], [ -75.163712601070003, 39.919668180534302 ], [ -75.163715810656299, 39.919650008236999 ], [ -75.1639061732144, 39.918755184323302 ], [ -75.163957356018301, 39.9185296176395 ], [ -75.164231959011005, 39.917274423253403 ], [ -75.164531652963504, 39.915886687018698 ], [ -75.164933399994595, 39.915942674399801 ], [ -75.165063127042302, 39.9159585099259 ], [ -75.165228082621795, 39.915982686424599 ], [ -75.1655710629271, 39.916023348489297 ], [ -75.166077792350706, 39.916093045605301 ], [ -75.166253278747703, 39.916117182233002 ], [ -75.166559223898005, 39.916160644114299 ], [ -75.166640099233405, 39.916169464606398 ], [ -75.166914877335003, 39.916200432576602 ], [ -75.167131078184795, 39.916232581516603 ], [ -75.167260858378597, 39.916250370033602 ], [ -75.167567802572194, 39.916285274029804 ], [ -75.167688275975294, 39.916300441315997 ], [ -75.168202113809599, 39.916365127131201 ], [ -75.168595934008493, 39.916419018305596 ], [ -75.1687039292447, 39.916433643178202 ], [ -75.168907130648293, 39.916461162182898 ], [ -75.169042972356607, 39.916480012264302 ], [ -75.169244240659907, 39.916507940360603 ], [ -75.170208736516699, 39.9166422712307 ], [ -75.170634251319697, 39.916698903867498 ], [ -75.170970890201801, 39.916746591659901 ], [ -75.171272788032098, 39.916789358729503 ], [ -75.171348411989598, 39.916778835511799 ], [ -75.171423675952099, 39.9167683627145 ], [ -75.171395922814995, 39.916895712373503 ], [ -75.171305907195205, 39.9173193245527 ], [ -75.171123687434303, 39.918163137857803 ], [ -75.170855186513407, 39.919421153815101 ], [ -75.170581738576004, 39.920664398546499 ], [ -75.170310712856605, 39.921896589612999 ], [ -75.170024875707895, 39.923148742348502 ], [ -75.169745793400196, 39.924420128283998 ], [ -75.169500427295006, 39.925542456194002 ], [ -75.169363618363803, 39.925601343816901 ], [ -75.168583867666996, 39.9257454143617 ], [ -75.168270219685596, 39.925807644881097 ], [ -75.168148692739393, 39.925886010023099 ], [ -75.167352122525202, 39.926590188550598 ], [ -75.167054485162097, 39.926547546800499 ], [ -75.166565928414997, 39.9264919939842 ], [ -75.166044128686806, 39.926424908428103 ], [ -75.1654838109921, 39.926344188543702 ], [ -75.164938306600902, 39.926280276724498 ], [ -75.164468263347501, 39.926211716107403 ], [ -75.163918602090106, 39.926140931821301 ], [ -75.163355409224707, 39.926066966297199 ], [ -75.162998023638096, 39.9260213488161 ], [ -75.162901007065699, 39.926000779295798 ], [ -75.162338860807196, 39.925931008557299 ], [ -75.160765515581105, 39.925727850942799 ], [ -75.159205119538498, 39.925522398904803 ], [ -75.159102242011102, 39.925943568408499 ], [ -75.1590239103827, 39.926318370129799 ], [ -75.158932860044402, 39.9267407330086 ], [ -75.158831310273101, 39.927179936492003 ], [ -75.158815625989703, 39.927245905145803 ], [ -75.158745882030402, 39.927574887581599 ], [ -75.158667279299294, 39.927965939185498 ], [ -75.158570709001395, 39.928391795619802 ], [ -75.158489436061103, 39.928760559575103 ], [ -75.158395150649497, 39.929188557004302 ], [ -75.158297366582104, 39.929613067657797 ], [ -75.158219108760207, 39.929985920868603 ], [ -75.158122660401403, 39.930405177132798 ], [ -75.158035692221404, 39.930814944542902 ], [ -75.157844476606002, 39.931626625521702 ], [ -75.157778155299198, 39.931955538952899 ], [ -75.157730048684599, 39.932160650560903 ], [ -75.157700319231594, 39.932317495524799 ], [ -75.157649084161605, 39.932514615536803 ], [ -75.1575789598174, 39.932848370593298 ], [ -75.156025903861405, 39.932646008183703 ], [ -75.155572797174699, 39.932591249020199 ], [ -75.154955187896505, 39.932504521486102 ], [ -75.154455881644395, 39.932430815485702 ], [ -75.154374036647198, 39.932838147631401 ], [ -75.154285252276594, 39.933220692399402 ], [ -75.154195103118596, 39.933660089401499 ], [ -75.153862912789705, 39.9351367161564 ], [ -75.153790429306, 39.935454180485102 ], [ -75.153775184162996, 39.9355266747108 ], [ -75.153700297716199, 39.935906191895903 ], [ -75.153590100224804, 39.936387630410501 ], [ -75.153431731019893, 39.937070386946402 ], [ -75.153287565734999, 39.937746626180903 ], [ -75.151759387280606, 39.937342334780197 ], [ -75.150229288209303, 39.936931916102402 ], [ -75.149937308616202, 39.936847308332297 ], [ -75.149932752147294, 39.936845987754602 ], [ -75.149332719334097, 39.936674888106801 ], [ -75.148695118867195, 39.936497112563401 ], [ -75.148286032550104, 39.936390406530599 ], [ -75.147812963683407, 39.936266526275901 ], [ -75.146905872672704, 39.936020909295401 ], [ -75.146809427992494, 39.935993461862402 ], [ -75.146357117916395, 39.935872144246702 ], [ -75.146166435889597, 39.9358205763887 ], [ -75.145741161653703, 39.9357055618676 ], [ -75.145259882815793, 39.935575849445897 ], [ -75.144889223585594, 39.935475891980801 ], [ -75.145115023409303, 39.934599656070503 ], [ -75.145342753095704, 39.933616288860797 ], [ -75.145379437572601, 39.933457874441103 ] ] ] } }
]
}
