TRACT_GEOID,NAME,pop_total,housing,hh_occ,owner_occ,renter_occ,hh_pop,own_hhpop,rnt_hhpop,avg_hh,avg_own_hh,avg_rnt_hh,med_hh_inc,pov_univ,pov_below,race_total,white_nh,black_nh,asian_nh,hispanic,workers,drv_alone,pub_trans,bicycle,walked,wfh,veh_hh,no_vehicle,sch_univ,pop25plus,hs_grad,bachelors,masters,prof_deg,doctorate,labor_frc,employed,unemployed,hins_univ,dis_univ,lang_univ,inet_univ,med_rent,med_value,m_under5,m_5_9,m_10_14,m_15_17,f_under5,f_5_9,f_10_14,f_15_17,m_65_66,m_67_69,m_70_74,m_75_79,m_80_84,m_85plus,f_65_66,f_67_69,f_70_74,f_75_79,f_80_84,f_85plus,k12_enr,under18,age65plus,vac_units,occ_rate,vac_rate,owner_pct,renter_pct,gq_pop,gq_pct,pov_rate,no_veh_pct
42101001700,Census Tract 17; Philadelphia County; Pennsylvania,3060,1603,1423,934,489,3055,2188,867,2.15,2.34,1.77,148942.0,3060,72,3060,1935,179,127,164,1762,572,180,88,168,614,1423,310,2905,2236,78,656,579,359,215,1797,1756,22,3041,3041,2850,1423,1864.0,668700.0,168,166,148,6,42,153,50,18,10,29,36,9,0,28,30,31,67,9,38,7,514,751,294,180,0.8877105427323768,0.11228945726762321,0.6563598032326071,0.3436401967673928,5,0.0016339869281045752,0.023529411764705882,0.21784961349262122
42101002500,Census Tract 25; Philadelphia County; Pennsylvania,4330,2101,2048,1150,898,4309,2551,1758,2.1,2.22,1.96,90106.0,4316,875,4330,2788,769,258,375,2099,677,258,33,267,796,2048,647,4125,3171,239,1183,525,231,165,2387,2171,216,4326,4326,4053,2048,1195.0,588400.0,138,286,141,66,139,90,87,48,66,12,21,67,30,36,10,48,72,124,193,32,648,995,711,53,0.9747739171822941,0.025226082817705855,0.5615234375,0.4384765625,21,0.004849884526558892,0.20273401297497684,0.31591796875
42101006100,Census Tract 61; Philadelphia County; Pennsylvania,2975,1208,1182,983,199,2970,2345,625,2.51,2.39,3.14,54246.0,2975,474,2975,251,1796,492,302,1207,898,224,0,0,0,1182,3,2767,1910,648,282,17,0,0,1352,1258,94,2975,2975,2709,1182,1454.0,168200.0,111,61,115,65,155,133,90,136,31,17,52,17,14,0,10,81,28,91,0,23,541,866,364,26,0.9784768211920529,0.02152317880794702,0.8316412859560067,0.16835871404399322,5,0.0016806722689075631,0.15932773109243697,0.0025380710659898475
42101007700,Census Tract 77; Philadelphia County; Pennsylvania,1734,911,849,102,747,1335,273,1062,1.57,2.68,1.42,48021.0,1341,268,1734,820,461,238,91,1074,295,184,5,329,206,849,416,1728,1135,112,442,242,3,75,1123,1078,45,1734,1734,1728,849,1252.0,294000.0,6,10,14,7,0,6,27,0,9,19,2,21,0,0,25,0,15,0,0,0,58,70,91,62,0.9319429198682766,0.06805708013172337,0.12014134275618374,0.8798586572438163,399,0.2301038062283737,0.19985085756897839,0.48998822143698467
42101009200,Census Tract 92; Philadelphia County; Pennsylvania,3255,1764,1408,483,925,3244,1118,2126,2.3,2.31,2.3,64250.0,3255,762,3255,709,1683,518,206,1760,424,560,36,179,274,1408,479,3241,2306,396,484,357,89,40,1946,1805,141,3255,3255,3241,1408,1344.0,308700.0,14,295,117,0,0,0,59,36,45,47,18,27,0,0,46,0,26,59,0,11,524,521,279,356,0.7981859410430839,0.2018140589569161,0.3430397727272727,0.6569602272727273,11,0.003379416282642089,0.23410138248847925,0.34019886363636365
42101011300,Census Tract 113; Philadelphia County; Pennsylvania,3793,1627,1472,1066,406,3793,2196,1597,2.58,2.06,3.93,46489.0,3793,1420,3793,31,3638,0,43,1247,771,196,0,54,210,1472,332,3486,2073,764,335,145,0,23,1381,1263,118,3793,3793,3105,1472,1562.0,136900.0,174,43,145,41,514,141,226,118,127,82,64,4,37,13,0,83,89,28,33,65,624,1402,625,155,0.9047326367547633,0.09526736324523663,0.7241847826086957,0.2758152173913043,0,0.0,0.3743738465594516,0.22554347826086957
42101011500,Census Tract 115; Philadelphia County; Pennsylvania,4766,1977,1833,1438,395,4763,3820,943,2.6,2.66,2.39,79443.0,4766,786,4766,383,3940,0,122,2354,1472,471,18,42,243,1833,340,4541,3293,956,608,294,38,0,2601,2410,191,4766,4766,4420,1833,1118.0,184800.0,211,206,62,79,135,285,168,92,80,117,72,78,0,1,147,61,170,7,33,1,766,1238,767,144,0.9271623672230652,0.07283763277693475,0.784506273867976,0.215493726132024,3,0.000629458665547629,0.1649181703734788,0.1854882705946536
42101013200,Census Tract 132; Philadelphia County; Pennsylvania,3765,1985,1892,352,1540,3505,691,2814,1.85,1.96,1.83,60750.0,3529,944,3765,1224,1499,331,545,1790,472,585,22,207,300,1892,871,3613,2874,603,832,178,165,106,1959,1819,140,3571,3571,3530,1892,1210.0,415700.0,45,7,68,101,190,0,150,0,0,27,71,30,5,59,49,22,42,47,98,24,339,561,474,93,0.9531486146095718,0.04685138539042821,0.18604651162790697,0.813953488372093,260,0.06905710491367861,0.2674978747520544,0.46035940803382663
42101014000,Census Tract 140; Philadelphia County; Pennsylvania,6065,3096,2760,545,2215,5918,1272,4646,2.14,2.33,2.1,49754.0,6011,2003,6065,1850,2589,701,400,3253,1042,884,213,261,741,2760,1243,5970,3249,719,786,662,169,33,3769,3546,223,6065,6065,5916,2760,1304.0,289100.0,95,320,262,91,54,64,188,266,74,22,0,0,32,0,0,22,26,55,0,60,1245,1340,291,336,0.8914728682170543,0.10852713178294573,0.19746376811594202,0.802536231884058,147,0.02423742786479802,0.33322242555315257,0.4503623188405797
42101016500,Census Tract 165; Philadelphia County; Pennsylvania,1907,1310,1035,405,630,1901,674,1227,1.84,1.66,1.95,17875.0,1907,920,1907,82,1219,43,509,698,348,152,0,0,154,1035,506,1907,1515,464,147,0,0,0,926,698,228,1907,1907,1889,1035,1432.0,105200.0,0,18,18,0,18,17,16,0,45,0,12,0,0,85,10,72,0,0,34,0,119,87,258,275,0.7900763358778626,0.2099236641221374,0.391304347826087,0.6086956521739131,6,0.003146303093864709,0.4824331410592554,0.4888888888888889
42101018300,Census Tract 183; Philadelphia County; Pennsylvania,4282,1714,1636,1528,108,4274,4058,216,2.61,2.66,2.0,93393.0,4282,356,4282,3689,3,29,479,1890,966,166,0,106,348,1636,288,3932,3159,935,500,356,77,10,2164,1967,197,4282,4282,3893,1636,1195.0,241200.0,117,41,125,15,272,84,146,76,65,100,156,10,9,0,25,29,51,67,67,56,508,876,635,78,0.9544924154025671,0.045507584597432905,0.9339853300733496,0.06601466992665037,8,0.0018682858477347033,0.0831387202241943,0.17603911980440098
42101019700,Census Tract 197; Philadelphia County; Pennsylvania,7050,2287,2145,1172,973,7050,4146,2904,3.29,3.54,2.98,40274.0,7050,3340,7050,39,943,201,5840,2042,330,401,0,99,515,2145,1012,6676,3973,1372,183,0,0,0,2614,2065,549,7050,7050,6418,2145,1297.0,109900.0,373,613,187,79,259,340,332,90,28,34,73,0,0,29,59,50,145,51,27,24,1637,2273,520,142,0.9379099256668124,0.062090074333187584,0.5463869463869464,0.4536130536130536,0,0.0,0.47375886524822697,0.4717948717948718
42101038700,Census Tract 387; Philadelphia County; Pennsylvania,2370,895,843,647,196,1702,1313,389,2.02,2.03,1.98,132721.0,1792,165,2370,1729,212,165,155,1023,353,99,0,169,324,843,103,2350,1611,54,415,474,281,148,1130,1074,56,2252,2252,2339,843,1840.0,667100.0,13,39,56,17,18,46,38,17,33,16,36,49,34,48,71,128,118,123,65,62,212,244,783,52,0.9418994413407821,0.05810055865921788,0.767497034400949,0.232502965599051,668,0.2818565400843882,0.09207589285714286,0.1221826809015421
42101026100,Census Tract 261; Philadelphia County; Pennsylvania,2880,1544,1480,870,610,2866,2086,780,1.94,2.4,1.28,58750.0,2880,152,2880,147,2687,0,0,1595,905,479,0,8,126,1480,281,2880,2149,488,570,238,12,8,1837,1595,242,2880,2880,2788,1480,1200.0,324400.0,0,0,9,33,92,0,154,98,25,31,55,47,29,12,39,114,107,36,50,37,305,386,582,64,0.9585492227979274,0.04145077720207254,0.5878378378378378,0.41216216216216217,14,0.004861111111111111,0.05277777777777778,0.18986486486486487
42101027901,Census Tract 279.01; Philadelphia County; Pennsylvania,2767,1609,1422,946,476,2753,1541,1212,1.94,1.63,2.55,28824.0,2767,907,2767,0,2545,0,222,1103,257,372,0,14,402,1422,544,2575,2054,693,236,234,0,0,1364,1103,261,2767,2767,2575,1422,987.0,133700.0,138,106,111,23,54,22,65,86,0,67,34,37,0,33,62,23,77,68,64,58,413,605,523,187,0.8837787445618397,0.11622125543816035,0.6652601969057665,0.33473980309423346,14,0.005059631369714492,0.3277918323093603,0.38255977496483823
42101029400,Census Tract 294; Philadelphia County; Pennsylvania,3402,1363,1243,544,699,3344,1431,1913,2.69,2.63,2.74,36025.0,3402,1130,3402,569,931,78,1735,1402,364,391,0,209,269,1243,324,3299,2049,791,89,120,0,0,1611,1420,191,3402,3402,3111,1243,1124.0,98700.0,113,187,176,102,178,252,0,65,9,24,141,12,44,0,0,0,19,11,68,0,803,1073,328,120,0.9119589141599413,0.0880410858400587,0.43765084473049076,0.5623491552695092,58,0.017048794826572605,0.3321575543797766,0.2606596942880129
42101031000,Census Tract 310; Philadelphia County; Pennsylvania,7377,2348,2125,1248,877,7364,3496,3868,3.47,2.8,4.41,75434.0,7240,1475,7377,1628,1354,1660,2495,3419,1532,337,0,39,251,2125,244,6911,4120,1125,700,180,0,47,3810,3567,243,7377,7377,6824,2125,1832.0,271400.0,316,214,289,278,237,376,371,474,114,34,41,18,29,146,13,66,109,183,31,14,2200,2555,798,223,0.9050255536626917,0.09497444633730835,0.5872941176470589,0.4127058823529412,13,0.0017622339704486919,0.2037292817679558,0.1148235294117647
42101032500,Census Tract 325; Philadelphia County; Pennsylvania,5598,2700,2501,1642,859,5574,4224,1350,2.23,2.57,1.57,54138.0,5572,925,5598,2589,1076,546,1276,2443,1781,136,0,23,439,2501,200,5413,4171,1034,388,143,0,0,2899,2455,444,5598,5598,5330,2501,1121.0,197400.0,185,34,327,232,83,107,267,14,242,137,348,65,12,0,5,303,55,114,46,17,969,1249,1344,199,0.9262962962962963,0.0737037037037037,0.6565373850459816,0.3434626149540184,24,0.004287245444801715,0.16600861450107682,0.07996801279488205
42101034600,Census Tract 346; Philadelphia County; Pennsylvania,2691,1426,1384,468,916,2688,1070,1618,1.94,2.29,1.77,66865.0,2663,138,2691,1143,680,314,381,1355,893,29,0,53,112,1384,141,2609,2012,608,440,184,0,32,1464,1374,90,2691,2691,2537,1384,1383.0,246200.0,61,45,0,131,93,35,59,38,17,67,52,34,11,34,57,28,123,170,58,0,338,462,651,42,0.97054698457223,0.029453015427769985,0.33815028901734107,0.661849710982659,3,0.0011148272017837235,0.05182125422455877,0.101878612716763
42101034802,Census Tract 348.02; Philadelphia County; Pennsylvania,5869,2551,2473,1319,1154,5834,3663,2171,2.36,2.78,1.88,70788.0,5784,354,5869,3334,747,390,1300,2684,1719,44,0,0,497,2473,195,5714,4153,1166,474,250,143,0,3033,2907,126,5869,5869,5640,2473,1370.0,317500.0,93,160,497,134,136,55,372,81,106,103,142,42,27,10,70,39,131,25,48,73,1263,1528,816,78,0.9694237553900431,0.03057624460995688,0.5333602911443591,0.46663970885564093,35,0.00596353722951099,0.061203319502074686,0.07885159725030327
42101035900,Census Tract 359; Philadelphia County; Pennsylvania,4640,2228,2157,1410,747,4635,3733,902,2.15,2.65,1.21,42269.0,4640,560,4640,2967,81,1359,0,1658,1108,17,0,39,247,2157,442,4463,3727,971,603,448,42,117,1778,1695,83,4640,4640,4261,2157,568.0,342000.0,239,234,67,17,140,85,71,21,79,75,57,96,0,99,60,82,220,366,139,166,495,874,1439,71,0.968132854578097,0.031867145421903054,0.6536856745479833,0.3463143254520167,5,0.0010775862068965517,0.1206896551724138,0.2049142327306444
42101017602,Census Tract 176.02; Philadelphia County; Pennsylvania,3370,1395,1190,501,689,3273,1217,2056,2.75,2.43,2.98,32744.0,3285,1456,3370,49,544,311,2361,953,435,175,0,101,235,1190,589,3197,2013,531,192,18,0,0,1141,953,188,3370,3370,3141,1190,1028.0,79100.0,124,238,121,119,105,129,44,132,0,0,0,0,0,0,56,70,18,0,32,0,709,1012,176,205,0.8530465949820788,0.14695340501792115,0.42100840336134454,0.5789915966386555,97,0.028783382789317507,0.44322678843226787,0.49495798319327733
42101980500,Census Tract 9805; Philadelphia County; Pennsylvania,0,0,0,0,0,0,0,0,,,,,0,0,0,0,0,0,0,0,0,0,0,0,0,0,0,0,0,0,0,0,0,0,0,0,0,0,0,0,0,,,0,0,0,0,0,0,0,0,0,0,0,0,0,0,0,0,0,0,0,0,0,0,0,0,,,,,0,,,
42101010300,Census Tract 103; Philadelphia County; Pennsylvania,2104,1377,1069,579,490,2104,935,1169,1.97,1.61,2.39,35008.0,2104,738,2104,0,2046,0,58,889,337,303,0,43,177,1069,478,2050,1517,656,94,29,0,0,1121,889,232,2104,2104,1963,1069,886.0,113600.0,54,51,38,82,87,65,134,0,9,25,21,70,11,0,45,87,114,10,28,24,382,511,444,308,0.7763253449527959,0.22367465504720407,0.5416276894293732,0.4583723105706268,0,0.0,0.35076045627376423,0.4471468662301216
42101000500,Census Tract 5; Philadelphia County; Pennsylvania,3395,1725,1591,71,1520,2202,128,2074,1.38,1.8,1.36,69677.0,2324,361,3395,1331,1043,556,350,1650,279,566,1,448,338,1591,1173,3384,3065,477,745,303,357,105,1726,1650,76,2351,2351,3384,1591,1884.0,435000.0,0,6,5,0,11,59,0,0,1,15,87,1,13,0,0,12,0,14,0,0,80,81,143,134,0.9223188405797101,0.07768115942028986,0.044626021370207415,0.9553739786297926,1193,0.35139911634756993,0.1553356282271945,0.7372721558768071
42101014800,Census Tract 148; Philadelphia County; Pennsylvania,978,687,586,164,422,965,306,659,1.65,1.87,1.56,43529.0,978,262,978,103,739,13,0,425,219,132,14,0,58,586,218,964,741,150,41,28,0,46,425,425,0,978,978,964,586,890.0,360000.0,14,0,94,25,0,18,0,14,10,28,0,22,17,0,33,31,16,0,13,0,165,165,170,101,0.8529839883551674,0.1470160116448326,0.27986348122866894,0.7201365187713311,13,0.013292433537832311,0.26789366053169733,0.3720136518771331
42101001204,Census Tract 12.04; Philadelphia County; Pennsylvania,3420,2511,2059,676,1383,3202,1382,1820,1.56,2.04,1.32,95172.0,3202,354,3420,2690,18,107,264,2182,438,367,150,532,637,2059,1183,3342,2516,108,963,637,271,243,2362,2229,133,3342,3342,3334,2059,1647.0,800000.0,41,67,14,97,45,53,24,34,19,25,71,59,31,19,7,49,38,51,7,20,277,375,396,452,0.8199920350457985,0.18000796495420152,0.32831471588149586,0.6716852841185041,218,0.06374269005847953,0.11055590256089944,0.5745507527926178
42101000101,Census Tract 1.01; Philadelphia County; Pennsylvania,1963,1624,1527,285,1242,1963,374,1589,1.29,1.31,1.28,111148.0,1963,96,1963,1485,30,161,223,1646,308,331,19,147,620,1527,748,1948,1844,39,825,586,166,143,1697,1646,51,1963,1963,1948,1527,2058.0,399000.0,15,0,0,0,0,0,0,0,0,0,11,39,0,0,0,0,63,18,0,59,0,15,190,97,0.9402709359605911,0.05972906403940887,0.18664047151277013,0.8133595284872298,0,0.0,0.0489047376464595,0.48984937786509497
42101980903,Census Tract 9809.03; Philadelphia County; Pennsylvania,0,0,0,0,0,0,0,0,,,,,0,0,0,0,0,0,0,0,0,0,0,0,0,0,0,0,0,0,0,0,0,0,0,0,0,0,0,0,0,,,0,0,0,0,0,0,0,0,0,0,0,0,0,0,0,0,0,0,0,0,0,0,0,0,,,,,0,,,
42101000600,Census Tract 6; Philadelphia County; Pennsylvania,1923,1636,1303,12,1291,1846,15,1831,1.42,1.25,1.42,126033.0,1846,173,1923,1214,133,445,97,1414,163,173,20,673,381,1303,680,1923,1584,51,530,423,353,107,1584,1523,51,1900,1900,1923,1303,2334.0,,0,0,0,0,0,0,0,0,1,2,4,46,0,0,9,24,42,0,0,0,0,0,128,333,0.7964547677261614,0.20354523227383864,0.00920951650038373,0.9907904834996163,77,0.04004160166406656,0.09371614301191766,0.5218726016884113
42101001500,Census Tract 15; Philadelphia County; Pennsylvania,3118,1612,1493,799,694,3108,1898,1210,2.08,2.38,1.74,120764.0,3118,308,3118,2120,567,226,103,2056,489,340,90,395,667,1493,527,2989,2294,126,812,317,296,230,2150,2082,68,3118,3118,2960,1493,1762.0,506200.0,57,80,109,22,101,38,57,72,36,37,0,22,8,0,13,18,28,42,37,0,332,536,241,119,0.9261786600496278,0.07382133995037221,0.5351640991292699,0.46483590087073007,10,0.003207184092366902,0.09878127004490057,0.35298057602143335
42101002100,Census Tract 21; Philadelphia County; Pennsylvania,2575,1143,1054,663,391,2575,1769,806,2.44,2.67,2.06,132763.0,2575,221,2575,1412,693,304,37,1623,452,158,29,190,686,1054,257,2470,2170,220,678,420,48,108,1935,1806,129,2575,2575,2464,1054,2026.0,467100.0,52,107,21,19,59,37,6,27,11,10,34,0,4,0,17,27,31,8,41,16,164,328,199,89,0.9221347331583553,0.0778652668416448,0.6290322580645161,0.3709677419354839,0,0.0,0.0858252427184466,0.24383301707779886
42101002900,Census Tract 29; Philadelphia County; Pennsylvania,4239,2310,2181,1336,845,4239,2851,1388,1.94,2.13,1.64,113558.0,4239,384,4239,2888,125,274,492,2845,459,752,201,169,1070,2181,623,4100,3418,325,1313,648,209,37,3092,2980,112,4239,4239,3942,2181,1456.0,442000.0,170,62,10,0,127,60,0,72,33,151,120,29,12,50,40,76,72,27,20,13,275,501,643,129,0.9441558441558442,0.05584415584415584,0.6125630444750114,0.3874369555249885,0,0.0,0.09058740268931352,0.285648784961027
42101003600,Census Tract 36; Philadelphia County; Pennsylvania,6310,2823,2639,1079,1560,6310,3033,3277,2.39,2.81,2.1,36793.0,6310,1699,6310,772,3497,1576,323,2498,1066,498,85,77,231,2639,1414,6109,3930,1063,705,122,46,22,2693,2546,147,6310,6310,5970,2639,553.0,233900.0,36,176,142,221,304,521,139,170,76,10,61,24,15,18,150,51,122,43,93,107,1329,1709,770,184,0.934821112291888,0.06517888770811193,0.4088669950738916,0.5911330049261084,0,0.0,0.26925515055467514,0.5358090185676393
42101004101,Census Tract 41.01; Philadelphia County; Pennsylvania,5517,2542,2171,1420,751,5509,3035,2474,2.54,2.14,3.29,68598.0,5517,500,5517,1489,633,1874,1200,2636,860,797,148,197,522,2171,724,5173,3524,500,1076,463,23,140,2961,2688,260,5504,5504,4989,2171,1676.0,283300.0,382,148,261,188,146,56,181,255,0,61,38,29,0,29,96,89,90,19,66,26,928,1617,543,371,0.8540519276160503,0.14594807238394963,0.654076462459696,0.345923537540304,8,0.0014500634402755121,0.09062896501721951,0.3334868724090281
42101004201,Census Tract 42.01; Philadelphia County; Pennsylvania,4405,2401,2080,1568,512,4405,3561,844,2.12,2.27,1.65,95859.0,4405,429,4405,2375,126,1542,291,1948,684,304,102,126,584,2080,460,4405,3431,860,818,267,0,21,2198,2163,35,4405,4405,4302,2080,1591.0,306100.0,103,220,149,10,0,23,276,0,8,88,111,202,0,0,62,100,67,104,40,123,692,781,905,321,0.8663057059558518,0.13369429404414826,0.7538461538461538,0.24615384615384617,0,0.0,0.09738933030646992,0.22115384615384615
42101006200,Census Tract 62; Philadelphia County; Pennsylvania,4139,1756,1728,767,961,4139,1902,2237,2.4,2.48,2.33,48610.0,4139,508,4139,211,3231,260,363,1769,1113,458,0,0,40,1728,332,4010,2901,852,535,43,0,13,2078,1912,166,4139,4139,3772,1728,1562.0,98700.0,34,117,320,25,333,98,70,52,0,22,0,9,58,0,90,83,77,10,4,16,665,1049,369,28,0.9840546697038725,0.015945330296127564,0.44386574074074076,0.5561342592592593,0,0.0,0.12273496013529839,0.19212962962962962
42101006600,Census Tract 66; Philadelphia County; Pennsylvania,2766,1837,1513,451,1062,2730,830,1900,1.8,1.84,1.79,25547.0,2730,1181,2766,96,2217,290,155,950,550,72,129,0,76,1513,672,2716,1915,804,22,134,0,0,1222,965,257,2730,2730,2716,1513,954.0,99600.0,50,206,0,77,0,203,107,93,11,56,31,100,18,0,96,116,30,91,58,26,699,736,633,324,0.8236254763200871,0.1763745236799129,0.29808327825512226,0.7019167217448777,36,0.013015184381778741,0.4326007326007326,0.44415069398545937
42101007300,Census Tract 73; Philadelphia County; Pennsylvania,3460,1780,1560,770,790,3460,1963,1497,2.22,2.55,1.89,64262.0,3460,383,3460,836,1986,175,118,1777,846,367,20,115,342,1560,572,3291,2461,399,923,291,111,24,2083,1843,240,3460,3460,3229,1560,1488.0,329000.0,142,140,228,0,89,40,64,34,0,0,13,24,51,13,13,16,23,33,10,10,498,737,206,220,0.8764044943820225,0.12359550561797752,0.4935897435897436,0.5064102564102564,0,0.0,0.11069364161849711,0.36666666666666664
42101008301,Census Tract 83.01; Philadelphia County; Pennsylvania,3723,2072,1688,758,930,3310,1668,1642,1.96,2.2,1.77,32008.0,3321,982,3723,198,3207,9,278,1236,611,410,0,59,139,1688,856,3517,2738,983,429,49,10,3,1372,1244,128,3321,3321,3407,1688,796.0,127900.0,316,27,53,0,0,77,26,95,83,37,102,70,23,31,174,54,133,61,25,139,249,594,932,384,0.8146718146718147,0.18532818532818532,0.4490521327014218,0.5509478672985783,413,0.1109320440504969,0.2956940680517916,0.5071090047393365
42101009300,Census Tract 93; Philadelphia County; Pennsylvania,4210,2602,2028,1094,934,4210,2291,1919,2.08,2.09,2.05,42232.0,4210,1039,4210,52,3877,93,108,1569,518,547,0,33,334,2028,912,4142,2826,862,589,109,53,0,1940,1607,333,4210,4210,4111,2028,1173.0,128800.0,71,101,266,131,28,90,158,86,23,45,41,72,23,70,8,146,182,92,34,41,740,931,777,574,0.7794004611837049,0.22059953881629515,0.539447731755424,0.46055226824457596,0,0.0,0.2467933491686461,0.44970414201183434
42101010100,Census Tract 101; Philadelphia County; Pennsylvania,6596,3359,2845,1197,1648,6542,3081,3461,2.3,2.57,2.1,47626.0,6579,953,6596,221,6204,0,27,2482,1528,693,0,0,20,2845,1164,6439,4223,975,446,119,0,97,2704,2521,183,6596,6596,6342,2845,990.0,125000.0,151,363,280,13,103,469,546,35,20,167,273,77,64,60,33,97,121,63,86,125,1867,1960,1186,514,0.8469782673414706,0.15302173265852934,0.42073813708260105,0.5792618629173989,54,0.00818677986658581,0.1448548411612707,0.40913884007029877
42101016300,Census Tract 163; Philadelphia County; Pennsylvania,2726,1255,1107,567,540,2620,1540,1080,2.37,2.72,2.0,39754.0,2667,586,2726,323,229,5,2143,994,421,205,0,61,70,1107,371,2617,1771,499,190,90,0,2,1327,1172,155,2674,2674,2530,1107,938.0,183100.0,78,15,10,46,118,202,93,63,0,57,13,13,0,29,22,41,95,17,55,0,325,625,342,148,0.8820717131474104,0.11792828685258964,0.5121951219512195,0.4878048780487805,106,0.03888481291269259,0.2197225346831646,0.33514001806684734
42101016901,Census Tract 169.01; Philadelphia County; Pennsylvania,3549,1670,1401,773,628,3501,1905,1596,2.5,2.46,2.54,39202.0,3549,1163,3549,48,3173,39,110,1306,673,286,0,0,238,1401,590,3358,2344,972,202,92,0,50,1591,1306,285,3549,3549,3317,1401,859.0,64400.0,232,0,48,73,0,189,93,7,115,0,0,0,0,0,0,70,183,13,0,10,446,642,391,269,0.8389221556886227,0.16107784431137726,0.5517487508922199,0.44825124910778014,48,0.013524936601859678,0.32769794308255845,0.4211277658815132
42101017500,Census Tract 175; Philadelphia County; Pennsylvania,6409,2836,2569,1254,1315,6384,2329,4055,2.49,1.86,3.08,31261.0,6405,3016,6409,281,1883,0,4196,1614,755,448,0,145,90,2569,1142,6089,4483,1302,97,35,0,0,2001,1614,387,6405,6405,5827,2569,946.0,66800.0,149,189,68,132,433,108,316,67,0,124,45,60,0,113,90,271,338,30,0,153,881,1462,1224,267,0.9058533145275035,0.09414668547249648,0.48812767613857533,0.5118723238614247,25,0.003900764549851771,0.4708821233411397,0.4445309458933437
42101018001,Census Tract 180.01; Philadelphia County; Pennsylvania,2257,1170,1084,763,321,2252,1629,623,2.08,2.13,1.94,65357.0,2239,230,2257,1935,70,1,220,1161,581,316,0,31,121,1084,391,2168,1668,603,336,150,48,37,1338,1180,158,2257,2257,2106,1084,975.0,267000.0,83,18,112,64,68,34,77,13,12,95,14,59,0,0,40,0,27,37,44,17,315,469,345,86,0.9264957264957265,0.0735042735042735,0.7038745387453874,0.29612546125461253,5,0.002215330084182543,0.10272443054935239,0.3607011070110701
42101019502,Census Tract 195.02; Philadelphia County; Pennsylvania,3856,1212,1115,581,534,3856,2144,1712,3.46,3.69,3.21,40859.0,3785,1772,3856,0,46,23,3669,1058,651,183,0,90,94,1115,298,3578,2206,643,125,129,30,0,1199,1058,141,3856,3856,3418,1115,1102.0,70900.0,288,98,184,161,150,64,105,72,0,92,100,0,0,0,36,0,75,0,47,41,891,1122,391,97,0.91996699669967,0.08003300330033003,0.5210762331838565,0.4789237668161435,0,0.0,0.4681638044914135,0.2672645739910314
42101019900,Census Tract 199; Philadelphia County; Pennsylvania,4168,1928,1766,765,1001,4157,1707,2450,2.35,2.23,2.45,33808.0,4168,1605,4168,10,1463,59,2635,1555,806,303,0,279,105,1766,707,4049,3199,1287,200,43,0,0,1878,1647,231,4168,4168,4049,1766,1526.0,69700.0,42,169,70,44,77,168,215,60,49,108,27,1,0,0,100,92,113,24,87,121,672,845,722,162,0.9159751037344398,0.08402489626556017,0.4331823329558324,0.5668176670441676,11,0.00263915547024952,0.3850767754318618,0.4003397508493771
42101020200,Census Tract 202; Philadelphia County; Pennsylvania,3672,2356,2063,1295,768,3525,2253,1272,1.71,1.74,1.66,34926.0,3660,1232,3672,32,3468,0,34,1300,391,447,0,53,309,2063,799,3672,3120,954,280,69,0,0,2006,1488,518,3660,3660,3672,2063,1108.0,96800.0,0,0,0,135,0,0,216,0,80,57,99,1,0,0,144,127,187,229,27,82,351,351,1033,293,0.8756366723259762,0.12436332767402376,0.6277266117304896,0.3722733882695104,147,0.04003267973856209,0.3366120218579235,0.38730004847309746
42101021300,Census Tract 213; Philadelphia County; Pennsylvania,3305,1736,1612,893,719,3299,2069,1230,2.05,2.32,1.71,102459.0,3305,283,3305,2784,163,52,98,2092,1138,355,0,6,512,1612,257,3214,2721,492,869,566,85,88,2312,2172,140,3305,3305,3174,1612,1233.0,336200.0,78,23,79,23,53,40,104,8,0,39,71,7,0,0,98,51,30,22,51,85,282,408,454,124,0.9285714285714286,0.07142857142857142,0.5539702233250621,0.446029776674938,6,0.001815431164901664,0.08562783661119516,0.15942928039702234
42101021800,Census Tract 218; Philadelphia County; Pennsylvania,4946,2665,2560,823,1737,4932,1934,2998,1.93,2.35,1.73,71744.0,4946,454,4946,2562,1468,244,516,3093,1839,372,0,130,736,2560,174,4808,3861,611,996,770,146,34,3166,3093,73,4946,4946,4776,2560,1674.0,326900.0,113,30,43,171,57,49,138,106,0,120,76,77,59,1,0,127,134,72,25,0,567,707,691,105,0.9606003752345216,0.039399624765478425,0.321484375,0.678515625,14,0.0028305701577031944,0.09179134654266073,0.06796875
42101024300,Census Tract 243; Philadelphia County; Pennsylvania,4295,2120,1969,905,1064,4290,2433,1857,2.18,2.69,1.75,64066.0,4295,509,4295,822,2997,58,206,2124,1015,437,21,28,435,1969,502,4066,3290,778,786,561,25,31,2324,2135,189,4295,4295,3969,1969,1289.0,222000.0,192,109,59,54,134,107,145,6,17,22,45,47,25,18,57,77,64,76,42,4,448,806,494,151,0.9287735849056604,0.07122641509433962,0.45962417470797357,0.5403758252920264,5,0.0011641443538998836,0.11850989522700815,0.25495175215845606
42101024800,Census Tract 248; Philadelphia County; Pennsylvania,2268,884,797,547,250,2268,1605,663,2.85,2.93,2.65,48594.0,2268,955,2268,68,2024,0,0,728,423,220,0,0,85,797,292,2254,1375,479,209,99,0,0,957,851,106,2268,2268,2206,797,1308.0,173000.0,39,130,64,38,23,96,235,83,0,0,54,29,6,0,0,11,84,23,34,5,677,708,246,87,0.9015837104072398,0.09841628959276018,0.6863237139272271,0.3136762860727729,0,0.0,0.4210758377425044,0.36637390213299875
42101026200,Census Tract 262; Philadelphia County; Pennsylvania,4781,1894,1813,1534,279,4775,4075,700,2.63,2.66,2.51,81386.0,4781,392,4781,45,4333,0,237,2128,1079,205,0,0,447,1813,114,4466,3546,1118,496,309,0,0,2489,2210,279,4781,4781,4344,1813,1222.0,237400.0,250,15,0,29,187,189,223,115,45,80,58,186,103,41,52,157,114,128,100,15,571,1008,1079,81,0.957233368532207,0.04276663146779303,0.846111417539989,0.15388858246001103,6,0.0012549675800041832,0.08199121522693997,0.06287920573634859
42101026700,Census Tract 267; Philadelphia County; Pennsylvania,6875,2962,2813,2215,598,6857,5388,1469,2.44,2.43,2.46,55613.0,6751,1161,6875,2,6148,0,608,2798,1795,283,0,0,516,2813,461,6570,4958,1069,747,290,0,117,3329,2882,447,6859,6859,6373,2813,1114.0,183000.0,353,195,36,30,149,385,362,64,66,0,111,127,125,105,136,104,138,130,106,76,1048,1574,1224,149,0.949696151249156,0.050303848750844024,0.7874155705652328,0.21258442943476716,18,0.002618181818181818,0.17197452229299362,0.16388197653750444
42101027401,Census Tract 274.01; Philadelphia County; Pennsylvania,3606,1249,1191,591,600,3596,1882,1714,3.02,3.18,2.86,48828.0,3606,970,3606,126,1224,1523,733,1445,904,295,0,0,37,1191,327,3491,2488,871,230,91,0,0,1599,1473,126,3606,3606,3294,1191,1055.0,163800.0,312,268,104,0,0,84,62,35,2,0,140,0,0,0,50,172,17,84,66,0,612,865,531,58,0.9535628502802241,0.04643714971977582,0.49622166246851385,0.5037783375314862,10,0.0027731558513588465,0.2689961175818081,0.27455919395465994
42101028700,Census Tract 287; Philadelphia County; Pennsylvania,2514,909,849,468,381,2514,866,1648,2.96,1.85,4.33,36461.0,2514,1130,2514,15,530,96,1873,798,381,159,0,65,32,849,469,2315,1420,666,82,33,0,27,856,810,46,2514,2514,2203,849,1281.0,110600.0,175,160,0,240,136,61,163,77,0,9,89,0,98,12,11,27,33,0,0,6,679,1012,285,60,0.933993399339934,0.066006600660066,0.5512367491166078,0.44876325088339225,0,0.0,0.4494828957836118,0.552414605418139
42101028901,Census Tract 289.01; Philadelphia County; Pennsylvania,4274,1280,1188,851,337,4269,2730,1539,3.59,3.21,4.57,53164.0,4274,1176,4274,198,365,253,3431,1209,530,60,0,0,0,1188,111,4087,2158,894,133,1,0,0,1428,1243,185,4274,4274,3636,1188,1349.0,137600.0,321,95,224,124,317,188,274,79,99,0,47,39,0,1,172,0,83,53,0,0,1035,1622,494,92,0.928125,0.071875,0.7163299663299664,0.2836700336700337,5,0.001169864295741694,0.2751520823584464,0.09343434343434344
42101030100,Census Tract 301; Philadelphia County; Pennsylvania,6555,2957,2883,1530,1353,6491,4389,2102,2.25,2.87,1.55,30175.0,6555,2816,6555,597,3599,350,1949,2366,967,784,0,47,300,2883,1411,6313,4572,1238,528,248,0,0,3011,2457,554,6555,6555,6170,2883,855.0,207300.0,385,136,300,70,0,205,337,133,53,7,95,57,44,0,0,165,134,200,14,16,1181,1566,785,74,0.9749746364558675,0.025025363544132567,0.5306971904266389,0.46930280957336107,64,0.009763539282990084,0.4295957284515637,0.4894207422823448
42101030700,Census Tract 307; Philadelphia County; Pennsylvania,4432,2103,1980,568,1412,4385,1541,2844,2.21,2.71,2.01,62344.0,4432,709,4432,836,1863,272,983,2292,1000,388,0,0,419,1980,376,4159,3242,835,570,304,0,24,2595,2437,158,4432,4432,4007,1980,1214.0,249100.0,106,43,143,32,319,118,179,34,87,18,96,19,0,0,45,42,35,62,22,39,507,974,465,123,0.9415121255349501,0.05848787446504993,0.2868686868686869,0.7131313131313132,47,0.010604693140794224,0.15997292418772563,0.1898989898989899
42101031300,Census Tract 313; Philadelphia County; Pennsylvania,6463,2455,2315,1370,945,6451,3844,2607,2.79,2.81,2.76,66721.0,6463,928,6463,1124,1720,2009,837,2848,1275,803,0,113,82,2315,410,6379,4312,1763,396,133,0,48,3153,2848,305,6463,6463,6005,2315,1576.0,188500.0,200,321,194,80,258,193,250,215,0,78,48,85,30,40,0,89,92,61,38,36,1033,1711,597,140,0.9429735234215886,0.05702647657841141,0.591792656587473,0.408207343412527,12,0.0018567228841095467,0.14358656970447162,0.1771058315334773
42101032600,Census Tract 326; Philadelphia County; Pennsylvania,7014,3004,2856,2195,661,7009,5269,1740,2.45,2.4,2.63,83009.0,7014,806,7014,2861,2043,487,1271,3659,2071,413,0,21,372,2856,202,6843,4658,1783,455,541,124,35,4147,3728,419,7014,7014,6789,2856,1352.0,196500.0,0,265,578,65,225,232,380,54,35,108,19,0,0,0,81,104,20,25,22,128,1507,1799,542,148,0.9507323568575233,0.0492676431424767,0.7685574229691877,0.23144257703081234,5,0.00071285999429712,0.11491303108069575,0.07072829131652661
42101033600,Census Tract 336; Philadelphia County; Pennsylvania,7585,2944,2732,1550,1182,7560,4504,3056,2.77,2.91,2.59,60354.0,7585,1709,7585,3160,1386,1402,1365,3220,1939,176,0,30,208,2732,255,7158,5094,1678,694,481,94,0,3711,3548,163,7585,7585,6779,2732,1365.0,299800.0,467,626,196,0,339,381,207,113,98,42,155,110,44,0,193,0,266,39,14,66,1193,2329,1027,212,0.9279891304347826,0.07201086956521739,0.5673499267935578,0.43265007320644217,25,0.0032959789057350032,0.22531311799604484,0.09333821376281112
42101036501,Census Tract 365.01; Philadelphia County; Pennsylvania,5046,2329,2163,1402,761,4837,3312,1525,2.24,2.36,2.0,60764.0,4856,916,5046,3560,393,355,634,2292,1248,175,0,0,189,2163,230,4979,3959,1110,1082,597,0,43,2662,2438,224,4856,4856,4825,2163,1412.0,350500.0,127,160,207,112,94,27,100,121,17,50,220,99,87,47,96,129,65,237,60,94,747,948,1201,166,0.9287247745813654,0.07127522541863461,0.6481738326398521,0.35182616736014793,209,0.04141894569956401,0.1886326194398682,0.10633379565418401
42101008302,Census Tract 83.02; Philadelphia County; Pennsylvania,4850,2374,1906,896,1010,4836,2184,2652,2.54,2.44,2.63,41376.0,4850,1417,4850,131,4339,280,81,1700,573,890,22,23,83,1906,823,4585,3271,1055,284,119,0,0,2072,1760,312,4850,4850,4580,1906,1291.0,127600.0,0,198,234,84,270,107,265,0,13,63,58,0,41,0,23,67,27,65,101,192,924,1158,650,468,0.8028643639427128,0.1971356360572873,0.4700944386149003,0.5299055613850997,14,0.00288659793814433,0.29216494845360824,0.431794333683106
42101980600,Census Tract 9806; Philadelphia County; Pennsylvania,0,0,0,0,0,0,0,0,,,,,0,0,0,0,0,0,0,0,0,0,0,0,0,0,0,0,0,0,0,0,0,0,0,0,0,0,0,0,0,,,0,0,0,0,0,0,0,0,0,0,0,0,0,0,0,0,0,0,0,0,0,0,0,0,,,,,0,,,
42101037600,Census Tract 376; Philadelphia County; Pennsylvania,3155,2071,1775,480,1295,2863,898,1965,1.61,1.87,1.52,107313.0,3087,452,3155,1842,354,530,336,2088,564,294,173,254,742,1775,551,3131,2905,308,1094,639,183,91,2189,2105,84,3087,3087,3107,1775,2041.0,441800.0,48,0,0,0,0,0,0,0,76,29,47,0,40,29,0,43,59,0,80,0,0,48,403,296,0.8570738773539353,0.1429261226460647,0.2704225352112676,0.7295774647887324,292,0.09255150554675119,0.1464204729510852,0.3104225352112676
42101034501,Census Tract 345.01; Philadelphia County; Pennsylvania,5001,2362,2266,408,1858,4992,1343,3649,2.2,3.29,1.96,46711.0,5001,1026,5001,2271,960,1440,171,2263,1202,106,0,52,241,2266,250,4568,3695,731,784,464,45,92,2636,2385,251,5001,5001,4373,2266,1279.0,409700.0,372,171,25,27,256,81,49,28,42,187,112,198,55,67,38,146,332,92,54,51,391,1009,1374,96,0.9593564775613886,0.04064352243861134,0.18005295675198588,0.8199470432480142,9,0.001799640071985603,0.20515896820635873,0.11032656663724624
42101002000,Census Tract 20; Philadelphia County; Pennsylvania,2414,1417,1319,656,663,2414,1355,1059,1.83,2.07,1.6,103021.0,2397,648,2414,720,844,303,451,1375,327,79,59,234,637,1319,551,2340,1998,232,614,468,88,34,1540,1395,145,2414,2414,2334,1319,1817.0,347200.0,19,145,51,0,61,5,11,0,31,0,10,0,0,27,17,30,26,9,0,118,212,292,268,98,0.9308398023994354,0.06916019760056458,0.4973464746019712,0.5026535253980288,0,0.0,0.27033792240300375,0.4177407126611069
42101015600,Census Tract 156; Philadelphia County; Pennsylvania,1558,863,706,314,392,1558,660,898,2.21,2.1,2.29,69750.0,1553,665,1558,740,175,36,539,799,387,70,57,59,210,706,150,1469,1108,130,488,58,43,64,892,826,66,1558,1558,1466,706,1311.0,387300.0,89,31,62,103,3,2,3,15,14,0,0,16,0,0,30,6,4,0,8,8,171,308,86,157,0.8180764774044033,0.18192352259559674,0.4447592067988669,0.5552407932011332,0,0.0,0.42820347714101736,0.21246458923512748
42101025800,Census Tract 258; Philadelphia County; Pennsylvania,1701,902,867,691,176,1701,1379,322,1.96,2.0,1.83,59904.0,1701,71,1701,150,1223,1,70,663,369,138,0,6,130,867,76,1681,1279,254,234,150,13,15,743,684,59,1701,1701,1609,867,1632.0,310300.0,0,93,36,0,92,19,42,15,35,45,11,30,10,228,45,72,31,78,26,24,214,297,635,35,0.9611973392461197,0.038802660753880266,0.7970011534025375,0.2029988465974625,0,0.0,0.041740152851263965,0.08765859284890427
42101000701,Census Tract 7.01; Philadelphia County; Pennsylvania,2229,1867,1621,387,1234,2223,578,1645,1.37,1.49,1.33,85550.0,2223,221,2229,1722,35,313,97,1639,189,308,0,438,675,1621,1013,2194,2015,92,790,389,386,159,1663,1639,24,2229,2229,2194,1621,2213.0,803900.0,35,0,0,0,0,0,0,0,0,80,28,18,19,18,11,44,57,47,28,58,0,35,408,246,0.8682378146759507,0.13176218532404926,0.23874151758173967,0.7612584824182603,6,0.0026917900403768506,0.09941520467836257,0.6249228871067243
42101980003,Census Tract 9800.03; Philadelphia County; Pennsylvania,0,0,0,0,0,0,0,0,,,,,0,0,0,0,0,0,0,0,0,0,0,0,0,0,0,0,0,0,0,0,0,0,0,0,0,0,0,0,0,,,0,0,0,0,0,0,0,0,0,0,0,0,0,0,0,0,0,0,0,0,0,0,0,0,,,,,0,,,
42101038301,Census Tract 383.01; Philadelphia County; Pennsylvania,2405,815,740,456,284,2404,1518,886,3.25,3.33,3.12,33382.0,2401,875,2405,67,337,0,1991,821,403,210,0,0,85,740,206,2297,1494,452,195,0,0,34,1009,861,148,2405,2405,2169,740,1116.0,130600.0,102,114,133,93,134,108,85,0,47,17,42,0,30,0,0,19,26,12,1,0,537,769,194,75,0.9079754601226994,0.09202453987730061,0.6162162162162163,0.3837837837837838,1,0.0004158004158004158,0.36443148688046645,0.27837837837837837
42101000102,Census Tract 1.02; Philadelphia County; Pennsylvania,3172,2433,2165,835,1330,3130,1382,1748,1.45,1.66,1.31,101033.0,3156,128,3172,2542,76,279,104,2487,793,229,26,284,1057,2165,766,3029,2714,42,1361,665,203,93,2583,2522,61,3172,3172,3010,2165,2316.0,523400.0,151,0,16,0,11,18,0,0,22,30,34,44,23,0,16,17,18,38,28,0,34,196,270,268,0.8898479243732018,0.11015207562679818,0.3856812933025404,0.6143187066974596,42,0.013240857503152586,0.04055766793409379,0.353810623556582
42101020701,Census Tract 207.01; Philadelphia County; Pennsylvania,4252,2184,2098,1141,957,4234,2672,1562,2.02,2.34,1.63,111173.0,4247,444,4252,3269,263,76,226,2303,1059,233,55,162,724,2098,216,3940,3465,343,1529,565,307,195,2646,2322,324,4252,4252,3852,2098,1712.0,357200.0,160,20,73,0,240,20,113,0,23,82,31,16,14,0,34,59,34,5,36,12,236,626,346,86,0.9606227106227107,0.039377289377289376,0.5438512869399428,0.4561487130600572,18,0.0042333019755409216,0.10454438427125029,0.10295519542421354
42101980902,Census Tract 9809.02; Philadelphia County; Pennsylvania,0,0,0,0,0,0,0,0,,,,,0,0,0,0,0,0,0,0,0,0,0,0,0,0,0,0,0,0,0,0,0,0,0,0,0,0,0,0,0,,,0,0,0,0,0,0,0,0,0,0,0,0,0,0,0,0,0,0,0,0,0,0,0,0,,,,,0,,,
42101036700,Census Tract 367; Philadelphia County; Pennsylvania,3970,2163,1976,994,982,3970,2440,1530,2.01,2.45,1.56,148947.0,3970,477,3970,2543,556,318,282,2939,1072,382,88,266,855,1976,475,3800,3160,338,1197,550,506,243,3037,2955,82,3970,3970,3672,1976,1956.0,774000.0,167,0,18,0,131,127,47,0,53,19,0,22,0,0,0,61,20,67,20,0,192,490,262,187,0.9135460009246417,0.08645399907535829,0.5030364372469636,0.49696356275303644,0,0.0,0.12015113350125944,0.2403846153846154
42101014500,Census Tract 145; Philadelphia County; Pennsylvania,2330,1038,978,305,673,2146,1042,1104,2.19,3.42,1.64,30643.0,2147,831,2330,284,1332,250,354,769,186,59,40,82,371,978,487,2201,1482,546,234,74,3,24,970,816,154,2330,2330,2177,978,692.0,314600.0,146,172,20,33,7,6,118,41,4,14,45,0,128,0,0,126,1,7,32,80,169,543,437,60,0.9421965317919075,0.057803468208092484,0.3118609406952965,0.6881390593047034,184,0.07896995708154507,0.38705170004657663,0.49795501022494887
42101001800,Census Tract 18; Philadelphia County; Pennsylvania,3314,1882,1737,768,969,3314,1735,1579,1.91,2.26,1.63,121969.0,3314,130,3314,2207,379,215,249,2246,655,164,109,455,780,1737,390,3178,2593,184,1073,578,303,225,2401,2264,137,3314,3314,3125,1737,1829.0,656300.0,144,108,113,29,45,29,52,29,0,18,58,19,6,4,0,28,85,54,29,0,354,549,301,145,0.9229543039319873,0.07704569606801276,0.4421416234887737,0.5578583765112263,0,0.0,0.03922751961375981,0.22452504317789293
42101003002,Census Tract 30.02; Philadelphia County; Pennsylvania,3354,1859,1670,807,863,3354,1816,1538,2.01,2.25,1.78,80313.0,3354,664,3354,1543,911,316,453,1934,452,604,238,123,427,1670,581,3270,2477,251,921,406,64,164,2150,1984,166,3354,3354,3218,1670,1867.0,390700.0,46,162,94,0,90,92,146,19,0,46,12,9,0,12,60,0,25,15,27,75,490,649,281,189,0.8983324367939752,0.10166756320602474,0.48323353293413174,0.5167664670658683,0,0.0,0.19797257006559332,0.34790419161676644
42101006700,Census Tract 67; Philadelphia County; Pennsylvania,7209,3400,3188,1339,1849,7196,3366,3830,2.26,2.51,2.07,37184.0,7199,2039,7209,222,6095,577,74,3094,2142,497,0,0,258,3188,898,6746,4779,2079,217,108,0,0,4051,3133,918,7199,7199,6477,3188,1491.0,121100.0,429,276,40,273,303,183,165,139,0,65,123,37,0,16,16,84,18,41,0,17,1248,1808,417,212,0.9376470588235294,0.06235294117647059,0.4200125470514429,0.5799874529485571,13,0.0018033014287695936,0.2832337824697875,0.2816813048933501
42101011200,Census Tract 112; Philadelphia County; Pennsylvania,5938,2587,2192,1048,1144,5932,2282,3650,2.71,2.18,3.19,24120.0,5853,2718,5938,17,5763,0,1,2074,742,1195,0,29,36,2192,815,5682,3066,909,339,103,41,0,2333,2074,259,5935,5935,5369,2192,1466.0,146600.0,496,584,305,226,73,187,256,174,93,0,56,90,0,0,71,37,82,179,41,21,1815,2301,670,395,0.847313490529571,0.15268650947042905,0.4781021897810219,0.5218978102189781,6,0.0010104412260020209,0.46437724243977446,0.3718065693430657
42101013401,Census Tract 134.01; Philadelphia County; Pennsylvania,2993,1917,1838,1027,811,2986,1765,1221,1.62,1.72,1.51,145000.0,2958,123,2993,2490,139,123,165,1555,691,184,37,321,318,1838,438,2916,2641,110,932,675,398,260,1672,1640,32,2993,2993,2822,1838,2241.0,675800.0,73,26,41,21,98,17,46,3,47,30,161,143,50,59,8,35,198,194,93,91,154,325,1109,79,0.9587897756911842,0.04121022430881586,0.558759521218716,0.44124047878128403,7,0.0023387905111927833,0.04158215010141988,0.2383025027203482
42101017701,Census Tract 177.01; Philadelphia County; Pennsylvania,2883,1297,1003,555,448,2879,1579,1300,2.87,2.85,2.9,,2883,1509,2883,18,337,0,2424,889,621,52,0,138,78,1003,335,2712,1841,627,126,0,2,0,1038,889,149,2883,2883,2637,1003,1119.0,57200.0,181,0,153,0,65,129,7,0,0,4,150,0,0,0,0,52,31,0,0,0,312,535,237,294,0.7733230531996916,0.2266769468003084,0.5533399800598205,0.44666001994017945,4,0.001387443635102324,0.5234131113423517,0.3339980059820538
42101021100,Census Tract 211; Philadelphia County; Pennsylvania,2542,1322,1219,810,409,2525,1717,808,2.07,2.12,1.98,94432.0,2535,192,2542,1843,70,180,311,1580,977,254,11,27,254,1219,80,2477,1768,259,647,295,25,107,1605,1580,25,2535,2535,2364,1219,1692.0,352700.0,75,100,26,9,103,28,29,40,54,34,28,45,1,0,0,31,131,11,16,20,214,410,371,103,0.9220877458396369,0.07791225416036308,0.6644790812141099,0.3355209187858901,17,0.006687647521636507,0.0757396449704142,0.06562756357670221
42101026800,Census Tract 268; Philadelphia County; Pennsylvania,4852,2501,2402,683,1719,4457,1982,2475,1.86,2.9,1.44,43129.0,4542,864,4852,540,3734,51,110,1771,432,1036,0,0,51,2402,813,4848,3619,1405,281,233,12,92,2138,1890,248,4542,4542,4677,2402,1146.0,228900.0,4,18,341,80,171,38,54,127,46,103,118,42,61,32,56,0,142,112,68,30,648,833,810,99,0.9604158336665334,0.03958416633346661,0.2843463780183181,0.7156536219816819,395,0.08140972794723825,0.190224570673712,0.3384679433805162
42101031102,Census Tract 311.02; Philadelphia County; Pennsylvania,5168,1480,1391,743,648,5168,2255,2913,3.72,3.03,4.5,69237.0,5110,645,5168,196,2078,252,2552,1991,989,256,0,33,157,1391,148,4893,2750,884,234,184,16,0,2227,2066,161,5168,5168,4856,1391,1449.0,216900.0,184,276,254,181,128,467,356,153,25,30,49,33,0,0,0,45,76,164,18,0,1686,1999,440,89,0.9398648648648649,0.06013513513513514,0.5341480948957584,0.46585190510424157,0,0.0,0.12622309197651663,0.10639827462257369
42101033900,Census Tract 339; Philadelphia County; Pennsylvania,3292,1551,1398,745,653,3284,2302,982,2.35,3.09,1.5,61116.0,3292,349,3292,1417,799,22,762,1235,797,194,0,0,89,1398,243,3167,2166,643,385,305,45,11,1369,1300,69,3292,3292,3130,1398,984.0,271800.0,33,74,194,91,129,95,81,54,102,65,49,10,27,21,144,110,91,18,25,35,534,751,697,153,0.9013539651837524,0.09864603481624758,0.5329041487839771,0.4670958512160229,8,0.002430133657351154,0.1060145808019441,0.17381974248927037
42101035500,Census Tract 355; Philadelphia County; Pennsylvania,7818,3203,3111,2165,946,7797,5315,2482,2.51,2.45,2.62,59803.0,7818,1137,7818,5103,270,1893,186,3086,2034,130,0,53,539,3111,330,7222,5579,1829,975,652,127,58,3405,3270,135,7818,7818,7108,3111,1178.0,327400.0,535,103,108,118,175,310,207,73,94,190,113,118,154,47,90,94,209,317,77,219,935,1629,1722,92,0.9712769278801124,0.028723072119887606,0.6959177113468338,0.30408228865316617,21,0.002686108979278588,0.1454336147352264,0.10607521697203472
42101010400,Census Tract 104; Philadelphia County; Pennsylvania,3775,2036,1569,501,1068,3486,1052,2434,2.22,2.1,2.28,30168.0,3701,1761,3775,132,2954,14,132,1142,455,240,0,11,244,1569,330,3614,2257,925,288,36,0,0,1219,1148,71,3701,3701,3478,1569,1142.0,90300.0,63,392,149,115,234,205,77,39,7,12,35,34,11,0,8,416,72,7,19,36,872,1274,657,467,0.7706286836935167,0.2293713163064833,0.3193116634799235,0.6806883365200764,289,0.07655629139072848,0.475817346663064,0.21032504780114722
42101010600,Census Tract 106; Philadelphia County; Pennsylvania,1512,827,703,246,457,1453,681,772,2.07,2.77,1.69,18018.0,1512,733,1512,237,1144,125,0,674,208,128,9,116,144,703,306,1481,1155,327,163,56,0,12,727,629,42,1456,1456,1452,703,919.0,201200.0,54,0,42,0,6,48,6,14,30,30,11,28,0,20,32,27,32,15,23,37,131,170,285,124,0.8500604594921403,0.14993954050785974,0.34992887624466573,0.6500711237553343,59,0.03902116402116402,0.48478835978835977,0.4352773826458037
42101008000,Census Tract 80; Philadelphia County; Pennsylvania,3667,2099,1887,910,977,3641,2086,1555,1.93,2.29,1.59,63359.0,3644,425,3667,1113,2301,68,42,2116,678,539,56,82,592,1887,696,3540,2973,725,716,481,115,35,2213,2154,59,3667,3667,3366,1887,1652.0,357200.0,278,37,77,16,23,19,18,33,0,12,26,15,12,15,15,101,55,62,46,80,183,501,439,212,0.8989995235826584,0.1010004764173416,0.48224695283518815,0.5177530471648119,26,0.007090264521407145,0.11663007683863885,0.3688394276629571
42101010000,Census Tract 100; Philadelphia County; Pennsylvania,5774,2091,1906,1120,786,5726,3180,2546,3.0,2.84,3.24,50222.0,5696,1841,5774,427,5096,17,85,2329,1109,616,0,58,234,1906,429,5527,3310,974,523,198,29,3,2754,2432,313,5756,5756,5231,1906,1276.0,167100.0,210,114,461,34,333,406,263,125,15,3,21,65,27,5,16,31,39,35,30,11,1387,1946,298,185,0.9115255858440937,0.08847441415590626,0.5876180482686254,0.4123819517313746,48,0.008313127814340146,0.32320926966292135,0.22507869884575027
42101015101,Census Tract 151.01; Philadelphia County; Pennsylvania,2202,1192,966,408,558,2186,794,1392,2.26,1.95,2.49,43529.0,2197,536,2202,202,1849,28,87,631,300,33,30,0,113,966,198,2018,1445,456,156,165,0,0,877,682,195,2197,2197,1917,966,1574.0,116000.0,154,86,0,56,131,87,112,69,19,5,39,0,0,23,0,13,2,12,0,3,410,695,116,226,0.8104026845637584,0.18959731543624161,0.422360248447205,0.577639751552795,16,0.007266121707538601,0.24396904870277653,0.20496894409937888
42101038500,Census Tract 385; Philadelphia County; Pennsylvania,1869,985,933,574,359,1765,1306,459,1.89,2.28,1.28,129155.0,1805,85,1869,1597,45,85,89,951,371,134,0,57,347,933,45,1859,1454,124,430,433,211,115,992,965,27,1864,1864,1839,933,1918.0,892700.0,20,20,71,15,10,16,55,40,47,55,71,58,34,22,21,67,54,71,45,67,218,247,612,52,0.9472081218274112,0.05279187817258883,0.6152197213290461,0.38478027867095393,104,0.05564472980203317,0.04709141274238227,0.04823151125401929
42101026400,Census Tract 264; Philadelphia County; Pennsylvania,5493,2583,2438,1819,619,5488,4237,1251,2.25,2.33,2.02,72414.0,5493,537,5493,3,5282,36,139,2709,1478,876,0,0,354,2438,291,5345,4059,1162,305,341,33,16,3039,2835,204,5493,5493,5179,2438,1287.0,216300.0,93,188,173,34,221,132,0,215,0,37,91,193,0,0,210,184,238,125,28,26,770,1056,1132,145,0.9438637243515292,0.05613627564847077,0.7461033634126333,0.2538966365873667,5,0.0009102494083378846,0.0977607864554888,0.11936013125512715
42101004103,Census Tract 41.03; Philadelphia County; Pennsylvania,4750,1478,1449,833,616,4750,2160,2590,3.28,2.59,4.2,55647.0,4665,1615,4750,796,140,1205,2548,1709,517,207,320,8,480,1449,410,4445,2781,709,452,107,19,0,1963,1784,179,4750,4750,4362,1449,1512.0,219300.0,253,211,462,119,135,167,430,12,0,47,13,71,25,19,20,32,80,25,45,12,1490,1789,389,29,0.9803788903924222,0.01962110960757781,0.5748792270531401,0.4251207729468599,0,0.0,0.3461950696677385,0.2829537612146308
42101016200,Census Tract 162; Philadelphia County; Pennsylvania,2768,933,883,420,463,2768,1323,1445,3.13,3.15,3.12,50972.0,2768,636,2768,268,616,126,1719,827,317,145,0,52,236,883,268,2647,1709,472,371,119,26,20,1059,872,187,2768,2768,2595,883,1008.0,380000.0,94,129,63,70,79,53,124,61,15,20,251,22,30,0,7,94,22,27,34,0,469,673,522,50,0.9464094319399786,0.05359056806002144,0.47565118912797283,0.5243488108720272,0,0.0,0.22976878612716764,0.3035107587768969
42101000902,Census Tract 9.02; Philadelphia County; Pennsylvania,2624,1533,1324,215,1109,1975,359,1616,1.49,1.67,1.46,73529.0,1975,408,2624,1767,138,608,67,1292,369,71,13,404,359,1324,730,2624,1913,207,779,187,293,68,1405,1364,41,2624,2624,2624,1324,1689.0,687500.0,0,0,15,0,0,0,14,22,0,66,79,85,100,108,30,7,102,81,81,87,29,51,826,209,0.8636660143509458,0.13633398564905413,0.1623867069486405,0.8376132930513596,649,0.24733231707317074,0.20658227848101265,0.5513595166163142
42101006400,Census Tract 64; Philadelphia County; Pennsylvania,4536,1847,1699,959,740,4536,2738,1798,2.67,2.86,2.43,40119.0,4536,936,4536,163,3185,217,412,2114,734,646,0,44,294,1699,523,4294,2826,832,251,66,0,4,2459,2133,326,4536,4536,4061,1699,1552.0,112700.0,263,46,367,51,212,145,150,101,48,57,5,6,53,0,59,75,54,0,33,0,602,1335,390,148,0.9198700595560368,0.08012994044396318,0.5644496762801648,0.4355503237198352,0,0.0,0.20634920634920634,0.3078281341965862
42101012100,Census Tract 121; Philadelphia County; Pennsylvania,3146,1703,1597,495,1102,2760,985,1775,1.73,1.99,1.61,57039.0,2765,238,3146,604,2273,49,167,1548,1136,126,0,3,173,1597,321,3091,2684,613,419,304,186,37,1559,1548,11,2765,2765,3055,1597,1380.0,326000.0,36,19,55,0,55,118,17,37,25,47,72,102,94,42,60,68,154,39,23,76,277,337,802,106,0.9377568995889607,0.062243100411039344,0.30995616781465246,0.6900438321853475,386,0.12269548633184997,0.08607594936708861,0.20100187852222917
42101024400,Census Tract 244; Philadelphia County; Pennsylvania,3007,1506,1336,784,552,2994,2188,806,2.24,2.79,1.46,63125.0,3002,501,3007,470,2434,0,78,1461,728,485,0,32,215,1336,363,3007,2153,474,414,275,86,26,1642,1461,181,3007,3007,2920,1336,986.0,196100.0,73,115,206,53,14,160,46,53,52,23,26,47,10,0,45,0,140,26,55,0,660,720,424,170,0.8871181938911022,0.11288180610889774,0.5868263473053892,0.41317365269461076,13,0.004323245759893582,0.16688874083944039,0.2717065868263473
42101027100,Census Tract 271; Philadelphia County; Pennsylvania,2410,1090,1073,785,288,2401,1781,620,2.24,2.27,2.15,59618.0,2324,372,2410,119,1717,383,66,1020,615,193,0,38,98,1073,172,2353,1882,375,242,108,0,104,1149,1077,72,2410,2410,2251,1073,1154.0,187300.0,123,17,43,0,36,86,52,68,21,78,50,11,9,10,4,77,96,8,30,27,287,425,421,17,0.9844036697247707,0.015596330275229359,0.7315936626281454,0.2684063373718546,9,0.0037344398340248964,0.16006884681583478,0.1602982292637465
42101034100,Census Tract 341; Philadelphia County; Pennsylvania,5843,2754,2754,1356,1398,5819,3314,2505,2.11,2.44,1.79,72690.0,5843,718,5843,4276,103,582,721,2819,1573,162,0,105,585,2754,370,5666,4478,1680,718,475,285,33,3016,2875,141,5843,5843,5542,2754,1165.0,298600.0,257,69,34,194,44,88,188,48,25,66,306,114,42,32,42,60,346,56,37,86,766,922,1212,0,1.0,0.0,0.4923747276688453,0.5076252723311547,24,0.004107479034742427,0.12288208112271094,0.13435003631082063
42101016001,Census Tract 160.01; Philadelphia County; Pennsylvania,2288,1283,1154,975,179,2278,1885,393,1.97,1.93,2.2,113418.0,2288,114,2288,2087,1,31,51,1566,577,353,72,78,481,1154,261,2203,1864,312,822,353,0,59,1619,1589,30,2288,2288,2181,1154,1868.0,315900.0,87,16,87,28,20,40,38,3,3,12,16,0,1,4,8,27,117,20,22,9,226,319,239,129,0.8994544037412315,0.10054559625876851,0.8448873483535528,0.15511265164644714,10,0.004370629370629371,0.049825174825174824,0.22616984402079723
42101980906,Census Tract 9809.06; Philadelphia County; Pennsylvania,0,0,0,0,0,0,0,0,,,,,0,0,0,0,0,0,0,0,0,0,0,0,0,0,0,0,0,0,0,0,0,0,0,0,0,0,0,0,0,,,0,0,0,0,0,0,0,0,0,0,0,0,0,0,0,0,0,0,0,0,0,0,0,0,,,,,0,,,
42101001101,Census Tract 11.01; Philadelphia County; Pennsylvania,4192,2422,2404,571,1833,3729,1098,2631,1.55,1.92,1.44,67628.0,3780,454,4192,2828,339,357,173,2516,327,201,120,964,794,2404,1218,4078,2935,207,1090,578,269,173,2612,2549,63,4192,4192,4078,2404,1428.0,595800.0,0,33,98,8,114,38,23,0,61,14,30,56,97,0,33,0,79,111,48,115,195,314,644,18,0.9925681255161024,0.007431874483897605,0.2375207986688852,0.7624792013311148,463,0.11044847328244274,0.1201058201058201,0.5066555740432612
42101007800,Census Tract 78; Philadelphia County; Pennsylvania,4705,2462,2315,528,1787,4521,1563,2958,1.95,2.96,1.66,64294.0,4563,946,4705,2214,1405,412,207,2737,691,574,59,392,812,2315,693,4547,3782,632,1169,842,156,306,2975,2799,176,4593,4593,4514,2315,1299.0,597800.0,52,135,7,93,139,65,62,6,181,92,0,59,41,11,76,48,49,36,11,38,355,559,642,147,0.9402924451665313,0.05970755483346873,0.22807775377969763,0.7719222462203024,184,0.03910733262486716,0.20731974578128423,0.2993520518358531
42101008801,Census Tract 88.01; Philadelphia County; Pennsylvania,2530,731,500,0,500,750,0,750,1.5,,1.5,33400.0,750,358,2530,1422,328,464,175,881,116,85,0,491,182,500,442,2530,456,16,286,61,13,80,1131,1010,121,2530,2530,2530,500,2629.0,,0,0,0,0,0,0,0,9,0,0,8,0,0,0,0,0,7,0,0,0,9,9,15,231,0.6839945280437757,0.31600547195622436,0.0,1.0,1780,0.7035573122529645,0.47733333333333333,0.884
42101019501,Census Tract 195.01; Philadelphia County; Pennsylvania,4539,1971,1816,601,1215,4532,1683,2849,2.5,2.8,2.34,26594.0,4536,1870,4539,64,469,0,3878,1198,495,245,0,32,136,1816,1108,4484,2745,710,112,67,0,0,1624,1198,426,4536,4536,4368,1816,1203.0,103500.0,151,119,233,221,20,212,282,104,30,78,0,13,38,19,19,0,80,55,91,42,1192,1342,465,155,0.9213597158802638,0.07864028411973617,0.33094713656387664,0.6690528634361234,7,0.0015421899096717338,0.4122574955908289,0.6101321585903083
42101025400,Census Tract 254; Philadelphia County; Pennsylvania,4053,2117,1989,1100,889,4038,2650,1388,2.03,2.41,1.56,83380.0,4052,378,4053,596,3190,13,214,2141,1098,420,0,0,471,1989,345,3823,2845,705,547,461,49,86,2356,2216,131,4043,4043,3786,1989,1181.0,322500.0,68,48,23,40,199,195,183,31,3,65,36,48,12,9,33,37,236,21,92,37,618,787,629,128,0.9395370807746811,0.06046291922531885,0.5530417295123178,0.4469582704876823,15,0.003700962250185048,0.09328726554787758,0.17345399698340874
42101029100,Census Tract 291; Philadelphia County; Pennsylvania,4241,1810,1691,757,934,4239,2149,2090,2.51,2.84,2.24,33073.0,4241,1749,4241,60,880,1797,1084,1787,841,354,0,124,155,1691,346,4033,2790,564,189,66,0,0,1857,1787,70,4241,4241,3928,1691,,175100.0,111,161,231,97,202,133,46,109,1,26,55,85,0,0,19,54,530,17,26,0,815,1090,813,119,0.9342541436464088,0.06574585635359116,0.4476641040804258,0.5523358959195742,2,0.0004715868898844612,0.4124027352039613,0.2046126552335896
42101031501,Census Tract 315.01; Philadelphia County; Pennsylvania,7526,2522,2315,1276,1039,7526,3814,3712,3.25,2.99,3.57,71777.0,7435,1432,7526,2405,332,1893,2332,3461,1615,332,0,234,236,2315,351,7011,5338,1519,695,136,360,0,4229,3706,523,7526,7526,6905,2315,1595.0,266800.0,80,319,268,122,541,188,169,37,133,45,143,73,11,23,77,40,39,103,25,0,1005,1724,712,207,0.9179222839016653,0.08207771609833465,0.5511879049676026,0.4488120950323974,0,0.0,0.19260255548083388,0.15161987041036717
42101980905,Census Tract 9809.05; Philadelphia County; Pennsylvania,0,0,0,0,0,0,0,0,,,,,0,0,0,0,0,0,0,0,0,0,0,0,0,0,0,0,0,0,0,0,0,0,0,0,0,0,0,0,0,,,0,0,0,0,0,0,0,0,0,0,0,0,0,0,0,0,0,0,0,0,0,0,0,0,,,,,0,,,
42101013300,Census Tract 133; Philadelphia County; Pennsylvania,3782,2494,2161,508,1653,3689,1209,2480,1.71,2.38,1.5,95410.0,3782,584,3782,1887,614,506,639,2648,790,281,19,561,796,2161,666,3670,2996,223,1359,585,350,54,2698,2648,50,3782,3782,3557,2161,1669.0,452600.0,95,66,34,0,130,48,37,130,78,44,15,24,0,0,73,15,0,0,0,9,315,540,258,333,0.8664795509222133,0.13352044907778668,0.23507635354002776,0.7649236464599722,93,0.02459016393442623,0.15441565309360128,0.3081906524757057
42101024000,Census Tract 240; Philadelphia County; Pennsylvania,3619,2266,2134,736,1398,3567,1894,1673,1.67,2.57,1.2,61543.0,3612,900,3619,1051,1897,211,139,1919,955,295,0,0,536,2134,738,3511,2845,546,623,555,31,152,2149,1907,230,3600,3600,3375,2134,1181.0,285800.0,137,54,0,31,107,70,90,0,7,109,85,52,50,24,9,67,86,78,27,7,246,489,601,132,0.941747572815534,0.05825242718446602,0.344892221180881,0.6551077788191191,52,0.014368610113290964,0.24916943521594684,0.3458294283036551
42101020702,Census Tract 207.02; Philadelphia County; Pennsylvania,2353,888,811,485,326,1683,1137,546,2.08,2.34,1.67,136875.0,1683,86,2353,1436,323,215,245,1022,385,92,0,148,319,811,138,2221,1316,129,378,439,110,70,1223,1096,127,2353,2353,2182,811,1115.0,425900.0,131,20,0,39,40,52,23,0,0,12,32,23,0,0,10,24,76,90,20,0,113,305,287,77,0.9132882882882883,0.08671171171171171,0.5980271270036991,0.40197287299630086,670,0.2847428814279643,0.0510992275698158,0.17016029593094945
42101000200,Census Tract 2; Philadelphia County; Pennsylvania,3103,1992,1808,754,1054,2954,1201,1753,1.63,1.59,1.66,102670.0,3006,714,3103,1429,365,1144,112,1653,304,195,0,365,729,1808,614,3089,2410,451,894,236,122,83,2075,1705,370,3103,3103,3089,1808,1803.0,,0,28,23,86,14,108,19,0,32,51,36,23,56,33,73,58,115,44,63,55,224,278,639,184,0.9076305220883534,0.09236947791164658,0.4170353982300885,0.5829646017699115,149,0.048018047051240735,0.2375249500998004,0.3396017699115044
42101022000,Census Tract 220; Philadelphia County; Pennsylvania,1425,831,754,448,306,1324,952,372,1.76,2.13,1.22,93667.0,1331,35,1425,994,160,132,125,575,400,30,0,0,72,754,106,1407,1283,183,247,210,85,33,594,589,5,1332,1332,1385,754,2256.0,419200.0,23,13,10,0,17,13,31,4,21,10,64,92,65,71,44,21,92,70,29,123,71,111,702,77,0.9073405535499398,0.09265944645006016,0.5941644562334217,0.40583554376657827,101,0.07087719298245614,0.02629601803155522,0.14058355437665782
42101001201,Census Tract 12.01; Philadelphia County; Pennsylvania,4063,2356,2026,937,1089,4043,2071,1972,2.0,2.21,1.81,124877.0,4061,329,4063,3390,25,161,313,2842,517,175,372,821,895,2026,765,3852,3226,128,1092,780,569,477,2893,2869,24,4063,4063,3852,2026,1972.0,980200.0,108,75,53,77,103,119,29,26,17,45,71,15,32,0,57,31,50,0,16,16,379,590,350,330,0.8599320882852292,0.1400679117147708,0.4624876604146101,0.5375123395853899,20,0.004922471080482402,0.08101452844127062,0.37759131293188547
42101004002,Census Tract 40.02; Philadelphia County; Pennsylvania,5544,2490,2340,1640,700,5544,3591,1953,2.37,2.19,2.79,98447.0,5544,331,5544,4038,95,493,510,3180,927,680,21,236,1011,2340,331,5487,4223,1571,720,453,101,0,3406,3285,121,5544,5544,5359,2340,1546.0,290300.0,113,113,230,187,72,235,52,151,111,307,91,23,20,0,143,134,199,21,19,28,670,1153,1096,150,0.9397590361445783,0.060240963855421686,0.7008547008547008,0.29914529914529914,0,0.0,0.059704184704184704,0.14145299145299145
42101010700,Census Tract 107; Philadelphia County; Pennsylvania,3529,1756,1314,325,989,3468,733,2735,2.64,2.26,2.77,49309.0,3515,715,3529,180,2867,0,106,1236,572,308,0,111,102,1314,748,3315,1951,540,217,80,21,27,1519,1311,208,3515,3515,3151,1314,1201.0,211500.0,46,104,81,90,332,350,132,59,11,59,60,32,8,0,66,34,113,22,10,13,853,1194,428,442,0.7482915717539863,0.2517084282460137,0.24733637747336376,0.7526636225266362,61,0.01728534995749504,0.2034139402560455,0.5692541856925418
42101017800,Census Tract 178; Philadelphia County; Pennsylvania,7039,3025,2682,991,1691,6871,2606,4265,2.56,2.63,2.52,,7035,2878,7039,955,2684,97,2340,2490,1774,314,0,159,40,2682,1080,6770,4460,1038,657,223,0,0,2539,2490,49,7035,7035,6619,2682,1037.0,108500.0,0,116,132,351,420,323,174,0,0,72,47,0,0,0,0,73,41,43,0,49,1213,1516,325,343,0.8866115702479339,0.11338842975206612,0.36950037285607756,0.6304996271439225,168,0.023867026566273618,0.40909737029140014,0.40268456375838924
42101031200,Census Tract 312; Philadelphia County; Pennsylvania,5345,1984,1897,735,1162,5345,2281,3064,2.82,3.1,2.64,60047.0,5345,1057,5345,404,3500,218,1187,2194,1208,122,0,107,511,1897,252,5141,3591,1052,571,249,44,48,3144,2354,790,5345,5345,5100,1897,1286.0,189000.0,82,268,227,179,163,66,213,37,9,2,53,19,11,16,23,30,66,50,12,25,989,1235,316,87,0.9561491935483871,0.043850806451612906,0.3874538745387454,0.6125461254612546,0,0.0,0.19775491113189897,0.13284132841328414
42101035601,Census Tract 356.01; Philadelphia County; Pennsylvania,5543,2427,2427,1591,836,5382,4205,1177,2.22,2.64,1.41,58165.0,5395,366,5543,3660,178,1078,573,2141,1614,58,0,0,204,2427,619,5543,4362,1105,1032,463,18,39,2264,2232,32,5395,5395,5489,2427,1369.0,343400.0,22,0,158,58,32,265,319,126,74,272,103,129,80,43,65,149,415,269,317,145,935,980,2061,0,1.0,0.0,0.6555418211784095,0.34445817882159047,161,0.029045643153526972,0.06784059314179797,0.2550473836011537
42101021900,Census Tract 219; Philadelphia County; Pennsylvania,1553,711,711,629,82,1549,1387,162,2.18,2.21,1.98,81750.0,1553,65,1553,1170,92,41,123,773,542,25,17,35,146,711,68,1519,1147,254,306,127,16,28,814,785,29,1553,1553,1512,711,1967.0,321900.0,29,47,39,8,12,60,67,101,25,15,61,19,19,7,32,37,49,24,43,7,317,363,338,0,1.0,0.0,0.8846694796061885,0.11533052039381153,4,0.0025756600128783,0.04185447520927238,0.09563994374120956
42101008101,Census Tract 81.01; Philadelphia County; Pennsylvania,2498,1337,1173,675,498,2498,1609,889,2.13,2.38,1.79,37356.0,2498,850,2498,190,2215,57,36,1033,283,262,0,16,323,1173,455,2441,1821,473,176,145,0,0,1315,1068,247,2498,2498,2346,1173,1545.0,123900.0,152,63,0,67,0,0,131,66,6,23,7,66,0,0,12,17,70,43,9,19,296,479,272,164,0.8773373223635004,0.12266267763649963,0.5754475703324808,0.42455242966751916,0,0.0,0.3402722177742194,0.3878942881500426
42101033300,Census Tract 333; Philadelphia County; Pennsylvania,4296,1832,1670,796,874,3764,2370,1394,2.25,2.98,1.59,59737.0,3776,554,4296,2129,770,323,556,1841,1119,275,0,9,327,1670,459,4258,3409,1143,615,295,26,0,2022,1856,166,3776,3776,4239,1670,1287.0,317000.0,38,35,79,83,19,97,278,0,50,60,135,85,24,76,42,90,248,126,99,201,650,629,1236,162,0.9115720524017468,0.08842794759825327,0.47664670658682634,0.5233532934131736,532,0.12383612662942271,0.14671610169491525,0.2748502994011976
42101007101,Census Tract 71.01; Philadelphia County; Pennsylvania,1867,1121,931,344,587,1792,652,1140,1.92,1.9,1.94,41627.0,1833,365,1867,101,1704,36,16,908,568,308,9,0,0,931,322,1807,1424,754,76,28,0,0,973,944,29,1833,1833,1795,931,1452.0,125000.0,41,0,62,9,31,23,10,59,16,57,15,19,10,0,9,63,55,74,18,37,219,235,373,190,0.8305084745762712,0.1694915254237288,0.3694951664876477,0.6305048335123523,75,0.04017139796464917,0.19912711402073105,0.3458646616541353
42101000806,Census Tract 8.06; Philadelphia County; Pennsylvania,2303,2073,1669,399,1270,2303,546,1757,1.38,1.37,1.38,151023.0,2303,305,2303,1593,160,277,225,1753,268,224,10,646,605,1669,1019,2303,2145,62,840,374,535,97,1778,1759,19,2303,2303,2303,1669,2454.0,366100.0,0,0,0,0,0,0,45,0,8,21,66,9,19,8,27,36,93,10,35,15,45,45,347,404,0.8051133622768933,0.1948866377231066,0.2390653085680048,0.7609346914319952,0,0.0,0.13243595310464612,0.6105452366686639
42101980904,Census Tract 9809.04; Philadelphia County; Pennsylvania,0,0,0,0,0,0,0,0,,,,,0,0,0,0,0,0,0,0,0,0,0,0,0,0,0,0,0,0,0,0,0,0,0,0,0,0,0,0,0,,,0,0,0,0,0,0,0,0,0,0,0,0,0,0,0,0,0,0,0,0,0,0,0,0,,,,,0,,,
42101037200,Census Tract 372; Philadelphia County; Pennsylvania,3902,1862,1691,1266,425,3873,2702,1171,2.29,2.13,2.76,72167.0,3902,481,3902,2078,60,992,420,1764,682,322,35,116,406,1691,344,3883,2781,716,544,108,68,0,1999,1862,137,3902,3902,3814,1691,1661.0,293100.0,59,129,123,127,29,159,121,102,26,235,77,52,29,53,19,64,139,59,26,60,728,849,839,171,0.9081632653061225,0.09183673469387756,0.7486694263749261,0.25133057362507394,29,0.00743208610968734,0.12327011788826243,0.2034299231224128
42101014700,Census Tract 147; Philadelphia County; Pennsylvania,3394,1705,1456,153,1303,3223,218,3005,2.21,1.42,2.31,26061.0,3223,2388,3394,1000,1294,274,488,1750,256,757,0,456,259,1456,618,3394,1101,253,122,134,0,0,2055,1804,251,3331,3331,3357,1456,1186.0,,37,0,239,35,0,153,69,109,10,0,0,0,0,0,0,0,62,0,0,0,548,642,72,249,0.853958944281525,0.14604105571847506,0.10508241758241758,0.8949175824175825,171,0.050383028874484384,0.7409246044058331,0.42445054945054944
42101015800,Census Tract 158; Philadelphia County; Pennsylvania,6770,3448,3320,1975,1345,6719,4551,2168,2.02,2.3,1.61,125625.0,6770,403,6770,5073,234,206,1018,4809,1781,664,215,403,1518,3320,267,6528,5503,645,2384,988,185,430,4935,4793,126,6754,6754,6439,3320,1947.0,412600.0,194,59,275,0,137,120,99,113,45,46,87,26,0,0,0,62,78,21,42,42,666,997,449,128,0.962877030162413,0.037122969837587005,0.5948795180722891,0.40512048192771083,51,0.007533234859675037,0.059527326440177254,0.08042168674698795
42101020300,Census Tract 203; Philadelphia County; Pennsylvania,2675,1460,1257,760,497,2584,1538,1046,2.06,2.02,2.1,48028.0,2627,535,2675,89,2452,23,60,1009,221,330,0,81,137,1257,530,2530,2050,1081,113,26,11,0,1207,1055,152,2627,2627,2462,1257,946.0,119400.0,213,0,0,0,0,0,102,47,43,34,84,0,57,0,20,128,52,65,99,104,170,362,686,203,0.8609589041095891,0.13904109589041097,0.6046141607000796,0.39538583929992044,91,0.034018691588785045,0.20365435858393605,0.4216388225934765
42101027300,Census Tract 273; Philadelphia County; Pennsylvania,5908,2479,2479,1413,1066,5908,3302,2606,2.38,2.34,2.44,48501.0,5908,922,5908,599,2941,1034,1111,2824,1413,620,0,251,168,2479,560,5785,4096,1429,433,106,0,18,3165,2893,272,5908,5908,5613,2479,1360.0,139600.0,73,43,49,60,222,215,550,209,15,40,61,72,0,0,105,205,70,169,38,139,1197,1421,914,0,1.0,0.0,0.5699878983461073,0.4300121016538927,0,0.0,0.15605958023019634,0.22589753933037515
42101028300,Census Tract 283; Philadelphia County; Pennsylvania,5915,2882,2566,1334,1232,5908,2391,3517,2.3,1.79,2.85,47594.0,5765,2405,5915,182,4246,304,1070,2241,699,935,0,117,355,2566,949,5830,3748,1431,429,178,0,5,2301,2241,60,5915,5915,5661,2566,965.0,158000.0,85,366,495,81,169,0,392,239,88,75,222,157,34,0,28,218,72,64,58,0,1449,1827,1016,316,0.890353920888272,0.10964607911172797,0.5198752922837101,0.48012470771628996,7,0.001183431952662722,0.417172593235039,0.36983632112236947
42101030200,Census Tract 302; Philadelphia County; Pennsylvania,7657,2892,2594,1582,1012,7632,5559,2073,2.94,3.51,2.05,47902.0,7657,1988,7657,1999,2906,648,1947,2605,1060,890,0,25,352,2594,618,7391,4932,2306,429,92,0,0,3362,2928,434,7657,7657,7321,2594,1127.0,170700.0,128,122,477,423,208,169,216,147,3,0,4,182,16,66,0,89,52,116,16,59,1591,1890,603,298,0.896957123098202,0.10304287690179806,0.6098689282960679,0.39013107170393213,25,0.0032649862870575944,0.2596317095468199,0.2382420971472629
42101031502,Census Tract 315.02; Philadelphia County; Pennsylvania,3671,1394,1327,688,639,3652,1907,1745,2.75,2.77,2.73,48587.0,3671,444,3671,1243,479,799,915,1458,905,221,0,101,39,1327,237,3540,2400,760,392,40,12,3,1749,1553,196,3671,3671,3380,1327,1591.0,238800.0,129,81,212,148,162,60,21,61,18,83,81,39,0,0,69,103,42,67,8,18,639,874,528,67,0.9519368723098995,0.04806312769010043,0.5184626978146194,0.48153730218538054,19,0.005175701443748297,0.12094797058022337,0.1785983421250942
42101001102,Census Tract 11.02; Philadelphia County; Pennsylvania,2811,1711,1565,739,826,2788,1484,1304,1.78,2.01,1.58,136161.0,2788,97,2811,2031,92,225,254,2081,302,293,90,612,767,1565,691,2720,2372,106,910,654,356,207,2100,2081,19,2811,2811,2641,1565,1767.0,724500.0,125,27,32,0,45,0,58,11,36,98,28,15,0,0,23,95,71,5,8,0,128,298,379,146,0.9146697837521917,0.0853302162478083,0.47220447284345046,0.5277955271565495,23,0.008182141586623977,0.03479196556671449,0.4415335463258786
42101002400,Census Tract 24; Philadelphia County; Pennsylvania,4710,2887,2631,1287,1344,4700,2424,2276,1.79,1.88,1.69,74663.0,4710,933,4710,3218,521,357,222,2912,611,607,322,423,858,2631,957,4635,3434,672,995,854,283,120,3121,2929,192,4710,4710,4525,2631,1724.0,502900.0,83,194,87,74,102,27,111,4,36,117,114,33,0,2,48,40,129,21,71,144,455,682,755,256,0.9113266366470385,0.08867336335296155,0.48916761687571264,0.5108323831242874,10,0.0021231422505307855,0.1980891719745223,0.3637400228050171
42101002802,Census Tract 28.02; Philadelphia County; Pennsylvania,5778,2522,2392,1626,766,5731,4131,1600,2.4,2.54,2.09,114500.0,5762,1214,5778,3156,14,1648,714,3160,1027,400,168,271,1041,2392,297,5525,4579,807,1424,716,312,177,3574,3302,272,5778,5778,5438,2392,1857.0,382200.0,75,115,49,30,265,0,160,64,44,57,85,29,19,77,88,104,69,31,235,73,385,758,911,130,0.9484536082474226,0.05154639175257732,0.6797658862876255,0.3202341137123746,47,0.008134302526825891,0.21069073238458869,0.12416387959866221
42101003200,Census Tract 32; Philadelphia County; Pennsylvania,4326,2190,1678,1131,547,4219,2613,1606,2.51,2.31,2.94,84107.0,4240,228,4326,1370,2091,201,478,2219,694,358,185,96,644,1678,638,4093,3148,727,735,329,107,47,2414,2299,115,4240,4240,3962,1678,1597.0,317000.0,117,56,113,14,247,120,179,108,0,68,32,0,0,0,63,29,115,45,32,24,600,954,408,512,0.7662100456621005,0.23378995433789954,0.6740166865315852,0.3259833134684148,107,0.02473416551086454,0.05377358490566038,0.3802145411203814
42101036303,Census Tract 363.03; Philadelphia County; Pennsylvania,6771,2457,2344,2166,178,6766,6387,379,2.89,2.95,2.13,103026.0,6771,604,6771,5084,507,343,588,3291,2111,103,0,33,335,2344,104,6538,4500,1599,772,284,18,0,3633,3459,174,6771,6771,6377,2344,1386.0,306500.0,226,234,574,84,168,207,226,151,0,48,109,66,40,86,17,66,100,235,51,103,1490,1870,921,113,0.954008954008954,0.04599104599104599,0.924061433447099,0.07593856655290103,5,0.000738443361394181,0.08920395805641708,0.04436860068259386
42101005400,Census Tract 54; Philadelphia County; Pennsylvania,1687,775,753,295,458,1676,693,983,2.23,2.35,2.15,59195.0,1687,438,1687,245,1301,114,27,625,295,182,0,0,27,753,201,1574,1116,128,224,189,24,11,781,648,133,1687,1687,1574,753,1403.0,263200.0,12,103,84,30,101,155,7,0,0,33,38,32,35,33,46,55,41,49,6,1,351,492,369,22,0.9716129032258064,0.02838709677419355,0.39176626826029215,0.6082337317397079,11,0.006520450503852994,0.25963248369887376,0.26693227091633465
42101007000,Census Tract 70; Philadelphia County; Pennsylvania,3733,1834,1617,556,1061,3733,1357,2376,2.31,2.44,2.24,39708.0,3733,779,3733,45,3211,0,281,1404,832,437,0,10,79,1617,554,3634,2358,1148,293,22,0,0,1530,1439,91,3733,3733,3424,1617,1409.0,132500.0,94,284,102,93,215,130,151,68,42,34,34,38,0,0,43,22,63,13,84,10,828,1137,383,217,0.8816793893129771,0.1183206106870229,0.3438466295609153,0.6561533704390847,0,0.0,0.20867934637021163,0.34260977118119973
42101007400,Census Tract 74; Philadelphia County; Pennsylvania,3632,2217,1908,751,1157,3614,1361,2253,1.89,1.81,1.95,27902.0,3624,1341,3632,486,2350,184,18,1273,416,379,13,113,352,1908,766,3469,2581,954,585,257,37,0,1484,1319,165,3632,3632,3469,1908,1477.0,156800.0,153,166,133,75,10,69,205,46,17,27,29,89,11,0,46,14,108,80,2,140,737,857,563,309,0.8606224627875507,0.13937753721244925,0.39360587002096437,0.6063941299790356,18,0.004955947136563877,0.37003311258278143,0.40146750524109015
42101017601,Census Tract 176.01; Philadelphia County; Pennsylvania,4435,2123,1773,634,1139,4415,1920,2495,2.49,3.03,2.19,22262.0,4435,2240,4435,163,210,0,4062,1156,482,349,0,125,60,1773,625,4228,2803,733,79,61,0,0,1410,1156,254,4435,4435,4228,1773,1032.0,75400.0,29,93,304,69,178,221,214,157,33,51,60,1,62,49,33,69,174,115,49,46,1087,1265,742,350,0.8351389543099388,0.16486104569006124,0.3575860124083474,0.6424139875916526,20,0.004509582863585118,0.5050732807215332,0.35250987027636776
42101008602,Census Tract 86.02; Philadelphia County; Pennsylvania,2667,1946,1466,366,1100,2643,905,1738,1.8,2.47,1.58,37167.0,2667,501,2667,835,1374,110,239,1723,351,818,33,170,336,1466,632,2652,2039,288,528,346,13,56,1962,1821,141,2667,2667,2586,1466,1393.0,647500.0,26,43,30,22,55,40,27,10,0,51,49,0,16,17,37,17,77,40,9,20,211,253,333,480,0.7533401849948612,0.24665981500513876,0.24965893587994542,0.7503410641200545,24,0.008998875140607425,0.18785151856017998,0.4311050477489768
42101009400,Census Tract 94; Philadelphia County; Pennsylvania,3685,2119,1759,431,1328,3684,814,2870,2.09,1.89,2.16,34977.0,3604,802,3685,17,3393,0,46,1551,551,645,0,130,173,1759,1100,3637,2577,1094,171,102,0,4,1701,1588,113,3685,3685,3475,1759,935.0,95700.0,118,116,151,53,92,38,256,0,30,119,94,49,21,0,31,74,115,71,18,65,633,824,687,360,0.8301085417649835,0.16989145823501653,0.2450255827174531,0.7549744172825469,1,0.000271370420624152,0.2225305216426193,0.625355315520182
42101009801,Census Tract 98.01; Philadelphia County; Pennsylvania,2534,1130,1018,552,466,2534,1777,757,2.49,3.22,1.62,78325.0,2534,183,2534,201,2141,58,41,1094,635,275,0,26,95,1018,260,2429,1529,302,284,83,0,46,1248,1203,45,2534,2534,2246,1018,1433.0,190500.0,188,29,73,53,100,65,204,31,10,25,0,19,18,4,0,73,89,39,15,0,419,743,292,112,0.9008849557522124,0.09911504424778761,0.5422396856581533,0.4577603143418468,0,0.0,0.07221783741120757,0.2554027504911591
42101010200,Census Tract 102; Philadelphia County; Pennsylvania,3225,1756,1537,505,1032,3225,1263,1962,2.1,2.5,1.9,22004.0,3188,1329,3225,24,3043,0,69,1047,473,505,0,22,9,1537,907,3071,2176,493,144,229,0,0,1153,1067,86,3225,3225,3007,1537,1033.0,86100.0,27,56,102,31,191,113,231,25,4,92,68,46,0,0,32,13,23,104,0,39,493,776,421,219,0.8752847380410023,0.12471526195899772,0.328562134027326,0.6714378659726741,0,0.0,0.4168757841907152,0.590110605074821
42101010900,Census Tract 109; Philadelphia County; Pennsylvania,2718,1371,1287,291,996,2697,572,2125,2.1,1.97,2.13,23525.0,2718,1276,2718,701,1748,200,17,1033,277,215,25,235,169,1287,551,2594,1431,497,141,157,24,84,1292,1053,239,2718,2718,2594,1287,1326.0,265800.0,49,116,91,77,75,226,83,58,4,21,0,59,0,0,14,14,60,10,10,42,624,775,234,84,0.9387308533916849,0.061269146608315096,0.2261072261072261,0.7738927738927739,21,0.00772626931567329,0.46946284032376745,0.4281274281274281
42101011100,Census Tract 111; Philadelphia County; Pennsylvania,3668,1948,1529,746,783,3650,1956,1694,2.39,2.62,2.16,48179.0,3668,1046,3668,65,3496,0,33,1083,425,320,0,139,66,1529,879,3639,2502,1230,12,79,16,0,1288,1165,123,3668,3668,3517,1529,984.0,90100.0,29,106,171,45,122,221,86,33,19,70,146,13,0,0,10,154,24,100,58,20,615,813,614,419,0.7849075975359343,0.21509240246406572,0.48790058862001306,0.5120994113799869,18,0.004907306434023991,0.2851690294438386,0.5748855461085677
42101011400,Census Tract 114; Philadelphia County; Pennsylvania,6361,3735,3408,1640,1768,6328,4244,2084,1.86,2.59,1.18,45444.0,6318,1025,6361,437,5801,0,80,3207,1509,679,0,98,452,3408,1534,6251,4461,1109,415,569,68,98,3794,3141,499,6207,6207,6127,3408,1158.0,195800.0,55,58,242,68,179,176,202,308,242,45,87,62,41,16,66,141,150,36,47,14,1193,1288,947,327,0.9124497991967871,0.08755020080321285,0.4812206572769953,0.5187793427230047,33,0.0051878635434680085,0.16223488445710668,0.45011737089201875
42101012000,Census Tract 120; Philadelphia County; Pennsylvania,1820,751,639,257,382,1268,670,598,1.98,2.61,1.57,59609.0,1272,139,1820,617,668,164,153,842,298,167,0,95,257,639,140,1778,1165,200,246,288,67,30,987,883,104,1818,1818,1762,639,1404.0,363300.0,41,0,7,6,17,0,12,6,31,25,14,18,0,0,7,30,8,37,33,27,36,89,230,112,0.8508655126498003,0.14913448735019974,0.40219092331768386,0.5978090766823161,552,0.3032967032967033,0.10927672955974843,0.2190923317683881
42101013100,Census Tract 131; Philadelphia County; Pennsylvania,1657,929,826,208,618,1640,452,1188,1.99,2.17,1.92,32004.0,1657,631,1657,562,731,99,201,949,308,282,8,105,192,826,351,1622,1245,221,345,233,12,69,1027,949,78,1657,1657,1622,826,1090.0,365600.0,35,16,15,7,0,0,70,18,15,0,31,13,2,17,23,29,165,56,13,12,154,161,376,103,0.8891280947255114,0.1108719052744887,0.25181598062953997,0.7481840193704601,17,0.010259505129752565,0.38080869040434523,0.42493946731234866
42101013402,Census Tract 134.02; Philadelphia County; Pennsylvania,2770,2018,1700,454,1246,2765,981,1784,1.63,2.16,1.43,99295.0,2770,419,2770,2264,64,91,198,1890,504,191,98,257,752,1700,529,2683,2178,101,757,434,279,307,2030,1890,140,2770,2770,2683,1700,1753.0,741700.0,0,23,0,0,87,0,0,13,82,73,0,49,23,0,36,19,66,40,0,15,36,123,403,318,0.8424182358771061,0.15758176412289396,0.26705882352941174,0.7329411764705882,5,0.0018050541516245488,0.1512635379061372,0.3111764705882353
42101013602,Census Tract 136.02; Philadelphia County; Pennsylvania,3769,2025,1966,1064,902,3765,2182,1583,1.92,2.05,1.75,122405.0,3769,72,3769,3098,148,127,258,2772,882,276,233,220,1013,1966,412,3598,3056,89,1006,1009,416,138,2862,2812,50,3769,3769,3509,1966,1861.0,468300.0,147,51,64,6,113,71,49,7,23,26,48,17,36,17,104,12,43,95,18,7,222,508,446,59,0.9708641975308642,0.029135802469135802,0.5412004069175992,0.4587995930824008,4,0.0010612894667020429,0.019103210400636773,0.20956256358087488
42101037700,Census Tract 377; Philadelphia County; Pennsylvania,5611,2120,1850,236,1614,4186,444,3742,2.26,1.88,2.32,21959.0,4191,2432,5611,1795,2612,265,649,1856,338,365,187,359,316,1850,1113,5577,2094,653,249,106,0,60,2311,1990,321,5611,5611,5517,1850,1170.0,241500.0,34,234,124,58,60,194,151,142,0,122,0,27,0,0,0,17,50,39,0,64,877,997,319,270,0.8726415094339622,0.12735849056603774,0.12756756756756757,0.8724324324324324,1425,0.2539654250579219,0.5802910999761394,0.6016216216216216
42101016400,Census Tract 164; Philadelphia County; Pennsylvania,4012,1921,1765,680,1085,4007,1685,2322,2.27,2.48,2.14,34324.0,4012,1480,4012,174,1398,136,2232,1332,395,311,39,0,132,1765,895,3935,2537,969,103,69,0,0,1536,1370,166,4012,4012,3700,1765,1031.0,183600.0,185,254,150,122,127,68,202,98,0,0,38,0,0,0,75,15,173,37,11,110,804,1206,459,156,0.9187922956793336,0.08120770432066632,0.38526912181303113,0.6147308781869688,5,0.0012462612163509472,0.36889332003988035,0.5070821529745042
42101016902,Census Tract 169.02; Philadelphia County; Pennsylvania,4083,2384,1909,1041,868,4082,2142,1940,2.14,2.06,2.24,23458.0,4083,2056,4083,92,3661,0,90,1274,215,416,0,0,325,1909,590,3951,3034,1033,183,183,52,0,1552,1274,278,4083,4083,3695,1909,848.0,84500.0,189,145,113,164,199,173,25,0,59,38,98,23,0,0,183,53,84,0,22,171,475,1008,731,475,0.800755033557047,0.19924496644295303,0.5453116815086433,0.4546883184913567,1,0.0002449179524859172,0.5035513103110458,0.30906233630172864
42101017100,Census Tract 171; Philadelphia County; Pennsylvania,3953,2004,1806,890,916,3953,1856,2097,2.19,2.09,2.29,22399.0,3953,1516,3953,208,3378,90,257,1298,516,324,149,25,193,1806,598,3496,2611,1409,163,55,0,32,1838,1455,383,3953,3953,3459,1806,1150.0,101900.0,239,67,77,61,255,108,193,43,51,7,25,54,37,34,20,85,132,121,85,15,599,1043,666,198,0.9011976047904192,0.09880239520958084,0.49280177187153934,0.5071982281284607,0,0.0,0.3835061978244371,0.33111849390919157
42101038200,Census Tract 382; Philadelphia County; Pennsylvania,2931,1426,1263,938,325,2922,1817,1105,2.31,1.94,3.4,44293.0,2908,331,2931,1427,291,36,1162,1145,338,301,0,49,134,1263,435,2744,2021,792,188,58,65,0,1238,1179,59,2931,2931,2683,1263,1346.0,119100.0,121,176,39,11,127,51,79,2,104,13,49,144,14,0,0,138,46,98,0,36,261,606,642,163,0.8856942496493688,0.11430575035063113,0.7426761678543151,0.2573238321456849,9,0.0030706243602865915,0.11382393397524071,0.34441805225653205
42101019200,Census Tract 192; Philadelphia County; Pennsylvania,7885,2844,2633,1458,1175,7872,5030,2842,2.99,3.45,2.42,22229.0,7884,2550,7885,833,1237,95,5714,1958,1103,179,0,145,418,2633,710,6971,4500,1094,192,2,0,0,2067,1958,109,7885,7885,6925,2633,1207.0,95700.0,641,461,243,284,319,267,440,239,214,0,172,29,109,0,0,26,370,136,87,0,2057,2894,1143,211,0.9258087201125176,0.07419127988748242,0.5537409798708697,0.44625902012913027,13,0.001648700063411541,0.3234398782343988,0.26965438663121916
42101020101,Census Tract 201.01; Philadelphia County; Pennsylvania,4311,2382,2073,575,1498,4218,1149,3069,2.03,2.0,2.05,28190.0,4256,1312,4311,81,3452,30,642,1461,339,409,42,42,313,2073,991,4049,2893,993,185,204,46,34,1581,1472,109,4309,4309,3860,2073,986.0,187200.0,387,282,30,35,64,189,143,35,5,102,94,170,0,3,61,49,325,102,57,93,707,1165,1061,309,0.8702770780856424,0.1297229219143577,0.2773757838880849,0.7226242161119151,93,0.021572720946416143,0.3082706766917293,0.4780511336227689
42101020900,Census Tract 209; Philadelphia County; Pennsylvania,2973,1527,1366,728,638,2959,1647,1312,2.17,2.26,2.06,99741.0,2963,235,2973,2142,243,184,278,1935,1186,150,0,98,471,1366,106,2939,2434,208,1071,414,134,146,2134,1937,197,2963,2963,2931,1366,1743.0,422000.0,40,67,70,19,2,84,35,43,21,22,42,25,22,6,27,12,36,19,32,0,318,360,264,161,0.8945645055664702,0.1054354944335298,0.5329428989751098,0.4670571010248902,14,0.004709048099562731,0.07931150860614242,0.07759882869692533
42101021700,Census Tract 217; Philadelphia County; Pennsylvania,6235,2879,2807,1839,968,6215,4761,1454,2.21,2.59,1.5,88791.0,6225,804,6235,4428,1100,23,476,3252,2089,151,0,81,806,2807,136,5983,4361,913,1165,665,170,115,3473,3295,178,6225,6225,5915,2807,1695.0,356300.0,152,297,171,59,168,226,151,283,27,108,119,25,166,92,85,143,136,59,177,103,1148,1507,1240,72,0.9749913164293157,0.025008683570684264,0.6551478446740292,0.3448521553259708,20,0.0032076984763432237,0.1291566265060241,0.04845030281439259
42101023700,Census Tract 237; Philadelphia County; Pennsylvania,5298,2565,2425,887,1538,5063,2479,2584,2.09,2.79,1.68,81615.0,5109,519,5298,1679,2579,78,486,2201,854,477,0,37,728,2425,539,5214,3863,884,732,973,398,94,2358,2216,142,5109,5109,5152,2425,1279.0,529700.0,91,166,148,156,55,240,299,114,71,0,191,80,62,8,155,35,174,238,58,77,1082,1269,1149,140,0.9454191033138402,0.05458089668615984,0.36577319587628865,0.6342268041237114,235,0.044356360890902224,0.10158543746330007,0.2222680412371134
42101024900,Census Tract 249; Philadelphia County; Pennsylvania,3476,1356,1126,729,397,3440,2398,1042,3.06,3.29,2.62,32083.0,3476,1329,3476,8,3162,0,110,746,381,129,0,31,205,1126,372,3045,1913,788,123,117,0,45,957,769,188,3476,3476,2857,1126,1211.0,191800.0,327,157,103,202,292,77,58,126,0,0,7,34,0,27,89,33,55,97,99,30,697,1342,471,230,0.8303834808259587,0.1696165191740413,0.6474245115452931,0.35257548845470693,36,0.010356731875719217,0.3823360184119678,0.33037300177619894
42101025300,Census Tract 253; Philadelphia County; Pennsylvania,4055,2247,1990,1241,749,4055,2541,1514,2.04,2.05,2.02,67404.0,4055,269,4055,510,3069,29,232,2219,1534,199,0,19,273,1990,448,3998,3044,853,555,495,3,43,2464,2231,233,4055,4055,3949,1990,1322.0,248800.0,49,51,229,56,57,231,121,25,23,8,0,20,7,7,22,121,60,39,24,46,627,819,377,257,0.8856252781486427,0.11437472185135737,0.6236180904522614,0.3763819095477387,0,0.0,0.06633785450061652,0.22512562814070353
42101026500,Census Tract 265; Philadelphia County; Pennsylvania,4727,1887,1800,1381,419,4725,4061,664,2.63,2.94,1.58,46357.0,4581,1121,4727,331,4082,14,99,1929,760,688,0,113,282,1800,566,4559,3268,1235,444,86,0,0,2364,1956,408,4727,4727,4526,1800,1581.0,163200.0,147,0,226,69,54,294,191,56,23,68,72,16,78,53,34,64,100,100,80,62,816,1037,750,87,0.9538950715421304,0.046104928457869634,0.7672222222222222,0.23277777777777778,2,0.0004231013327691982,0.24470639598340974,0.31444444444444447
42101026600,Census Tract 266; Philadelphia County; Pennsylvania,6324,2858,2746,2333,413,6318,5448,870,2.3,2.34,2.11,66077.0,6324,757,6324,118,5844,162,2,3176,1526,462,214,46,460,2746,584,6146,4511,1637,460,506,0,59,3210,3176,34,6324,6324,6104,2746,1629.0,194500.0,42,29,255,299,178,211,155,196,22,116,127,38,27,172,19,110,307,83,92,118,1149,1365,1231,112,0.960811756473058,0.03918824352694192,0.8495994173343044,0.15040058266569556,6,0.0009487666034155598,0.11970271979759646,0.21267297887836853
42101027402,Census Tract 274.02; Philadelphia County; Pennsylvania,6731,2626,2423,2330,93,6726,6240,486,2.78,2.68,5.23,86958.0,6731,711,6731,448,4699,397,952,3283,1633,386,0,0,476,2423,519,6731,4751,1085,69,613,0,216,3978,3524,454,6731,6731,6603,2423,,151500.0,79,202,468,71,49,178,169,412,1,0,142,74,0,0,28,194,81,31,0,152,1204,1628,703,203,0.9226961157654227,0.0773038842345773,0.961617829137433,0.03838217086256707,5,0.0007428316743425939,0.10563066409151686,0.2141972761040033
42101028400,Census Tract 284; Philadelphia County; Pennsylvania,3328,1474,1434,852,582,3323,1516,1807,2.32,1.78,3.1,32538.0,3328,1486,3328,109,2755,29,372,1294,271,506,0,0,80,1434,437,3221,2304,750,197,37,0,0,1505,1311,194,3328,3328,3221,1434,1193.0,150800.0,107,89,181,58,0,91,28,203,21,47,81,76,33,0,39,192,139,125,16,18,733,757,787,40,0.9728629579375848,0.027137042062415198,0.5941422594142259,0.40585774058577406,5,0.0015024038461538462,0.4465144230769231,0.30474198047419804
42101028800,Census Tract 288; Philadelphia County; Pennsylvania,4286,1709,1630,1229,401,4286,3240,1046,2.63,2.64,2.61,62900.0,4286,596,4286,332,978,266,2575,2125,1338,382,0,19,88,1630,377,4165,2938,1071,297,111,0,30,2433,2125,308,4286,4286,4059,1630,1040.0,147500.0,63,34,34,123,164,284,97,67,0,0,0,28,0,50,236,57,112,32,22,0,446,866,537,79,0.9537741369221767,0.04622586307782329,0.7539877300613497,0.2460122699386503,0,0.0,0.13905739617358842,0.2312883435582822
42101030502,Census Tract 305.02; Philadelphia County; Pennsylvania,6564,2007,1796,1378,418,6559,5149,1410,3.65,3.74,3.37,50411.0,6534,1861,6564,586,1878,467,1913,2282,1429,276,0,0,145,1796,303,5512,3148,1237,184,113,0,0,2641,2435,206,6564,6564,5400,1796,1296.0,194800.0,459,141,374,197,705,380,468,97,42,63,104,10,9,23,28,43,46,46,76,0,1163,2821,490,211,0.8948679621325362,0.10513203786746388,0.767260579064588,0.23273942093541203,5,0.0007617306520414382,0.28481787572696665,0.16870824053452116
42101030501,Census Tract 305.01; Philadelphia County; Pennsylvania,4529,1926,1806,1108,698,4523,2910,1613,2.5,2.63,2.31,48846.0,4529,1143,4529,191,2238,239,1652,1744,989,385,0,0,136,1806,448,4076,2893,877,194,140,15,43,2121,1912,209,4529,4529,3895,1806,1327.0,157200.0,372,224,32,93,262,56,152,122,0,49,56,24,7,18,17,33,75,20,33,0,620,1313,332,120,0.9376947040498442,0.06230529595015576,0.6135105204872646,0.3864894795127353,6,0.0013247957606535659,0.2523735924045043,0.24806201550387597
42101031402,Census Tract 314.02; Philadelphia County; Pennsylvania,6124,1835,1779,960,819,6119,2933,3186,3.44,3.06,3.89,60625.0,6124,1470,6124,832,761,1879,1317,2233,1102,223,34,88,123,1779,381,5650,3662,1091,273,111,41,0,2497,2396,101,6124,6124,5438,1779,1550.0,209000.0,226,249,290,68,460,154,478,61,115,237,117,55,2,42,51,28,301,69,25,13,1137,1986,1055,56,0.9694822888283379,0.030517711171662125,0.5396290050590219,0.46037099494097805,5,0.0008164598301763554,0.24003919007184846,0.21416526138279932
42101032300,Census Tract 323; Philadelphia County; Pennsylvania,4158,1667,1593,717,876,4156,1750,2406,2.61,2.44,2.75,48906.0,4158,1355,4158,1401,1254,162,1124,1715,1041,167,0,14,172,1593,650,4030,2623,1321,190,35,15,0,1948,1715,233,4158,4158,3737,1593,899.0,168100.0,265,143,99,35,156,116,281,0,89,129,20,82,0,0,42,55,121,0,15,52,572,1095,605,74,0.9556088782243551,0.04439112177564487,0.4500941619585687,0.5499058380414312,2,0.000481000481000481,0.3258778258778259,0.40803515379786565
42101033101,Census Tract 331.01; Philadelphia County; Pennsylvania,4969,1883,1703,1247,456,4969,3677,1292,2.92,2.95,2.83,60035.0,4969,1648,4969,1761,954,976,1004,1944,1428,118,17,33,159,1703,271,4555,2938,1055,328,175,11,33,2079,1981,98,4969,4969,4472,1703,1541.0,239600.0,167,158,241,392,330,370,7,120,35,50,204,22,21,0,56,37,15,41,47,16,1246,1785,544,180,0.9044078597981944,0.09559214020180563,0.7322372284204345,0.26776277157956546,0,0.0,0.33165626886697525,0.1591309453904874
42101033500,Census Tract 335; Philadelphia County; Pennsylvania,4262,1591,1560,703,857,4250,1895,2355,2.72,2.7,2.75,47575.0,4196,1076,4262,1277,912,854,427,1905,1029,178,0,138,155,1560,304,4007,2633,687,416,99,7,11,2070,1905,165,4262,4262,3815,1560,1212.0,283400.0,284,102,280,156,163,123,178,55,25,41,52,0,27,6,23,51,130,11,5,16,852,1341,387,31,0.9805153991200503,0.01948460087994972,0.45064102564102565,0.5493589743589744,12,0.0028155795401220087,0.25643469971401334,0.19487179487179487
42101033701,Census Tract 337.01; Philadelphia County; Pennsylvania,6134,2550,2374,834,1540,6073,2257,3816,2.56,2.71,2.48,53523.0,6084,1228,6134,2308,1833,1095,754,2848,1904,147,0,167,335,2374,589,5968,4128,1374,726,224,25,40,3089,2873,216,6084,6084,5902,2374,1248.0,277000.0,171,308,188,228,61,130,418,133,60,83,95,14,60,25,82,224,41,78,121,105,1284,1637,988,176,0.9309803921568628,0.06901960784313725,0.35130581297388375,0.6486941870261163,61,0.009944571242256277,0.20184089414858647,0.2481044650379107
42101033800,Census Tract 338; Philadelphia County; Pennsylvania,6142,2632,2504,1506,998,6123,4716,1407,2.45,3.13,1.41,65142.0,6142,848,6142,3432,623,580,1181,2869,1793,179,17,0,371,2504,424,5948,4409,1678,645,219,88,20,3109,2980,129,6142,6142,5692,2504,1096.0,247800.0,298,226,102,96,152,185,156,0,84,85,277,55,75,44,227,96,108,112,159,41,708,1215,1363,128,0.9513677811550152,0.0486322188449848,0.6014376996805112,0.3985623003194888,19,0.0030934549006838164,0.13806577661999347,0.16932907348242812
42101034400,Census Tract 344; Philadelphia County; Pennsylvania,8023,3093,3035,2855,180,7799,7490,309,2.57,2.62,1.72,130353.0,7786,554,8023,5362,215,1316,916,4252,2866,471,0,39,394,3035,173,7970,6191,1497,1275,1178,133,75,4504,4367,137,7829,7829,7904,3035,1568.0,376200.0,87,148,148,59,32,115,393,334,131,259,232,89,148,100,152,285,208,200,54,127,1275,1316,1985,58,0.9812479793081151,0.0187520206918849,0.9406919275123559,0.05930807248764415,224,0.027919730774024678,0.07115335217056255,0.05700164744645799
42101034701,Census Tract 347.01; Philadelphia County; Pennsylvania,8066,2650,2650,2056,594,8055,6299,1756,3.04,3.06,2.96,84767.0,8066,824,8066,3856,943,940,2026,3663,2456,53,0,136,602,2650,238,7924,5607,1543,1080,813,139,28,3928,3868,60,8066,8066,7718,2650,1704.0,278900.0,272,219,173,182,76,86,665,69,112,235,347,172,0,13,72,188,106,21,73,24,1518,1742,1363,0,1.0,0.0,0.7758490566037736,0.2241509433962264,11,0.0013637490701710886,0.10215720307463427,0.08981132075471698
42101034900,Census Tract 349; Philadelphia County; Pennsylvania,5910,2292,2257,1286,971,5893,3710,2183,2.61,2.88,2.25,54144.0,5896,1464,5910,1796,2082,605,861,2033,1315,162,0,53,230,2257,659,5829,3899,1174,461,533,0,19,2118,2064,54,5910,5910,5731,2257,1118.0,228300.0,119,77,442,262,60,65,286,139,0,157,19,47,28,95,66,92,214,37,65,166,1438,1450,986,35,0.9847294938917975,0.015270506108202443,0.5697828976517502,0.4302171023482499,17,0.002876480541455161,0.24830393487109906,0.2919805050952592
42101035200,Census Tract 352; Philadelphia County; Pennsylvania,4548,2202,2202,1725,477,4289,3572,717,1.95,2.07,1.5,76287.0,4333,331,4548,3422,187,473,307,2117,1294,276,0,78,387,2202,173,4451,3538,1343,624,222,179,35,2337,2150,187,4548,4548,4411,2202,1340.0,314800.0,67,99,72,12,70,73,100,119,126,207,162,52,52,45,86,215,159,108,73,78,489,612,1363,0,1.0,0.0,0.7833787465940054,0.21662125340599456,259,0.056948109058927,0.0763904915762751,0.07856494096276112
42101036100,Census Tract 361; Philadelphia County; Pennsylvania,3916,1615,1540,1152,388,3902,2968,934,2.53,2.58,2.41,84932.0,3916,165,3916,2733,488,122,505,2073,1699,32,0,97,135,1540,112,3649,2587,732,311,105,13,88,2237,2076,161,3916,3916,3591,1540,1737.0,330800.0,174,244,99,0,151,110,40,147,6,54,88,19,29,0,31,41,20,50,77,58,640,965,473,75,0.9535603715170279,0.04643962848297214,0.7480519480519481,0.2519480519480519,14,0.003575076608784474,0.042134831460674156,0.07272727272727272
42101036301,Census Tract 363.01; Philadelphia County; Pennsylvania,3952,1560,1471,1115,356,3952,2985,967,2.69,2.68,2.72,112514.0,3952,225,3952,2524,316,628,465,1897,1295,79,0,30,257,1471,56,3895,2983,795,853,162,0,0,2070,1931,139,3952,3952,3803,1471,1422.0,300900.0,85,109,113,110,64,53,148,58,56,84,54,6,226,0,26,20,77,35,55,184,592,740,823,89,0.9429487179487179,0.05705128205128205,0.7579877634262406,0.24201223657375934,0,0.0,0.056933198380566805,0.038069340584636305
42101036203,Census Tract 362.03; Philadelphia County; Pennsylvania,4722,1865,1794,1594,200,4722,4425,297,2.63,2.78,1.49,77656.0,4722,390,4722,3869,207,338,246,2320,1799,101,0,11,181,1794,240,4576,3576,1275,770,123,59,0,2440,2373,67,4722,4722,4392,1794,1109.0,301100.0,217,108,224,54,113,102,81,85,82,94,71,35,58,57,95,75,120,112,95,78,664,984,972,71,0.9619302949061662,0.03806970509383378,0.8885172798216276,0.11148272017837235,0,0.0,0.08259212198221093,0.13377926421404682
42101001002,Census Tract 10.02; Philadelphia County; Pennsylvania,3759,2744,2429,1533,896,3658,2501,1157,1.51,1.63,1.29,117270.0,3697,359,3759,2850,141,611,65,2105,547,240,34,408,824,2429,879,3645,3275,217,1171,413,768,299,2158,2105,53,3697,3697,3632,2429,1929.0,523000.0,43,51,13,24,84,15,52,0,75,120,201,138,17,130,33,168,238,123,59,47,140,282,1349,315,0.8852040816326531,0.11479591836734694,0.6311239193083573,0.3688760806916426,101,0.026868848097898378,0.09710576142818501,0.3618773157678057
42101001001,Census Tract 10.01; Philadelphia County; Pennsylvania,2726,1965,1711,970,741,2726,1510,1216,1.59,1.56,1.64,107458.0,2726,220,2726,2396,34,160,53,1458,345,139,7,409,465,1711,695,2671,2414,129,1035,346,397,215,1584,1506,78,2726,2726,2664,1711,2182.0,490100.0,22,33,13,0,40,8,36,9,22,49,63,118,95,121,82,39,223,202,107,101,84,161,1222,254,0.870737913486005,0.1292620865139949,0.5669199298655757,0.4330800701344243,0,0.0,0.08070432868672046,0.40619520748100524
42101000803,Census Tract 8.03; Philadelphia County; Pennsylvania,3947,2825,2507,1036,1471,3942,1756,2186,1.57,1.69,1.49,104268.0,3946,458,3947,3119,32,294,94,2499,322,192,87,997,759,2507,1323,3947,3450,125,1308,729,641,191,2701,2537,164,3947,3947,3947,2507,1884.0,659000.0,0,1,56,20,0,73,0,21,59,94,42,216,31,34,35,63,123,188,152,74,170,171,1111,318,0.8874336283185841,0.11256637168141594,0.4132429198244914,0.5867570801755085,5,0.001266784899923993,0.11606690319310695,0.5277223773434384
42101980200,Census Tract 9802; Philadelphia County; Pennsylvania,68,12,12,12,0,33,33,0,2.75,2.75,,,62,29,68,35,0,3,30,15,15,0,0,0,0,12,0,50,44,0,8,30,0,6,23,15,8,68,68,50,12,,,18,0,0,0,0,6,0,0,0,0,0,0,0,0,0,8,8,0,6,7,6,24,29,0,1.0,0.0,1.0,0.0,35,0.5147058823529411,0.46774193548387094,0.0
42101012203,Census Tract 122.03; Philadelphia County; Pennsylvania,969,907,816,0,816,968,0,968,1.19,,1.19,72429.0,969,196,969,304,278,176,96,701,346,95,0,53,178,816,98,969,731,82,311,34,174,13,754,669,53,937,937,969,816,2127.0,,0,0,0,0,0,0,0,0,0,1,0,0,0,3,0,0,37,0,0,1,0,0,42,91,0.8996692392502756,0.10033076074972437,0.0,1.0,1,0.0010319917440660474,0.20227038183694532,0.12009803921568628
42101036000,Census Tract 360; Philadelphia County; Pennsylvania,3200,1296,1238,759,479,2825,2166,659,2.28,2.85,1.38,49219.0,2825,528,3200,1591,511,787,137,1150,706,65,0,71,187,1238,115,3135,2522,627,560,252,45,46,1300,1193,107,2825,2825,3019,1238,1077.0,376000.0,105,50,42,25,76,53,25,76,39,68,111,130,52,77,57,49,76,152,44,195,305,452,1050,58,0.9552469135802469,0.044753086419753084,0.6130856219709209,0.3869143780290792,375,0.1171875,0.18690265486725663,0.09289176090468497
42101009500,Census Tract 95; Philadelphia County; Pennsylvania,3758,1797,1428,652,776,3758,1399,2359,2.63,2.15,3.04,30189.0,3758,1462,3758,22,3503,18,215,1429,638,450,0,46,94,1428,729,3590,2096,860,233,17,22,0,1579,1429,150,3758,3758,3328,1428,1222.0,93300.0,237,278,155,71,193,216,0,46,38,5,12,17,0,19,31,3,53,85,40,41,840,1196,344,369,0.7946577629382304,0.20534223706176963,0.4565826330532213,0.5434173669467787,0,0.0,0.38903672166045766,0.5105042016806722
42101010500,Census Tract 105; Philadelphia County; Pennsylvania,4044,1773,1517,322,1195,3406,707,2699,2.25,2.2,2.26,37677.0,3425,1271,4044,151,3489,102,193,1045,677,186,0,1,112,1517,560,3971,2694,784,499,110,12,0,1305,1230,75,3425,3425,3893,1517,850.0,183300.0,48,150,256,203,103,53,157,86,191,80,126,60,30,39,28,123,179,71,61,111,844,1056,1099,256,0.8556119571347998,0.14438804286520024,0.2122610415293342,0.7877389584706658,638,0.15776458951533134,0.3710948905109489,0.3691496374423204
42101024100,Census Tract 241; Philadelphia County; Pennsylvania,1488,776,720,164,556,1244,498,746,1.73,3.04,1.34,,1320,277,1488,353,908,0,48,695,138,225,21,8,216,720,340,1468,1314,266,249,156,18,12,709,695,14,1320,1320,1468,720,888.0,437900.0,0,22,0,47,20,14,0,0,8,29,7,15,31,37,16,60,66,165,37,27,83,103,498,56,0.9278350515463918,0.07216494845360824,0.22777777777777777,0.7722222222222223,244,0.1639784946236559,0.20984848484848484,0.4722222222222222
42101013601,Census Tract 136.01; Philadelphia County; Pennsylvania,2546,1561,1521,1000,521,2546,1746,800,1.67,1.75,1.54,114583.0,2536,178,2546,2020,126,152,139,1741,374,223,139,102,840,1521,444,2472,2293,90,960,643,246,173,1858,1775,83,2546,2546,2437,1521,2033.0,461600.0,55,0,37,4,54,56,4,26,68,60,16,32,10,0,15,41,86,41,72,17,118,236,458,40,0.974375400384369,0.025624599615631006,0.6574621959237343,0.3425378040762656,0,0.0,0.07018927444794952,0.29191321499013806
42101038100,Census Tract 381; Philadelphia County; Pennsylvania,702,340,315,115,200,683,236,447,2.17,2.05,2.24,39059.0,702,144,702,299,134,0,153,321,210,54,0,0,6,315,66,666,521,179,22,19,8,0,372,321,51,702,702,651,315,1566.0,177200.0,36,25,0,7,15,24,50,16,1,0,15,0,0,0,0,21,9,0,0,0,93,173,46,25,0.9264705882352942,0.07352941176470588,0.36507936507936506,0.6349206349206349,19,0.027065527065527065,0.20512820512820512,0.20952380952380953
42101989300,Census Tract 9893; Philadelphia County; Pennsylvania,453,0,0,0,0,0,0,0,,,,,0,0,453,148,267,0,30,0,0,0,0,0,0,0,0,453,407,123,12,0,0,0,0,0,0,0,0,453,0,,,0,0,0,0,0,0,0,0,9,0,0,0,0,0,0,0,0,0,0,0,0,0,9,0,,,,,453,1.0,,
42101004104,Census Tract 41.04; Philadelphia County; Pennsylvania,3622,1444,1407,748,659,3622,2061,1561,2.57,2.76,2.37,62827.0,3622,503,3622,1415,468,1023,658,1625,473,375,82,133,327,1407,578,3416,2696,896,638,223,0,4,1869,1625,244,3622,3622,3404,1407,1394.0,215700.0,160,245,13,110,58,63,105,35,19,60,20,25,22,0,18,0,111,72,43,48,558,789,438,37,0.974376731301939,0.025623268698060944,0.5316275764036958,0.4683724235963042,0,0.0,0.13887355052457206,0.4108031272210377
42101013702,Census Tract 137.02; Philadelphia County; Pennsylvania,3924,2113,1938,1043,895,3877,1933,1944,2.0,1.85,2.17,74125.0,3924,1290,3924,1387,1989,57,282,2091,817,235,67,123,702,1938,735,3748,2715,634,765,508,75,59,2327,2091,236,3924,3924,3715,1938,1678.0,314500.0,101,30,135,52,108,56,147,276,0,0,58,0,0,59,0,90,80,26,12,160,696,905,485,175,0.9171793658305727,0.08282063416942735,0.5381836945304438,0.46181630546955627,47,0.011977573904179408,0.3287461773700306,0.37925696594427244
42101980901,Census Tract 9809.01; Philadelphia County; Pennsylvania,0,0,0,0,0,0,0,0,,,,,0,0,0,0,0,0,0,0,0,0,0,0,0,0,0,0,0,0,0,0,0,0,0,0,0,0,0,0,0,,,0,0,0,0,0,0,0,0,0,0,0,0,0,0,0,0,0,0,0,0,0,0,0,0,,,,,0,,,
42101001203,Census Tract 12.03; Philadelphia County; Pennsylvania,1725,1169,1069,334,735,1718,707,1011,1.61,2.12,1.38,114375.0,1718,92,1725,1354,37,143,129,1239,148,114,68,314,595,1069,495,1711,1569,27,772,485,112,108,1347,1239,108,1718,1718,1711,1069,1999.0,1421900.0,0,44,33,0,14,0,27,14,16,2,19,10,26,1,9,38,52,0,1,0,118,132,174,100,0.9144568006843456,0.0855431993156544,0.3124415341440599,0.6875584658559402,7,0.004057971014492754,0.05355064027939464,0.4630495790458372
42101980701,Census Tract 9807.01; Philadelphia County; Pennsylvania,0,0,0,0,0,0,0,0,,,,,0,0,0,0,0,0,0,0,0,0,0,0,0,0,0,0,0,0,0,0,0,0,0,0,0,0,0,0,0,,,0,0,0,0,0,0,0,0,0,0,0,0,0,0,0,0,0,0,0,0,0,0,0,0,,,,,0,,,
42101039100,Census Tract 391; Philadelphia County; Pennsylvania,2152,1207,985,171,814,2152,325,1827,2.18,1.9,2.24,33328.0,2152,1100,2152,0,1985,0,64,838,282,373,0,0,170,985,584,2098,1320,572,13,36,0,0,907,853,54,2152,2152,1988,985,361.0,107600.0,110,67,90,48,54,98,15,135,23,0,10,0,0,0,33,10,4,12,16,0,457,617,108,222,0.816072908036454,0.18392709196354598,0.1736040609137056,0.8263959390862944,0,0.0,0.5111524163568774,0.5928934010152285
42101000901,Census Tract 9.01; Philadelphia County; Pennsylvania,2000,1855,1571,211,1360,1952,235,1717,1.24,1.11,1.26,51662.0,2000,535,2000,970,489,241,147,1498,157,336,73,495,410,1571,1212,2000,1587,8,576,389,211,84,1626,1488,128,1990,1990,1981,1571,1434.0,344200.0,0,12,0,0,19,0,0,16,49,12,5,39,0,55,20,47,35,0,0,0,28,47,262,284,0.846900269541779,0.15309973045822103,0.1343093570973902,0.8656906429026098,48,0.024,0.2675,0.7714831317632082
42101001400,Census Tract 14; Philadelphia County; Pennsylvania,4350,2517,2184,977,1207,4272,2364,1908,1.96,2.42,1.58,118939.0,4350,573,4350,2890,818,123,297,2907,812,427,107,697,842,2184,1089,4101,3186,123,873,654,425,319,3070,2927,143,4350,4350,4081,2184,1995.0,751000.0,87,45,32,11,182,50,116,26,78,82,82,21,82,0,21,19,102,17,74,18,280,549,596,333,0.867699642431466,0.13230035756853398,0.44734432234432236,0.5526556776556777,78,0.01793103448275862,0.1317241379310345,0.49862637362637363
42101001900,Census Tract 19; Philadelphia County; Pennsylvania,3612,2031,1814,896,918,3593,1870,1723,1.98,2.09,1.88,145932.0,3612,338,3612,2072,700,475,225,2847,753,438,172,557,795,1814,534,3449,3090,59,1245,956,475,148,2910,2847,63,3612,3612,3417,1814,2200.0,546400.0,161,37,15,0,34,0,0,0,35,0,7,0,0,0,7,0,38,13,0,4,52,247,104,217,0.8931560807483998,0.1068439192516002,0.49393605292171994,0.5060639470782801,19,0.005260243632336656,0.09357696566998892,0.29437706725468576
42101002200,Census Tract 22; Philadelphia County; Pennsylvania,2219,1460,1194,601,593,2167,1337,830,1.81,2.22,1.4,80104.0,2191,352,2219,1178,686,94,182,1507,442,357,49,152,457,1194,346,2132,1847,193,683,280,48,91,1608,1542,66,2219,2219,2118,1194,1681.0,443400.0,101,52,24,3,0,62,0,7,11,14,37,24,0,11,45,17,9,0,17,22,136,249,207,266,0.8178082191780822,0.1821917808219178,0.5033500837520938,0.4966499162479062,52,0.023433979269941414,0.16065723413966226,0.2897822445561139
42101002701,Census Tract 27.01; Philadelphia County; Pennsylvania,3892,2088,2055,1265,790,3875,2195,1680,1.89,1.74,2.13,97642.0,3892,1022,3892,2111,255,595,712,2499,799,432,191,229,607,2055,504,3754,3244,272,932,651,164,81,2725,2504,221,3892,3892,3744,2055,1573.0,377000.0,79,88,22,64,69,96,75,0,43,69,0,31,35,0,11,49,78,0,2,3,329,493,321,33,0.9841954022988506,0.015804597701149427,0.6155717761557178,0.3844282238442822,17,0.004367934224049332,0.26258992805755393,0.24525547445255474
42101003001,Census Tract 30.01; Philadelphia County; Pennsylvania,3810,1917,1785,1061,724,3803,2485,1318,2.13,2.34,1.82,67212.0,3803,907,3810,1095,486,1336,348,1995,618,596,148,100,433,1785,628,3699,3256,513,1063,359,49,49,2190,2011,179,3810,3810,3681,1785,1416.0,249600.0,85,30,15,0,44,105,87,28,29,39,116,13,0,25,91,50,52,22,103,69,238,394,609,132,0.9311424100156495,0.06885758998435054,0.5943977591036415,0.40560224089635855,7,0.001837270341207349,0.2384959242703129,0.35182072829131655
42101003100,Census Tract 31; Philadelphia County; Pennsylvania,4743,2807,2415,1533,882,4738,2957,1781,1.96,1.93,2.02,86376.0,4743,651,4743,1876,1999,52,638,2657,804,415,384,187,760,2415,676,4563,3497,361,1198,497,123,135,2762,2657,105,4743,4743,4490,2415,1463.0,336100.0,81,187,367,0,172,38,105,0,55,108,55,20,0,0,18,0,64,17,17,36,697,950,390,392,0.8603491271820449,0.1396508728179551,0.6347826086956522,0.3652173913043478,5,0.0010541851149061775,0.13725490196078433,0.27991718426501033
42101003300,Census Tract 33; Philadelphia County; Pennsylvania,6302,3275,2573,932,1641,6244,2254,3990,2.43,2.42,2.43,87125.0,6302,1173,6302,1730,3497,515,283,3603,1157,481,89,168,870,2573,467,6166,4776,1331,1070,411,122,354,4272,3664,608,6302,6302,6088,2573,1591.0,229100.0,117,59,160,82,97,128,144,177,16,0,140,25,97,21,24,21,43,31,51,20,720,964,489,702,0.785648854961832,0.21435114503816793,0.3622230858919549,0.637776914108045,58,0.009203427483338623,0.18613138686131386,0.18150019432568987
42101003702,Census Tract 37.02; Philadelphia County; Pennsylvania,3453,1474,1346,783,563,3452,1989,1463,2.56,2.54,2.6,47500.0,3453,548,3453,776,1651,616,244,1597,659,287,19,115,233,1346,457,3349,2351,526,490,186,43,10,1817,1617,200,3453,3453,3205,1346,1643.0,223900.0,158,224,88,42,90,71,26,71,16,31,93,6,0,0,86,79,74,7,0,38,448,770,430,128,0.9131614654002713,0.08683853459972862,0.5817236255572066,0.4182763744427935,1,0.0002896032435563278,0.15870257746886765,0.3395245170876672
42101035301,Census Tract 353.01; Philadelphia County; Pennsylvania,4902,2165,2114,1466,648,4880,3627,1253,2.31,2.47,1.93,84553.0,4735,219,4902,3500,36,225,770,2666,1827,269,0,12,375,2114,62,4760,3550,1313,783,149,17,29,2797,2676,121,4902,4902,4648,2114,1495.0,290200.0,158,95,344,45,96,156,128,0,0,34,212,33,6,0,14,74,153,88,24,92,759,1022,730,51,0.9764434180138568,0.023556581986143188,0.6934720908230843,0.3065279091769158,22,0.00448796409628723,0.04625131995776135,0.0293282876064333
42101003901,Census Tract 39.01; Philadelphia County; Pennsylvania,6463,3310,3111,1469,1642,6419,3584,2835,2.06,2.44,1.73,61578.0,6391,698,6463,3719,789,715,931,4161,1127,886,238,340,750,3111,771,6317,5248,1255,1558,500,88,58,4652,4218,434,6427,6427,6292,3111,1209.0,299900.0,53,56,74,23,118,231,157,65,14,72,49,24,9,19,242,53,20,13,130,79,544,777,724,199,0.9398791540785498,0.06012084592145015,0.4721954355512697,0.5278045644487304,44,0.006807983908401671,0.10921608511969957,0.24783027965284474
42101035701,Census Tract 357.01; Philadelphia County; Pennsylvania,5069,1972,1917,670,1247,5066,1947,3119,2.64,2.91,2.5,71069.0,5069,745,5069,2552,217,1741,145,2370,1170,221,0,31,89,1917,393,4991,3518,1264,687,139,21,17,2574,2430,144,5069,5069,4750,1917,1264.0,291500.0,136,320,78,185,183,71,177,102,82,20,36,41,93,44,108,74,81,106,108,126,933,1252,919,55,0.9721095334685599,0.027890466531440162,0.34950443401147624,0.6504955659885238,3,0.0005918327086210298,0.14697178930755572,0.20500782472613457
42101006000,Census Tract 60; Philadelphia County; Pennsylvania,6426,2798,2653,1573,1080,6415,3963,2452,2.42,2.52,2.27,44692.0,6272,1393,6426,836,4734,146,443,2331,1294,711,0,0,87,2653,704,6258,4132,1267,401,293,59,124,2669,2358,311,6426,6426,6128,2653,1157.0,194600.0,101,74,168,192,197,399,266,244,20,31,167,32,54,60,57,218,240,85,53,13,1281,1641,1030,145,0.9481772694781987,0.05182273052180129,0.5929136826234451,0.4070863173765548,11,0.0017117958294428882,0.22209821428571427,0.26535996984545795
42101006300,Census Tract 63; Philadelphia County; Pennsylvania,4040,2089,1792,424,1368,3941,912,3029,2.2,2.15,2.21,29464.0,4035,1970,4040,129,3341,291,245,1503,770,601,0,90,7,1792,690,4040,2488,963,31,66,0,0,1889,1512,377,4035,4035,3735,1792,1249.0,101700.0,238,42,159,112,67,266,174,104,13,12,92,13,15,0,0,78,24,29,14,29,829,1162,319,297,0.8578267113451412,0.1421732886548588,0.23660714285714285,0.7633928571428571,99,0.024504950495049506,0.4882280049566295,0.38504464285714285
42101006500,Census Tract 65; Philadelphia County; Pennsylvania,4924,2315,1888,746,1142,4924,2044,2880,2.61,2.74,2.52,43158.0,4894,921,4924,193,4160,105,457,2036,778,532,13,35,299,1888,526,4797,3021,1140,430,207,18,15,2173,2049,114,4914,4914,4716,1888,1045.0,133300.0,69,427,116,179,139,134,241,156,16,69,40,54,58,0,76,90,54,36,48,51,1209,1461,592,427,0.8155507559395249,0.18444924406047516,0.3951271186440678,0.6048728813559322,0,0.0,0.18818961994278707,0.2786016949152542
42101007102,Census Tract 71.02; Philadelphia County; Pennsylvania,4488,2206,1950,1037,913,4488,2095,2393,2.3,2.02,2.62,36538.0,4441,962,4488,194,3829,0,260,1797,627,740,38,66,175,1950,695,4240,3232,1417,251,134,0,0,1917,1797,120,4488,4488,4166,1950,1532.0,120100.0,135,185,153,16,187,134,106,43,10,111,52,0,39,15,74,114,144,130,47,17,690,959,753,256,0.8839528558476881,0.11604714415231188,0.5317948717948718,0.4682051282051282,0,0.0,0.2166178788561135,0.3564102564102564
42101008102,Census Tract 81.02; Philadelphia County; Pennsylvania,5370,2692,2542,1598,944,5370,3283,2087,2.11,2.05,2.21,49872.0,5370,1014,5370,398,4369,36,35,2775,1749,309,17,116,446,2542,543,5156,3692,1523,345,111,0,11,3074,2838,236,5370,5370,4989,2542,1328.0,137900.0,183,212,70,57,198,362,49,0,7,170,18,0,63,0,31,13,142,52,48,45,665,1131,589,150,0.9442793462109955,0.05572065378900446,0.6286388670338316,0.37136113296616835,0,0.0,0.1888268156424581,0.21361132966168372
42101008200,Census Tract 82; Philadelphia County; Pennsylvania,7562,3510,2981,2140,841,7557,5571,1986,2.54,2.6,2.36,35741.0,7481,2334,7562,458,6694,0,316,2630,1453,494,42,0,511,2981,826,7165,4460,1550,348,246,119,240,2900,2738,162,7562,7562,6944,2981,1759.0,199300.0,275,471,501,0,343,134,499,345,8,117,13,76,21,38,170,80,100,18,105,319,1591,2568,1065,529,0.8492877492877493,0.15071225071225072,0.717879906071788,0.282120093928212,5,0.0006612007405448294,0.31199037561823284,0.27708822542770883
42101008500,Census Tract 85; Philadelphia County; Pennsylvania,6817,3707,3123,1286,1837,6799,3249,3550,2.18,2.53,1.93,36551.0,6817,1743,6817,682,5611,279,106,3059,1637,417,156,87,306,3123,1146,6666,5196,1866,968,235,26,78,3525,3059,466,6817,6817,6606,3123,1168.0,174300.0,97,294,112,0,114,175,221,0,0,62,41,162,0,0,73,164,100,192,100,36,845,1013,930,584,0.8424602104127327,0.15753978958726733,0.41178354146653856,0.5882164585334614,18,0.002640457679331084,0.2556843186152266,0.366954851104707
42101008701,Census Tract 87.01; Philadelphia County; Pennsylvania,4147,2349,2168,196,1972,4147,693,3454,1.91,3.54,1.75,62083.0,4147,677,4147,2215,395,1043,119,2749,659,707,132,529,608,2168,758,4079,2830,318,846,613,118,341,2921,2749,172,4147,4147,3980,2168,1511.0,553600.0,65,25,72,6,102,158,91,0,0,0,13,0,0,0,0,0,0,0,0,33,352,519,46,181,0.9229459344401874,0.07705406555981269,0.09040590405904059,0.9095940959409594,0,0.0,0.1632505425608874,0.3496309963099631
42101009600,Census Tract 96; Philadelphia County; Pennsylvania,3586,2215,1427,568,859,3586,1445,2141,2.51,2.54,2.49,40787.0,3586,1239,3586,0,3499,23,64,1349,622,307,0,171,69,1427,481,3516,2071,695,168,161,0,0,1453,1349,104,3586,3586,3443,1427,1509.0,135800.0,73,107,270,117,70,0,64,119,16,36,36,0,39,19,14,48,72,35,28,7,799,820,350,788,0.6442437923250565,0.3557562076749436,0.39803784162578837,0.6019621583742116,0,0.0,0.34551031790295594,0.3370707778556412
42101009802,Census Tract 98.02; Philadelphia County; Pennsylvania,5820,2393,2221,1723,498,5813,4735,1078,2.62,2.75,2.16,88764.0,5820,1008,5820,200,4424,0,955,3245,2001,698,0,0,461,2221,193,5623,3548,435,829,450,0,32,3427,3293,134,5820,5820,5419,2221,1527.0,213800.0,250,388,336,86,151,72,291,89,60,30,65,0,37,0,130,70,25,55,47,0,1239,1663,519,172,0.9281236941078145,0.07187630589218554,0.7757766771724448,0.22422332282755517,7,0.0012027491408934709,0.1731958762886598,0.08689779378658262
42101013500,Census Tract 135; Philadelphia County; Pennsylvania,4465,2016,1932,1128,804,4465,2782,1683,2.31,2.47,2.09,152054.0,4465,292,4465,3469,565,181,125,2738,878,376,213,401,785,1932,446,4220,3358,132,1537,769,234,318,2903,2864,39,4465,4465,4084,1932,2094.0,549900.0,166,177,73,44,215,6,74,113,10,26,6,30,10,0,9,21,37,110,0,0,652,868,259,84,0.9583333333333334,0.041666666666666664,0.5838509316770186,0.4161490683229814,0,0.0,0.06539753639417693,0.2308488612836439
42101013900,Census Tract 139; Philadelphia County; Pennsylvania,2850,1657,1415,360,1055,2643,892,1751,1.87,2.48,1.66,44551.0,2643,917,2850,814,1365,49,484,1372,720,176,41,115,109,1415,493,2850,2162,318,453,244,14,0,1546,1401,145,2643,2643,2813,1415,1335.0,395500.0,0,0,199,179,37,159,40,13,16,47,79,42,0,9,16,84,0,42,18,21,590,627,374,242,0.8539529269764635,0.1460470730235365,0.254416961130742,0.7455830388692579,207,0.07263157894736842,0.34695421869088156,0.3484098939929329
42101014900,Census Tract 149; Philadelphia County; Pennsylvania,4436,2605,2301,980,1321,4409,1965,2444,1.92,2.01,1.85,,4436,1555,4436,391,3407,31,417,1976,1139,207,194,0,85,2301,1010,4171,2966,845,572,286,205,0,2140,2052,88,4436,4436,4171,2301,1027.0,344500.0,150,236,198,0,115,210,301,51,50,88,136,16,17,0,124,19,102,47,73,38,1012,1261,710,304,0.8833013435700576,0.11669865642994241,0.42590178183398525,0.5740982181660148,27,0.006086564472497746,0.35054102795311093,0.4389395914819644
42101015200,Census Tract 152; Philadelphia County; Pennsylvania,7116,2615,2353,716,1637,7078,2437,4641,3.01,3.4,2.84,61993.0,7116,1950,7116,516,4606,607,1311,2104,741,1037,0,9,201,2353,1361,6740,3798,1158,575,0,0,0,2776,2294,482,7116,7116,6279,2353,1246.0,158100.0,511,488,184,239,326,380,277,153,13,250,0,30,145,0,0,0,83,0,91,0,1817,2558,612,262,0.8998087954110898,0.10019120458891013,0.30429239269018277,0.6957076073098173,38,0.005340078695896571,0.2740303541315346,0.5784105397365066
42101015700,Census Tract 157; Philadelphia County; Pennsylvania,2945,1670,1438,805,633,2902,1891,1011,2.02,2.35,1.6,103393.0,2922,357,2945,1351,349,187,947,2176,978,363,130,68,472,1438,135,2906,2532,210,1001,553,146,12,2271,2197,74,2922,2922,2891,1438,1788.0,352400.0,39,77,115,16,15,0,26,62,35,10,29,0,0,0,8,42,22,48,0,1,312,350,195,232,0.8610778443113772,0.13892215568862276,0.5598052851182197,0.44019471488178025,43,0.014601018675721562,0.12217659137577003,0.09388038942976357
42101016100,Census Tract 161; Philadelphia County; Pennsylvania,6769,3641,3213,1236,1977,6749,2745,4004,2.1,2.22,2.03,95742.0,6752,747,6769,3090,519,942,1514,4522,1876,889,131,197,1238,3213,285,6335,5193,616,1608,998,331,43,4884,4746,138,6769,6769,6318,3213,1666.0,388900.0,109,97,125,191,342,43,125,82,5,11,15,0,6,0,17,133,14,10,0,0,663,1114,211,428,0.8824498764075803,0.11755012359241966,0.38468720821662,0.61531279178338,20,0.002954646181119811,0.11063388625592417,0.08870214752567694
42101016600,Census Tract 166; Philadelphia County; Pennsylvania,1802,989,852,220,632,1640,413,1227,1.92,1.88,1.94,,1787,930,1802,345,839,339,211,741,197,274,17,25,130,852,512,1802,1251,302,234,79,70,0,855,732,95,1759,1759,1772,852,1271.0,,0,0,108,12,30,0,0,20,20,0,18,0,0,0,50,32,5,0,0,11,229,170,136,137,0.8614762386248737,0.1385237613751264,0.25821596244131456,0.7417840375586855,162,0.08990011098779134,0.5204252937884724,0.6009389671361502
42101016800,Census Tract 168; Philadelphia County; Pennsylvania,3280,1704,1439,892,547,3271,1584,1687,2.27,1.78,3.08,39398.0,3277,937,3280,308,2785,27,136,1204,610,272,0,77,215,1439,751,3216,2513,628,70,137,0,19,1428,1223,205,3277,3277,3169,1439,973.0,77900.0,47,45,153,37,64,118,97,22,56,64,101,65,0,0,130,38,79,27,111,89,472,583,760,265,0.8444835680751174,0.15551643192488263,0.6198749131341209,0.3801250868658791,9,0.00274390243902439,0.28593225511138237,0.5218902015288395
42101017000,Census Tract 170; Philadelphia County; Pennsylvania,3240,1907,1691,323,1368,3009,669,2340,1.78,2.07,1.71,33295.0,2985,939,3240,631,2267,81,111,1227,593,317,0,58,178,1691,737,3210,2574,555,412,405,28,14,1463,1263,200,3015,3015,3210,1691,1514.0,213800.0,30,62,63,52,0,86,46,28,79,19,0,1,0,1,136,108,42,83,51,49,370,367,569,216,0.8867330886208705,0.11326691137912952,0.19101123595505617,0.8089887640449438,231,0.0712962962962963,0.314572864321608,0.4358367829686576
42101017202,Census Tract 172.02; Philadelphia County; Pennsylvania,4538,2056,1641,954,687,4538,2636,1902,2.77,2.76,2.77,55147.0,4538,937,4538,36,4414,50,0,1974,642,797,0,0,198,1641,790,4373,3000,1089,238,193,0,0,2110,1974,136,4538,4538,4326,1641,1038.0,81100.0,0,144,378,106,212,379,0,0,26,37,0,0,9,0,23,0,93,178,48,84,852,1219,498,415,0.7981517509727627,0.20184824902723736,0.5813528336380256,0.4186471663619744,0,0.0,0.20647862494490965,0.48141377209018893
42101017900,Census Tract 179; Philadelphia County; Pennsylvania,5382,2903,2465,1191,1274,5382,2604,2778,2.18,2.19,2.18,58417.0,5306,1391,5382,2480,616,64,1789,2381,1184,458,66,318,284,2465,797,5239,3711,516,499,447,33,87,2591,2317,210,5318,5318,5152,2465,1391.0,147800.0,97,34,304,79,133,135,190,105,22,23,82,0,0,0,20,15,93,22,16,0,890,1077,293,438,0.8491215983465381,0.15087840165346195,0.48316430020283974,0.5168356997971603,0,0.0,0.26215604975499435,0.3233265720081136
42101018002,Census Tract 180.02; Philadelphia County; Pennsylvania,5073,2573,2311,1657,654,5067,3577,1490,2.19,2.16,2.28,59983.0,5054,358,5073,3337,76,21,517,2254,853,264,28,120,576,2311,721,4887,3562,1171,669,331,21,47,2430,2292,114,5049,5049,4626,2311,1297.0,221900.0,258,0,17,191,189,52,198,66,118,62,195,148,23,37,36,20,165,0,140,1,495,971,945,262,0.8981733385153517,0.10182666148464826,0.7170056252704456,0.2829943747295543,6,0.0011827321111768185,0.07083498219232291,0.3119861531804414
42101035702,Census Tract 357.02; Philadelphia County; Pennsylvania,4679,2092,1908,803,1105,4676,2196,2480,2.45,2.73,2.24,57292.0,4679,742,4679,3470,57,837,0,2047,1324,33,0,73,274,1908,235,4512,3642,1018,1120,166,101,48,2293,2047,246,4679,4679,4387,1908,1372.0,333000.0,95,67,26,0,197,100,184,129,1,50,157,50,53,117,36,147,216,91,99,0,531,798,1017,184,0.9120458891013384,0.08795411089866156,0.42085953878406707,0.5791404612159329,3,0.0006411626415900834,0.15858089335328063,0.12316561844863731
42101037900,Census Tract 379; Philadelphia County; Pennsylvania,4906,2592,2333,1770,563,4892,3865,1027,2.1,2.18,1.82,87550.0,4862,638,4906,4253,53,179,415,2807,1658,224,41,52,608,2333,298,4704,3892,764,1083,609,58,37,3084,2850,234,4906,4906,4671,2333,1334.0,236200.0,68,110,140,42,167,59,49,38,58,71,163,42,25,10,150,151,137,28,10,30,494,673,875,259,0.9000771604938271,0.09992283950617284,0.7586798114016288,0.2413201885983712,14,0.0028536485935589076,0.13122171945701358,0.1277325332190313
42101019100,Census Tract 191; Philadelphia County; Pennsylvania,8704,2717,2671,2422,249,8698,7991,707,3.26,3.3,2.84,48004.0,8704,2577,8704,1588,774,956,5169,2801,1640,202,0,135,26,2671,430,8535,5042,1937,535,133,231,0,3088,2848,240,8704,8704,8236,2671,1114.0,170800.0,0,586,531,372,468,555,376,278,0,34,69,112,82,1,1,0,174,103,29,155,2701,3166,760,46,0.9830695620169304,0.016930437983069563,0.9067764882066641,0.09322351179333582,6,0.0006893382352941177,0.29607077205882354,0.16098839385997754
42101019800,Census Tract 198; Philadelphia County; Pennsylvania,5494,2412,2126,1484,642,5494,3722,1772,2.58,2.51,2.76,36116.0,5401,1642,5494,177,1551,0,3597,1687,882,0,0,87,307,2126,1242,4979,3401,887,316,67,0,157,1876,1721,155,5494,5494,4842,2126,986.0,104500.0,250,215,114,31,402,25,165,367,76,62,117,133,70,0,6,209,418,0,33,47,1005,1569,1171,286,0.8814262023217247,0.11857379767827529,0.6980244590780809,0.3019755409219191,0,0.0,0.30401777448620626,0.5841956726246472
42101020102,Census Tract 201.02; Philadelphia County; Pennsylvania,3491,1607,1411,729,682,3487,2193,1294,2.47,3.01,1.9,36901.0,3463,1642,3491,20,3226,41,154,1346,531,485,0,78,96,1411,530,3342,2505,1003,243,0,0,0,1604,1346,258,3491,3491,3284,1411,1190.0,150100.0,60,55,0,115,147,0,52,63,156,31,100,22,44,0,86,48,53,83,68,102,135,492,793,196,0.8780336029869322,0.12196639701306783,0.5166548547129696,0.4833451452870305,4,0.0011458034947006588,0.4741553566272019,0.3756201275690999
42101021000,Census Tract 210; Philadelphia County; Pennsylvania,4645,2863,2591,1360,1231,4635,2486,2149,1.79,1.83,1.75,91056.0,4643,601,4645,3773,273,61,455,3101,1690,185,35,184,942,2591,178,4520,3921,459,1412,693,47,110,3263,3175,88,4643,4643,4496,2591,1696.0,325200.0,92,66,47,0,57,101,19,10,25,43,104,68,35,26,117,70,100,47,0,81,243,392,716,272,0.904994760740482,0.09500523925951798,0.524893863373215,0.475106136626785,10,0.002152852529601722,0.12944217101012276,0.06869934388267078
42101021200,Census Tract 212; Philadelphia County; Pennsylvania,2939,1284,1230,872,358,2929,2357,572,2.38,2.7,1.6,123816.0,2903,171,2939,2291,349,69,158,2001,826,197,54,67,783,1230,106,2907,2392,549,698,473,96,18,2119,2001,118,2939,2939,2881,1230,1453.0,324900.0,26,47,47,50,32,83,25,44,40,8,47,19,9,50,0,21,49,8,39,48,289,354,338,54,0.9579439252336449,0.04205607476635514,0.7089430894308943,0.2910569105691057,10,0.003402517863218782,0.05890458146744747,0.08617886178861789
42101021500,Census Tract 215; Philadelphia County; Pennsylvania,3897,2157,2157,1418,739,3891,2711,1180,1.8,1.91,1.6,124506.0,3897,68,3897,2843,364,88,403,2971,1446,134,10,15,1197,2157,150,3758,3421,293,1427,719,236,58,3049,3009,15,3872,3872,3690,2157,1511.0,395700.0,37,102,31,0,170,0,11,0,42,30,26,40,24,0,6,22,87,34,55,16,63,351,382,0,1.0,0.0,0.6573945294390356,0.3426054705609643,6,0.001539645881447267,0.017449319989735694,0.06954102920723226
42101021600,Census Tract 216; Philadelphia County; Pennsylvania,2493,1289,1260,386,874,2488,1184,1304,1.97,3.07,1.49,114537.0,2493,148,2493,1648,260,60,275,1687,1030,106,0,12,403,1260,156,2358,2054,421,817,332,94,48,1802,1727,53,2471,2471,2303,1260,1817.0,415600.0,95,44,17,0,95,44,0,0,0,34,21,16,10,11,45,17,62,88,24,0,94,295,328,29,0.9775019394879751,0.022498060512024826,0.30634920634920637,0.6936507936507936,5,0.0020056157240272766,0.059366225431207384,0.12380952380952381
42101023800,Census Tract 238; Philadelphia County; Pennsylvania,6036,2519,2298,796,1502,5807,3098,2709,2.53,3.89,1.8,71467.0,5901,1105,6036,1900,2927,0,667,3215,1542,382,0,45,766,2298,442,5699,3956,531,1200,780,137,26,3394,3215,179,5901,5901,5568,2298,1221.0,360000.0,185,95,121,74,283,29,268,220,102,44,74,68,33,22,166,23,57,83,9,27,807,1275,708,221,0.9122667725287813,0.08773322747121874,0.3463881636205396,0.6536118363794604,229,0.03793903247183565,0.18725639722081003,0.19234116623150566
42101023900,Census Tract 239; Philadelphia County; Pennsylvania,1965,1293,1190,184,1006,1965,401,1564,1.65,2.18,1.55,60329.0,1965,217,1965,675,849,58,98,1018,412,322,0,25,158,1190,373,1906,1520,235,322,248,130,23,1130,1041,89,1965,1965,1824,1190,1522.0,285400.0,41,106,23,0,100,0,56,0,68,14,59,48,17,9,77,72,22,13,50,15,185,326,464,103,0.9203402938901779,0.07965970610982212,0.1546218487394958,0.8453781512605042,0,0.0,0.11043256997455471,0.3134453781512605
42101024500,Census Tract 245; Philadelphia County; Pennsylvania,5065,1948,1733,609,1124,4902,1863,3039,2.83,3.06,2.7,35025.0,4941,1795,5065,298,4537,7,199,1583,954,245,0,0,329,1733,475,4471,2767,1237,200,126,24,0,1860,1535,235,4851,4851,4276,1733,831.0,107300.0,760,154,126,176,29,58,415,173,64,39,146,29,27,19,43,57,60,133,24,44,1055,1891,685,215,0.8896303901437371,0.11036960985626283,0.3514137334102712,0.6485862665897288,163,0.03218163869693978,0.36328678405181136,0.2740911713791114
42101024700,Census Tract 247; Philadelphia County; Pennsylvania,5143,1997,1820,981,839,5042,2852,2190,2.77,2.91,2.61,52105.0,5116,1225,5143,180,4240,44,204,1627,901,491,0,0,188,1820,500,4833,2752,651,407,157,32,75,1922,1578,295,5089,5089,4620,1820,1072.0,187500.0,239,461,261,245,284,0,300,34,63,110,192,32,10,18,0,92,111,72,18,0,1348,1824,718,177,0.9113670505758638,0.0886329494241362,0.539010989010989,0.460989010989011,101,0.019638343379350574,0.23944487881157153,0.27472527472527475
42101025500,Census Tract 255; Philadelphia County; Pennsylvania,2688,1254,1158,889,269,2621,2201,420,2.26,2.48,1.56,96250.0,2688,183,2688,1593,914,45,7,1355,531,238,0,31,480,1158,49,2596,2047,225,472,616,195,119,1484,1402,82,2688,2688,2398,1158,1418.0,414800.0,208,86,13,50,82,71,44,13,10,19,113,90,31,0,38,23,123,78,40,10,282,567,575,96,0.9234449760765551,0.07655502392344497,0.7677029360967185,0.23229706390328153,67,0.02492559523809524,0.06808035714285714,0.04231433506044905
42101025700,Census Tract 257; Philadelphia County; Pennsylvania,3475,2223,2007,521,1486,3433,1242,2191,1.71,2.38,1.47,66045.0,3475,274,3475,1845,1221,142,67,1993,896,246,0,80,626,2007,255,3381,2723,289,793,756,232,171,2146,2020,126,3475,3475,3203,2007,1791.0,526200.0,77,69,62,44,195,0,47,14,25,88,133,29,4,32,15,101,117,43,28,63,196,508,678,216,0.902834008097166,0.09716599190283401,0.25959142999501744,0.7404085700049826,42,0.012086330935251799,0.07884892086330936,0.12705530642750373
42101026302,Census Tract 263.02; Philadelphia County; Pennsylvania,4923,2199,2120,1600,520,4916,4098,818,2.32,2.56,1.57,103182.0,4882,565,4923,77,4502,56,59,2961,1446,685,0,0,444,2120,243,4884,3675,320,427,747,12,28,3013,2961,52,4923,4923,4662,2120,1048.0,228700.0,27,139,85,114,234,90,108,41,62,152,137,63,22,0,51,80,78,184,84,0,577,838,913,79,0.9640745793542519,0.035925420645748066,0.7547169811320755,0.24528301886792453,7,0.001421897217144018,0.11573125768127816,0.11462264150943396
42101034801,Census Tract 348.01; Philadelphia County; Pennsylvania,4364,2092,2082,871,1211,4346,1712,2634,2.09,1.97,2.18,65682.0,4363,1184,4364,3583,342,42,284,1880,1419,114,0,2,57,2082,207,4340,3311,1572,296,214,62,24,2004,1880,124,4363,4363,4283,2082,633.0,218600.0,41,168,100,49,40,43,186,147,32,95,30,59,23,15,48,67,102,257,130,55,804,774,913,10,0.9952198852772467,0.004780114722753346,0.4183477425552353,0.5816522574447647,18,0.004124656278643446,0.2713729085491634,0.0994236311239193
42101027000,Census Tract 270; Philadelphia County; Pennsylvania,2634,1028,992,703,289,2610,2096,514,2.63,2.98,1.78,98238.0,2582,158,2634,395,1943,45,102,1265,890,187,7,8,89,992,124,2572,1786,286,606,291,36,14,1383,1264,110,2625,2625,2419,992,1296.0,338300.0,55,125,136,45,160,14,39,58,23,50,64,24,24,0,22,27,141,36,22,83,443,632,516,36,0.9649805447470817,0.03501945525291829,0.7086693548387096,0.2913306451612903,24,0.009111617312072893,0.061192873741285826,0.125
42101027500,Census Tract 275; Philadelphia County; Pennsylvania,4237,1812,1646,1258,388,4232,3346,886,2.57,2.66,2.28,64196.0,4237,582,4237,273,2241,307,1124,1750,1016,232,0,165,140,1646,325,4237,3047,1036,422,137,68,0,2172,2094,78,4237,4237,4102,1646,999.0,136700.0,135,237,196,37,0,67,158,101,87,70,47,0,15,0,63,158,85,116,12,0,731,931,653,166,0.9083885209713024,0.09161147902869757,0.764277035236938,0.23572296476306198,5,0.001180080245456691,0.13736134057115884,0.19744835965978128
42101027700,Census Tract 277; Philadelphia County; Pennsylvania,5523,2785,2475,1475,1000,5515,3917,1598,2.23,2.66,1.6,22865.0,5523,2670,5523,7,5342,140,34,1298,877,294,0,1,126,2475,857,5312,3529,652,230,50,47,0,1587,1352,235,5523,5523,4927,2475,1124.0,109300.0,345,43,24,313,251,219,532,145,65,57,74,0,66,0,217,218,278,93,44,387,1107,1872,1499,310,0.8886894075403949,0.11131059245960502,0.5959595959595959,0.40404040404040403,8,0.0014484881405033496,0.48343291689299295,0.34626262626262627
42101028000,Census Tract 280; Philadelphia County; Pennsylvania,4083,1906,1754,1138,616,4071,3162,909,2.32,2.78,1.48,35847.0,4054,1269,4083,2,3758,0,236,1374,494,576,0,24,110,1754,1028,4056,3035,811,312,63,0,0,1618,1442,176,4083,4083,3970,1754,898.0,134900.0,55,31,173,72,58,183,75,54,64,29,178,68,128,19,120,31,89,253,96,14,529,701,1089,152,0.9202518363064008,0.07974816369359916,0.6488027366020525,0.35119726339794755,12,0.0029390154298310064,0.3130241736556487,0.5860889395667047
42101028100,Census Tract 281; Philadelphia County; Pennsylvania,3020,1939,1754,1295,459,2975,1975,1000,1.7,1.53,2.18,62435.0,3020,672,3020,328,2589,0,68,1462,865,316,0,0,211,1754,383,2927,2474,953,153,236,0,18,1766,1544,222,3020,3020,2927,1754,1071.0,158200.0,17,0,93,37,76,0,71,53,40,46,49,0,20,17,120,105,267,87,11,11,262,347,773,185,0.9045899948427024,0.09541000515729757,0.7383124287343216,0.26168757126567843,45,0.014900662251655629,0.22251655629139072,0.21835803876852908
42101028200,Census Tract 282; Philadelphia County; Pennsylvania,4775,2460,2460,1126,1334,4745,3081,1664,1.93,2.74,1.25,,4676,1884,4775,187,4036,379,98,1515,966,300,0,75,45,2460,1308,4702,3552,1620,136,104,0,0,2301,1764,537,4749,4749,4638,2460,1320.0,182700.0,73,122,243,154,64,174,56,0,48,91,73,0,2,192,65,171,1,190,93,192,746,886,1118,0,1.0,0.0,0.45772357723577234,0.5422764227642276,30,0.0062827225130890054,0.40290846877673225,0.5317073170731708
42101028902,Census Tract 289.02; Philadelphia County; Pennsylvania,6163,2185,2068,1403,665,6154,4729,1425,2.98,3.37,2.14,40443.0,6137,2324,6163,393,2790,572,2372,2584,1863,457,0,23,94,2068,381,5900,3519,1068,224,36,0,18,2991,2618,373,6163,6163,5602,2068,992.0,104000.0,122,417,509,36,439,269,255,0,41,79,57,18,0,0,0,66,55,0,32,0,1418,2047,348,117,0.9464530892448513,0.05354691075514874,0.6784332688588007,0.3215667311411992,9,0.0014603277624533507,0.3786866547172886,0.18423597678916828
42101029200,Census Tract 292; Philadelphia County; Pennsylvania,3783,1557,1377,1211,166,3761,3484,277,2.73,2.88,1.67,77188.0,3783,402,3783,833,1128,198,1202,1883,1219,251,0,4,315,1377,119,3610,2409,902,346,138,0,0,2206,1993,213,3783,3783,3566,1377,882.0,180200.0,44,86,62,121,173,226,113,151,13,47,78,97,0,11,35,38,82,13,6,0,836,976,420,180,0.884393063583815,0.11560693641618497,0.879448075526507,0.1205519244734931,22,0.005815490351572826,0.10626486915146709,0.08641975308641975
42101029800,Census Tract 298; Philadelphia County; Pennsylvania,5360,2154,1928,881,1047,5345,2621,2724,2.77,2.98,2.6,48113.0,5358,2015,5360,606,1491,239,2895,1976,954,219,0,46,282,1928,533,5161,3219,1466,120,35,0,0,2617,2097,520,5360,5360,5087,1928,1223.0,113500.0,241,184,274,124,32,176,361,121,23,154,15,20,8,0,109,77,29,10,8,53,1353,1513,506,226,0.8950789229340761,0.10492107706592387,0.45695020746887965,0.5430497925311203,15,0.002798507462686567,0.37607316162747295,0.27645228215767637
42101029900,Census Tract 299; Philadelphia County; Pennsylvania,4221,1638,1530,623,907,4210,1746,2464,2.75,2.8,2.72,35833.0,4219,1963,4221,543,1525,73,1998,1264,873,244,0,27,105,1530,444,3972,2265,988,141,189,2,0,1613,1264,349,4219,4219,3668,1530,1209.0,120900.0,83,143,22,120,470,185,250,188,33,47,73,2,35,181,37,94,38,26,49,0,851,1461,615,108,0.9340659340659341,0.06593406593406594,0.4071895424836601,0.5928104575163399,11,0.002606017531390666,0.4652761317847831,0.2901960784313726
42101030600,Census Tract 306; Philadelphia County; Pennsylvania,6987,2981,2869,1769,1100,6852,4916,1936,2.39,2.78,1.76,56250.0,6875,952,6987,2461,2223,343,1756,3176,1815,263,0,176,129,2869,385,6892,4944,1331,294,479,40,30,3508,3224,284,6875,6875,6809,2869,1349.0,209300.0,115,295,155,121,63,125,217,254,20,39,174,236,0,67,143,88,132,313,53,199,1291,1345,1464,112,0.9624287151962428,0.03757128480375713,0.6165911467410248,0.3834088532589753,135,0.019321597252039503,0.13847272727272728,0.13419309864064133
42101030900,Census Tract 309; Philadelphia County; Pennsylvania,4528,1683,1614,873,741,4528,2216,2312,2.81,2.54,3.12,55000.0,4528,697,4528,853,1350,512,1408,2003,1360,386,0,12,196,1614,178,4227,2818,648,508,29,0,15,2224,2017,207,4528,4528,3834,1614,1489.0,217000.0,324,113,321,14,370,92,216,128,35,32,51,55,0,19,161,6,89,31,0,31,958,1578,510,69,0.9590017825311943,0.040998217468805706,0.5408921933085502,0.4591078066914498,0,0.0,0.15393109540636044,0.11028500619578686
42101031101,Census Tract 311.01; Philadelphia County; Pennsylvania,4411,1869,1711,800,911,4405,1902,2503,2.57,2.38,2.75,48096.0,4411,1063,4411,784,1425,559,1494,1932,1284,50,0,30,134,1711,374,4341,2969,1307,321,108,0,0,2412,2005,407,4411,4411,4230,1711,1234.0,180900.0,77,145,216,246,104,230,88,108,146,0,57,73,0,14,131,27,221,17,13,0,912,1214,699,158,0.9154628143392188,0.08453718566078117,0.46756282875511396,0.532437171244886,6,0.0013602357742008614,0.2409884379959193,0.21858562244301577
42101031401,Census Tract 314.01; Philadelphia County; Pennsylvania,6990,2185,2043,987,1056,6985,2710,4275,3.42,2.75,4.05,53002.0,6873,2006,6990,2527,554,1058,2249,2809,1231,509,179,116,290,2043,536,6496,3948,1177,298,80,27,0,2963,2809,154,6990,6990,5978,2043,1745.0,217700.0,731,109,414,163,281,209,498,47,27,63,74,1,34,0,66,150,0,35,69,3,1547,2452,522,142,0.9350114416475973,0.06498855835240275,0.4831130690161527,0.5168869309838473,5,0.000715307582260372,0.2918667248654154,0.2623592755751346
42101031700,Census Tract 317; Philadelphia County; Pennsylvania,5873,2648,2428,1847,581,5868,3454,2414,2.42,1.87,4.15,39465.0,5873,1656,5873,1213,420,1090,2226,2389,1292,329,0,0,165,2428,509,5689,3982,1332,274,368,12,0,2819,2450,369,5873,5873,5609,2428,1562.0,196600.0,80,124,242,33,184,237,369,158,209,0,15,89,30,22,30,54,82,69,0,188,1093,1427,788,220,0.9169184290030211,0.08308157099697885,0.7607084019769358,0.23929159802306424,5,0.0008513536523071684,0.28196832964413415,0.20963756177924217
42101032000,Census Tract 320; Philadelphia County; Pennsylvania,7173,2649,2560,1825,735,7173,4754,2419,2.8,2.6,3.29,53783.0,7050,2288,7173,2037,746,119,3827,2546,1624,260,0,0,275,2560,214,7139,4523,1496,377,210,0,0,3160,2588,572,7173,7173,6790,2560,1596.0,202900.0,75,419,350,112,308,603,69,260,0,28,345,19,44,0,23,74,166,48,11,45,1778,2196,803,89,0.96640241600604,0.033597583993959984,0.712890625,0.287109375,0,0.0,0.3245390070921986,0.08359375
42101032100,Census Tract 321; Philadelphia County; Pennsylvania,4102,1816,1728,819,909,4097,1832,2265,2.37,2.24,2.49,51988.0,4062,981,4102,1519,829,84,1461,1856,1160,270,0,69,18,1728,350,3930,2647,721,275,314,24,0,2073,1958,115,4102,4102,3805,1728,1359.0,181900.0,231,266,171,70,66,250,169,43,19,8,97,8,1,0,77,42,52,22,0,0,950,1266,326,88,0.9515418502202643,0.048458149779735685,0.4739583333333333,0.5260416666666666,5,0.0012189176011701609,0.241506646971935,0.2025462962962963
42101032900,Census Tract 329; Philadelphia County; Pennsylvania,4053,2138,1975,1082,893,4025,2574,1451,2.04,2.38,1.62,57651.0,4032,705,4053,1186,1196,443,1152,1689,942,123,0,0,269,1975,407,3827,2833,1113,381,110,13,0,2103,1748,355,4053,4053,3774,1975,1125.0,210300.0,150,230,166,51,129,0,73,0,0,78,17,35,39,28,68,16,180,44,79,20,479,799,604,163,0.9237605238540693,0.07623947614593078,0.5478481012658228,0.4521518987341772,28,0.0069084628670120895,0.17485119047619047,0.20607594936708862
42101033400,Census Tract 334; Philadelphia County; Pennsylvania,5033,2056,1995,1081,914,4754,2751,2003,2.38,2.54,2.19,50950.0,4763,1248,5033,2364,1148,740,663,1937,1322,122,0,71,194,1995,290,5031,3686,1556,474,217,41,37,2315,2210,105,4763,4763,4873,1995,1380.0,276700.0,14,154,63,99,146,215,170,260,39,120,141,55,66,39,18,67,85,84,111,87,1049,1121,912,61,0.9703307392996109,0.029669260700389104,0.5418546365914787,0.4581453634085213,279,0.05543413471090801,0.262019735460844,0.14536340852130325
42101033702,Census Tract 337.02; Philadelphia County; Pennsylvania,4723,1798,1784,1133,651,4710,3282,1428,2.64,2.9,2.19,69628.0,4695,618,4723,2862,594,683,410,1914,1203,192,0,23,244,1784,297,4646,3417,1235,728,401,34,30,1986,1961,25,4723,4723,4510,1784,1259.0,291000.0,133,481,163,14,80,87,118,58,0,134,65,178,101,60,142,36,90,128,0,154,939,1134,1088,14,0.9922135706340378,0.00778642936596218,0.6350896860986547,0.3649103139013453,13,0.0027524878255346177,0.131629392971246,0.1664798206278027
42101035302,Census Tract 353.02; Philadelphia County; Pennsylvania,4662,1885,1775,1022,753,4626,3022,1604,2.61,2.96,2.13,75438.0,4662,519,4662,2967,466,330,193,2134,1498,16,0,20,406,1775,164,4492,3152,843,675,361,89,27,2338,2217,121,4662,4662,4236,1775,1262.0,330700.0,55,188,138,58,371,263,128,105,20,76,47,65,29,10,26,120,38,59,47,53,901,1306,590,110,0.9416445623342176,0.058355437665782495,0.5757746478873239,0.42422535211267604,36,0.007722007722007722,0.11132561132561132,0.0923943661971831
42101036400,Census Tract 364; Philadelphia County; Pennsylvania,993,350,330,317,13,653,600,53,1.98,1.89,4.08,82000.0,867,169,993,769,168,34,22,164,93,0,0,0,58,330,24,993,955,331,130,55,0,23,178,178,0,867,867,993,330,,433500.0,0,14,0,0,0,14,0,0,29,17,106,105,44,24,38,57,72,41,24,0,28,28,557,20,0.9428571428571428,0.05714285714285714,0.9606060606060606,0.03939393939393939,340,0.3423967774420947,0.19492502883506344,0.07272727272727272
42101014100,Census Tract 141; Philadelphia County; Pennsylvania,3253,1654,1487,338,1149,2949,841,2108,1.98,2.49,1.83,,3253,1055,3253,984,1247,450,310,1324,433,135,0,85,555,1487,474,3202,2555,519,523,235,96,92,1536,1337,199,3253,3253,3163,1487,1313.0,383900.0,39,2,40,10,51,138,72,8,27,88,24,11,32,17,2,0,129,23,80,21,296,360,454,167,0.8990326481257558,0.10096735187424426,0.2273032952252858,0.7726967047747142,304,0.0934521979711036,0.3243160159852444,0.3187626092804304
42101017400,Census Tract 174; Philadelphia County; Pennsylvania,2190,1124,1031,609,422,2106,1326,780,2.04,2.18,1.85,24279.0,2135,950,2190,58,1931,0,201,689,288,180,0,30,65,1031,480,2157,1606,480,62,30,0,11,894,776,118,2190,2190,2150,1031,814.0,67500.0,33,46,24,36,7,67,30,202,13,11,22,18,0,0,11,72,167,78,13,16,405,445,421,93,0.9172597864768683,0.08274021352313167,0.5906886517943744,0.4093113482056256,84,0.038356164383561646,0.4449648711943794,0.4655674102812803
42101020600,Census Tract 206; Philadelphia County; Pennsylvania,1972,1129,991,284,707,1626,689,937,1.64,2.43,1.33,80895.0,1629,143,1972,966,564,82,109,1298,459,374,0,154,240,991,190,1935,1286,79,370,312,79,72,1441,1307,134,1946,1946,1917,991,1675.0,659900.0,38,32,23,15,17,16,5,5,4,27,24,43,29,4,27,19,102,30,9,4,95,151,322,138,0.8777679362267493,0.12223206377325066,0.2865792129162462,0.7134207870837538,346,0.17545638945233266,0.08778391651319828,0.1917255297679112
42101029300,Census Tract 293; Philadelphia County; Pennsylvania,2692,1395,1185,730,455,2656,1898,758,2.24,2.6,1.67,34339.0,2668,1171,2692,1114,716,0,862,485,205,130,0,33,55,1185,529,2438,1924,510,198,281,0,0,1006,750,256,2669,2669,2438,1185,1215.0,80000.0,9,0,104,43,245,21,131,103,0,0,0,199,0,1,35,171,22,75,0,0,434,656,503,210,0.8494623655913979,0.15053763440860216,0.6160337552742616,0.38396624472573837,36,0.01337295690936107,0.4389055472263868,0.44641350210970465
42101002702,Census Tract 27.02; Philadelphia County; Pennsylvania,4652,2218,2008,1333,675,4642,3185,1457,2.31,2.39,2.16,106196.0,4652,227,4652,3134,411,195,465,2458,1191,113,92,238,584,2008,270,4529,3556,506,1400,541,159,157,2699,2559,140,4652,4652,4188,2008,2207.0,380400.0,266,204,96,40,198,153,0,0,29,105,45,70,18,30,16,46,40,136,40,58,432,957,633,210,0.9053201082055906,0.09467989179440937,0.6638446215139442,0.33615537848605576,10,0.0021496130696474634,0.04879621668099742,0.1344621513944223
42101038000,Census Tract 380; Philadelphia County; Pennsylvania,2421,888,816,674,142,2415,1825,590,2.96,2.71,4.15,49022.0,2421,448,2421,1225,185,35,761,885,566,68,0,16,122,816,131,2345,1617,571,315,33,0,8,1143,994,149,2421,2421,2321,816,1303.0,171500.0,94,63,175,87,6,62,121,16,24,31,37,22,36,0,20,46,21,12,32,26,514,624,307,72,0.918918918918919,0.08108108108108109,0.8259803921568627,0.17401960784313725,6,0.0024783147459727386,0.18504750103263115,0.16053921568627452
42101038600,Census Tract 386; Philadelphia County; Pennsylvania,1352,588,557,453,104,1352,1196,156,2.43,2.64,1.5,170893.0,1352,49,1352,1033,133,26,86,645,270,18,9,53,274,557,2,1333,955,58,308,266,121,85,683,645,38,1352,1352,1320,557,2043.0,953100.0,4,98,65,26,28,25,69,30,17,7,47,39,15,10,21,9,51,34,18,31,314,345,299,31,0.9472789115646258,0.05272108843537415,0.8132854578096947,0.1867145421903052,0,0.0,0.036242603550295856,0.003590664272890485
42101008601,Census Tract 86.01; Philadelphia County; Pennsylvania,3715,2200,1933,399,1534,3690,1037,2653,1.91,2.6,1.73,73818.0,3605,509,3715,1594,1349,211,281,2277,856,305,19,224,649,1933,591,3583,2701,246,1214,455,132,194,2332,2280,52,3715,3715,3365,1933,1778.0,476500.0,197,108,92,85,153,10,44,59,22,0,7,86,7,0,0,57,3,39,0,26,352,748,247,267,0.8786363636363637,0.12136363636363637,0.20641489912053804,0.793585100879462,25,0.006729475100942127,0.14119278779472955,0.30574236937403
42101037500,Census Tract 375; Philadelphia County; Pennsylvania,3805,1779,1528,876,652,3176,2023,1153,2.08,2.31,1.77,80463.0,3240,488,3805,1462,1605,321,194,1990,770,349,0,270,418,1528,121,3776,2712,393,513,426,193,238,2372,2060,312,3805,3805,3761,1528,1777.0,286800.0,29,68,60,56,15,38,15,38,75,40,47,31,0,27,15,43,79,146,12,5,233,319,520,251,0.8589094997189433,0.14109050028105677,0.5732984293193717,0.42670157068062825,629,0.16530880420499344,0.1506172839506173,0.07918848167539266
42101037800,Census Tract 378; Philadelphia County; Pennsylvania,2113,1288,1154,673,481,2109,1342,767,1.83,1.99,1.59,74032.0,2113,251,2113,1564,101,74,288,1277,836,60,74,39,211,1154,272,2021,1821,458,452,273,63,0,1334,1277,57,2113,2113,1993,1154,1824.0,319600.0,81,0,0,28,39,26,29,17,52,133,68,24,0,18,11,25,0,0,0,18,100,220,349,134,0.8959627329192547,0.10403726708074534,0.5831889081455806,0.4168110918544194,4,0.001893043066729768,0.11878845243729295,0.23570190641247835
42101023100,Census Tract 231; Philadelphia County; Pennsylvania,1606,592,578,451,127,1606,1329,277,2.78,2.95,2.18,227656.0,1606,101,1606,1317,25,70,110,865,424,39,0,27,342,578,29,1535,1087,95,414,207,143,110,908,887,21,1606,1606,1478,578,1977.0,756000.0,61,67,51,42,67,77,67,44,11,12,15,17,8,0,11,33,42,15,5,0,351,476,169,14,0.9763513513513513,0.02364864864864865,0.7802768166089965,0.21972318339100347,0,0.0,0.06288916562889166,0.050173010380622836
42101980300,Census Tract 9803; Philadelphia County; Pennsylvania,0,0,0,0,0,0,0,0,,,,,0,0,0,0,0,0,0,0,0,0,0,0,0,0,0,0,0,0,0,0,0,0,0,0,0,0,0,0,0,,,0,0,0,0,0,0,0,0,0,0,0,0,0,0,0,0,0,0,0,0,0,0,0,0,,,,,0,,,
42101980400,Census Tract 9804; Philadelphia County; Pennsylvania,0,0,0,0,0,0,0,0,,,,,0,0,0,0,0,0,0,0,0,0,0,0,0,0,0,0,0,0,0,0,0,0,0,0,0,0,0,0,0,,,0,0,0,0,0,0,0,0,0,0,0,0,0,0,0,0,0,0,0,0,0,0,0,0,,,,,0,,,
42101011700,Census Tract 117; Philadelphia County; Pennsylvania,1990,421,361,273,88,997,594,403,2.76,2.18,4.58,107431.0,1008,224,1990,975,631,164,75,774,300,50,0,93,289,361,10,1985,636,101,204,120,24,12,987,858,129,1990,1990,1985,361,3434.0,376900.0,0,0,0,30,5,0,26,45,0,6,34,0,14,12,4,43,5,6,16,10,92,106,150,60,0.8574821852731591,0.14251781472684086,0.7562326869806094,0.24376731301939059,993,0.49899497487437183,0.2222222222222222,0.027700831024930747
42101000404,Census Tract 4.04; Philadelphia County; Pennsylvania,2588,2733,1962,885,1077,2588,1162,1426,1.32,1.31,1.32,96024.0,2578,136,2588,2062,124,162,45,1557,112,264,37,459,685,1962,1188,2588,2427,243,776,674,222,76,1589,1573,16,2588,2588,2588,1962,2008.0,321800.0,0,0,10,0,0,0,0,0,34,17,102,54,39,56,67,93,141,121,152,128,10,10,1004,771,0.7178924259055982,0.28210757409440174,0.4510703363914373,0.5489296636085627,0,0.0,0.05275407292474787,0.6055045871559633
42101000805,Census Tract 8.05; Philadelphia County; Pennsylvania,2263,2205,1838,384,1454,2217,518,1699,1.21,1.35,1.17,74200.0,2217,141,2263,1690,3,382,53,1680,204,291,0,550,620,1838,1135,2252,1968,99,702,407,331,261,1772,1684,88,2263,2263,2227,1838,2006.0,389600.0,36,12,0,3,0,0,0,0,0,16,44,55,29,0,127,10,62,15,40,11,12,51,409,367,0.8335600907029479,0.16643990929705216,0.2089227421109902,0.7910772578890098,46,0.020326999558108707,0.06359945872801083,0.6175190424374319
42101013701,Census Tract 137.01; Philadelphia County; Pennsylvania,2045,1364,1254,458,796,2045,928,1117,1.63,2.03,1.4,98401.0,2045,253,2045,830,809,146,75,1628,872,231,38,8,388,1254,138,2024,1799,190,701,353,150,57,1709,1628,81,2045,2045,2024,1254,1855.0,347200.0,21,0,0,0,0,0,0,0,27,45,0,0,0,0,32,0,29,0,18,0,0,21,151,110,0.9193548387096774,0.08064516129032258,0.3652312599681021,0.6347687400318979,0,0.0,0.12371638141809291,0.11004784688995216
42101001301,Census Tract 13.01; Philadelphia County; Pennsylvania,1997,944,880,509,371,1997,1246,751,2.27,2.45,2.02,136172.0,1997,282,1997,1089,573,108,136,1145,312,127,212,224,159,880,265,1804,1404,151,410,272,177,123,1223,1145,78,1997,1997,1804,880,2190.0,538600.0,113,126,64,0,80,0,0,64,0,10,0,0,5,0,30,14,5,0,26,0,338,447,90,64,0.9322033898305084,0.06779661016949153,0.5784090909090909,0.42159090909090907,0,0.0,0.1412118177265899,0.30113636363636365
42101018801,Census Tract 188.01; Philadelphia County; Pennsylvania,3099,1501,1256,613,643,2986,1833,1153,2.38,2.99,1.79,,3055,1577,3099,601,175,0,2273,874,422,138,0,177,31,1256,632,2916,1884,417,211,32,20,0,952,874,78,3099,3099,2827,1256,1358.0,108500.0,183,106,68,0,89,133,194,40,0,83,0,36,0,0,34,0,25,0,83,0,470,813,261,245,0.8367754830113258,0.1632245169886742,0.4880573248407643,0.5119426751592356,113,0.03646337528234914,0.51620294599018,0.5031847133757962
42101036901,Census Tract 369.01; Philadelphia County; Pennsylvania,155,4,4,4,0,8,8,0,2.0,2.0,,,8,0,155,77,61,0,17,8,8,0,0,0,0,4,0,155,137,26,13,4,0,0,8,8,0,8,8,155,4,,,0,0,10,0,0,0,0,0,0,0,0,0,0,12,0,0,0,0,0,0,10,10,12,0,1.0,0.0,1.0,0.0,147,0.9483870967741935,0.0,0.0
42101980001,Census Tract 9800.01; Philadelphia County; Pennsylvania,0,5,0,0,0,0,0,0,,,,,0,0,0,0,0,0,0,0,0,0,0,0,0,0,0,0,0,0,0,0,0,0,0,0,0,0,0,0,0,,,0,0,0,0,0,0,0,0,0,0,0,0,0,0,0,0,0,0,0,0,0,0,0,5,0.0,1.0,,,0,,,
42101012502,Census Tract 125.02; Philadelphia County; Pennsylvania,4133,2919,2721,525,2196,4133,811,3322,1.52,1.54,1.51,94564.0,4133,565,4133,2580,402,582,434,2740,874,388,59,388,951,2721,878,4013,3504,392,1107,955,493,132,2855,2765,90,4133,4133,3949,2721,2064.0,513300.0,158,21,57,21,26,20,21,0,10,44,51,149,17,0,0,59,322,161,91,35,119,324,939,198,0.9321685508735869,0.06783144912641316,0.19294377067254687,0.8070562293274531,0,0.0,0.13670457294943142,0.322675486953326
42101036600,Census Tract 366; Philadelphia County; Pennsylvania,2372,1360,1283,637,646,2370,1303,1067,1.85,2.05,1.65,136250.0,2319,87,2372,1626,185,291,163,1566,693,74,4,197,466,1283,247,2270,2030,121,1076,207,136,171,1632,1579,51,2370,2370,2236,1283,2441.0,520500.0,45,15,0,10,91,27,32,22,54,19,83,66,26,7,76,47,78,50,16,45,106,242,567,77,0.9433823529411764,0.05661764705882353,0.49649259547934527,0.5035074045206547,2,0.0008431703204047217,0.037516170763260026,0.19251753702260327
42101005600,Census Tract 56; Philadelphia County; Pennsylvania,1010,747,671,49,622,1007,79,928,1.5,1.61,1.49,32411.0,1010,370,1010,100,789,0,96,555,247,148,0,0,86,671,261,954,824,469,25,84,0,69,566,555,11,1010,1010,954,671,1177.0,116500.0,0,0,23,0,56,50,0,5,12,20,0,18,0,0,23,5,13,14,2,5,68,134,112,76,0.8982597054886211,0.10174029451137885,0.07302533532041729,0.9269746646795827,3,0.0029702970297029703,0.36633663366336633,0.3889716840536513
42101035100,Census Tract 351; Philadelphia County; Pennsylvania,3698,2365,2145,1531,614,3564,2543,1021,1.66,1.66,1.66,72515.0,3570,287,3698,2793,384,83,198,1698,1098,94,0,0,301,2145,265,3643,3408,945,823,432,56,24,1812,1728,84,3570,3570,3643,2145,1649.0,242700.0,0,74,23,0,55,98,19,21,66,167,131,188,15,24,160,130,158,164,54,97,149,290,1354,220,0.9069767441860465,0.09302325581395349,0.7137529137529137,0.2862470862470862,134,0.03623580313683072,0.0803921568627451,0.12354312354312354
42101036502,Census Tract 365.02; Philadelphia County; Pennsylvania,4496,1752,1736,1251,485,4483,3802,681,2.58,3.04,1.4,88529.0,4496,605,4496,3391,99,238,543,2386,1804,97,0,0,263,1736,88,4410,3163,1000,771,264,150,64,2512,2386,126,4496,4496,4374,1736,1161.0,370600.0,112,108,265,148,10,37,234,276,49,84,130,50,43,0,8,128,85,125,62,28,964,1190,792,16,0.9908675799086758,0.0091324200913242,0.7206221198156681,0.2793778801843318,13,0.002891459074733096,0.13456405693950177,0.05069124423963134
42101004202,Census Tract 42.02; Philadelphia County; Pennsylvania,5637,2232,2127,1558,569,5473,3718,1755,2.57,2.39,3.08,79746.0,5440,624,5637,3373,173,732,1151,2464,988,376,148,283,378,2127,457,5530,3806,1309,731,350,13,76,2724,2480,244,5478,5478,5399,2127,1761.0,265400.0,161,283,124,103,77,135,205,139,165,66,178,31,34,19,54,191,116,45,52,101,954,1227,1052,105,0.9529569892473119,0.04704301075268817,0.7324870709920075,0.26751292900799245,164,0.02909348944474011,0.11470588235294117,0.2148566055477198
42101008702,Census Tract 87.02; Philadelphia County; Pennsylvania,3526,2266,1991,139,1852,3193,302,2891,1.6,2.17,1.56,51971.0,3308,1313,3526,2140,333,645,227,2058,444,517,69,472,452,1991,943,3426,2386,141,920,571,90,374,2163,2079,84,3524,3524,3385,1991,1370.0,604600.0,137,151,0,1,4,31,0,15,4,33,35,0,1,0,0,20,7,40,0,0,92,339,140,275,0.8786407766990292,0.12135922330097088,0.06981416373681568,0.9301858362631843,333,0.0944412932501418,0.39691656590084645,0.47363134103465593
42101010800,Census Tract 108; Philadelphia County; Pennsylvania,4497,2371,2025,765,1260,4464,1648,2816,2.2,2.15,2.23,35768.0,4491,2100,4497,412,3437,79,71,1600,530,560,33,85,274,2025,868,4371,2916,892,566,110,48,90,1759,1600,159,4497,4497,4281,2025,907.0,223400.0,124,124,347,24,92,68,303,72,27,9,75,16,0,0,30,63,112,33,41,67,959,1154,473,346,0.8540700126528891,0.14592998734711093,0.37777777777777777,0.6222222222222222,33,0.00733822548365577,0.46760187040748163,0.42864197530864195
42101011900,Census Tract 119; Philadelphia County; Pennsylvania,4347,2675,2176,1116,1060,4305,2715,1590,1.98,2.43,1.5,66025.0,4337,613,4347,363,3850,0,13,1841,918,277,0,29,599,2176,790,4346,3220,1136,298,431,116,35,2241,2102,139,4337,4337,4346,2176,1283.0,173100.0,1,46,183,2,0,187,194,0,33,39,80,22,19,51,69,29,188,125,64,75,610,613,794,499,0.8134579439252336,0.18654205607476634,0.5128676470588235,0.48713235294117646,42,0.00966183574879227,0.1413419414341711,0.3630514705882353
42101012204,Census Tract 122.04; Philadelphia County; Pennsylvania,4107,2310,2064,976,1088,3742,1934,1808,1.81,1.98,1.66,41735.0,3829,738,4107,535,3070,215,119,1559,1051,124,0,48,266,2064,459,3957,3424,853,743,512,136,15,1960,1745,215,3829,3829,3927,2064,1342.0,215400.0,72,62,0,41,108,0,0,0,35,100,76,104,41,62,66,69,123,180,236,91,148,283,1183,246,0.8935064935064935,0.10649350649350649,0.4728682170542636,0.5271317829457365,365,0.088872656440224,0.19273961869939932,0.22238372093023256
42101016702,Census Tract 167.02; Philadelphia County; Pennsylvania,2539,1296,1032,390,642,2517,891,1626,2.44,2.28,2.53,33970.0,2486,658,2539,31,2222,45,203,816,662,154,0,0,0,1032,404,2399,1770,549,69,0,0,0,937,816,121,2539,2539,2399,1032,1127.0,181700.0,111,100,170,65,29,0,49,0,0,0,16,35,33,0,21,48,43,100,0,0,341,524,296,264,0.7962962962962963,0.2037037037037037,0.37790697674418605,0.622093023255814,22,0.00866482867270579,0.26468222043443285,0.39147286821705424
42101018400,Census Tract 184; Philadelphia County; Pennsylvania,2210,898,898,800,98,2207,2002,205,2.46,2.5,2.09,71579.0,2171,283,2210,1877,1,0,40,946,617,124,0,47,83,898,164,2158,1505,550,190,151,17,0,1046,946,100,2210,2210,2102,898,1449.0,229000.0,21,68,108,72,87,65,72,86,21,45,23,43,18,2,24,30,68,35,50,2,453,579,361,0,1.0,0.0,0.89086859688196,0.1091314031180401,3,0.0013574660633484162,0.13035467526485492,0.18262806236080179
42101020000,Census Tract 200; Philadelphia County; Pennsylvania,1436,661,482,146,336,922,277,645,1.91,1.9,1.92,21944.0,928,260,1436,361,522,206,245,513,144,178,12,49,76,482,367,1345,618,165,96,50,0,27,672,571,101,1436,1436,1345,482,897.0,152400.0,51,0,31,24,40,11,0,0,61,0,10,20,0,0,15,0,15,34,9,33,66,157,197,179,0.7291981845688351,0.2708018154311649,0.3029045643153527,0.6970954356846473,514,0.3579387186629526,0.2801724137931034,0.7614107883817427
42101023600,Census Tract 236; Philadelphia County; Pennsylvania,2571,1282,1179,716,463,2395,1755,640,2.03,2.45,1.38,115352.0,2395,185,2571,1242,1123,0,33,1257,485,106,58,54,518,1179,170,2390,1863,183,318,460,415,142,1288,1269,19,2395,2395,2271,1179,1459.0,636100.0,259,43,117,42,41,12,18,29,21,26,53,80,39,39,17,42,84,61,69,30,174,561,561,103,0.9196567862714509,0.08034321372854915,0.6072943172179813,0.3927056827820187,176,0.06845585375340335,0.07724425887265135,0.1441899915182358
42101026000,Census Tract 260; Philadelphia County; Pennsylvania,2902,1348,1297,1023,274,2897,2200,697,2.23,2.15,2.54,67842.0,2902,400,2902,11,2666,0,188,1323,941,52,0,0,257,1297,81,2861,2323,441,454,537,9,0,1363,1323,40,2902,2902,2771,1297,1371.0,225500.0,131,0,53,46,0,0,206,0,6,82,53,106,28,32,42,79,101,68,36,46,353,436,679,51,0.962166172106825,0.037833827893175076,0.7887432536622976,0.2112567463377024,5,0.0017229496898690559,0.13783597518952448,0.06245181187355436
42101027600,Census Tract 276; Philadelphia County; Pennsylvania,4484,2156,2034,926,1108,4479,2848,1631,2.2,3.08,1.47,55149.0,4484,828,4484,95,3271,0,810,2284,1257,614,15,0,114,2034,654,4317,2929,1035,268,386,0,0,2463,2284,179,4484,4484,4230,2034,1132.0,187300.0,58,190,208,73,196,96,55,136,13,36,0,22,15,0,29,86,99,162,39,22,753,1012,523,122,0.9434137291280148,0.05658627087198516,0.4552605703048181,0.5447394296951819,5,0.0011150758251561106,0.18465655664585193,0.3215339233038348
42101028600,Census Tract 286; Philadelphia County; Pennsylvania,6617,2761,2687,1717,970,6594,3813,2781,2.45,2.22,2.87,62509.0,6617,1656,6617,196,2028,493,3421,2110,1495,105,0,0,0,2687,839,6335,4018,1204,292,65,0,23,2739,2658,81,6617,6617,6161,2687,1393.0,132000.0,204,532,334,236,252,180,118,171,23,56,111,57,0,0,33,60,227,57,0,0,1341,2027,624,74,0.9731981166244115,0.026801883375588555,0.6390026051358392,0.36099739486416077,23,0.0034758954208855978,0.25026447030376303,0.3122441384443617
42101030000,Census Tract 300; Philadelphia County; Pennsylvania,6901,3141,2771,1584,1187,6825,3869,2956,2.46,2.44,2.49,34196.0,6901,1946,6901,813,3638,0,1978,2912,1325,675,0,55,498,2771,991,6661,4155,1852,445,141,0,105,3110,2964,146,6901,6901,6250,2771,1044.0,126400.0,436,678,385,170,215,170,140,160,65,87,206,3,0,0,157,29,124,27,32,52,1690,2354,782,370,0.8822031200254696,0.11779687997453041,0.5716347888848791,0.4283652111151209,76,0.011012896681640343,0.28198811766410664,0.3576326236015879
42101031900,Census Tract 319; Philadelphia County; Pennsylvania,5392,1914,1791,1005,786,5387,2981,2406,3.01,2.97,3.06,50702.0,5369,1663,5392,1585,1999,67,1650,2203,1436,293,0,18,112,1791,446,4928,3187,1155,363,19,132,1,2378,2239,139,5392,5392,4564,1791,1510.0,162700.0,398,463,83,70,430,191,205,42,18,24,59,0,9,1,18,123,65,90,52,33,1020,1882,492,123,0.9357366771159875,0.06426332288401254,0.5611390284757118,0.4388609715242881,5,0.000927299703264095,0.30974110635127583,0.24902289223897264
42101034502,Census Tract 345.02; Philadelphia County; Pennsylvania,5093,2431,2385,1079,1306,5087,2223,2864,2.13,2.06,2.19,61476.0,5093,406,5093,2643,1080,778,391,2618,1842,175,0,42,382,2385,314,5058,3826,911,866,434,0,88,2879,2766,113,5093,5093,4920,2385,1362.0,269400.0,34,139,192,104,139,100,111,52,138,72,60,87,0,45,18,55,236,100,60,21,715,871,892,46,0.9810777457836282,0.018922254216371864,0.45241090146750523,0.5475890985324947,6,0.0011780875711761242,0.07971725898291773,0.13165618448637317
42101034803,Census Tract 348.03; Philadelphia County; Pennsylvania,3631,1712,1548,1221,327,3616,2835,781,2.34,2.32,2.39,93846.0,3631,388,3631,2778,222,130,222,1692,1251,114,0,3,173,1548,20,3558,2714,849,456,212,73,9,1883,1725,158,3631,3631,3484,1548,1616.0,308400.0,38,97,51,30,109,137,64,45,65,84,42,40,12,31,39,38,210,56,74,29,406,571,720,164,0.9042056074766355,0.09579439252336448,0.7887596899224806,0.21124031007751937,15,0.004131093362709997,0.1068576149820986,0.012919896640826873
42101035800,Census Tract 358; Philadelphia County; Pennsylvania,6049,2385,2370,1780,590,6031,4359,1672,2.54,2.45,2.83,69298.0,6035,706,6049,3603,580,1204,321,2642,2304,115,0,3,176,2370,97,5804,4223,1233,1018,322,99,74,2806,2646,160,6049,6049,5583,2370,1365.0,334400.0,307,172,256,35,159,320,209,35,44,114,124,157,101,41,112,92,67,119,156,30,998,1493,1157,15,0.9937106918238994,0.006289308176100629,0.7510548523206751,0.2489451476793249,18,0.002975698462555794,0.11698425849212925,0.04092827004219409
42101034702,Census Tract 347.02; Philadelphia County; Pennsylvania,3762,1379,1379,1293,86,3422,3111,311,2.48,2.41,3.62,88313.0,3405,462,3762,2728,401,79,461,1541,1159,57,36,0,158,1379,74,3642,2852,1071,529,143,37,20,1587,1549,38,3439,3439,3499,1379,2531.0,306400.0,166,210,67,56,97,83,95,29,86,93,158,122,41,15,94,109,233,98,66,89,509,803,1204,0,1.0,0.0,0.9376359680928209,0.06236403190717912,340,0.09037745879851143,0.1356828193832599,0.05366207396664249
42101037300,Census Tract 373; Philadelphia County; Pennsylvania,5962,2894,2639,1577,1062,5921,4185,1736,2.24,2.65,1.63,120560.0,5937,523,5962,4998,384,341,239,3242,1730,232,50,221,698,2639,447,5814,4306,1226,1102,483,92,87,3446,3328,118,5938,5938,5781,2639,1841.0,494500.0,90,48,323,103,91,127,225,194,221,20,80,115,46,39,41,164,156,158,73,82,1048,1201,1195,255,0.9118866620594334,0.0881133379405667,0.5975748389541493,0.4024251610458507,41,0.006876886950687689,0.08809162876873843,0.1693823417961349
42101020800,Census Tract 208; Philadelphia County; Pennsylvania,2646,1658,1561,508,1053,2219,614,1605,1.42,1.21,1.52,85043.0,2223,188,2646,1171,927,197,167,1341,703,154,13,89,307,1561,113,2646,1894,164,628,391,206,81,1566,1386,180,2646,2646,2646,1561,1870.0,174600.0,0,0,3,4,0,18,38,0,17,28,38,114,33,26,83,68,115,6,148,62,63,63,738,97,0.9414957780458384,0.05850422195416164,0.3254324151185138,0.6745675848814863,427,0.16137566137566137,0.08457040035987404,0.0723894939141576
42101989100,Census Tract 9891; Philadelphia County; Pennsylvania,1190,0,0,0,0,0,0,0,,,,,29,20,1190,120,821,10,184,0,0,0,0,0,0,0,0,1190,811,326,7,10,0,1,6,0,6,35,35,1190,0,,,0,0,6,74,0,0,0,0,12,0,1,2,0,0,0,0,0,0,0,0,145,80,15,0,,,,,1190,1.0,0.6896551724137931,
42101001600,Census Tract 16; Philadelphia County; Pennsylvania,2400,1560,1303,687,616,2400,1472,928,1.84,2.14,1.51,149375.0,2400,172,2400,2035,72,86,67,1722,303,251,132,221,746,1303,336,2335,1956,79,800,483,272,153,1825,1748,77,2400,2400,2313,1303,1987.0,770000.0,48,0,39,21,39,48,62,32,27,36,12,29,12,0,38,8,59,22,5,25,185,289,273,257,0.8352564102564103,0.16474358974358974,0.5272448196469686,0.4727551803530315,0,0.0,0.07166666666666667,0.2578664620107444
42101012201,Census Tract 122.01; Philadelphia County; Pennsylvania,3133,2354,2111,0,2111,3130,0,3130,1.48,,1.48,40480.0,3133,706,3133,700,1485,380,382,1556,816,306,0,122,137,2111,961,2889,2383,552,742,140,183,18,1617,1556,61,3133,3133,2889,2111,1488.0,,0,0,15,0,244,76,0,0,0,22,74,128,0,82,0,0,163,69,20,20,75,335,578,243,0.8967714528462192,0.1032285471537808,0.0,1.0,3,0.000957548675390999,0.22534312160868178,0.4552344860255803
42101016002,Census Tract 160.02; Philadelphia County; Pennsylvania,4401,2406,2258,1378,880,4397,2713,1684,1.95,1.97,1.91,94926.0,4401,718,4401,3477,142,113,224,3035,1185,505,297,115,816,2258,324,4182,3648,316,1463,864,176,110,3253,3079,154,4381,4381,4101,2258,1533.0,373800.0,217,12,141,126,83,38,21,0,0,0,44,66,0,0,19,23,62,0,0,75,326,638,289,148,0.9384871155444722,0.06151288445552785,0.6102745792736936,0.38972542072630645,4,0.0009088843444671666,0.1631447398318564,0.14348981399468555
42101000403,Census Tract 4.03; Philadelphia County; Pennsylvania,1010,789,691,443,248,1010,711,299,1.46,1.6,1.21,167188.0,1010,104,1010,830,0,111,18,743,76,72,6,140,364,691,262,1010,963,26,448,272,126,25,749,743,6,1010,1010,1010,691,2186.0,915800.0,0,0,0,0,0,0,0,0,30,19,7,18,6,0,38,12,43,5,0,0,0,0,178,98,0.8757921419518377,0.12420785804816223,0.6410998552821997,0.3589001447178003,0,0.0,0.10297029702970296,0.3791606367583213
42101989200,Census Tract 9892; Philadelphia County; Pennsylvania,0,0,0,0,0,0,0,0,,,,,0,0,0,0,0,0,0,0,0,0,0,0,0,0,0,0,0,0,0,0,0,0,0,0,0,0,0,0,0,,,0,0,0,0,0,0,0,0,0,0,0,0,0,0,0,0,0,0,0,0,0,0,0,0,,,,,0,,,
42101014202,Census Tract 142.02; Philadelphia County; Pennsylvania,2655,1977,1722,759,963,2650,1405,1245,1.54,1.85,1.29,123503.0,2655,130,2655,1546,145,423,340,2091,1032,93,208,85,388,1722,433,2603,2413,145,1106,260,369,108,2230,2167,63,2655,2655,2603,1722,2099.0,570700.0,0,0,0,0,52,0,0,0,1,2,30,1,10,0,10,34,42,0,11,1,0,52,142,255,0.8710166919575114,0.12898330804248861,0.44076655052264807,0.5592334494773519,5,0.0018832391713747645,0.04896421845574388,0.251451800232288
42101008400,Census Tract 84; Philadelphia County; Pennsylvania,5080,2027,1719,1022,697,5061,3411,1650,2.94,3.34,2.37,56232.0,5079,848,5080,193,3653,474,112,2428,1126,725,24,13,377,1719,502,5010,3218,943,336,278,46,11,2599,2452,147,5079,5079,4801,1719,1404.0,177100.0,159,179,208,0,120,334,77,157,16,17,96,55,0,10,34,41,68,86,80,17,997,1234,520,308,0.8480513073507647,0.15194869264923533,0.5945317044793484,0.40546829552065156,19,0.0037401574803149606,0.16696200039377831,0.2920302501454334
42101009000,Census Tract 90; Philadelphia County; Pennsylvania,7560,1924,1639,176,1463,3179,402,2777,1.94,2.28,1.9,38538.0,3187,1580,7560,3793,1383,1347,460,2988,475,439,34,1206,659,1639,960,7560,1300,149,393,167,192,143,3896,3219,677,7560,7560,7537,1639,1580.0,430000.0,23,55,47,27,0,45,45,34,6,0,38,22,20,0,0,0,32,0,18,0,218,276,136,285,0.8518711018711018,0.14812889812889812,0.10738255033557047,0.8926174496644296,4381,0.5794973544973545,0.4957640414182617,0.5857230018303844
42101014300,Census Tract 143; Philadelphia County; Pennsylvania,1979,1136,1041,731,310,1979,1356,623,1.9,1.85,2.01,131645.0,1979,130,1979,1672,96,122,88,1499,527,217,37,46,509,1041,172,1882,1768,187,722,349,186,96,1527,1514,13,1979,1979,1868,1041,2288.0,586500.0,25,13,0,0,86,41,8,0,0,16,5,0,25,0,0,16,15,0,10,72,62,173,159,95,0.9163732394366197,0.08362676056338028,0.7022094140249759,0.297790585975024,0,0.0,0.06568974229408793,0.16522574447646493
42101024200,Census Tract 242; Philadelphia County; Pennsylvania,5367,2183,2061,784,1277,5269,2010,3259,2.56,2.56,2.55,55123.0,5367,1522,5367,949,3861,0,208,2325,763,691,33,176,549,2061,930,5088,3414,788,600,314,36,12,2627,2325,302,5367,5367,4914,2061,936.0,228900.0,259,266,145,84,194,89,376,69,12,34,5,22,0,0,13,96,57,37,14,257,1040,1482,547,122,0.9441136051305543,0.055886394869445716,0.3803978651140223,0.6196021348859777,98,0.01825973542016024,0.2835848705049376,0.4512372634643377
42101038900,Census Tract 389; Philadelphia County; Pennsylvania,3246,1385,1330,971,359,3003,2102,901,2.26,2.16,2.51,75735.0,3201,313,3246,132,2756,0,185,1358,575,221,0,161,321,1330,103,3205,2388,417,379,464,33,17,1505,1371,134,3246,3246,3197,1330,1034.0,336900.0,44,200,77,323,5,120,0,7,0,67,63,92,0,23,26,30,45,73,135,55,734,776,609,55,0.9602888086642599,0.039711191335740074,0.7300751879699248,0.2699248120300752,243,0.07486136783733827,0.09778194314276789,0.0774436090225564
42101027200,Census Tract 272; Philadelphia County; Pennsylvania,3985,2065,1847,1354,493,3967,2948,1019,2.15,2.18,2.07,64023.0,3985,303,3985,171,3042,178,496,1752,1217,236,0,0,124,1847,174,3899,3113,793,600,274,17,47,2053,1916,137,3985,3985,3835,1847,1424.0,188700.0,106,98,32,81,44,133,9,11,152,162,118,142,9,60,69,274,141,47,61,17,394,514,1252,218,0.8944309927360775,0.10556900726392252,0.7330806713589605,0.2669193286410395,18,0.00451693851944793,0.07603513174404015,0.09420682187330806
42101027800,Census Tract 278; Philadelphia County; Pennsylvania,4612,2360,2324,703,1621,4594,1414,3180,1.98,2.01,1.96,48542.0,4612,828,4612,32,4410,0,0,1532,1148,358,0,20,0,2324,1112,4520,3745,1319,157,119,0,78,2087,1564,523,4612,4612,4451,2324,1057.0,165200.0,0,0,62,216,161,170,72,0,40,36,126,220,6,0,419,23,68,14,36,77,541,681,1065,36,0.9847457627118644,0.015254237288135594,0.3024956970740103,0.6975043029259896,18,0.0039028620988725065,0.1795316565481353,0.4784853700516351
42101026900,Census Tract 269; Philadelphia County; Pennsylvania,2558,864,831,533,298,2233,1775,458,2.69,3.33,1.54,70625.0,2238,233,2558,318,1906,79,143,1174,501,210,0,36,160,831,176,2515,2004,454,419,195,29,11,1290,1216,74,2238,2238,2504,831,743.0,328700.0,54,33,64,0,0,100,131,71,40,37,105,60,27,21,46,34,86,51,32,111,403,453,650,33,0.9618055555555556,0.03819444444444445,0.641395908543923,0.358604091456077,325,0.12705238467552776,0.10411081322609472,0.21179302045728038
42101002801,Census Tract 28.01; Philadelphia County; Pennsylvania,3965,1910,1760,850,910,3962,1748,2214,2.25,2.06,2.43,65208.0,3965,1169,3965,2036,168,838,903,2020,505,296,264,267,475,1760,551,3694,3044,436,678,279,76,53,2256,2211,45,3965,3965,3479,1760,1685.0,339900.0,38,28,127,13,448,127,16,15,0,0,94,88,11,13,42,94,80,40,33,12,325,812,507,150,0.9214659685863874,0.07853403141361257,0.48295454545454547,0.5170454545454546,3,0.0007566204287515763,0.29482976040353087,0.3130681818181818
42101036201,Census Tract 362.01; Philadelphia County; Pennsylvania,5100,2049,1952,1386,566,5095,4077,1018,2.61,2.94,1.8,87817.0,5100,682,5100,4196,239,199,268,2114,1538,130,0,29,59,1952,179,4731,3676,873,798,322,99,21,2406,2258,148,5100,5100,4512,1952,1505.0,264600.0,170,160,201,21,418,179,120,36,12,132,170,31,105,16,42,80,104,97,20,148,660,1305,957,97,0.9526598340653978,0.047340165934602246,0.7100409836065574,0.2899590163934426,5,0.000980392156862745,0.13372549019607843,0.09170081967213115
42101005500,Census Tract 55; Philadelphia County; Pennsylvania,6421,2859,2819,1823,996,6408,4104,2304,2.27,2.25,2.31,73586.0,6421,1124,6421,220,5072,175,251,3093,2049,650,0,8,207,2819,171,6286,4865,1500,1101,112,140,21,3508,3157,351,6421,6421,6162,2819,1627.0,196600.0,11,156,173,84,248,164,134,63,20,35,108,99,124,0,44,131,307,178,137,2,643,1033,1185,40,0.9860090940888423,0.013990905911157748,0.6466832210003547,0.35331677899964525,13,0.002024606759071796,0.1750506151689768,0.060659808442710184
42101014400,Census Tract 144; Philadelphia County; Pennsylvania,5501,3239,3125,1014,2111,5422,1819,3603,1.74,1.79,1.71,119576.0,5462,653,5501,3105,451,746,1077,4406,1461,1125,144,401,1142,3125,653,5436,4760,637,2012,959,180,297,4498,4406,92,5501,5501,5373,3125,2095.0,444900.0,71,45,0,112,57,111,116,0,8,7,60,20,0,1,0,2,73,21,0,0,384,512,192,114,0.9648039518369868,0.03519604816301328,0.32448,0.67552,79,0.014361025268133067,0.11955327718784328,0.20896
42101017702,Census Tract 177.02; Philadelphia County; Pennsylvania,3960,1841,1490,628,862,3960,1573,2387,2.66,2.5,2.77,24420.0,3914,2015,3960,338,287,235,3100,1503,440,651,0,144,74,1490,352,3781,2185,752,78,37,0,15,1548,1503,45,3960,3960,3670,1490,1171.0,67800.0,179,98,85,34,111,47,212,280,18,0,20,58,15,17,38,24,0,27,3,37,984,1046,257,351,0.8093427485062467,0.1906572514937534,0.4214765100671141,0.5785234899328859,0,0.0,0.5148185998978028,0.23624161073825503
42101020400,Census Tract 204; Philadelphia County; Pennsylvania,4083,1464,1336,917,419,4049,2172,1877,3.03,2.37,4.48,48804.0,4083,1622,4083,83,3732,0,175,954,356,315,0,38,92,1336,547,3924,2677,1629,126,3,70,0,1695,1088,607,4083,4083,3924,1336,1433.0,125700.0,51,47,488,46,108,43,222,0,0,45,176,69,33,0,38,107,0,0,88,1,544,1005,557,128,0.912568306010929,0.08743169398907104,0.686377245508982,0.31362275449101795,34,0.008327210384521186,0.39725691893215775,0.4094311377245509
42101038800,Census Tract 388; Philadelphia County; Pennsylvania,3981,1979,1822,1182,640,3919,2873,1046,2.15,2.43,1.63,120451.0,3939,128,3981,2348,806,181,305,2303,903,217,20,13,1004,1822,169,3828,2905,122,956,722,400,150,2389,2303,86,3939,3939,3767,1822,1507.0,409800.0,131,157,64,48,83,48,187,56,28,51,71,34,32,9,47,134,138,30,68,36,549,774,678,157,0.9206670035371399,0.07933299646286003,0.6487376509330406,0.3512623490669594,62,0.015573976387842251,0.0324955572480325,0.09275521405049396
42101980702,Census Tract 9807.02; Philadelphia County; Pennsylvania,0,0,0,0,0,0,0,0,,,,,0,0,0,0,0,0,0,0,0,0,0,0,0,0,0,0,0,0,0,0,0,0,0,0,0,0,0,0,0,,,0,0,0,0,0,0,0,0,0,0,0,0,0,0,0,0,0,0,0,0,0,0,0,0,,,,,0,,,
42101014201,Census Tract 142.01; Philadelphia County; Pennsylvania,3114,1773,1667,648,1019,3099,1482,1617,1.86,2.29,1.59,133768.0,3113,78,3114,2447,130,137,281,2495,1007,314,178,70,876,1667,226,2971,2692,217,1532,439,130,143,2533,2510,23,3114,3114,2906,1667,2037.0,484600.0,70,0,22,0,138,0,22,47,9,9,40,13,2,0,8,0,34,0,6,0,91,299,121,106,0.9402143260011281,0.05978567399887197,0.3887222555488902,0.6112777444511098,15,0.004816955684007707,0.025056215868936717,0.13557288542291543
42101009100,Census Tract 91; Philadelphia County; Pennsylvania,3024,2476,2059,138,1921,2872,150,2722,1.39,1.09,1.42,36231.0,2951,1136,3024,900,871,711,197,1276,389,216,61,250,274,2059,1342,3024,1947,349,700,259,20,65,1469,1369,100,3017,3017,3024,2059,1232.0,,0,0,0,0,0,66,0,0,1,60,181,0,30,0,0,23,168,30,110,0,32,66,603,417,0.8315831987075929,0.1684168012924071,0.06702282661486159,0.9329771733851384,152,0.05026455026455026,0.3849542527956625,0.6517727051966974
42101011000,Census Tract 110; Philadelphia County; Pennsylvania,3290,1973,1638,506,1132,3223,1073,2150,1.97,2.12,1.9,35323.0,3290,1223,3290,229,2630,25,254,1154,592,297,10,41,101,1638,631,3199,2036,877,208,132,0,12,1470,1365,105,3290,3290,3043,1638,1160.0,145500.0,105,241,47,81,142,157,56,106,115,60,77,12,42,0,38,51,79,11,30,33,636,935,548,335,0.8302078053725291,0.16979219462747086,0.3089133089133089,0.6910866910866911,67,0.020364741641337385,0.3717325227963526,0.38522588522588525
42101015300,Census Tract 153; Philadelphia County; Pennsylvania,5923,2456,2067,435,1632,5113,1018,4095,2.47,2.34,2.51,35278.0,5136,2049,5923,1760,3106,424,372,2681,730,1032,6,655,143,2067,1196,5923,1885,759,73,131,48,0,3126,2802,324,5923,5923,5680,2067,861.0,226200.0,200,82,194,33,43,143,0,0,0,76,67,0,0,0,0,80,48,0,0,2,495,695,273,389,0.8416123778501629,0.15838762214983712,0.2104499274310595,0.7895500725689405,810,0.1367550227925038,0.3989485981308411,0.5786163522012578
42101017300,Census Tract 173; Philadelphia County; Pennsylvania,2788,1299,1108,380,728,2739,760,1979,2.47,2.0,2.72,28372.0,2750,1152,2788,153,2268,0,242,738,281,227,0,102,60,1108,616,2594,1328,350,111,68,0,0,793,738,55,2750,2750,2594,1108,1105.0,65600.0,113,166,270,24,81,68,151,59,29,70,12,0,0,0,56,141,83,34,32,14,777,932,471,191,0.852963818321786,0.147036181678214,0.34296028880866425,0.6570397111913358,49,0.01757532281205165,0.4189090909090909,0.555956678700361
42101020500,Census Tract 205; Philadelphia County; Pennsylvania,3689,1760,1671,633,1038,3651,1375,2276,2.18,2.17,2.19,,3622,904,3689,133,3245,18,58,1354,358,118,0,2,684,1671,453,3623,2706,1029,96,142,0,3,1378,1354,24,3687,3687,3202,1671,1271.0,101700.0,355,114,146,60,132,0,65,34,0,201,32,32,82,22,42,173,125,114,0,49,516,906,872,89,0.9494318181818182,0.05056818181818182,0.37881508078994613,0.6211849192100538,38,0.010300894551368935,0.2495858641634456,0.2710951526032316
42101029000,Census Tract 290; Philadelphia County; Pennsylvania,7597,2273,2105,1730,375,7590,6123,1467,3.61,3.54,3.91,49307.0,7546,1269,7597,306,3070,1717,2468,2680,1529,325,0,64,208,2105,246,7112,4548,1350,614,78,0,0,3231,3047,184,7597,7597,6932,2105,1730.0,158700.0,490,412,270,271,175,448,209,129,1,53,35,75,243,13,0,272,114,0,182,0,1604,2404,988,168,0.9260888693356797,0.07391113066432028,0.8218527315914489,0.17814726840855108,7,0.0009214163485586416,0.1681685661277498,0.1168646080760095
42101031600,Census Tract 316; Philadelphia County; Pennsylvania,5610,2242,2095,1324,771,5595,3188,2407,2.67,2.41,3.12,62015.0,5610,1225,5610,1866,953,1508,715,2661,1976,192,0,12,271,2095,308,5333,4070,1718,145,143,12,76,2997,2662,335,5610,5610,5143,2095,1697.0,230900.0,277,214,0,166,190,0,120,67,45,75,44,117,21,0,21,93,85,78,301,40,590,1034,920,147,0.9344335414808207,0.0655664585191793,0.6319809069212411,0.36801909307875896,15,0.00267379679144385,0.21836007130124777,0.14701670644391407
42101035602,Census Tract 356.02; Philadelphia County; Pennsylvania,3436,1266,1266,1087,179,3344,3048,296,2.64,2.8,1.65,114107.0,3395,163,3436,1763,375,1085,121,1715,1089,78,18,0,270,1266,151,3289,2487,578,732,243,41,48,1777,1745,32,3398,3398,3206,1266,1622.0,374400.0,160,91,126,52,70,131,93,18,33,61,135,88,100,21,50,52,113,94,44,20,494,741,811,0,1.0,0.0,0.858609794628752,0.14139020537124802,92,0.02677532013969732,0.04801178203240059,0.11927330173775672
42101039001,Census Tract 390.01; Philadelphia County; Pennsylvania,4124,1417,1373,661,712,4116,2052,2064,3.0,3.1,2.9,59458.0,4123,1919,4124,256,2572,0,1268,1590,974,342,0,76,145,1373,613,3970,2217,765,185,86,82,0,2153,1755,398,4124,4124,3593,1373,918.0,160200.0,312,163,124,171,219,170,232,26,4,29,12,6,1,2,73,15,20,28,0,0,928,1417,190,44,0.9689484827099506,0.031051517290049402,0.48142753095411506,0.5185724690458849,8,0.0019398642095053346,0.46543778801843316,0.44646758922068464
42101980002,Census Tract 9800.02; Philadelphia County; Pennsylvania,0,0,0,0,0,0,0,0,,,,,0,0,0,0,0,0,0,0,0,0,0,0,0,0,0,0,0,0,0,0,0,0,0,0,0,0,0,0,0,,,0,0,0,0,0,0,0,0,0,0,0,0,0,0,0,0,0,0,0,0,0,0,0,0,,,,,0,,,
42101001302,Census Tract 13.02; Philadelphia County; Pennsylvania,4524,2326,2045,1125,920,4524,2949,1575,2.21,2.62,1.71,104812.0,4524,151,4524,3445,451,252,136,2434,613,464,311,490,454,2045,577,4190,3058,138,1107,723,513,330,2733,2552,154,4497,4497,3957,2045,2425.0,533800.0,371,71,117,6,196,382,75,0,7,43,51,1,17,0,11,35,120,29,29,0,406,1218,343,281,0.8791917454858126,0.12080825451418745,0.5501222493887531,0.44987775061124696,0,0.0,0.033377541998231654,0.2821515892420538
42101030800,Census Tract 308; Philadelphia County; Pennsylvania,4751,2004,1917,1629,288,4738,4109,629,2.47,2.52,2.18,62411.0,4721,763,4751,1408,1144,1108,787,2149,1333,122,0,37,253,1917,175,4650,3391,999,632,155,10,0,2343,2204,139,4751,4751,4609,1917,1508.0,245400.0,43,270,170,125,99,69,108,118,67,111,108,88,20,31,241,129,65,60,75,105,750,1002,1100,87,0.9565868263473054,0.04341317365269461,0.8497652582159625,0.15023474178403756,13,0.0027362660492527887,0.1616183012073713,0.0912884715701617
42101033102,Census Tract 331.02; Philadelphia County; Pennsylvania,3705,1704,1647,859,788,3637,1939,1698,2.21,2.26,2.15,50337.0,3705,922,3705,2026,557,221,668,1833,1159,132,0,117,189,1647,177,3647,2662,847,383,230,40,6,1845,1833,12,3705,3705,3386,1647,1197.0,230300.0,118,78,0,29,201,84,164,82,78,142,82,29,53,92,59,48,160,133,27,114,437,756,1017,57,0.9665492957746479,0.03345070422535211,0.5215543412264724,0.4784456587735276,68,0.01835357624831309,0.24885290148448044,0.10746812386156648
42101003800,Census Tract 38; Philadelphia County; Pennsylvania,3622,1729,1615,1413,202,3616,3163,453,2.24,2.24,2.24,97306.0,3622,346,3622,3116,47,103,150,1784,1048,154,49,89,275,1615,187,3517,2769,670,529,315,71,44,1949,1884,65,3622,3622,3385,1615,1466.0,320600.0,121,47,55,63,116,37,87,157,64,118,64,52,35,4,18,58,205,58,50,84,490,683,810,114,0.9340659340659341,0.06593406593406594,0.874922600619195,0.12507739938080495,6,0.0016565433462175593,0.09552733296521258,0.11578947368421053
42101980100,Census Tract 9801; Philadelphia County; Pennsylvania,292,65,65,61,4,292,288,4,4.49,4.72,,111295.0,292,0,292,286,6,0,0,127,121,0,0,0,6,65,0,248,123,0,0,62,0,0,127,127,0,292,292,176,65,,,44,49,0,0,72,0,0,0,0,0,0,0,0,0,0,6,0,0,0,0,49,165,6,0,1.0,0.0,0.9384615384615385,0.06153846153846154,0,0.0,0.0,0.0
42101034200,Census Tract 342; Philadelphia County; Pennsylvania,3751,1801,1711,611,1100,3627,1542,2085,2.12,2.52,1.9,69361.0,3665,495,3751,2381,566,191,480,1349,956,20,0,17,214,1711,303,3487,2846,792,720,319,28,20,1435,1386,49,3665,3665,3432,1711,1427.0,355000.0,173,82,125,35,146,147,97,32,112,72,139,55,84,67,52,63,119,178,173,175,508,837,1289,90,0.9500277623542477,0.04997223764575236,0.3571011104617183,0.6428988895382817,124,0.03305785123966942,0.13506139154160982,0.17708942139099942
42101023500,Census Tract 235; Philadelphia County; Pennsylvania,1053,614,533,333,200,1047,745,302,1.96,2.24,1.51,96806.0,1053,39,1053,689,246,26,21,539,258,40,9,6,150,533,35,1038,856,43,241,200,103,61,552,539,13,1053,1053,996,533,1593.0,395600.0,36,28,20,16,21,0,11,0,37,28,33,4,18,46,20,26,55,17,39,10,92,132,333,81,0.8680781758957655,0.13192182410423453,0.624765478424015,0.37523452157598497,6,0.005698005698005698,0.037037037037037035,0.06566604127579738
42101015102,Census Tract 151.02; Philadelphia County; Pennsylvania,4815,2269,1878,676,1202,4795,1890,2905,2.55,2.8,2.42,23387.0,4783,1974,4815,62,4442,0,31,1251,502,168,12,109,336,1878,1019,4696,3000,951,123,235,48,31,1630,1287,297,4769,4769,4631,1878,709.0,141800.0,113,398,179,64,71,85,206,205,0,171,80,6,0,86,44,103,54,94,27,40,865,1321,705,391,0.8276773909211106,0.17232260907888938,0.3599574014909478,0.6400425985090522,20,0.004153686396677051,0.41271168722559065,0.5425985090521832
42101024600,Census Tract 246; Philadelphia County; Pennsylvania,2302,1434,1217,452,765,2162,730,1432,1.78,1.62,1.87,55978.0,2281,517,2302,382,1801,0,42,1039,495,238,0,0,253,1217,378,2227,1691,397,260,299,0,0,1183,1046,137,2281,2281,2204,1217,916.0,207100.0,41,22,63,73,57,0,142,0,36,58,14,4,0,0,31,34,2,29,2,38,348,398,248,217,0.8486750348675035,0.15132496513249652,0.37140509449465897,0.628594905505341,140,0.060816681146828845,0.22665497588776853,0.3105998356614626
42101028500,Census Tract 285; Philadelphia County; Pennsylvania,2533,1195,1097,633,464,2533,1176,1357,2.31,1.86,2.92,,2502,1094,2533,2,1034,361,988,902,325,360,0,0,105,1097,342,2247,1676,450,47,57,0,0,1067,902,165,2533,2533,2211,1097,1113.0,135800.0,0,90,21,59,322,6,109,36,7,8,43,0,2,0,371,57,61,33,44,5,347,643,631,98,0.9179916317991632,0.08200836820083682,0.577028258887876,0.422971741112124,0,0.0,0.4372501998401279,0.31175934366453967
42101007900,Census Tract 79; Philadelphia County; Pennsylvania,4261,2402,2147,994,1153,4256,2620,1636,1.98,2.64,1.42,79531.0,4261,561,4261,2051,1085,319,168,2792,1086,599,332,238,409,2147,480,4136,3196,308,912,591,144,456,2881,2839,42,4261,4261,4055,2147,1342.0,656100.0,71,54,133,33,135,77,179,0,0,30,56,89,19,0,0,56,172,71,12,0,516,682,505,255,0.8938384679433805,0.10616153205661949,0.46297158826269214,0.5370284117373079,5,0.0011734334663224596,0.13165923492137996,0.22356776897997205
42101011800,Census Tract 118; Philadelphia County; Pennsylvania,4400,2454,2070,1863,207,4395,4012,383,2.12,2.15,1.85,48762.0,4400,1170,4400,92,4072,54,16,1653,1013,273,0,60,265,2070,302,4354,3234,1286,420,352,101,30,1963,1684,279,4400,4400,4354,2070,1221.0,191500.0,46,0,150,0,0,114,110,193,202,77,257,66,70,0,50,25,82,46,122,52,624,613,1049,384,0.843520782396088,0.15647921760391198,0.9,0.1,5,0.0011363636363636363,0.26590909090909093,0.14589371980676327
42101014600,Census Tract 146; Philadelphia County; Pennsylvania,6163,1396,1255,401,854,3046,802,2244,2.43,2.0,2.63,38490.0,2893,1480,6163,2530,2121,837,420,2053,407,296,32,728,313,1255,672,6008,1456,330,90,120,33,40,2639,2282,357,6163,6163,5928,1255,1162.0,243800.0,199,53,124,0,36,104,80,79,0,28,35,35,24,0,59,67,46,101,31,6,377,675,432,141,0.8989971346704871,0.1010028653295129,0.3195219123505976,0.6804780876494024,3117,0.5057601817296771,0.5115796750777739,0.5354581673306773
42101021400,Census Tract 214; Philadelphia County; Pennsylvania,3570,2290,2013,810,1203,3558,1700,1858,1.77,2.1,1.54,99236.0,3570,253,3570,2841,374,72,147,2710,1547,286,38,238,528,2013,305,3386,2887,206,1318,521,79,133,2800,2710,90,3570,3570,3360,2013,1717.0,347700.0,116,24,25,12,94,21,25,7,28,50,29,29,0,0,7,0,78,0,16,0,119,324,237,277,0.8790393013100437,0.12096069868995633,0.40238450074515647,0.5976154992548435,12,0.0033613445378151263,0.07086834733893557,0.15151515151515152
42101025600,Census Tract 256; Philadelphia County; Pennsylvania,2812,1205,1164,824,340,2644,2069,575,2.27,2.51,1.69,120357.0,2649,125,2812,1618,702,88,345,1533,907,204,25,37,332,1164,71,2740,2098,304,546,481,94,184,1596,1533,63,2722,2722,2670,1164,1637.0,445900.0,35,97,30,42,107,59,96,32,17,33,95,36,26,23,57,55,106,90,42,41,361,498,621,41,0.9659751037344398,0.03402489626556016,0.7079037800687286,0.2920962199312715,168,0.059743954480796585,0.04718761796904492,0.06099656357388316
42101027902,Census Tract 279.02; Philadelphia County; Pennsylvania,4925,1306,1268,494,774,3115,1112,2003,2.46,2.25,2.59,51950.0,3132,605,4925,1313,2916,126,442,1944,690,360,0,228,284,1268,415,4731,1844,750,260,168,6,0,2256,2032,224,4925,4925,4721,1268,1044.0,128200.0,130,42,165,69,74,340,219,56,11,22,18,34,13,21,48,72,69,51,23,28,750,1095,410,38,0.9709035222052067,0.02909647779479326,0.38958990536277605,0.610410094637224,1810,0.36751269035532996,0.19316730523627076,0.3272870662460568
42101034000,Census Tract 340; Philadelphia County; Pennsylvania,3057,1195,1195,1048,147,3000,2702,298,2.51,2.58,2.03,95536.0,2977,218,3057,1805,480,221,441,1531,916,217,0,0,292,1195,109,2887,2209,717,382,199,0,39,1567,1531,36,3016,3016,2769,1195,1155.0,324500.0,162,62,132,73,126,74,29,25,53,88,38,100,10,0,50,68,34,65,22,84,387,683,612,0,1.0,0.0,0.8769874476987448,0.12301255230125523,57,0.018645731108930325,0.07322808196170641,0.09121338912133892
42101980800,Census Tract 9808; Philadelphia County; Pennsylvania,0,0,0,0,0,0,0,0,,,,,0,0,0,0,0,0,0,0,0,0,0,0,0,0,0,0,0,0,0,0,0,0,0,0,0,0,0,0,0,,,0,0,0,0,0,0,0,0,0,0,0,0,0,0,0,0,0,0,0,0,0,0,0,0,,,,,0,,,
42101000401,Census Tract 4.01; Philadelphia County; Pennsylvania,2919,2431,2129,739,1390,2884,1128,1756,1.35,1.53,1.26,92182.0,2919,481,2919,1326,576,700,156,1816,238,311,57,610,591,2129,1227,2888,2528,65,831,707,298,167,1840,1816,24,2919,2919,2888,2129,1293.0,532600.0,23,12,74,0,8,41,34,0,25,50,31,149,2,15,11,88,168,29,33,31,140,192,632,302,0.8757712875359934,0.12422871246400659,0.34711131986848287,0.6528886801315171,35,0.011990407673860911,0.16478245974648853,0.5763269140441521
42101000300,Census Tract 3; Philadelphia County; Pennsylvania,4727,3391,3273,469,2804,4428,978,3450,1.35,2.09,1.23,102104.0,4446,199,4727,2447,624,959,274,3166,904,429,110,1126,523,3273,1926,4688,3902,193,1400,997,609,358,3284,3249,35,4708,4708,4625,3273,2053.0,727400.0,65,10,110,0,37,51,29,41,33,13,144,10,30,104,6,43,39,105,51,217,241,343,795,118,0.9652020053081687,0.03479799469183132,0.14329361442102048,0.8567063855789795,299,0.06325364924899514,0.04475933423301844,0.5884509624197983
42101003902,Census Tract 39.02; Philadelphia County; Pennsylvania,5107,2651,2266,1612,654,5107,3701,1406,2.25,2.3,2.15,84020.0,5107,880,5107,4095,0,324,219,2543,914,455,75,230,546,2266,420,5079,4119,1218,996,320,37,179,2692,2543,149,5107,5107,4982,2266,1469.0,333800.0,0,19,219,134,125,85,160,27,31,168,76,55,66,33,93,59,78,107,63,117,636,769,946,385,0.8547717842323651,0.14522821576763487,0.7113857016769638,0.2886142983230362,0,0.0,0.17231251223810456,0.1853486319505737
42101007200,Census Tract 72; Philadelphia County; Pennsylvania,4634,2180,1977,830,1147,4585,1775,2810,2.32,2.14,2.45,42963.0,4603,1244,4634,134,3780,66,275,1817,977,347,12,0,351,1977,407,4259,3084,1137,522,110,10,0,2262,1968,294,4603,4603,4243,1977,1493.0,147000.0,216,106,24,234,175,29,133,22,26,0,41,3,16,40,19,58,41,11,61,45,587,939,361,203,0.9068807339449542,0.09311926605504588,0.41982802225594334,0.5801719777440566,49,0.010574018126888218,0.2702585270475777,0.20586747597369753
42101008802,Census Tract 88.02; Philadelphia County; Pennsylvania,6050,2245,1681,137,1544,2807,229,2578,1.67,1.67,1.67,25106.0,2807,1547,6050,2691,1033,1416,578,3020,170,416,68,1348,933,1681,1195,6025,1344,95,467,325,10,257,3409,3188,221,6050,6050,6025,1681,1562.0,860800.0,25,24,60,15,0,141,22,19,57,0,0,0,0,0,0,0,0,0,0,60,223,306,117,564,0.7487750556792873,0.2512249443207127,0.08149910767400356,0.9185008923259964,3243,0.5360330578512397,0.5511221945137157,0.7108863771564545
42101033000,Census Tract 330; Philadelphia County; Pennsylvania,10596,3337,3337,1644,1693,10579,4674,5905,3.17,2.84,3.49,52452.0,10418,3065,10596,3144,2494,416,2407,3458,2097,780,0,56,124,3337,416,9723,5547,1443,651,482,0,1,4318,3542,776,10596,10596,9471,3337,1622.0,210000.0,291,601,284,531,834,461,846,283,167,62,17,36,0,0,34,3,56,13,4,86,3011,4131,478,0,1.0,0.0,0.4926580761162721,0.5073419238837279,17,0.0016043790109475274,0.2942023421002112,0.12466287084207373
42101036202,Census Tract 362.02; Philadelphia County; Pennsylvania,5456,2352,2303,1895,408,5443,4806,637,2.36,2.54,1.56,98463.0,5455,279,5456,4601,172,91,571,2633,1776,137,0,1,345,2303,106,5297,3788,1102,689,479,76,39,2907,2650,257,5456,5456,5029,2303,1275.0,280500.0,296,91,263,88,131,254,118,3,46,126,114,36,0,15,42,93,54,93,34,50,873,1244,703,49,0.9791666666666666,0.020833333333333332,0.8228397742075554,0.17716022579244464,13,0.0023826979472140763,0.05114573785517874,0.04602692140686062
42101017201,Census Tract 172.01; Philadelphia County; Pennsylvania,2837,1784,1420,851,569,2814,1359,1455,1.98,1.6,2.56,,2675,973,2837,20,2596,15,157,767,283,130,0,196,29,1420,529,2636,2079,638,133,57,0,0,881,772,94,2822,2822,2636,1420,1393.0,65800.0,70,0,107,23,131,42,104,62,19,91,133,0,10,0,25,233,109,23,114,0,344,539,757,364,0.7959641255605381,0.2040358744394619,0.5992957746478873,0.4007042253521127,23,0.008107155445893549,0.3637383177570093,0.37253521126760564
42101019000,Census Tract 190; Philadelphia County; Pennsylvania,7426,2472,2256,1217,1039,7405,3992,3413,3.28,3.28,3.28,38856.0,7426,2187,7426,1212,1769,314,4105,2238,1266,418,0,8,92,2256,698,7378,4278,1645,371,79,0,9,2498,2245,253,7426,7426,6818,2256,1339.0,132700.0,368,405,413,11,240,543,253,160,32,32,26,41,0,0,36,113,2,5,135,8,1779,2393,430,216,0.912621359223301,0.08737864077669903,0.5394503546099291,0.4605496453900709,21,0.0028279019660651765,0.2945057904659305,0.30939716312056736
42101038400,Census Tract 384; Philadelphia County; Pennsylvania,2484,999,984,755,229,2472,2096,376,2.51,2.78,1.64,114107.0,2471,61,2484,1875,255,121,107,1256,685,63,7,21,349,984,69,2391,1907,347,620,293,54,63,1337,1267,70,2484,2484,2304,984,1748.0,369000.0,50,56,39,40,130,45,50,55,31,33,51,61,6,7,51,65,99,54,83,47,272,465,588,15,0.984984984984985,0.015015015015015015,0.7672764227642277,0.23272357723577236,12,0.004830917874396135,0.024686361796843383,0.0701219512195122
42101025200,Census Tract 252; Philadelphia County; Pennsylvania,7464,3687,3535,1603,1932,7118,4144,2974,2.01,2.59,1.54,26638.0,7184,2052,7464,838,6168,6,293,2616,1624,492,0,131,369,3535,1248,7367,5551,1478,669,501,0,82,3361,2640,721,7184,7184,7238,3535,884.0,224900.0,191,150,176,127,35,107,239,83,116,60,80,122,58,23,24,257,317,353,177,231,988,1108,1818,152,0.9587740710604827,0.04122592893951722,0.4534653465346535,0.5465346534653466,346,0.04635584137191854,0.2856347438752784,0.35304101838755303
42101012501,Census Tract 125.01; Philadelphia County; Pennsylvania,2319,1828,1416,0,1416,2040,0,2040,1.44,,1.44,89412.0,2044,283,2319,1510,251,344,112,1309,345,190,17,430,293,1416,609,2300,1911,289,624,494,289,77,1371,1316,55,2250,2250,2300,1416,2475.0,,19,0,0,5,0,0,0,0,57,25,0,3,8,113,59,1,0,8,77,268,0,24,619,412,0.774617067833698,0.22538293216630198,0.0,1.0,279,0.1203104786545925,0.13845401174168298,0.4300847457627119
42101039002,Census Tract 390.02; Philadelphia County; Pennsylvania,4826,1856,1771,1563,208,4810,4251,559,2.72,2.72,2.69,66278.0,4826,722,4826,499,1938,101,2241,2497,1818,186,0,0,370,1771,247,4616,2964,945,478,281,47,0,2649,2497,152,4826,4826,4487,1771,1154.0,218400.0,117,185,581,7,222,109,162,198,0,62,61,20,0,0,1,0,4,0,10,3,1044,1581,161,85,0.9542025862068966,0.045797413793103446,0.8825522303783173,0.11744776962168267,16,0.003315375051802735,0.14960629921259844,0.13946922642574816
42101018802,Census Tract 188.02; Philadelphia County; Pennsylvania,3440,1428,1049,503,546,3356,1586,1770,3.2,3.15,3.24,,3436,1740,3440,286,1277,0,1877,1340,538,123,0,167,187,1049,598,3194,1588,673,26,187,62,0,1365,1340,25,3436,3436,2994,1049,1235.0,102600.0,293,225,150,103,153,47,199,99,18,19,14,12,0,0,0,60,12,11,0,55,810,1269,201,379,0.7345938375350141,0.265406162464986,0.47950428979980936,0.5204957102001907,84,0.02441860465116279,0.5064027939464494,0.5700667302192565
42101025900,Census Tract 259; Philadelphia County; Pennsylvania,4618,2169,2089,1468,621,4618,3588,1030,2.21,2.44,1.66,51191.0,4599,595,4618,130,4339,0,93,2174,1411,538,0,0,140,2089,388,4371,2937,792,660,159,18,20,2381,2197,184,4618,4618,4199,2089,1263.0,225700.0,374,98,102,0,45,88,174,46,56,157,99,46,0,19,21,7,81,156,2,65,508,927,709,80,0.963116643614569,0.036883356385431075,0.7027285782671134,0.29727142173288656,0,0.0,0.1293759512937595,0.18573480134035425
42101036302,Census Tract 363.02; Philadelphia County; Pennsylvania,3751,1316,1316,921,395,3738,2406,1332,2.84,2.61,3.37,96612.0,3751,466,3751,1906,703,44,984,1880,1106,135,0,0,510,1316,194,3488,2547,869,217,316,105,38,1948,1880,68,3751,3751,3387,1316,1463.0,254600.0,165,72,120,11,199,87,317,109,28,9,56,16,22,88,16,25,49,74,43,40,711,1080,466,0,1.0,0.0,0.6998480243161094,0.30015197568389057,13,0.00346574246867502,0.1242335377232738,0.1474164133738602
42101000702,Census Tract 7.02; Philadelphia County; Pennsylvania,2055,1744,1561,290,1271,2055,423,1632,1.32,1.46,1.28,59835.0,2055,230,2055,965,136,511,332,1368,39,211,137,638,343,1561,1126,2055,1813,113,652,683,51,156,1465,1368,97,2055,2055,2055,1561,2400.0,,0,13,0,0,0,20,0,0,19,2,50,20,53,0,15,2,106,53,26,0,23,33,346,183,0.8950688073394495,0.10493119266055045,0.18577834721332478,0.8142216527866752,0,0.0,0.11192214111922141,0.7213324791800129
42101036902,Census Tract 369.02; Philadelphia County; Pennsylvania,5829,1143,1077,20,1057,2082,49,2033,1.93,2.45,1.92,35284.0,2082,914,5829,3165,623,1280,307,2156,368,106,0,855,731,1077,614,5708,1124,70,544,150,84,80,2622,2235,361,5688,5688,5695,1077,3056.0,,79,15,14,28,55,13,0,82,11,0,23,26,0,12,0,0,0,11,0,0,42,286,83,66,0.9422572178477691,0.05774278215223097,0.018570102135561744,0.9814298978644382,3747,0.6428203808543489,0.4390009606147935,0.5701021355617456
42101004001,Census Tract 40.01; Philadelphia County; Pennsylvania,4103,2226,2163,1321,842,4096,2461,1635,1.89,1.86,1.94,84446.0,4103,919,4103,3063,178,336,225,2486,640,551,82,189,742,2163,516,3872,3407,534,1214,511,103,1,2622,2502,120,4103,4103,3872,2163,1445.0,331500.0,128,105,62,0,103,109,20,17,1,45,29,140,62,0,109,81,108,0,15,51,327,544,641,63,0.9716981132075472,0.02830188679245283,0.6107258437355525,0.3892741562644475,7,0.0017060687301974165,0.2239824518644894,0.23855755894590847
42101026301,Census Tract 263.01; Philadelphia County; Pennsylvania,4495,1749,1649,1531,118,4479,4237,242,2.72,2.77,2.05,75490.0,4495,230,4495,153,3796,0,116,2337,1089,539,0,0,489,1649,139,4372,2897,885,386,299,11,96,2606,2337,269,4495,4495,4297,1649,1268.0,218900.0,171,292,165,45,27,173,247,62,10,79,24,52,10,34,45,10,166,80,29,30,599,1182,569,100,0.9428244711263579,0.05717552887364208,0.9284414796846574,0.07155852031534263,16,0.003559510567296997,0.05116796440489433,0.08429351121892056
42101003701,Census Tract 37.01; Philadelphia County; Pennsylvania,5737,2746,2410,1419,991,5728,3390,2338,2.38,2.39,2.36,62206.0,5737,1572,5737,1669,1882,1771,319,2648,1247,565,189,38,523,2410,675,5630,4167,969,952,467,16,101,2907,2730,177,5737,5737,5615,2410,1607.0,287600.0,63,50,326,208,59,90,101,210,128,61,52,54,0,0,79,10,14,53,11,12,1041,1107,474,336,0.8776402039329935,0.12235979606700656,0.5887966804979253,0.41120331950207467,9,0.0015687641624542443,0.27401080704200803,0.2800829875518672
42101000801,Census Tract 8.01; Philadelphia County; Pennsylvania,1604,1179,998,321,677,1604,680,924,1.61,2.12,1.36,116250.0,1604,96,1604,1108,22,192,49,1204,281,213,25,455,230,998,352,1604,1177,0,380,343,283,92,1221,1167,17,1567,1567,1592,998,2276.0,989600.0,0,18,18,0,12,60,26,0,23,15,25,28,9,0,10,8,45,15,0,0,122,134,178,181,0.8464800678541137,0.15351993214588636,0.3216432865731463,0.6783567134268537,0,0.0,0.059850374064837904,0.3527054108216433
42101013800,Census Tract 138; Philadelphia County; Pennsylvania,2183,1401,1146,346,800,2183,785,1398,1.9,2.27,1.75,71033.0,2183,174,2183,649,1147,73,193,1466,455,183,32,285,384,1146,428,2141,1831,199,325,363,176,0,1572,1466,106,2183,2183,2109,1146,1816.0,326800.0,49,0,0,0,25,24,0,113,0,33,54,0,0,19,13,85,0,25,58,9,113,211,296,255,0.8179871520342612,0.18201284796573874,0.3019197207678883,0.6980802792321117,0,0.0,0.07970682546953733,0.37347294938917974
42101031800,Census Tract 318; Philadelphia County; Pennsylvania,3989,1891,1840,1063,777,3988,2410,1578,2.17,2.27,2.03,64741.0,3989,319,3989,854,1568,209,1305,2056,928,620,0,0,80,1840,334,3777,2912,929,289,119,0,17,2289,2121,168,3989,3989,3702,1840,1178.0,162000.0,287,121,73,78,0,157,189,15,0,74,39,70,0,0,59,65,74,75,13,0,595,920,469,51,0.973030142781597,0.026969857218402962,0.5777173913043478,0.42228260869565215,1,0.000250689395838556,0.07996991727249937,0.1815217391304348
42101033200,Census Tract 332; Philadelphia County; Pennsylvania,2581,1127,1002,842,160,2581,1921,660,2.58,2.28,4.13,54118.0,2581,978,2581,1044,85,1218,201,1084,726,60,0,20,111,1002,114,2552,1678,410,133,217,40,0,1250,1162,88,2581,2581,2519,1002,1871.0,325800.0,22,79,113,129,40,167,226,26,51,42,19,18,14,0,23,18,17,19,66,0,737,802,287,125,0.8890860692102928,0.11091393078970718,0.8403193612774451,0.1596806387225549,0,0.0,0.37892289810151103,0.11377245508982035
42101016701,Census Tract 167.01; Philadelphia County; Pennsylvania,3084,1884,1342,852,490,3081,1979,1102,2.3,2.32,2.25,33343.0,3084,934,3084,105,2672,0,45,749,358,209,0,0,125,1342,494,3084,1830,613,195,26,0,0,1142,852,290,3084,3084,3037,1342,1644.0,80500.0,47,38,331,105,0,190,250,130,52,12,65,38,0,0,104,32,135,113,24,29,1044,1091,604,542,0.7123142250530785,0.28768577494692144,0.6348733233979136,0.3651266766020864,3,0.0009727626459143969,0.3028534370946822,0.368107302533532
42101002300,Census Tract 23; Philadelphia County; Pennsylvania,2958,1398,1364,653,711,2956,1642,1314,2.17,2.51,1.85,112396.0,2958,160,2958,2094,17,336,331,1829,561,226,134,194,613,1364,467,2811,2285,226,788,455,228,66,1943,1838,105,2958,2958,2729,1364,1852.0,478400.0,64,49,102,5,165,28,82,0,0,49,22,18,22,17,32,11,29,28,16,27,236,495,271,34,0.9756795422031473,0.024320457796852647,0.47873900293255134,0.5212609970674487,2,0.000676132521974307,0.054090601757944556,0.34237536656891493
