{"type":"FeatureCollection","features":[{"type":"Feature","geometry":{"type":"Polygon","coordinates":[[[-75.10549,40.019208],[-75.105503,40.0192],[-75.105577,40.019115],[-75.10563,40.019035],[-75.105709,40.018911],[-75.105716,40.018901],[-75.105768,40.018841],[-75.105786,40.018824],[-75.105897,40.018762],[-75.105997,40.018697],[-75.106412,40.018533],[-75.106854,40.018379],[-75.10713,40.018227],[-75.107158,40.018212],[-75.107291,40.01807],[-75.107384,40.017936],[-75.107481,40.017707],[-75.107534,40.01753],[-75.107536,40.017336],[-75.107483,40.017158],[-75.107409,40.01698],[-75.107339,40.016883],[-75.10708,40.016681],[-75.106973,40.016594],[-75.106884,40.016529],[-75.106693,40.016453],[-75.106493,40.016408],[-75.106256,40.016389],[-75.106077,40.01636],[-75.105435,40.016285],[-75.105287,40.016258],[-75.104977,40.016197],[-75.104688,40.016181],[-75.104457,40.016169],[-75.104277,40.016165],[-75.104114,40.01615],[-75.103764,40.016125],[-75.103224,40.016044],[-75.103006,40.015991],[-75.102773,40.015967],[-75.102758,40.015968],[-75.102558,40.015961],[-75.102091,40.016012],[-75.102059,40.016015],[-75.102009,40.016021],[-75.101831,40.016039],[-75.10157,40.016041],[-75.101397,40.016031],[-75.101022,40.016017],[-75.100613,40.016037],[-75.100261,40.016099],[-75.100017,40.016172],[-75.09971,40.016264],[-75.09957,40.016289],[-75.099497,40.016299],[-75.099422,40.01631],[-75.099324,40.016325],[-75.099206,40.016335],[-75.09917,40.016335],[-75.099013,40.016351],[-75.098795,40.016361],[-75.098589,40.016336],[-75.098378,40.016286],[-75.098163,40.016209],[-75.098132,40.016194],[-75.097892,40.016084],[-75.097639,40.016021],[-75.097413,40.015996],[-75.09715,40.016001],[-75.09692,40.015995],[-75.096717,40.01599],[-75.09644,40.015966],[-75.096177,40.015912],[-75.09597,40.015826],[-75.095683,40.015673],[-75.095434,40.015524],[-75.095073,40.015308],[-75.094666,40.01503],[-75.094628,40.014996],[-75.094454,40.014856],[-75.094331,40.014705],[-75.094125,40.014405],[-75.093706,40.013727],[-75.0936,40.013529],[-75.093551,40.013437],[-75.093509,40.01333],[-75.093472,40.013175],[-75.093467,40.013005],[-75.093466,40.012964],[-75.09349,40.012789],[-75.093536,40.012652],[-75.09365,40.012461],[-75.09371,40.012361],[-75.09429,40.011499],[-75.094615,40.011014],[-75.094858,40.010668],[-75.094954,40.01051],[-75.094991,40.010459],[-75.09502,40.010405],[-75.095032,40.010372],[-75.095042,40.010338],[-75.095048,40.010298],[-75.095052,40.010243],[-75.095051,40.010171],[-75.09504,40.010074],[-75.095029,40.010002],[-75.095018,40.009959],[-75.094999,40.009898],[-75.094962,40.009802],[-75.0949,40.009665],[-75.094847,40.009547],[-75.094828,40.009512],[-75.094809,40.00948],[-75.094764,40.009418],[-75.094731,40.009381],[-75.094695,40.009345],[-75.094655,40.00931],[-75.094613,40.009277],[-75.093596,40.008656],[-75.093119,40.008364],[-75.092954,40.008263],[-75.092943,40.008256],[-75.092743,40.008129],[-75.092643,40.008018],[-75.092626,40.007999],[-75.092501,40.007874],[-75.092224,40.007553],[-75.092208,40.007531],[-75.092148,40.007414],[-75.09212,40.007339],[-75.092113,40.007291],[-75.092117,40.007228],[-75.09214,40.007135],[-75.092158,40.007068],[-75.09216,40.007061],[-75.092192,40.006993],[-75.092229,40.006932],[-75.092254,40.006895],[-75.092276,40.006872],[-75.092548,40.006608],[-75.092781,40.00636],[-75.092801,40.006336],[-75.09282,40.006313],[-75.092832,40.006299],[-75.092866,40.006223],[-75.092881,40.006159],[-75.092882,40.006081],[-75.092857,40.005878],[-75.092815,40.005753],[-75.092797,40.005719],[-75.092758,40.005668],[-75.092703,40.005615],[-75.092578,40.005499],[-75.09244,40.00535],[-75.092183,40.00511],[-75.091993,40.004954],[-75.091925,40.004903],[-75.091699,40.004742],[-75.091487,40.004645],[-75.091406,40.004608],[-75.090364,40.004255],[-75.090273,40.004225],[-75.090032,40.004121],[-75.089419,40.003871],[-75.08925,40.003796],[-75.089177,40.003764],[-75.08907,40.003717],[-75.088599,40.003428],[-75.088581,40.003418],[-75.088382,40.003253],[-75.088249,40.003134],[-75.088196,40.003064],[-75.088111,40.002949],[-75.08807,40.002881],[-75.087964,40.002725],[-75.087768,40.002311],[-75.087706,40.002151],[-75.08769,40.002104],[-75.087647,40.001982],[-75.087609,40.001846],[-75.08757,40.001659],[-75.087527,40.001272],[-75.087527,40.001087],[-75.087493,40.00063],[-75.08743,40.000365],[-75.087368,40.000179],[-75.087317,40.0001],[-75.087255,40.000003],[-75.087224,39.999955],[-75.087204,39.999924],[-75.08714,39.999825],[-75.086941,39.999567],[-75.086802,39.999399],[-75.086596,39.999188],[-75.08647,39.99907],[-75.086279,39.998847],[-75.086055,39.998584],[-75.085906,39.998448],[-75.085592,39.998191],[-75.085542,39.99815],[-75.085288,39.997942],[-75.08521,39.997882],[-75.085182,39.997865],[-75.084332,39.997252],[-75.084218,39.997187],[-75.083963,39.997003],[-75.083917,39.99697],[-75.083813,39.996876],[-75.083269,39.996364],[-75.08322,39.996314],[-75.083099,39.996203],[-75.082744,39.995852],[-75.082488,39.995538],[-75.082394,39.995411],[-75.082341,39.995364],[-75.08227,39.995288],[-75.081919,39.994941],[-75.081847,39.994824],[-75.081817,39.99478],[-75.080845,39.99367],[-75.080702,39.993524],[-75.080423,39.993206],[-75.080042,39.992772],[-75.079542,39.992201],[-75.079397,39.992035],[-75.079382,39.99202],[-75.079003,39.991627],[-75.078847,39.991482],[-75.078461,39.991126],[-75.078266,39.990946],[-75.078235,39.990917],[-75.077444,39.990296],[-75.076819,39.989805],[-75.076406,39.98948],[-75.075368,39.988665],[-75.075275,39.988592],[-75.073963,39.987561],[-75.07388,39.987503],[-75.073825,39.987464],[-75.072826,39.986684],[-75.072327,39.986295],[-75.071828,39.985905],[-75.071794,39.985878],[-75.071446,39.985637],[-75.071231,39.985487],[-75.070781,39.985165],[-75.070722,39.985123],[-75.068134,39.983271],[-75.067687,39.983043],[-75.067789,39.982972],[-75.071266,39.980503],[-75.075608,39.978051],[-75.080202,39.977029],[-75.085834,39.975112],[-75.090864,39.974753],[-75.092367,39.974545],[-75.096374,39.97399],[-75.102296,39.972524],[-75.107274,39.97065],[-75.108092,39.970342],[-75.108372,39.970225],[-75.113222,39.976793],[-75.113337,39.976935],[-75.113437,39.977059],[-75.113489,39.977122],[-75.113723,39.977388],[-75.113996,39.977704],[-75.114284,39.978025],[-75.114529,39.978312],[-75.114771,39.978578],[-75.115133,39.978989],[-75.115495,39.979403],[-75.115672,39.979594],[-75.11615,39.98012],[-75.11648,39.980515],[-75.116849,39.98093],[-75.117357,39.981491],[-75.117715,39.981901],[-75.118525,39.982835],[-75.119138,39.983494],[-75.119192,39.983558],[-75.119693,39.984121],[-75.120254,39.984765],[-75.120621,39.985172],[-75.122024,39.986708],[-75.122343,39.98704],[-75.122916,39.987472],[-75.12339,39.987926],[-75.124377,39.988832],[-75.124845,39.989257],[-75.125252,39.989627],[-75.125494,39.989846],[-75.125835,39.990159],[-75.12595,39.990239],[-75.127033,39.990395],[-75.127938,39.990514],[-75.128699,39.990613],[-75.128977,39.99065],[-75.130901,39.990899],[-75.130882,39.990985],[-75.130861,39.991078],[-75.130789,39.991407],[-75.130729,39.99168],[-75.130694,39.991839],[-75.130576,39.992411],[-75.130562,39.992484],[-75.130255,39.993976],[-75.130222,39.994137],[-75.129817,39.995975],[-75.12969,39.996576],[-75.129634,39.99684],[-75.129607,39.996966],[-75.12946,39.997628],[-75.129381,39.998028],[-75.129262,39.998548],[-75.128631,39.998468],[-75.127339,39.9983],[-75.126414,39.998178],[-75.126103,39.998146],[-75.125383,39.998053],[-75.124904,39.997988],[-75.124149,39.997887],[-75.123937,39.997859],[-75.123212,39.997762],[-75.122709,39.997697],[-75.12224,39.997642],[-75.121751,39.997582],[-75.121265,39.997518],[-75.120295,39.997398],[-75.119814,39.997328],[-75.119331,39.997264],[-75.118473,39.997154],[-75.117899,39.997081],[-75.117122,39.996983],[-75.116877,39.996952],[-75.116416,39.99689],[-75.115949,39.996831],[-75.11545,39.996763],[-75.115346,39.997251],[-75.115274,39.997608],[-75.115199,39.997956],[-75.115149,39.998179],[-75.115056,39.99861],[-75.115016,39.998801],[-75.114985,39.998966],[-75.114905,39.999319],[-75.114895,39.999407],[-75.114787,39.999848],[-75.114672,40.000379],[-75.114619,40.000603],[-75.114483,40.001299],[-75.114468,40.001379],[-75.114372,40.00183],[-75.114318,40.002079],[-75.114279,40.002315],[-75.114163,40.002821],[-75.114083,40.003161],[-75.11363,40.005259],[-75.113545,40.005657],[-75.113374,40.006458],[-75.112824,40.009017],[-75.112499,40.010499],[-75.112427,40.01084],[-75.11205,40.012608],[-75.111814,40.013672],[-75.1115,40.015178],[-75.111362,40.015876],[-75.111281,40.016255],[-75.111132,40.016954],[-75.111075,40.01722],[-75.110979,40.017704],[-75.110873,40.018217],[-75.110506,40.019836],[-75.109752,40.019734],[-75.109045,40.019646],[-75.108323,40.019546],[-75.107937,40.0195],[-75.107404,40.019437],[-75.107307,40.019426],[-75.106647,40.019352],[-75.106627,40.01935],[-75.105693,40.019233],[-75.105529,40.019212],[-75.105508,40.01921],[-75.10549,40.019208]]]},"properties":{"dist_numc":"24"}},{"type":"Feature","geometry":{"type":"Polygon","coordinates":[[[-75.140868,40.06422],[-75.141,40.063795],[-75.141172,40.063021],[-75.141515,40.061477],[-75.141845,40.059957],[-75.142185,40.058434],[-75.142294,40.05795],[-75.142522,40.058025],[-75.142769,40.058087],[-75.142967,40.058127],[-75.143169,40.058153],[-75.144143,40.0582],[-75.145449,40.058263],[-75.146245,40.058299],[-75.14706,40.058335],[-75.147603,40.058362],[-75.148571,40.058409],[-75.149222,40.058442],[-75.149383,40.05826],[-75.149541,40.058163],[-75.150496,40.057582],[-75.150827,40.057387],[-75.150925,40.05737],[-75.152597,40.056377],[-75.152916,40.056125],[-75.15344,40.055716],[-75.154484,40.054913],[-75.155188,40.054368],[-75.155558,40.054083],[-75.156606,40.053263],[-75.156761,40.053185],[-75.156894,40.053047],[-75.157492,40.052582],[-75.157749,40.052382],[-75.157777,40.051964],[-75.15786,40.050612],[-75.157874,40.050407],[-75.15792,40.049678],[-75.157952,40.049226],[-75.157962,40.049035],[-75.157986,40.048674],[-75.158021,40.048135],[-75.158061,40.047602],[-75.158069,40.047471],[-75.158095,40.047116],[-75.158134,40.046428],[-75.158168,40.045921],[-75.158221,40.045085],[-75.158265,40.043791],[-75.158288,40.043351],[-75.15831,40.04287],[-75.15832,40.042418],[-75.158344,40.042031],[-75.158677,40.0417],[-75.158361,40.041496],[-75.158406,40.040746],[-75.158433,40.039537],[-75.158447,40.038881],[-75.158454,40.038548],[-75.158417,40.037511],[-75.158376,40.036694],[-75.158366,40.036356],[-75.159004,40.035729],[-75.159444,40.035303],[-75.159649,40.035103],[-75.157659,40.033866],[-75.157642,40.033215],[-75.157643,40.033037],[-75.157643,40.032936],[-75.157628,40.032046],[-75.157625,40.031786],[-75.157619,40.031524],[-75.157637,40.031418],[-75.157678,40.031326],[-75.157759,40.031202],[-75.157823,40.031134],[-75.158126,40.030835],[-75.159035,40.030326],[-75.159103,40.029368],[-75.159176,40.02832],[-75.159222,40.027666],[-75.159299,40.026601],[-75.159378,40.025512],[-75.159414,40.024749],[-75.159467,40.024116],[-75.159482,40.024054],[-75.15951,40.023992],[-75.159536,40.023958],[-75.159544,40.023947],[-75.159554,40.023935],[-75.15986,40.024634],[-75.1599,40.024943],[-75.159934,40.025564],[-75.160056,40.026032],[-75.160247,40.02631],[-75.160577,40.026733],[-75.160985,40.027263],[-75.161428,40.027774],[-75.162129,40.028254],[-75.162271,40.028343],[-75.163272,40.02897],[-75.163751,40.029265],[-75.164137,40.029503],[-75.164952,40.029955],[-75.165493,40.030251],[-75.166123,40.030609],[-75.166491,40.030803],[-75.166658,40.0309],[-75.167745,40.031526],[-75.168527,40.031955],[-75.169156,40.031344],[-75.169829,40.030692],[-75.170286,40.030248],[-75.170801,40.029734],[-75.171238,40.029309],[-75.17144,40.029121],[-75.172524,40.028056],[-75.173613,40.0287],[-75.174575,40.029254],[-75.175636,40.029871],[-75.176708,40.030469],[-75.178412,40.031458],[-75.178916,40.031746],[-75.17899,40.031801],[-75.179078,40.031866],[-75.17918,40.031927],[-75.179414,40.032064],[-75.180097,40.032464],[-75.180356,40.032616],[-75.181238,40.033107],[-75.182087,40.033603],[-75.182928,40.034076],[-75.184363,40.034917],[-75.18573,40.033579],[-75.185761,40.033554],[-75.185967,40.033389],[-75.186256,40.03328],[-75.186458,40.033236],[-75.187736,40.032969],[-75.187783,40.032959],[-75.187866,40.032942],[-75.187993,40.032916],[-75.189301,40.032649],[-75.189795,40.032548],[-75.190884,40.032287],[-75.191862,40.032092],[-75.192653,40.032022],[-75.193346,40.032073],[-75.194074,40.032273],[-75.194133,40.032289],[-75.195243,40.032695],[-75.196095,40.032992],[-75.196485,40.033123],[-75.196736,40.033202],[-75.196941,40.033275],[-75.197025,40.033315],[-75.197125,40.033385],[-75.197178,40.03334],[-75.197268,40.033292],[-75.197575,40.033267],[-75.197921,40.033252],[-75.19868,40.033111],[-75.19904,40.032969],[-75.199254,40.032741],[-75.199397,40.032598],[-75.199665,40.032332],[-75.199744,40.032381],[-75.199966,40.032518],[-75.200017,40.032537],[-75.200064,40.03256],[-75.200106,40.032587],[-75.200142,40.032616],[-75.200173,40.032649],[-75.200218,40.032713],[-75.200261,40.032768],[-75.200271,40.032785],[-75.200278,40.0328],[-75.200286,40.032838],[-75.200285,40.032879],[-75.200281,40.032895],[-75.200275,40.032912],[-75.200239,40.03298],[-75.200206,40.033059],[-75.200157,40.033188],[-75.200145,40.033218],[-75.200135,40.033245],[-75.200129,40.033265],[-75.200126,40.033288],[-75.200124,40.033375],[-75.20012,40.03341],[-75.200109,40.033454],[-75.200085,40.033534],[-75.200041,40.033677],[-75.200041,40.033679],[-75.20002,40.033747],[-75.20001,40.033797],[-75.200006,40.033837],[-75.200006,40.033878],[-75.200008,40.033919],[-75.200014,40.03396],[-75.200023,40.033994],[-75.200057,40.034064],[-75.200106,40.034161],[-75.200258,40.03462],[-75.200386,40.034914],[-75.200479,40.035096],[-75.200505,40.035154],[-75.200604,40.035271],[-75.200648,40.035324],[-75.200779,40.03549],[-75.200901,40.035683],[-75.200907,40.035702],[-75.200908,40.035747],[-75.200883,40.035788],[-75.200856,40.035852],[-75.200853,40.03591],[-75.200851,40.035946],[-75.200844,40.035967],[-75.200849,40.035993],[-75.200907,40.036082],[-75.20091,40.036105],[-75.200931,40.036133],[-75.200948,40.036175],[-75.200963,40.036193],[-75.201432,40.036478],[-75.201513,40.036493],[-75.20159,40.036471],[-75.201709,40.036403],[-75.201737,40.036381],[-75.201806,40.03633],[-75.201986,40.036171],[-75.20209,40.036052],[-75.202535,40.035469],[-75.202605,40.035372],[-75.202682,40.035278],[-75.202766,40.035189],[-75.202857,40.035104],[-75.202957,40.03502],[-75.20312,40.034873],[-75.203164,40.034838],[-75.203207,40.034809],[-75.203269,40.034774],[-75.203333,40.034744],[-75.203417,40.034707],[-75.203494,40.034675],[-75.203546,40.034657],[-75.203596,40.034645],[-75.203652,40.034636],[-75.203717,40.034629],[-75.203808,40.034622],[-75.203878,40.034618],[-75.203943,40.034617],[-75.204003,40.034618],[-75.20406,40.034622],[-75.204142,40.034631],[-75.204224,40.034645],[-75.204305,40.034664],[-75.204385,40.034687],[-75.204942,40.034786],[-75.204971,40.034791],[-75.205503,40.03493],[-75.205504,40.03493],[-75.205691,40.035011],[-75.205755,40.035053],[-75.205901,40.035184],[-75.205947,40.035259],[-75.206006,40.035365],[-75.206088,40.035652],[-75.206087,40.035676],[-75.206088,40.035698],[-75.206091,40.03572],[-75.206097,40.03574],[-75.206106,40.035759],[-75.206117,40.035777],[-75.206131,40.035794],[-75.206147,40.03581],[-75.206155,40.035817],[-75.206184,40.035845],[-75.206208,40.035876],[-75.206225,40.035909],[-75.206237,40.035943],[-75.206239,40.035958],[-75.206248,40.035984],[-75.206264,40.036011],[-75.206282,40.036036],[-75.206326,40.036092],[-75.206344,40.036117],[-75.206401,40.03621],[-75.206445,40.036288],[-75.206482,40.036359],[-75.206514,40.036425],[-75.206537,40.036491],[-75.206569,40.03661],[-75.206583,40.036655],[-75.2066,40.036699],[-75.206619,40.036737],[-75.206648,40.036782],[-75.20668,40.036827],[-75.206715,40.03687],[-75.206753,40.036913],[-75.206794,40.036966],[-75.206823,40.037],[-75.206857,40.037037],[-75.20699,40.037163],[-75.207041,40.037215],[-75.207123,40.037311],[-75.207157,40.037348],[-75.207196,40.037385],[-75.207241,40.037425],[-75.207378,40.037533],[-75.207513,40.037634],[-75.207653,40.037731],[-75.207799,40.037824],[-75.20795,40.037913],[-75.208453,40.03819],[-75.208627,40.038292],[-75.208965,40.038599],[-75.208992,40.038626],[-75.209197,40.038868],[-75.209468,40.039186],[-75.209669,40.039482],[-75.21008,40.040055],[-75.210191,40.04026],[-75.210358,40.04052],[-75.210528,40.04082],[-75.210661,40.041173],[-75.210712,40.041308],[-75.210722,40.041362],[-75.21073,40.041411],[-75.210762,40.041468],[-75.210829,40.04172],[-75.210874,40.041831],[-75.210913,40.041911],[-75.210974,40.042137],[-75.21106,40.0423],[-75.211114,40.042388],[-75.21121,40.042543],[-75.211236,40.042599],[-75.211324,40.042765],[-75.211385,40.04285],[-75.211448,40.042902],[-75.211448,40.042902],[-75.211476,40.042925],[-75.211685,40.043096],[-75.211685,40.043096],[-75.211719,40.043125],[-75.21175,40.043154],[-75.211779,40.043184],[-75.211806,40.043215],[-75.21183,40.043246],[-75.211852,40.043278],[-75.211872,40.043311],[-75.21189,40.043344],[-75.211901,40.043369],[-75.211911,40.043393],[-75.211918,40.043418],[-75.211938,40.043484],[-75.211958,40.043545],[-75.211982,40.043608],[-75.21205,40.043789],[-75.212097,40.043919],[-75.212112,40.043963],[-75.212121,40.043995],[-75.212129,40.044025],[-75.212137,40.044059],[-75.212144,40.044095],[-75.21215,40.044131],[-75.212156,40.044172],[-75.212166,40.044253],[-75.21217,40.044287],[-75.212177,40.044364],[-75.212184,40.044451],[-75.212191,40.044596],[-75.212193,40.044684],[-75.212193,40.044744],[-75.212191,40.044796],[-75.212188,40.044839],[-75.212177,40.044944],[-75.212174,40.045002],[-75.212172,40.045065],[-75.212172,40.045192],[-75.212171,40.045246],[-75.212166,40.045405],[-75.212163,40.045449],[-75.212161,40.045483],[-75.21216,40.045487],[-75.212157,40.045515],[-75.212153,40.04554],[-75.212149,40.045567],[-75.212143,40.045596],[-75.21213,40.045649],[-75.212098,40.045773],[-75.21209,40.045805],[-75.212084,40.045834],[-75.212078,40.045871],[-75.212069,40.045957],[-75.212066,40.045978],[-75.212062,40.045997],[-75.212057,40.046017],[-75.21205,40.046036],[-75.212042,40.046055],[-75.212032,40.046076],[-75.212025,40.046087],[-75.212017,40.0461],[-75.211981,40.046152],[-75.211959,40.046187],[-75.211943,40.046215],[-75.211929,40.046242],[-75.211915,40.046269],[-75.211903,40.046296],[-75.21189,40.046328],[-75.21188,40.046353],[-75.211874,40.046377],[-75.211863,40.04643],[-75.211857,40.046453],[-75.211849,40.046476],[-75.211836,40.046506],[-75.211816,40.046544],[-75.211791,40.046586],[-75.211767,40.046623],[-75.21174,40.046659],[-75.211724,40.046683],[-75.211628,40.046826],[-75.211599,40.046874],[-75.211577,40.046919],[-75.211559,40.046964],[-75.211553,40.046991],[-75.211551,40.047016],[-75.211552,40.047043],[-75.211558,40.047072],[-75.211567,40.047108],[-75.21158,40.047145],[-75.211599,40.047176],[-75.211642,40.047224],[-75.211671,40.047255],[-75.211707,40.047289],[-75.211859,40.047418],[-75.211934,40.047491],[-75.212013,40.047566],[-75.212073,40.047617],[-75.212153,40.047675],[-75.212246,40.047734],[-75.212354,40.047795],[-75.212502,40.047872],[-75.212632,40.047932],[-75.212684,40.04796],[-75.212735,40.047995],[-75.212783,40.048033],[-75.212827,40.048074],[-75.212868,40.048119],[-75.212868,40.048119],[-75.212945,40.048177],[-75.213159,40.04828],[-75.213519,40.048594],[-75.213547,40.048619],[-75.213628,40.048736],[-75.213653,40.048829],[-75.213633,40.048892],[-75.213623,40.049009],[-75.21365,40.049076],[-75.213707,40.049248],[-75.213816,40.049392],[-75.213981,40.049805],[-75.214196,40.050146],[-75.214327,40.050446],[-75.214551,40.050795],[-75.214909,40.051175],[-75.215129,40.051353],[-75.215157,40.051381],[-75.215213,40.051437],[-75.215381,40.051613],[-75.215812,40.051934],[-75.215961,40.05203],[-75.216112,40.052124],[-75.216265,40.052216],[-75.21642,40.052305],[-75.216488,40.052341],[-75.21664,40.052413],[-75.216704,40.052445],[-75.216767,40.052483],[-75.216819,40.05252],[-75.216858,40.052555],[-75.216897,40.052597],[-75.216931,40.052639],[-75.217011,40.052745],[-75.217056,40.052798],[-75.21706,40.052802],[-75.217084,40.052828],[-75.217115,40.052866],[-75.217148,40.052913],[-75.217172,40.052954],[-75.217207,40.053023],[-75.217253,40.053115],[-75.217283,40.053182],[-75.217311,40.053257],[-75.217336,40.053314],[-75.217359,40.053359],[-75.217397,40.053422],[-75.217438,40.053494],[-75.217475,40.053567],[-75.217508,40.053642],[-75.217537,40.053718],[-75.217562,40.053795],[-75.217583,40.053873],[-75.217601,40.053952],[-75.217614,40.054032],[-75.217708,40.054616],[-75.217773,40.055138],[-75.217773,40.055138],[-75.217823,40.055359],[-75.217805,40.055392],[-75.217786,40.055429],[-75.217779,40.05548],[-75.217878,40.055948],[-75.217917,40.056109],[-75.218293,40.056603],[-75.218417,40.056745],[-75.218681,40.057163],[-75.218874,40.057355],[-75.219083,40.057548],[-75.219083,40.057548],[-75.219084,40.057548],[-75.219206,40.057661],[-75.219365,40.057792],[-75.219365,40.057792],[-75.219483,40.057889],[-75.21955,40.057941],[-75.219711,40.058156],[-75.219795,40.05831],[-75.219964,40.058627],[-75.220017,40.058727],[-75.220025,40.058752],[-75.220224,40.059134],[-75.220429,40.059522],[-75.220429,40.059522],[-75.220579,40.059767],[-75.220978,40.060062],[-75.221025,40.060112],[-75.221413,40.060457],[-75.221476,40.06055],[-75.221531,40.060623],[-75.221562,40.060674],[-75.221571,40.06069],[-75.221719,40.061],[-75.221763,40.061091],[-75.221884,40.061396],[-75.222152,40.062177],[-75.222158,40.062192],[-75.222288,40.062477],[-75.222367,40.062587],[-75.222667,40.063003],[-75.223131,40.063428],[-75.223201,40.063491],[-75.223293,40.063609],[-75.223416,40.063767],[-75.223502,40.063921],[-75.223569,40.064204],[-75.223495,40.064403],[-75.223415,40.064508],[-75.223118,40.064675],[-75.222317,40.065001],[-75.222278,40.065019],[-75.222248,40.06503],[-75.221882,40.0652],[-75.221837,40.065222],[-75.221472,40.065402],[-75.221383,40.065444],[-75.221323,40.065479],[-75.22112,40.065616],[-75.221067,40.065668],[-75.221004,40.06573],[-75.220818,40.06587],[-75.220566,40.066071],[-75.220449,40.066164],[-75.220359,40.066246],[-75.220341,40.066283],[-75.220321,40.066391],[-75.220329,40.066479],[-75.220363,40.066618],[-75.220363,40.066618],[-75.220363,40.066619],[-75.220435,40.066895],[-75.220492,40.067088],[-75.220506,40.06718],[-75.220522,40.067229],[-75.220529,40.067249],[-75.220598,40.067412],[-75.220638,40.067467],[-75.220817,40.067639],[-75.22101,40.067833],[-75.221292,40.068128],[-75.221442,40.068256],[-75.221586,40.068379],[-75.221843,40.068603],[-75.221918,40.068669],[-75.222138,40.068873],[-75.222227,40.068961],[-75.22233,40.069073],[-75.222331,40.069074],[-75.222342,40.069085],[-75.222434,40.069188],[-75.222599,40.069373],[-75.222968,40.0697],[-75.22314,40.069829],[-75.223163,40.069846],[-75.223405,40.07001],[-75.223746,40.070249],[-75.22392,40.070363],[-75.224093,40.070483],[-75.224162,40.070531],[-75.224775,40.070953],[-75.225048,40.071137],[-75.22536,40.071373],[-75.225434,40.071419],[-75.225488,40.071461],[-75.225533,40.071502],[-75.2256,40.071601],[-75.225604,40.071608],[-75.225637,40.0717],[-75.225625,40.071853],[-75.225615,40.071876],[-75.225594,40.071923],[-75.225483,40.072183],[-75.225481,40.072187],[-75.225216,40.072438],[-75.225194,40.072464],[-75.224961,40.072654],[-75.224371,40.072936],[-75.224165,40.073035],[-75.22415,40.073041],[-75.22407,40.073082],[-75.22403,40.073097],[-75.223993,40.07312],[-75.223959,40.073133],[-75.223494,40.073449],[-75.223178,40.073704],[-75.223142,40.073763],[-75.223114,40.073828],[-75.223107,40.073866],[-75.223071,40.073929],[-75.223056,40.073949],[-75.223056,40.073951],[-75.223056,40.073951],[-75.22302,40.074131],[-75.222991,40.074259],[-75.222987,40.074425],[-75.223024,40.074559],[-75.223093,40.074714],[-75.223296,40.075021],[-75.223351,40.075207],[-75.223395,40.075315],[-75.223406,40.075346],[-75.223555,40.075755],[-75.22373,40.076061],[-75.223741,40.076077],[-75.224051,40.076549],[-75.224071,40.076586],[-75.224111,40.07665],[-75.22428,40.076902],[-75.224286,40.076913],[-75.224425,40.077131],[-75.224575,40.077492],[-75.224597,40.077559],[-75.224608,40.077575],[-75.224683,40.077773],[-75.224697,40.077809],[-75.224698,40.077811],[-75.224698,40.077812],[-75.224862,40.078232],[-75.225101,40.078638],[-75.225102,40.078638],[-75.225102,40.078639],[-75.225191,40.078785],[-75.225468,40.079223],[-75.225487,40.079253],[-75.225509,40.079289],[-75.225571,40.079389],[-75.225635,40.079488],[-75.225741,40.079641],[-75.225772,40.079682],[-75.225855,40.079778],[-75.225889,40.079823],[-75.22592,40.079872],[-75.22593,40.079895],[-75.225938,40.079917],[-75.225944,40.079945],[-75.225952,40.080007],[-75.225957,40.080031],[-75.225962,40.080046],[-75.225976,40.080084],[-75.225995,40.080125],[-75.226052,40.080227],[-75.226071,40.080258],[-75.226113,40.080331],[-75.22616,40.080403],[-75.226213,40.080479],[-75.226273,40.080555],[-75.22634,40.080633],[-75.226414,40.080713],[-75.226482,40.08078],[-75.226556,40.08085],[-75.226639,40.080922],[-75.226732,40.080997],[-75.226808,40.081056],[-75.226885,40.081114],[-75.227029,40.081223],[-75.227108,40.08129],[-75.227296,40.081462],[-75.227351,40.081507],[-75.227403,40.081545],[-75.227472,40.081589],[-75.227626,40.081681],[-75.22789,40.081847],[-75.227919,40.081859],[-75.228242,40.08201],[-75.228269,40.082024],[-75.228301,40.082035],[-75.228648,40.082163],[-75.228882,40.082249],[-75.2289,40.082254],[-75.229033,40.082308],[-75.229176,40.082365],[-75.229564,40.082532],[-75.229954,40.082667],[-75.230123,40.082689],[-75.23021,40.082684],[-75.230353,40.082676],[-75.230416,40.082678],[-75.23072,40.082723],[-75.230925,40.082754],[-75.231069,40.082792],[-75.231184,40.082865],[-75.231249,40.08294],[-75.231258,40.082979],[-75.231258,40.083049],[-75.231257,40.083054],[-75.231207,40.083229],[-75.231312,40.083283],[-75.23137,40.083379],[-75.231374,40.083388],[-75.231386,40.08342],[-75.231388,40.083423],[-75.231391,40.083432],[-75.231404,40.083448],[-75.23143,40.083471],[-75.231452,40.083484],[-75.231466,40.083497],[-75.23147,40.083506],[-75.231479,40.083533],[-75.231485,40.08356],[-75.23149,40.083568],[-75.2315,40.083576],[-75.231509,40.083579],[-75.231523,40.083579],[-75.231527,40.083578],[-75.231571,40.083566],[-75.231654,40.083533],[-75.231716,40.083501],[-75.231721,40.083499],[-75.231737,40.083483],[-75.231748,40.083454],[-75.231758,40.083444],[-75.23177,40.08344],[-75.231791,40.083442],[-75.231874,40.083453],[-75.231907,40.083465],[-75.231939,40.083496],[-75.231963,40.083518],[-75.232,40.083551],[-75.232061,40.08358],[-75.232103,40.083588],[-75.23225,40.08358],[-75.232261,40.083578],[-75.232269,40.083579],[-75.23244,40.083575],[-75.232535,40.083576],[-75.232642,40.083571],[-75.232701,40.083571],[-75.232745,40.083577],[-75.232927,40.083537],[-75.232969,40.083528],[-75.23297,40.083528],[-75.233002,40.083513],[-75.233025,40.083503],[-75.233043,40.083496],[-75.233061,40.083491],[-75.233073,40.08349],[-75.233166,40.083496],[-75.223588,40.092954],[-75.219635,40.09068],[-75.21679,40.089043],[-75.214133,40.087514],[-75.213754,40.0873],[-75.210355,40.085323],[-75.209973,40.085177],[-75.209781,40.085098],[-75.209638,40.085031],[-75.209483,40.084951],[-75.209286,40.084842],[-75.209157,40.084763],[-75.208912,40.084583],[-75.208437,40.084207],[-75.206326,40.082979],[-75.206295,40.082961],[-75.204147,40.081731],[-75.202675,40.080888],[-75.200455,40.079616],[-75.196436,40.077313],[-75.19607,40.077104],[-75.195005,40.076497],[-75.190834,40.074124],[-75.189876,40.073578],[-75.189679,40.073468],[-75.189616,40.073522],[-75.188479,40.072879],[-75.182301,40.078929],[-75.179346,40.081851],[-75.177147,40.084053],[-75.17651,40.084701],[-75.17644,40.084661],[-75.175927,40.084364],[-75.175873,40.084332],[-75.175345,40.08402],[-75.174787,40.08369],[-75.17416,40.083319],[-75.173575,40.082973],[-75.172939,40.082597],[-75.171714,40.081872],[-75.169934,40.080819],[-75.168269,40.079834],[-75.167662,40.079476],[-75.16409,40.077362],[-75.163408,40.07698],[-75.163394,40.076972],[-75.159123,40.074607],[-75.158385,40.07419],[-75.155836,40.072742],[-75.154697,40.072094],[-75.154078,40.071741],[-75.153335,40.071318],[-75.152758,40.07099],[-75.152187,40.070665],[-75.151591,40.070326],[-75.150726,40.069833],[-75.150042,40.069444],[-75.148357,40.068484],[-75.14768,40.068099],[-75.146623,40.067497],[-75.145221,40.066699],[-75.144556,40.06632],[-75.143946,40.065973],[-75.140904,40.06424],[-75.140868,40.06422]]]},"properties":{"dist_numc":"14"}},{"type":"Feature","geometry":{"type":"Polygon","coordinates":[[[-75.112818,40.02735],[-75.112394,40.027414],[-75.111901,40.027508],[-75.111775,40.027538],[-75.1117,40.027555],[-75.11138,40.027629],[-75.110042,40.028057],[-75.107255,40.02895],[-75.106135,40.0293],[-75.105508,40.029506],[-75.105135,40.029629],[-75.104616,40.029786],[-75.104605,40.02979],[-75.104309,40.029855],[-75.103966,40.029908],[-75.103598,40.02994],[-75.103071,40.029904],[-75.102538,40.029847],[-75.10216,40.029757],[-75.101808,40.029628],[-75.101284,40.029371],[-75.100593,40.028916],[-75.099365,40.028111],[-75.099221,40.028017],[-75.098811,40.027749],[-75.097464,40.026861],[-75.096736,40.02657],[-75.096309,40.026481],[-75.095881,40.026441],[-75.095437,40.026447],[-75.095036,40.026515],[-75.094625,40.02661],[-75.09413,40.026812],[-75.093195,40.02733],[-75.092052,40.027961],[-75.09156,40.028233],[-75.090763,40.028673],[-75.090348,40.028902],[-75.089874,40.029151],[-75.089166,40.029556],[-75.088133,40.030095],[-75.086724,40.030884],[-75.086197,40.031138],[-75.085852,40.031297],[-75.085384,40.0315],[-75.0852,40.03158],[-75.084728,40.031762],[-75.083561,40.032158],[-75.083012,40.03232],[-75.082445,40.032474],[-75.081461,40.032704],[-75.080412,40.032946],[-75.078127,40.033475],[-75.074879,40.034219],[-75.071039,40.035099],[-75.070919,40.035112],[-75.070653,40.035176],[-75.070372,40.035242],[-75.070004,40.035329],[-75.067602,40.035897],[-75.066186,40.036233],[-75.064447,40.036606],[-75.063528,40.036832],[-75.063226,40.036931],[-75.062847,40.037122],[-75.062579,40.037247],[-75.062212,40.037473],[-75.061942,40.037676],[-75.061542,40.038015],[-75.060038,40.039442],[-75.058879,40.040513],[-75.058366,40.040994],[-75.057853,40.041476],[-75.057726,40.041595],[-75.057551,40.041748],[-75.056639,40.042563],[-75.055781,40.043317],[-75.055137,40.043873],[-75.054816,40.044172],[-75.054442,40.044533],[-75.054437,40.044538],[-75.05421,40.044747],[-75.054034,40.044911],[-75.052829,40.046026],[-75.052288,40.046551],[-75.051981,40.046947],[-75.051726,40.04739],[-75.051572,40.04782],[-75.051454,40.048359],[-75.051411,40.048925],[-75.051387,40.049224],[-75.051338,40.049822],[-75.051203,40.051455],[-75.051055,40.05206],[-75.050885,40.052443],[-75.050644,40.052845],[-75.050464,40.053088],[-75.050043,40.05354],[-75.04962,40.053956],[-75.04933,40.054236],[-75.049285,40.054282],[-75.048207,40.055378],[-75.047542,40.056053],[-75.047369,40.056228],[-75.04686,40.056746],[-75.046859,40.056747],[-75.046859,40.056747],[-75.046856,40.056746],[-75.046853,40.056744],[-75.046681,40.056653],[-75.046539,40.056577],[-75.046395,40.056497],[-75.045271,40.055885],[-75.044499,40.055465],[-75.043642,40.055005],[-75.042834,40.054572],[-75.041985,40.054104],[-75.041564,40.053878],[-75.041129,40.053642],[-75.04067,40.053392],[-75.04025,40.053168],[-75.039586,40.052801],[-75.038331,40.052121],[-75.036039,40.05089],[-75.03305,40.049265],[-75.03214,40.04877],[-75.031989,40.04866],[-75.031861,40.048542],[-75.031741,40.048371],[-75.031672,40.048224],[-75.031637,40.048107],[-75.031627,40.047935],[-75.031614,40.047863],[-75.031783,40.04715],[-75.031811,40.047005],[-75.031847,40.046824],[-75.031855,40.046626],[-75.03184,40.046436],[-75.031778,40.04615],[-75.03167,40.045907],[-75.031609,40.045763],[-75.031543,40.04569],[-75.030991,40.044977],[-75.030539,40.044381],[-75.030164,40.043905],[-75.0298,40.043412],[-75.029417,40.042912],[-75.028944,40.042295],[-75.028328,40.041458],[-75.028259,40.041373],[-75.028194,40.041282],[-75.027899,40.040789],[-75.027848,40.040687],[-75.027584,40.040056],[-75.02731,40.03941],[-75.027034,40.038754],[-75.026617,40.037857],[-75.026155,40.036889],[-75.026132,40.03683],[-75.025866,40.036265],[-75.025804,40.036215],[-75.025511,40.035781],[-75.025186,40.035289],[-75.024858,40.034791],[-75.024063,40.033609],[-75.023898,40.033456],[-75.02213,40.031633],[-75.011335,40.021765],[-75.01324,40.020312],[-75.016673,40.019444],[-75.019648,40.018446],[-75.02265,40.018034],[-75.024075,40.017838],[-75.027503,40.017089],[-75.030585,40.016203],[-75.03094,40.016101],[-75.034219,40.015229],[-75.03829,40.01384],[-75.041269,40.012723],[-75.044881,40.011205],[-75.047094,40.009951],[-75.049905,40.007226],[-75.053407,40.004577],[-75.056703,39.999341],[-75.058092,39.997414],[-75.058504,39.994811],[-75.059949,39.99146],[-75.062067,39.98866],[-75.064178,39.986037],[-75.067137,39.983434],[-75.067687,39.983043],[-75.068134,39.983271],[-75.070722,39.985123],[-75.070781,39.985165],[-75.071231,39.985487],[-75.071446,39.985637],[-75.071794,39.985878],[-75.071828,39.985905],[-75.072327,39.986295],[-75.072826,39.986684],[-75.073825,39.987464],[-75.07388,39.987503],[-75.073963,39.987561],[-75.075275,39.988592],[-75.075368,39.988665],[-75.076406,39.98948],[-75.076819,39.989805],[-75.077444,39.990296],[-75.078235,39.990917],[-75.078266,39.990946],[-75.078461,39.991126],[-75.078847,39.991482],[-75.079003,39.991627],[-75.079382,39.99202],[-75.079397,39.992035],[-75.079542,39.992201],[-75.080042,39.992772],[-75.080423,39.993206],[-75.080702,39.993524],[-75.080845,39.99367],[-75.081817,39.99478],[-75.081847,39.994824],[-75.081919,39.994941],[-75.08227,39.995288],[-75.082341,39.995364],[-75.082394,39.995411],[-75.082488,39.995538],[-75.082744,39.995852],[-75.083099,39.996203],[-75.08322,39.996314],[-75.083269,39.996364],[-75.083813,39.996876],[-75.083917,39.99697],[-75.083963,39.997003],[-75.084218,39.997187],[-75.084332,39.997252],[-75.085182,39.997865],[-75.08521,39.997882],[-75.085288,39.997942],[-75.085542,39.99815],[-75.085592,39.998191],[-75.085906,39.998448],[-75.086055,39.998584],[-75.086279,39.998847],[-75.08647,39.99907],[-75.086596,39.999188],[-75.086802,39.999399],[-75.086941,39.999567],[-75.08714,39.999825],[-75.087204,39.999924],[-75.087224,39.999955],[-75.087255,40.000003],[-75.087317,40.0001],[-75.087368,40.000179],[-75.08743,40.000365],[-75.087493,40.00063],[-75.087527,40.001087],[-75.087527,40.001272],[-75.08757,40.001659],[-75.087609,40.001846],[-75.087647,40.001982],[-75.08769,40.002104],[-75.087706,40.002151],[-75.087768,40.002311],[-75.087964,40.002725],[-75.08807,40.002881],[-75.088111,40.002949],[-75.088196,40.003064],[-75.088249,40.003134],[-75.088382,40.003253],[-75.088581,40.003418],[-75.088599,40.003428],[-75.08907,40.003717],[-75.089177,40.003764],[-75.08925,40.003796],[-75.089419,40.003871],[-75.090032,40.004121],[-75.090273,40.004225],[-75.090364,40.004255],[-75.091406,40.004608],[-75.091487,40.004645],[-75.091699,40.004742],[-75.091925,40.004903],[-75.091993,40.004954],[-75.092183,40.00511],[-75.09244,40.00535],[-75.092578,40.005499],[-75.092703,40.005615],[-75.092758,40.005668],[-75.092797,40.005719],[-75.092815,40.005753],[-75.092857,40.005878],[-75.092882,40.006081],[-75.092881,40.006159],[-75.092866,40.006223],[-75.092832,40.006299],[-75.09282,40.006313],[-75.092801,40.006336],[-75.092781,40.00636],[-75.092548,40.006608],[-75.092276,40.006872],[-75.092254,40.006895],[-75.092229,40.006932],[-75.092192,40.006993],[-75.09216,40.007061],[-75.092158,40.007068],[-75.09214,40.007135],[-75.092117,40.007228],[-75.092113,40.007291],[-75.09212,40.007339],[-75.092148,40.007414],[-75.092208,40.007531],[-75.092224,40.007553],[-75.092501,40.007874],[-75.092626,40.007999],[-75.092643,40.008018],[-75.092743,40.008129],[-75.092943,40.008256],[-75.092954,40.008263],[-75.093119,40.008364],[-75.093596,40.008656],[-75.094613,40.009277],[-75.094655,40.00931],[-75.094695,40.009345],[-75.094731,40.009381],[-75.094764,40.009418],[-75.094809,40.00948],[-75.094828,40.009512],[-75.094847,40.009547],[-75.0949,40.009665],[-75.094962,40.009802],[-75.094999,40.009898],[-75.095018,40.009959],[-75.095029,40.010002],[-75.09504,40.010074],[-75.095051,40.010171],[-75.095052,40.010243],[-75.095048,40.010298],[-75.095042,40.010338],[-75.095032,40.010372],[-75.09502,40.010405],[-75.094991,40.010459],[-75.094954,40.01051],[-75.094858,40.010668],[-75.094615,40.011014],[-75.09429,40.011499],[-75.09371,40.012361],[-75.09365,40.012461],[-75.093536,40.012652],[-75.09349,40.012789],[-75.093466,40.012964],[-75.093467,40.013005],[-75.093472,40.013175],[-75.093509,40.01333],[-75.093551,40.013437],[-75.0936,40.013529],[-75.093706,40.013727],[-75.094125,40.014405],[-75.094331,40.014705],[-75.094454,40.014856],[-75.094628,40.014996],[-75.094666,40.01503],[-75.095073,40.015308],[-75.095434,40.015524],[-75.095683,40.015673],[-75.09597,40.015826],[-75.096177,40.015912],[-75.09644,40.015966],[-75.096717,40.01599],[-75.09692,40.015995],[-75.09715,40.016001],[-75.097413,40.015996],[-75.097639,40.016021],[-75.097892,40.016084],[-75.098132,40.016194],[-75.098163,40.016209],[-75.098378,40.016286],[-75.098589,40.016336],[-75.098795,40.016361],[-75.099013,40.016351],[-75.09917,40.016335],[-75.099206,40.016335],[-75.099324,40.016325],[-75.099422,40.01631],[-75.099497,40.016299],[-75.09957,40.016289],[-75.09971,40.016264],[-75.100017,40.016172],[-75.100261,40.016099],[-75.100613,40.016037],[-75.101022,40.016017],[-75.101397,40.016031],[-75.10157,40.016041],[-75.101831,40.016039],[-75.102009,40.016021],[-75.102059,40.016015],[-75.102091,40.016012],[-75.102558,40.015961],[-75.102758,40.015968],[-75.102773,40.015967],[-75.103006,40.015991],[-75.103224,40.016044],[-75.103764,40.016125],[-75.104114,40.01615],[-75.104277,40.016165],[-75.104457,40.016169],[-75.104688,40.016181],[-75.104977,40.016197],[-75.105287,40.016258],[-75.105435,40.016285],[-75.106077,40.01636],[-75.106256,40.016389],[-75.106493,40.016408],[-75.106693,40.016453],[-75.106884,40.016529],[-75.106973,40.016594],[-75.10708,40.016681],[-75.107339,40.016883],[-75.107409,40.01698],[-75.107483,40.017158],[-75.107536,40.017336],[-75.107534,40.01753],[-75.107481,40.017707],[-75.107384,40.017936],[-75.107291,40.01807],[-75.107158,40.018212],[-75.10713,40.018227],[-75.106854,40.018379],[-75.106412,40.018533],[-75.105997,40.018697],[-75.105897,40.018762],[-75.105786,40.018824],[-75.105768,40.018841],[-75.105716,40.018901],[-75.105709,40.018911],[-75.10563,40.019035],[-75.105577,40.019115],[-75.105503,40.0192],[-75.105454,40.01923],[-75.105343,40.019281],[-75.105262,40.019325],[-75.105188,40.019352],[-75.10515,40.019359],[-75.104872,40.01937],[-75.104539,40.019349],[-75.104453,40.019345],[-75.104252,40.019354],[-75.103985,40.019396],[-75.103869,40.01942],[-75.103795,40.019451],[-75.103731,40.019508],[-75.103683,40.019589],[-75.103628,40.020065],[-75.103598,40.020194],[-75.103575,40.020326],[-75.10349,40.020523],[-75.103429,40.020678],[-75.103411,40.020806],[-75.10336,40.020893],[-75.103331,40.020917],[-75.103243,40.020946],[-75.103169,40.021004],[-75.103149,40.021025],[-75.103142,40.021041],[-75.103115,40.021098],[-75.103114,40.021166],[-75.103148,40.021284],[-75.103249,40.021525],[-75.103273,40.021585],[-75.103326,40.021699],[-75.103449,40.021923],[-75.103555,40.022157],[-75.103647,40.022324],[-75.103684,40.022407],[-75.103751,40.022481],[-75.103763,40.022489],[-75.103898,40.022583],[-75.104007,40.022683],[-75.10414,40.022845],[-75.10417,40.022915],[-75.104198,40.023013],[-75.104201,40.023099],[-75.104219,40.023184],[-75.10423,40.023209],[-75.104263,40.02326],[-75.104423,40.023403],[-75.10445,40.023435],[-75.104478,40.023465],[-75.104509,40.023493],[-75.104542,40.023518],[-75.104576,40.02354],[-75.104612,40.023559],[-75.104651,40.023576],[-75.104691,40.023591],[-75.104754,40.023609],[-75.104779,40.023614],[-75.104803,40.023616],[-75.104834,40.023617],[-75.104872,40.023616],[-75.104896,40.023612],[-75.1049,40.023611],[-75.104928,40.023602],[-75.104956,40.02359],[-75.104983,40.023576],[-75.105008,40.02356],[-75.105029,40.023544],[-75.10505,40.023522],[-75.105107,40.023445],[-75.105145,40.023392],[-75.105202,40.023301],[-75.105236,40.023251],[-75.105304,40.023148],[-75.105333,40.023109],[-75.105366,40.023069],[-75.1054,40.023035],[-75.105422,40.023017],[-75.105436,40.023009],[-75.105453,40.023001],[-75.105508,40.022983],[-75.105548,40.022972],[-75.105589,40.022962],[-75.10565,40.022953],[-75.105721,40.022947],[-75.105779,40.022945],[-75.105838,40.022947],[-75.105897,40.022951],[-75.105955,40.022959],[-75.106072,40.022988],[-75.10637,40.023148],[-75.106555,40.023252],[-75.106631,40.023288],[-75.106767,40.023329],[-75.106874,40.023339],[-75.106929,40.023331],[-75.106961,40.023317],[-75.107014,40.023295],[-75.107176,40.023205],[-75.107692,40.022909],[-75.107887,40.022793],[-75.108109,40.022661],[-75.108487,40.022408],[-75.108641,40.0223],[-75.108689,40.022273],[-75.108781,40.022241],[-75.109159,40.022164],[-75.109176,40.022161],[-75.10925,40.022152],[-75.109316,40.022151],[-75.109437,40.022148],[-75.109515,40.02216],[-75.109639,40.022182],[-75.109949,40.022256],[-75.110073,40.022276],[-75.110466,40.022344],[-75.110612,40.022387],[-75.110766,40.02247],[-75.110851,40.022553],[-75.110851,40.022553],[-75.110854,40.022556],[-75.110936,40.022635],[-75.11098,40.022779],[-75.110999,40.02288],[-75.11099,40.022924],[-75.111001,40.022975],[-75.111077,40.023156],[-75.11123,40.0234],[-75.111376,40.023714],[-75.111392,40.023888],[-75.111466,40.024163],[-75.111551,40.024481],[-75.111551,40.024488],[-75.111558,40.024594],[-75.111554,40.02461],[-75.111532,40.024723],[-75.111532,40.024725],[-75.111413,40.025077],[-75.111394,40.025212],[-75.111394,40.025235],[-75.111382,40.025304],[-75.111364,40.025376],[-75.111356,40.02545],[-75.111352,40.025505],[-75.111354,40.025521],[-75.111358,40.025535],[-75.111366,40.025548],[-75.111378,40.025562],[-75.111429,40.025605],[-75.111459,40.025633],[-75.111478,40.025647],[-75.111506,40.025662],[-75.111541,40.025675],[-75.111577,40.025683],[-75.11167,40.025702],[-75.111735,40.025715],[-75.111887,40.025739],[-75.111953,40.025752],[-75.112039,40.025772],[-75.112122,40.025795],[-75.112143,40.025801],[-75.112241,40.025831],[-75.112323,40.025861],[-75.112402,40.025894],[-75.112462,40.025923],[-75.11254,40.025967],[-75.112567,40.025986],[-75.11259,40.026004],[-75.112623,40.02604],[-75.112656,40.026085],[-75.112672,40.026112],[-75.112694,40.026156],[-75.11272,40.026208],[-75.112733,40.02624],[-75.112742,40.026275],[-75.112749,40.02632],[-75.112754,40.026366],[-75.112755,40.026418],[-75.112752,40.02649],[-75.112753,40.026822],[-75.112818,40.027345],[-75.112818,40.02735]]]},"properties":{"dist_numc":"15"}},{"type":"Feature","geometry":{"type":"Polygon","coordinates":[[[-75.22487,39.960015],[-75.226211,39.960168],[-75.226853,39.960248],[-75.227446,39.96032],[-75.227978,39.960387],[-75.228648,39.960473],[-75.22908,39.960523],[-75.229412,39.960563],[-75.229787,39.960608],[-75.23025,39.960665],[-75.230805,39.960731],[-75.231877,39.960859],[-75.23286,39.960985],[-75.233556,39.961075],[-75.234144,39.961145],[-75.234697,39.961217],[-75.235089,39.961267],[-75.236811,39.96148],[-75.238787,39.961724],[-75.239449,39.961803],[-75.240025,39.96188],[-75.240428,39.961928],[-75.241086,39.962008],[-75.241408,39.962048],[-75.241997,39.962122],[-75.242738,39.962212],[-75.243389,39.962293],[-75.244034,39.962374],[-75.244712,39.96246],[-75.245407,39.962546],[-75.245686,39.962581],[-75.246205,39.962646],[-75.246756,39.962714],[-75.247294,39.962759],[-75.247568,39.962803],[-75.247621,39.962812],[-75.24769,39.962828],[-75.247661,39.962942],[-75.247607,39.963002],[-75.247491,39.963129],[-75.247421,39.9632],[-75.247401,39.963258],[-75.247407,39.963336],[-75.247437,39.963426],[-75.247482,39.963538],[-75.247567,39.963648],[-75.247687,39.963787],[-75.247781,39.963885],[-75.247906,39.963989],[-75.248059,39.964084],[-75.248618,39.964362],[-75.24897,39.964504],[-75.249467,39.964731],[-75.249851,39.964918],[-75.249914,39.964957],[-75.249992,39.96501],[-75.250057,39.965052],[-75.250136,39.965077],[-75.250224,39.965086],[-75.250316,39.965078],[-75.250449,39.965027],[-75.250608,39.964958],[-75.25076,39.964888],[-75.250916,39.964847],[-75.251051,39.964843],[-75.251105,39.964867],[-75.251203,39.964921],[-75.251286,39.965013],[-75.251344,39.965082],[-75.251339,39.965148],[-75.251343,39.965202],[-75.251371,39.965259],[-75.251431,39.965312],[-75.2515,39.965346],[-75.251606,39.965365],[-75.25171,39.965356],[-75.251815,39.965339],[-75.251925,39.965327],[-75.252097,39.965315],[-75.252337,39.965289],[-75.252638,39.965261],[-75.252846,39.965253],[-75.252975,39.965244],[-75.253079,39.965223],[-75.253224,39.965193],[-75.253317,39.965235],[-75.253411,39.96527],[-75.253585,39.965309],[-75.253715,39.965338],[-75.253939,39.965399],[-75.254049,39.965411],[-75.254143,39.965413],[-75.254225,39.965347],[-75.254304,39.965283],[-75.25434,39.96522],[-75.254383,39.965136],[-75.254459,39.965056],[-75.254547,39.965001],[-75.254635,39.964935],[-75.254741,39.96486],[-75.25494,39.964772],[-75.255115,39.964701],[-75.255269,39.964664],[-75.255411,39.964639],[-75.255547,39.964604],[-75.255689,39.964556],[-75.255814,39.964481],[-75.255855,39.964447],[-75.255894,39.964382],[-75.255969,39.964322],[-75.256085,39.964252],[-75.256195,39.964165],[-75.256284,39.964089],[-75.256385,39.963983],[-75.256589,39.963811],[-75.256689,39.963729],[-75.256749,39.963697],[-75.256819,39.963687],[-75.256902,39.963682],[-75.256984,39.963697],[-75.257129,39.963736],[-75.257254,39.963762],[-75.257338,39.96378],[-75.257421,39.963775],[-75.257489,39.963753],[-75.257546,39.963714],[-75.257633,39.963674],[-75.257707,39.96364],[-75.257791,39.963612],[-75.257861,39.963604],[-75.257937,39.963634],[-75.257996,39.963687],[-75.258016,39.963748],[-75.258015,39.963863],[-75.258016,39.964002],[-75.257994,39.964105],[-75.257964,39.96417],[-75.257946,39.964245],[-75.257947,39.964311],[-75.257978,39.964387],[-75.258011,39.964409],[-75.258061,39.964438],[-75.258122,39.964456],[-75.258192,39.96446],[-75.258274,39.964461],[-75.258342,39.964458],[-75.258409,39.964462],[-75.258472,39.964494],[-75.258513,39.964544],[-75.25855,39.964627],[-75.258594,39.964718],[-75.25864,39.964775],[-75.258686,39.964856],[-75.258709,39.964913],[-75.258716,39.964974],[-75.258718,39.965068],[-75.258715,39.965249],[-75.258702,39.965334],[-75.258713,39.965388],[-75.258741,39.965457],[-75.258769,39.965526],[-75.2588,39.96558],[-75.258841,39.965624],[-75.258892,39.965658],[-75.258977,39.965685],[-75.25908,39.965702],[-75.259217,39.965707],[-75.259336,39.965707],[-75.259403,39.965725],[-75.259426,39.96577],[-75.25943,39.965822],[-75.25943,39.965902],[-75.259453,39.965957],[-75.259554,39.96602],[-75.259651,39.96605],[-75.259781,39.966091],[-75.259911,39.966124],[-75.260067,39.966205],[-75.260312,39.966267],[-75.260493,39.966323],[-75.260586,39.966283],[-75.260664,39.966279],[-75.260753,39.96629],[-75.260831,39.966279],[-75.260935,39.966251],[-75.261029,39.966208],[-75.261118,39.966146],[-75.261164,39.966091],[-75.261218,39.966035],[-75.261286,39.966007],[-75.261389,39.966011],[-75.261448,39.96604],[-75.261483,39.966085],[-75.26155,39.966125],[-75.261664,39.966168],[-75.261739,39.966191],[-75.261814,39.9662],[-75.261895,39.966181],[-75.262016,39.966144],[-75.262095,39.966097],[-75.262106,39.966063],[-75.262119,39.966016],[-75.262141,39.965974],[-75.262165,39.965948],[-75.262245,39.96589],[-75.262345,39.965793],[-75.262386,39.965748],[-75.262424,39.965686],[-75.26246,39.965642],[-75.262514,39.965621],[-75.262562,39.965627],[-75.26262,39.965635],[-75.262681,39.965647],[-75.262768,39.965656],[-75.26284,39.965649],[-75.262921,39.965619],[-75.262963,39.965588],[-75.263032,39.96554],[-75.263095,39.965496],[-75.263147,39.965469],[-75.263197,39.965466],[-75.263254,39.965483],[-75.26331,39.965514],[-75.263386,39.965555],[-75.26347,39.965587],[-75.263533,39.965615],[-75.263617,39.96563],[-75.263698,39.965623],[-75.263773,39.965606],[-75.263857,39.965565],[-75.263931,39.965538],[-75.263992,39.965501],[-75.264019,39.965466],[-75.264059,39.96543],[-75.264134,39.965382],[-75.264244,39.965321],[-75.264375,39.965252],[-75.264498,39.965205],[-75.264556,39.96519],[-75.264646,39.965189],[-75.26476,39.965193],[-75.264922,39.965198],[-75.265061,39.965201],[-75.265256,39.965216],[-75.26539,39.965233],[-75.265451,39.965266],[-75.26553,39.96536],[-75.265569,39.965413],[-75.265659,39.965535],[-75.265747,39.965636],[-75.265808,39.965726],[-75.26586,39.965801],[-75.265924,39.965869],[-75.266051,39.965935],[-75.266196,39.965977],[-75.266316,39.966013],[-75.266398,39.966028],[-75.266547,39.966031],[-75.26671,39.966031],[-75.266798,39.966019],[-75.266912,39.966018],[-75.267026,39.966034],[-75.267141,39.966072],[-75.267218,39.966102],[-75.267295,39.966167],[-75.267367,39.966214],[-75.267477,39.96627],[-75.267534,39.966281],[-75.267601,39.966283],[-75.267673,39.966307],[-75.267782,39.96635],[-75.267912,39.96641],[-75.268133,39.966501],[-75.268395,39.966598],[-75.268463,39.966628],[-75.268516,39.966661],[-75.26857,39.966701],[-75.268704,39.966806],[-75.268775,39.966869],[-75.26885,39.966956],[-75.268919,39.967051],[-75.269019,39.967245],[-75.269047,39.967295],[-75.269082,39.96734],[-75.269127,39.967371],[-75.269161,39.967384],[-75.269209,39.96739],[-75.269275,39.9674],[-75.269359,39.967411],[-75.269447,39.967397],[-75.2695,39.967384],[-75.269551,39.967364],[-75.269616,39.967341],[-75.269672,39.967326],[-75.269743,39.967324],[-75.269804,39.967336],[-75.269859,39.967353],[-75.269922,39.96739],[-75.269963,39.967435],[-75.270005,39.967489],[-75.270033,39.967561],[-75.270057,39.967663],[-75.270075,39.967739],[-75.270101,39.967792],[-75.270143,39.967881],[-75.270194,39.967987],[-75.2703,39.968193],[-75.270391,39.968331],[-75.270404,39.968367],[-75.270415,39.968438],[-75.270425,39.968489],[-75.27045,39.968537],[-75.270503,39.968595],[-75.270573,39.968647],[-75.270602,39.968669],[-75.270654,39.968684],[-75.27072,39.968681],[-75.270776,39.968673],[-75.270841,39.968653],[-75.270915,39.968628],[-75.270989,39.968612],[-75.271046,39.968619],[-75.271112,39.968629],[-75.271171,39.968643],[-75.271243,39.968672],[-75.271331,39.968701],[-75.27141,39.968713],[-75.271493,39.968718],[-75.271593,39.968724],[-75.271701,39.968739],[-75.271805,39.968766],[-75.271865,39.968815],[-75.271925,39.968869],[-75.271988,39.968953],[-75.272026,39.968994],[-75.272089,39.969021],[-75.272199,39.969056],[-75.272346,39.969104],[-75.272508,39.969141],[-75.272628,39.969187],[-75.272729,39.969227],[-75.272818,39.969253],[-75.27296,39.969302],[-75.273056,39.969315],[-75.273188,39.969314],[-75.273282,39.969304],[-75.273418,39.969291],[-75.273494,39.969285],[-75.273572,39.969287],[-75.273684,39.969297],[-75.273812,39.969306],[-75.273915,39.969319],[-75.274015,39.969325],[-75.274153,39.969326],[-75.274328,39.969326],[-75.27449,39.969319],[-75.27481,39.969302],[-75.274893,39.969296],[-75.275029,39.969298],[-75.275087,39.969307],[-75.2752,39.969335],[-75.275269,39.969373],[-75.275323,39.96942],[-75.275366,39.969513],[-75.275397,39.969584],[-75.275458,39.969787],[-75.275496,39.969939],[-75.27557,39.970135],[-75.275609,39.97022],[-75.275654,39.970269],[-75.275707,39.970302],[-75.275821,39.970319],[-75.276007,39.970321],[-75.276189,39.970333],[-75.276247,39.97034],[-75.276305,39.97036],[-75.276374,39.970397],[-75.276414,39.970425],[-75.276441,39.970478],[-75.27647,39.97053],[-75.27651,39.970599],[-75.276615,39.970785],[-75.276642,39.970838],[-75.276658,39.970872],[-75.276671,39.970917],[-75.276677,39.970955],[-75.276664,39.970993],[-75.276639,39.971026],[-75.27659,39.971066],[-75.276531,39.971104],[-75.276474,39.971145],[-75.276488,39.971187],[-75.276527,39.971234],[-75.276585,39.971271],[-75.276691,39.971263],[-75.276763,39.971253],[-75.276828,39.971224],[-75.276899,39.971185],[-75.277075,39.971114],[-75.277138,39.971099],[-75.2772,39.971091],[-75.277269,39.971091],[-75.277341,39.971093],[-75.277424,39.971107],[-75.277494,39.97112],[-75.277543,39.971137],[-75.277579,39.97116],[-75.277613,39.971184],[-75.27766,39.971219],[-75.277689,39.971256],[-75.277707,39.971294],[-75.277715,39.971331],[-75.277691,39.971354],[-75.27765,39.971372],[-75.277599,39.971387],[-75.277554,39.971395],[-75.277527,39.971411],[-75.277511,39.971433],[-75.277506,39.971461],[-75.277507,39.971497],[-75.277517,39.971528],[-75.277532,39.971564],[-75.277557,39.971592],[-75.277594,39.971625],[-75.277643,39.971652],[-75.277678,39.971669],[-75.277768,39.971688],[-75.277889,39.971702],[-75.27797,39.971723],[-75.278021,39.97176],[-75.278299,39.971937],[-75.278355,39.972022],[-75.278452,39.972116],[-75.27854,39.972195],[-75.278612,39.972273],[-75.278659,39.972341],[-75.2787,39.972424],[-75.278727,39.97254],[-75.278762,39.972644],[-75.278779,39.972702],[-75.278783,39.972755],[-75.278786,39.972851],[-75.278798,39.972959],[-75.278813,39.973061],[-75.278834,39.973172],[-75.278862,39.973256],[-75.278919,39.973325],[-75.278954,39.973369],[-75.278973,39.973456],[-75.279001,39.973536],[-75.27905,39.973628],[-75.279084,39.973701],[-75.279111,39.973822],[-75.279126,39.973923],[-75.279174,39.973996],[-75.279244,39.974041],[-75.279361,39.974082],[-75.279468,39.974132],[-75.279604,39.974195],[-75.279808,39.974329],[-75.279957,39.974433],[-75.280029,39.974512],[-75.280047,39.97455],[-75.280087,39.974633],[-75.280133,39.974745],[-75.280195,39.974844],[-75.280307,39.975001],[-75.27943,39.975446],[-75.276381,39.977014],[-75.273575,39.978269],[-75.272877,39.978581],[-75.271339,39.979263],[-75.269272,39.98018],[-75.265594,39.981811],[-75.264385,39.982347],[-75.263716,39.982643],[-75.262186,39.98349],[-75.260731,39.98429],[-75.259511,39.984961],[-75.258729,39.985391],[-75.258569,39.985521],[-75.258503,39.985576],[-75.256839,39.986809],[-75.256298,39.98721],[-75.256121,39.987321],[-75.255699,39.987519],[-75.254002,39.988314],[-75.251549,39.989464],[-75.250823,39.989805],[-75.249191,39.990572],[-75.248013,39.991126],[-75.245686,39.992219],[-75.241653,39.994114],[-75.237335,39.996143],[-75.235288,39.997097],[-75.23431,39.997553],[-75.233231,39.998056],[-75.232153,39.998559],[-75.230889,39.999148],[-75.230438,39.999358],[-75.229455,39.99982],[-75.228378,40.000326],[-75.226416,40.001248],[-75.223632,40.002556],[-75.220698,40.003934],[-75.219226,40.004625],[-75.214572,40.006811],[-75.213757,40.007155],[-75.213047,40.007455],[-75.210768,40.008561],[-75.208926,40.009454],[-75.208927,40.009449],[-75.208936,40.009438],[-75.209055,40.009279],[-75.209229,40.009047],[-75.209404,40.008815],[-75.209117,40.008625],[-75.20888,40.008469],[-75.208493,40.008694],[-75.207953,40.008344],[-75.20694,40.009073],[-75.206467,40.009023],[-75.204941,40.008706],[-75.204683,40.008538],[-75.204068,40.008247],[-75.203972,40.008158],[-75.203829,40.008026],[-75.203584,40.007801],[-75.203864,40.00774],[-75.204374,40.007629],[-75.204684,40.007562],[-75.204999,40.007494],[-75.205707,40.007349],[-75.206084,40.007262],[-75.206321,40.007202],[-75.206548,40.007126],[-75.206807,40.006994],[-75.206926,40.006918],[-75.207416,40.006549],[-75.207502,40.006482],[-75.207601,40.006417],[-75.20704,40.006218],[-75.20361,40.005164],[-75.202357,40.004778],[-75.202107,40.004678],[-75.20115,40.004293],[-75.201449,40.003864],[-75.202545,40.002295],[-75.203314,40.001678],[-75.20339,40.001304],[-75.20392,40.000638],[-75.204503,40.000534],[-75.205463,40.000951],[-75.206452,39.9998],[-75.20712,39.999024],[-75.207571,39.998033],[-75.211697,39.997317],[-75.212384,39.997198],[-75.212697,39.997118],[-75.213543,39.996887],[-75.215576,39.996251],[-75.215817,39.996147],[-75.215994,39.996066],[-75.216156,39.995966],[-75.216334,39.995836],[-75.217132,39.99502],[-75.217436,39.994705],[-75.217697,39.994485],[-75.217997,39.994233],[-75.217914,39.993936],[-75.217537,39.992592],[-75.217325,39.991819],[-75.216951,39.990455],[-75.216884,39.99021],[-75.216224,39.987738],[-75.215683,39.985796],[-75.215419,39.984868],[-75.214947,39.98315],[-75.214767,39.982496],[-75.21472,39.982323],[-75.214652,39.982141],[-75.214503,39.981558],[-75.214161,39.980312],[-75.213709,39.97863],[-75.213473,39.9778],[-75.213307,39.977226],[-75.213125,39.976555],[-75.213012,39.976147],[-75.212922,39.975822],[-75.212855,39.975582],[-75.212618,39.974731],[-75.212424,39.973993],[-75.212215,39.973252],[-75.21389,39.973063],[-75.216334,39.9728],[-75.217466,39.972671],[-75.21777,39.972636],[-75.21842,39.973033],[-75.219076,39.972886],[-75.222013,39.972262],[-75.222251,39.97221],[-75.223298,39.971984],[-75.223675,39.971904],[-75.225387,39.97154],[-75.225714,39.971473],[-75.225844,39.97144],[-75.225837,39.971374],[-75.225619,39.970488],[-75.225565,39.970277],[-75.225453,39.969834],[-75.225375,39.969527],[-75.225216,39.968598],[-75.225143,39.968155],[-75.22512,39.968018],[-75.225059,39.967656],[-75.225049,39.967594],[-75.224966,39.96712],[-75.22489,39.966652],[-75.224815,39.966215],[-75.224767,39.965919],[-75.224709,39.965576],[-75.224643,39.965193],[-75.224593,39.964905],[-75.224498,39.964441],[-75.224322,39.963585],[-75.224222,39.963096],[-75.224482,39.961867],[-75.224608,39.961277],[-75.224708,39.960817],[-75.224771,39.960506],[-75.22487,39.960016],[-75.22487,39.960015]]]},"properties":{"dist_numc":"19"}},{"type":"Feature","geometry":{"type":"Polygon","coordinates":[[[-75.16896,39.928045],[-75.169131,39.927264],[-75.169186,39.927015],[-75.16923,39.926815],[-75.169496,39.925606],[-75.169502,39.925541],[-75.169747,39.924419],[-75.169887,39.923784],[-75.169971,39.923401],[-75.170026,39.923147],[-75.170312,39.921895],[-75.170583,39.920663],[-75.170857,39.91942],[-75.171017,39.918667],[-75.171181,39.917905],[-75.171308,39.917318],[-75.171398,39.916894],[-75.171425,39.916767],[-75.171697,39.91549],[-75.17182,39.914894],[-75.171841,39.914793],[-75.171879,39.914613],[-75.171928,39.914382],[-75.171896,39.914324],[-75.171879,39.914265],[-75.172063,39.913887],[-75.172281,39.913403],[-75.172346,39.91326],[-75.172392,39.913157],[-75.172515,39.913042],[-75.172636,39.912444],[-75.172644,39.912405],[-75.172656,39.912341],[-75.172664,39.912296],[-75.172743,39.911953],[-75.17288,39.911433],[-75.172915,39.911301],[-75.172997,39.910844],[-75.173028,39.910626],[-75.173054,39.910522],[-75.173296,39.909292],[-75.173481,39.908474],[-75.173643,39.907729],[-75.173681,39.907546],[-75.173793,39.907008],[-75.173839,39.906787],[-75.174144,39.905443],[-75.174476,39.903854],[-75.174566,39.903427],[-75.174897,39.901956],[-75.175295,39.900244],[-75.175327,39.900107],[-75.175337,39.900064],[-75.175409,39.899734],[-75.175455,39.899522],[-75.175486,39.89938],[-75.175487,39.899377],[-75.175512,39.89928],[-75.175523,39.899238],[-75.17555,39.899166],[-75.175551,39.899131],[-75.175575,39.898503],[-75.175506,39.898021],[-75.175548,39.897816],[-75.175579,39.897664],[-75.175637,39.897382],[-75.175402,39.897352],[-75.173879,39.897157],[-75.17383,39.897157],[-75.173405,39.897107],[-75.173357,39.897102],[-75.173308,39.897097],[-75.17326,39.897092],[-75.173212,39.897087],[-75.173163,39.897081],[-75.173115,39.897076],[-75.173067,39.897071],[-75.173018,39.897065],[-75.17297,39.89706],[-75.172922,39.897054],[-75.172874,39.897048],[-75.172825,39.897043],[-75.172777,39.897036],[-75.172729,39.89703],[-75.172681,39.897024],[-75.172633,39.897017],[-75.172585,39.897011],[-75.172537,39.897004],[-75.172489,39.896997],[-75.172441,39.89699],[-75.172393,39.896983],[-75.172345,39.896975],[-75.172298,39.896968],[-75.17225,39.89696],[-75.172202,39.896952],[-75.172154,39.896944],[-75.172107,39.896936],[-75.172059,39.896928],[-75.172011,39.89692],[-75.171964,39.896911],[-75.171916,39.896903],[-75.171869,39.896894],[-75.171821,39.896886],[-75.171774,39.896877],[-75.171726,39.896868],[-75.171679,39.896859],[-75.171632,39.89685],[-75.171584,39.896841],[-75.171537,39.896831],[-75.17149,39.896821],[-75.171443,39.896811],[-75.171396,39.896801],[-75.171349,39.896791],[-75.171302,39.89678],[-75.171255,39.896769],[-75.171209,39.896758],[-75.171162,39.896746],[-75.171116,39.896734],[-75.17107,39.896722],[-75.171025,39.896709],[-75.170979,39.896695],[-75.170967,39.896692],[-75.170992,39.896896],[-75.170965,39.896981],[-75.170906,39.897077],[-75.170808,39.897172],[-75.170711,39.897236],[-75.170575,39.897282],[-75.170448,39.897309],[-75.170247,39.897288],[-75.16997,39.897258],[-75.169576,39.897217],[-75.167144,39.897119],[-75.166963,39.897097],[-75.166681,39.89706],[-75.166563,39.897058],[-75.166215,39.897074],[-75.165861,39.897072],[-75.163231,39.896983],[-75.162932,39.896964],[-75.162233,39.896878],[-75.159291,39.896517],[-75.158278,39.896394],[-75.156073,39.896138],[-75.154127,39.895899],[-75.152747,39.895725],[-75.15251,39.895696],[-75.148838,39.895248],[-75.145354,39.894826],[-75.144973,39.894778],[-75.135271,39.893601],[-75.13801,39.888702],[-75.139815,39.886972],[-75.14049,39.886324],[-75.142644,39.884414],[-75.146307,39.883369],[-75.147888,39.88324],[-75.149709,39.88309],[-75.155883,39.882874],[-75.167373,39.882688],[-75.172704,39.882333],[-75.176102,39.882172],[-75.180597,39.881501],[-75.185391,39.881074],[-75.191394,39.879249],[-75.19292,39.878381],[-75.193513,39.880115],[-75.19462,39.884578],[-75.194814,39.88712],[-75.195157,39.890049],[-75.195469,39.891136],[-75.196803,39.892384],[-75.197111,39.892606],[-75.197111,39.892606],[-75.197331,39.892765],[-75.197646,39.892993],[-75.198675,39.893475],[-75.200443,39.893955],[-75.202337,39.894194],[-75.205297,39.894615],[-75.207705,39.895157],[-75.210154,39.896277],[-75.210898,39.896959],[-75.211625,39.897671],[-75.211801,39.897843],[-75.212254,39.898287],[-75.212704,39.898816],[-75.2134,39.899696],[-75.214029,39.90043],[-75.214448,39.901088],[-75.215031,39.903108],[-75.215416,39.904642],[-75.215464,39.9049],[-75.215627,39.90604],[-75.21566,39.907013],[-75.215634,39.908368],[-75.215359,39.90928],[-75.215126,39.90964],[-75.21473,39.910077],[-75.213836,39.910454],[-75.213055,39.910585],[-75.212544,39.910671],[-75.209899,39.91053],[-75.207771,39.91058],[-75.206827,39.910903],[-75.2064,39.911134],[-75.205419,39.912261],[-75.2049,39.912973],[-75.20474,39.913258],[-75.204454,39.913769],[-75.204025,39.914548],[-75.203428,39.915629],[-75.203252,39.915969],[-75.202541,39.917346],[-75.202301,39.917811],[-75.201872,39.918588],[-75.201781,39.918753],[-75.201696,39.919205],[-75.201699,39.919529],[-75.201741,39.919636],[-75.20177,39.919709],[-75.20177,39.919709],[-75.201869,39.919957],[-75.20187,39.919961],[-75.201872,39.919964],[-75.201903,39.920039],[-75.202229,39.920391],[-75.20281,39.920776],[-75.203037,39.920876],[-75.203056,39.920881],[-75.203669,39.921015],[-75.204061,39.921092],[-75.204395,39.921111],[-75.204869,39.92109],[-75.205525,39.921061],[-75.206424,39.921003],[-75.208092,39.920895],[-75.208261,39.920893],[-75.208274,39.920894],[-75.20878,39.920925],[-75.209112,39.920979],[-75.209672,39.921117],[-75.210183,39.921338],[-75.210511,39.921537],[-75.210582,39.921575],[-75.211091,39.921914],[-75.211311,39.922131],[-75.211839,39.922775],[-75.211841,39.922777],[-75.212043,39.923283],[-75.212351,39.924218],[-75.212354,39.92438],[-75.212381,39.9259],[-75.212379,39.925904],[-75.211918,39.927053],[-75.211809,39.927249],[-75.211338,39.928089],[-75.211004,39.928684],[-75.20999,39.930495],[-75.209962,39.930527],[-75.209956,39.930555],[-75.208271,39.93252],[-75.205972,39.934923],[-75.205882,39.935031],[-75.20586,39.934991],[-75.204415,39.932957],[-75.203791,39.932829],[-75.200713,39.932158],[-75.200354,39.932077],[-75.199644,39.931909],[-75.199589,39.931816],[-75.198973,39.931169],[-75.19844,39.930582],[-75.198177,39.930301],[-75.197851,39.929998],[-75.197697,39.929855],[-75.197508,39.92968],[-75.197238,39.929429],[-75.196925,39.929175],[-75.196654,39.929323],[-75.196208,39.929556],[-75.196117,39.929603],[-75.195846,39.929741],[-75.195736,39.929798],[-75.195585,39.929883],[-75.195106,39.930147],[-75.194651,39.930391],[-75.194246,39.930608],[-75.193782,39.930855],[-75.193383,39.93109],[-75.193355,39.931195],[-75.192819,39.931126],[-75.192325,39.931064],[-75.191785,39.930992],[-75.191009,39.930884],[-75.190224,39.930788],[-75.188929,39.930628],[-75.18827,39.930545],[-75.188063,39.930519],[-75.187029,39.930391],[-75.186272,39.930284],[-75.185775,39.930215],[-75.185242,39.930156],[-75.183824,39.929965],[-75.183603,39.929937],[-75.181947,39.929739],[-75.18037,39.929531],[-75.179959,39.929477],[-75.179198,39.929378],[-75.178447,39.929281],[-75.176874,39.929071],[-75.176337,39.929009],[-75.175881,39.92895],[-75.175292,39.928876],[-75.173731,39.92867],[-75.173164,39.928597],[-75.172702,39.928529],[-75.172157,39.928472],[-75.171598,39.928397],[-75.17114,39.928338],[-75.170882,39.928308],[-75.170273,39.928228],[-75.170052,39.928196],[-75.169583,39.928142],[-75.169235,39.928088],[-75.169055,39.92806],[-75.168981,39.928048],[-75.16896,39.928045]]]},"properties":{"dist_numc":"01"}},{"type":"Feature","geometry":{"type":"Polygon","coordinates":[[[-75.231391,40.083432],[-75.231388,40.083423],[-75.231386,40.08342],[-75.231374,40.083388],[-75.23137,40.083379],[-75.231312,40.083283],[-75.231207,40.083229],[-75.231257,40.083054],[-75.231258,40.083049],[-75.231258,40.082979],[-75.231249,40.08294],[-75.231184,40.082865],[-75.231069,40.082792],[-75.230925,40.082754],[-75.23072,40.082723],[-75.230416,40.082678],[-75.230353,40.082676],[-75.23021,40.082684],[-75.230123,40.082689],[-75.229954,40.082667],[-75.229564,40.082532],[-75.229176,40.082365],[-75.229033,40.082308],[-75.2289,40.082254],[-75.228882,40.082249],[-75.228648,40.082163],[-75.228301,40.082035],[-75.228269,40.082024],[-75.228242,40.08201],[-75.227919,40.081859],[-75.22789,40.081847],[-75.227626,40.081681],[-75.227472,40.081589],[-75.227403,40.081545],[-75.227351,40.081507],[-75.227296,40.081462],[-75.227108,40.08129],[-75.227029,40.081223],[-75.226885,40.081114],[-75.226808,40.081056],[-75.226732,40.080997],[-75.226639,40.080922],[-75.226556,40.08085],[-75.226482,40.08078],[-75.226414,40.080713],[-75.22634,40.080633],[-75.226273,40.080555],[-75.226213,40.080479],[-75.22616,40.080403],[-75.226113,40.080331],[-75.226071,40.080258],[-75.226052,40.080227],[-75.225995,40.080125],[-75.225976,40.080084],[-75.225962,40.080046],[-75.225957,40.080031],[-75.225952,40.080007],[-75.225944,40.079945],[-75.225938,40.079917],[-75.22593,40.079895],[-75.22592,40.079872],[-75.225889,40.079823],[-75.225855,40.079778],[-75.225772,40.079682],[-75.225741,40.079641],[-75.225635,40.079488],[-75.225571,40.079389],[-75.225509,40.079289],[-75.225487,40.079253],[-75.225468,40.079223],[-75.225191,40.078785],[-75.225102,40.078639],[-75.225102,40.078638],[-75.225101,40.078638],[-75.224862,40.078232],[-75.224698,40.077812],[-75.224698,40.077811],[-75.224697,40.077809],[-75.224683,40.077773],[-75.224608,40.077575],[-75.224597,40.077559],[-75.224575,40.077492],[-75.224425,40.077131],[-75.224286,40.076913],[-75.22428,40.076902],[-75.224111,40.07665],[-75.224071,40.076586],[-75.224051,40.076549],[-75.223741,40.076077],[-75.22373,40.076061],[-75.223555,40.075755],[-75.223406,40.075346],[-75.223395,40.075315],[-75.223351,40.075207],[-75.223296,40.075021],[-75.223093,40.074714],[-75.223024,40.074559],[-75.222987,40.074425],[-75.222991,40.074259],[-75.22302,40.074131],[-75.223056,40.073951],[-75.223056,40.073951],[-75.223056,40.073949],[-75.223071,40.073929],[-75.223107,40.073866],[-75.223114,40.073828],[-75.223142,40.073763],[-75.223178,40.073704],[-75.223494,40.073449],[-75.223959,40.073133],[-75.223993,40.07312],[-75.22403,40.073097],[-75.22407,40.073082],[-75.22415,40.073041],[-75.224165,40.073035],[-75.224371,40.072936],[-75.224961,40.072654],[-75.225194,40.072464],[-75.225216,40.072438],[-75.225481,40.072187],[-75.225483,40.072183],[-75.225594,40.071923],[-75.225615,40.071876],[-75.225625,40.071853],[-75.225637,40.0717],[-75.225604,40.071608],[-75.2256,40.071601],[-75.225533,40.071502],[-75.225488,40.071461],[-75.225434,40.071419],[-75.22536,40.071373],[-75.225048,40.071137],[-75.224775,40.070953],[-75.224162,40.070531],[-75.224093,40.070483],[-75.22392,40.070363],[-75.223746,40.070249],[-75.223405,40.07001],[-75.223163,40.069846],[-75.22314,40.069829],[-75.222968,40.0697],[-75.222599,40.069373],[-75.222434,40.069188],[-75.222342,40.069085],[-75.222331,40.069074],[-75.22233,40.069073],[-75.222227,40.068961],[-75.222138,40.068873],[-75.221918,40.068669],[-75.221843,40.068603],[-75.221586,40.068379],[-75.221442,40.068256],[-75.221292,40.068128],[-75.22101,40.067833],[-75.220817,40.067639],[-75.220638,40.067467],[-75.220598,40.067412],[-75.220529,40.067249],[-75.220522,40.067229],[-75.220506,40.06718],[-75.220492,40.067088],[-75.220435,40.066895],[-75.220363,40.066619],[-75.220363,40.066618],[-75.220363,40.066618],[-75.220329,40.066479],[-75.220321,40.066391],[-75.220341,40.066283],[-75.220359,40.066246],[-75.220449,40.066164],[-75.220566,40.066071],[-75.220818,40.06587],[-75.221004,40.06573],[-75.221067,40.065668],[-75.22112,40.065616],[-75.221323,40.065479],[-75.221383,40.065444],[-75.221472,40.065402],[-75.221837,40.065222],[-75.221882,40.0652],[-75.222248,40.06503],[-75.222278,40.065019],[-75.222317,40.065001],[-75.223118,40.064675],[-75.223415,40.064508],[-75.223495,40.064403],[-75.223569,40.064204],[-75.223502,40.063921],[-75.223416,40.063767],[-75.223293,40.063609],[-75.223201,40.063491],[-75.223131,40.063428],[-75.222667,40.063003],[-75.222367,40.062587],[-75.222288,40.062477],[-75.222158,40.062192],[-75.222152,40.062177],[-75.221884,40.061396],[-75.221763,40.061091],[-75.221719,40.061],[-75.221571,40.06069],[-75.221562,40.060674],[-75.221531,40.060623],[-75.221476,40.06055],[-75.221413,40.060457],[-75.221025,40.060112],[-75.220978,40.060062],[-75.220579,40.059767],[-75.220429,40.059522],[-75.220429,40.059522],[-75.220224,40.059134],[-75.220025,40.058752],[-75.220017,40.058727],[-75.219964,40.058627],[-75.219795,40.05831],[-75.219711,40.058156],[-75.21955,40.057941],[-75.219483,40.057889],[-75.219365,40.057792],[-75.219365,40.057792],[-75.219206,40.057661],[-75.219084,40.057548],[-75.219083,40.057548],[-75.219083,40.057548],[-75.218874,40.057355],[-75.218681,40.057163],[-75.218417,40.056745],[-75.218293,40.056603],[-75.217917,40.056109],[-75.217878,40.055948],[-75.217779,40.05548],[-75.217786,40.055429],[-75.217805,40.055392],[-75.217823,40.055359],[-75.217773,40.055138],[-75.217773,40.055138],[-75.217708,40.054616],[-75.217614,40.054032],[-75.217601,40.053952],[-75.217583,40.053873],[-75.217562,40.053795],[-75.217537,40.053718],[-75.217508,40.053642],[-75.217475,40.053567],[-75.217438,40.053494],[-75.217397,40.053422],[-75.217359,40.053359],[-75.217336,40.053314],[-75.217311,40.053257],[-75.217283,40.053182],[-75.217253,40.053115],[-75.217207,40.053023],[-75.217172,40.052954],[-75.217148,40.052913],[-75.217115,40.052866],[-75.217084,40.052828],[-75.21706,40.052802],[-75.217056,40.052798],[-75.217011,40.052745],[-75.216931,40.052639],[-75.216897,40.052597],[-75.216858,40.052555],[-75.216819,40.05252],[-75.216767,40.052483],[-75.216704,40.052445],[-75.21664,40.052413],[-75.216488,40.052341],[-75.21642,40.052305],[-75.216265,40.052216],[-75.216112,40.052124],[-75.215961,40.05203],[-75.215812,40.051934],[-75.215381,40.051613],[-75.215213,40.051437],[-75.215157,40.051381],[-75.215129,40.051353],[-75.214909,40.051175],[-75.214551,40.050795],[-75.214327,40.050446],[-75.214196,40.050146],[-75.213981,40.049805],[-75.213816,40.049392],[-75.213707,40.049248],[-75.21365,40.049076],[-75.213623,40.049009],[-75.213633,40.048892],[-75.213653,40.048829],[-75.213628,40.048736],[-75.213547,40.048619],[-75.213519,40.048594],[-75.213159,40.04828],[-75.212945,40.048177],[-75.212868,40.048119],[-75.212868,40.048119],[-75.212827,40.048074],[-75.212783,40.048033],[-75.212735,40.047995],[-75.212684,40.04796],[-75.212632,40.047932],[-75.212502,40.047872],[-75.212354,40.047795],[-75.212246,40.047734],[-75.212153,40.047675],[-75.212073,40.047617],[-75.212013,40.047566],[-75.211934,40.047491],[-75.211859,40.047418],[-75.211707,40.047289],[-75.211671,40.047255],[-75.211642,40.047224],[-75.211599,40.047176],[-75.21158,40.047145],[-75.211567,40.047108],[-75.211558,40.047072],[-75.211552,40.047043],[-75.211551,40.047016],[-75.211553,40.046991],[-75.211559,40.046964],[-75.211577,40.046919],[-75.211599,40.046874],[-75.211628,40.046826],[-75.211724,40.046683],[-75.21174,40.046659],[-75.211767,40.046623],[-75.211791,40.046586],[-75.211816,40.046544],[-75.211836,40.046506],[-75.211849,40.046476],[-75.211857,40.046453],[-75.211863,40.04643],[-75.211874,40.046377],[-75.21188,40.046353],[-75.21189,40.046328],[-75.211903,40.046296],[-75.211915,40.046269],[-75.211929,40.046242],[-75.211943,40.046215],[-75.211959,40.046187],[-75.211981,40.046152],[-75.212017,40.0461],[-75.212025,40.046087],[-75.212032,40.046076],[-75.212042,40.046055],[-75.21205,40.046036],[-75.212057,40.046017],[-75.212062,40.045997],[-75.212066,40.045978],[-75.212069,40.045957],[-75.212078,40.045871],[-75.212084,40.045834],[-75.21209,40.045805],[-75.212098,40.045773],[-75.21213,40.045649],[-75.212143,40.045596],[-75.212149,40.045567],[-75.212153,40.04554],[-75.212157,40.045515],[-75.21216,40.045487],[-75.212161,40.045483],[-75.212163,40.045449],[-75.212166,40.045405],[-75.212171,40.045246],[-75.212172,40.045192],[-75.212172,40.045065],[-75.212174,40.045002],[-75.212177,40.044944],[-75.212188,40.044839],[-75.212191,40.044796],[-75.212193,40.044744],[-75.212193,40.044684],[-75.212191,40.044596],[-75.212184,40.044451],[-75.212177,40.044364],[-75.21217,40.044287],[-75.212166,40.044253],[-75.212156,40.044172],[-75.21215,40.044131],[-75.212144,40.044095],[-75.212137,40.044059],[-75.212129,40.044025],[-75.212121,40.043995],[-75.212112,40.043963],[-75.212097,40.043919],[-75.21205,40.043789],[-75.211982,40.043608],[-75.211958,40.043545],[-75.211938,40.043484],[-75.211918,40.043418],[-75.211911,40.043393],[-75.211901,40.043369],[-75.21189,40.043344],[-75.211872,40.043311],[-75.211852,40.043278],[-75.21183,40.043246],[-75.211806,40.043215],[-75.211779,40.043184],[-75.21175,40.043154],[-75.211719,40.043125],[-75.211685,40.043096],[-75.211685,40.043096],[-75.211476,40.042925],[-75.211448,40.042902],[-75.211448,40.042902],[-75.211385,40.04285],[-75.211324,40.042765],[-75.211236,40.042599],[-75.21121,40.042543],[-75.211114,40.042388],[-75.21106,40.0423],[-75.210974,40.042137],[-75.210913,40.041911],[-75.210874,40.041831],[-75.210829,40.04172],[-75.210762,40.041468],[-75.21073,40.041411],[-75.210722,40.041362],[-75.210712,40.041308],[-75.210661,40.041173],[-75.210528,40.04082],[-75.210358,40.04052],[-75.210191,40.04026],[-75.21008,40.040055],[-75.209669,40.039482],[-75.209468,40.039186],[-75.209197,40.038868],[-75.208992,40.038626],[-75.208965,40.038599],[-75.208627,40.038292],[-75.208453,40.03819],[-75.20795,40.037913],[-75.207799,40.037824],[-75.207653,40.037731],[-75.207513,40.037634],[-75.207378,40.037533],[-75.207241,40.037425],[-75.207196,40.037385],[-75.207157,40.037348],[-75.207123,40.037311],[-75.207041,40.037215],[-75.20699,40.037163],[-75.206857,40.037037],[-75.206823,40.037],[-75.206794,40.036966],[-75.206753,40.036913],[-75.206715,40.03687],[-75.20668,40.036827],[-75.206648,40.036782],[-75.206619,40.036737],[-75.2066,40.036699],[-75.206583,40.036655],[-75.206569,40.03661],[-75.206537,40.036491],[-75.206514,40.036425],[-75.206482,40.036359],[-75.206445,40.036288],[-75.206401,40.03621],[-75.206344,40.036117],[-75.206326,40.036092],[-75.206282,40.036036],[-75.206264,40.036011],[-75.206248,40.035984],[-75.206239,40.035958],[-75.206237,40.035943],[-75.206225,40.035909],[-75.206208,40.035876],[-75.206184,40.035845],[-75.206155,40.035817],[-75.206147,40.03581],[-75.206131,40.035794],[-75.206117,40.035777],[-75.206106,40.035759],[-75.206097,40.03574],[-75.206091,40.03572],[-75.206088,40.035698],[-75.206087,40.035676],[-75.206088,40.035652],[-75.206006,40.035365],[-75.205947,40.035259],[-75.205901,40.035184],[-75.205755,40.035053],[-75.205691,40.035011],[-75.205504,40.03493],[-75.205503,40.03493],[-75.204971,40.034791],[-75.204942,40.034786],[-75.204385,40.034687],[-75.204305,40.034664],[-75.204224,40.034645],[-75.204142,40.034631],[-75.20406,40.034622],[-75.204003,40.034618],[-75.203943,40.034617],[-75.203878,40.034618],[-75.203808,40.034622],[-75.203717,40.034629],[-75.203652,40.034636],[-75.203596,40.034645],[-75.203546,40.034657],[-75.203494,40.034675],[-75.203417,40.034707],[-75.203333,40.034744],[-75.203269,40.034774],[-75.203207,40.034809],[-75.203164,40.034838],[-75.20312,40.034873],[-75.202957,40.03502],[-75.202857,40.035104],[-75.202766,40.035189],[-75.202682,40.035278],[-75.202605,40.035372],[-75.202535,40.035469],[-75.20209,40.036052],[-75.201986,40.036171],[-75.201806,40.03633],[-75.201737,40.036381],[-75.201709,40.036403],[-75.20159,40.036471],[-75.201513,40.036493],[-75.201432,40.036478],[-75.200963,40.036193],[-75.200948,40.036175],[-75.200931,40.036133],[-75.20091,40.036105],[-75.200907,40.036082],[-75.200849,40.035993],[-75.200844,40.035967],[-75.200851,40.035946],[-75.200853,40.03591],[-75.200856,40.035852],[-75.200883,40.035788],[-75.200908,40.035747],[-75.200907,40.035702],[-75.200901,40.035683],[-75.200779,40.03549],[-75.200648,40.035324],[-75.200604,40.035271],[-75.200505,40.035154],[-75.200479,40.035096],[-75.200386,40.034914],[-75.200258,40.03462],[-75.200106,40.034161],[-75.200057,40.034064],[-75.200023,40.033994],[-75.200014,40.03396],[-75.200008,40.033919],[-75.200006,40.033878],[-75.200006,40.033837],[-75.20001,40.033797],[-75.20002,40.033747],[-75.200041,40.033679],[-75.200041,40.033677],[-75.200085,40.033534],[-75.200109,40.033454],[-75.20012,40.03341],[-75.200124,40.033375],[-75.200126,40.033288],[-75.200129,40.033265],[-75.200135,40.033245],[-75.200145,40.033218],[-75.200157,40.033188],[-75.200206,40.033059],[-75.200239,40.03298],[-75.200275,40.032912],[-75.200281,40.032895],[-75.200285,40.032879],[-75.200286,40.032838],[-75.200278,40.0328],[-75.200271,40.032785],[-75.200261,40.032768],[-75.200218,40.032713],[-75.200173,40.032649],[-75.200142,40.032616],[-75.200106,40.032587],[-75.200064,40.03256],[-75.200017,40.032537],[-75.199966,40.032518],[-75.199744,40.032381],[-75.199665,40.032332],[-75.199666,40.032331],[-75.199554,40.032263],[-75.199339,40.032127],[-75.199242,40.032073],[-75.199191,40.032037],[-75.198943,40.031864],[-75.19873,40.031752],[-75.198604,40.031653],[-75.198421,40.031486],[-75.198203,40.031213],[-75.198159,40.031135],[-75.198066,40.030914],[-75.198058,40.030817],[-75.198077,40.030747],[-75.198112,40.03062],[-75.198119,40.030587],[-75.198128,40.030545],[-75.198132,40.030513],[-75.198147,40.030399],[-75.198199,40.030132],[-75.198226,40.029978],[-75.198331,40.029634],[-75.198335,40.029503],[-75.198321,40.029381],[-75.198321,40.029378],[-75.198319,40.029372],[-75.198317,40.029367],[-75.198314,40.029358],[-75.198309,40.029343],[-75.198292,40.029288],[-75.198264,40.029203],[-75.198262,40.029196],[-75.198257,40.029179],[-75.198256,40.029178],[-75.198256,40.029177],[-75.198256,40.029177],[-75.198256,40.029177],[-75.198252,40.029166],[-75.198184,40.028977],[-75.198161,40.028911],[-75.198085,40.028727],[-75.198024,40.028634],[-75.198007,40.028607],[-75.197974,40.028556],[-75.197969,40.028545],[-75.197965,40.028533],[-75.197962,40.028526],[-75.197961,40.028523],[-75.197889,40.028338],[-75.197866,40.028302],[-75.197796,40.028195],[-75.19777,40.028156],[-75.197764,40.028141],[-75.197759,40.028131],[-75.197754,40.028121],[-75.197753,40.028117],[-75.197752,40.028115],[-75.19775,40.028112],[-75.19775,40.028111],[-75.197749,40.02811],[-75.197749,40.028109],[-75.197748,40.028107],[-75.197746,40.028102],[-75.197743,40.028096],[-75.197715,40.028036],[-75.197686,40.02796],[-75.19765,40.027778],[-75.197483,40.027636],[-75.197388,40.027573],[-75.197331,40.027544],[-75.197272,40.027518],[-75.197215,40.027497],[-75.197164,40.02748],[-75.197095,40.027463],[-75.197015,40.027448],[-75.196943,40.027439],[-75.196792,40.027429],[-75.19667,40.027415],[-75.196639,40.027413],[-75.196611,40.027413],[-75.196573,40.027415],[-75.19654,40.027419],[-75.196515,40.027424],[-75.196489,40.027431],[-75.196404,40.027461],[-75.196371,40.027471],[-75.19629,40.027491],[-75.19621,40.027508],[-75.196131,40.027522],[-75.196054,40.027532],[-75.195955,40.027541],[-75.195808,40.027547],[-75.195707,40.027552],[-75.195595,40.027555],[-75.195508,40.027551],[-75.195446,40.027543],[-75.195292,40.027511],[-75.195255,40.027505],[-75.195221,40.027501],[-75.195148,40.027498],[-75.195067,40.027498],[-75.194978,40.027503],[-75.194845,40.027513],[-75.194705,40.027525],[-75.194657,40.027531],[-75.194615,40.027538],[-75.194531,40.027556],[-75.194502,40.027565],[-75.194476,40.027574],[-75.194426,40.027598],[-75.19433,40.027638],[-75.194232,40.027674],[-75.194131,40.027706],[-75.194027,40.027734],[-75.19383,40.027782],[-75.193613,40.02778],[-75.19348,40.027762],[-75.19332,40.027707],[-75.193303,40.027699],[-75.193135,40.027551],[-75.193135,40.027551],[-75.193142,40.027506],[-75.193161,40.027462],[-75.193169,40.027443],[-75.193169,40.027442],[-75.193209,40.027346],[-75.193231,40.027308],[-75.193232,40.027291],[-75.193253,40.027264],[-75.19328,40.027213],[-75.193285,40.027198],[-75.193408,40.027122],[-75.19354,40.027028],[-75.193612,40.026947],[-75.193681,40.026853],[-75.193705,40.026821],[-75.193784,40.026731],[-75.193976,40.026564],[-75.194227,40.026395],[-75.194417,40.026276],[-75.194529,40.026192],[-75.194888,40.025895],[-75.194995,40.025804],[-75.195099,40.025656],[-75.195165,40.025473],[-75.195176,40.025411],[-75.195224,40.025149],[-75.195231,40.025025],[-75.19524,40.02491],[-75.195258,40.024831],[-75.195295,40.024767],[-75.195349,40.024667],[-75.195364,40.024596],[-75.19537,40.024563],[-75.19537,40.024563],[-75.19538,40.024514],[-75.195404,40.024466],[-75.195464,40.024373],[-75.195778,40.024153],[-75.195778,40.024153],[-75.195779,40.024153],[-75.195889,40.024085],[-75.196023,40.024003],[-75.196133,40.023938],[-75.196219,40.02389],[-75.19622,40.023889],[-75.196248,40.023871],[-75.196253,40.023868],[-75.196273,40.023854],[-75.196273,40.023854],[-75.196586,40.023656],[-75.197003,40.023421],[-75.197288,40.023284],[-75.197404,40.023228],[-75.197637,40.023102],[-75.198104,40.022893],[-75.198164,40.022864],[-75.198314,40.022813],[-75.198327,40.022809],[-75.198711,40.022687],[-75.198865,40.022628],[-75.198992,40.022587],[-75.199008,40.02258],[-75.199451,40.022387],[-75.19947,40.022379],[-75.199524,40.022353],[-75.199579,40.022322],[-75.199795,40.02221],[-75.200177,40.021881],[-75.200482,40.021562],[-75.200584,40.021386],[-75.200666,40.021215],[-75.200708,40.021072],[-75.200824,40.020836],[-75.200918,40.020657],[-75.200934,40.02061],[-75.20101,40.02043],[-75.201067,40.020277],[-75.201227,40.020022],[-75.201575,40.019464],[-75.201592,40.019437],[-75.201894,40.018879],[-75.202237,40.018268],[-75.202261,40.018226],[-75.202375,40.017968],[-75.202608,40.017475],[-75.202644,40.017376],[-75.20274,40.017143],[-75.202789,40.017041],[-75.202851,40.01691],[-75.202909,40.016815],[-75.202967,40.016741],[-75.203079,40.016609],[-75.203122,40.016565],[-75.203236,40.016489],[-75.203262,40.016479],[-75.203571,40.01637],[-75.203854,40.016351],[-75.204034,40.016352],[-75.20406,40.016352],[-75.204372,40.01641],[-75.204912,40.01655],[-75.205161,40.016599],[-75.20524,40.016602],[-75.205299,40.016597],[-75.205355,40.016581],[-75.205632,40.016462],[-75.205692,40.016438],[-75.206012,40.016231],[-75.206136,40.016096],[-75.206352,40.015816],[-75.206407,40.015616],[-75.20642,40.015576],[-75.206436,40.015535],[-75.206468,40.015451],[-75.206558,40.015222],[-75.206561,40.015216],[-75.206681,40.015014],[-75.206707,40.014911],[-75.206726,40.014835],[-75.206726,40.014833],[-75.206727,40.014831],[-75.206873,40.014448],[-75.20692,40.014325],[-75.207005,40.014101],[-75.207006,40.014098],[-75.207179,40.013658],[-75.207279,40.013403],[-75.207361,40.013193],[-75.207362,40.013191],[-75.207478,40.012829],[-75.207528,40.012684],[-75.207602,40.012729],[-75.207631,40.012746],[-75.208654,40.013448],[-75.210009,40.014115],[-75.211664,40.015128],[-75.213086,40.016249],[-75.213851,40.016931],[-75.214646,40.017825],[-75.215426,40.018635],[-75.216258,40.019517],[-75.217346,40.020432],[-75.218565,40.021322],[-75.219391,40.021864],[-75.220565,40.022215],[-75.22126,40.022344],[-75.222224,40.022648],[-75.223049,40.023246],[-75.223948,40.023818],[-75.225193,40.024468],[-75.226311,40.025101],[-75.227955,40.025944],[-75.229681,40.026803],[-75.230747,40.027321],[-75.231705,40.027809],[-75.232908,40.028614],[-75.233925,40.029499],[-75.23502,40.030245],[-75.235701,40.030755],[-75.23714,40.03165],[-75.238322,40.032284],[-75.239812,40.033321],[-75.240492,40.03386],[-75.241271,40.034684],[-75.241888,40.035419],[-75.242425,40.035841],[-75.242981,40.036235],[-75.243524,40.036487],[-75.244376,40.03686],[-75.244952,40.037198],[-75.245598,40.037665],[-75.246173,40.0383],[-75.247003,40.039747],[-75.247922,40.040772],[-75.249042,40.041858],[-75.250988,40.043272],[-75.252885,40.044743],[-75.254321,40.045765],[-75.255895,40.046506],[-75.257659,40.04762],[-75.259624,40.049248],[-75.2611,40.050681],[-75.262679,40.052314],[-75.264433,40.054103],[-75.26387,40.054559],[-75.24346,40.073344],[-75.24329,40.073504],[-75.243069,40.073714],[-75.242117,40.074655],[-75.233166,40.083496],[-75.233073,40.08349],[-75.233061,40.083491],[-75.233043,40.083496],[-75.233025,40.083503],[-75.233002,40.083513],[-75.23297,40.083528],[-75.232969,40.083528],[-75.232927,40.083537],[-75.232745,40.083577],[-75.232701,40.083571],[-75.232642,40.083571],[-75.232535,40.083576],[-75.23244,40.083575],[-75.232269,40.083579],[-75.232261,40.083578],[-75.23225,40.08358],[-75.232103,40.083588],[-75.232061,40.08358],[-75.232,40.083551],[-75.231963,40.083518],[-75.231939,40.083496],[-75.231907,40.083465],[-75.231874,40.083453],[-75.231791,40.083442],[-75.23177,40.08344],[-75.231758,40.083444],[-75.231748,40.083454],[-75.231737,40.083483],[-75.231721,40.083499],[-75.231716,40.083501],[-75.231654,40.083533],[-75.231571,40.083566],[-75.231527,40.083578],[-75.231523,40.083579],[-75.231509,40.083579],[-75.2315,40.083576],[-75.23149,40.083568],[-75.231485,40.08356],[-75.231479,40.083533],[-75.23147,40.083506],[-75.231466,40.083497],[-75.231452,40.083484],[-75.23143,40.083471],[-75.231404,40.083448],[-75.231391,40.083432]]]},"properties":{"dist_numc":"05"}},{"type":"Feature","geometry":{"type":"Polygon","coordinates":[[[-75.181238,40.033107],[-75.180356,40.032616],[-75.180097,40.032464],[-75.179906,40.032352],[-75.179717,40.032242],[-75.179499,40.032113],[-75.179237,40.03196],[-75.179078,40.031866],[-75.178916,40.031746],[-75.178412,40.031458],[-75.176708,40.030469],[-75.175636,40.029871],[-75.174575,40.029254],[-75.173613,40.0287],[-75.172524,40.028056],[-75.17144,40.029121],[-75.171238,40.029309],[-75.170801,40.029734],[-75.170286,40.030248],[-75.169829,40.030692],[-75.169156,40.031344],[-75.168527,40.031955],[-75.167745,40.031526],[-75.166658,40.0309],[-75.166491,40.030803],[-75.166123,40.030609],[-75.165493,40.030251],[-75.164952,40.029955],[-75.164137,40.029503],[-75.163751,40.029265],[-75.163272,40.02897],[-75.162271,40.028343],[-75.162129,40.028254],[-75.161428,40.027774],[-75.160985,40.027263],[-75.160577,40.026733],[-75.160247,40.02631],[-75.160056,40.026032],[-75.159934,40.025564],[-75.1599,40.024943],[-75.15986,40.024634],[-75.159554,40.023935],[-75.159523,40.023867],[-75.159481,40.023777],[-75.159141,40.023037],[-75.159038,40.02281],[-75.158111,40.022711],[-75.157368,40.022624],[-75.157307,40.022617],[-75.156513,40.02251],[-75.155963,40.022442],[-75.155714,40.02241],[-75.155487,40.022372],[-75.154932,40.022299],[-75.154389,40.022237],[-75.153909,40.022173],[-75.15385,40.022165],[-75.15336,40.022097],[-75.152846,40.022037],[-75.152586,40.022003],[-75.152354,40.021971],[-75.151792,40.021904],[-75.151239,40.021834],[-75.150776,40.021773],[-75.150212,40.021702],[-75.149799,40.021648],[-75.14945,40.021602],[-75.148569,40.021485],[-75.148694,40.020962],[-75.148741,40.02072],[-75.148835,40.020287],[-75.148862,40.020162],[-75.148939,40.019835],[-75.148956,40.019753],[-75.148956,40.019751],[-75.148996,40.019582],[-75.149039,40.019385],[-75.149044,40.019364],[-75.149233,40.018512],[-75.149349,40.017967],[-75.149589,40.016942],[-75.149729,40.016224],[-75.149772,40.016031],[-75.149842,40.015681],[-75.149934,40.015335],[-75.150041,40.014828],[-75.150098,40.014577],[-75.150205,40.013996],[-75.150247,40.013771],[-75.150397,40.013175],[-75.150576,40.01238],[-75.150886,40.010846],[-75.151093,40.009944],[-75.151249,40.009288],[-75.151371,40.008737],[-75.151456,40.008313],[-75.151605,40.007675],[-75.151923,40.006177],[-75.152238,40.004699],[-75.152553,40.003191],[-75.15278,40.002231],[-75.152786,40.002202],[-75.152928,40.001602],[-75.153274,40.000014],[-75.153377,39.999544],[-75.153432,39.999331],[-75.153519,39.998952],[-75.153568,39.998733],[-75.153611,39.998525],[-75.153987,39.996791],[-75.154144,39.996001],[-75.154256,39.995535],[-75.154321,39.995231],[-75.154346,39.995112],[-75.154372,39.994989],[-75.154394,39.99488],[-75.15459,39.993948],[-75.154824,39.993976],[-75.155055,39.994005],[-75.155442,39.994056],[-75.155491,39.994062],[-75.156231,39.994158],[-75.156789,39.994235],[-75.15725,39.994287],[-75.157794,39.994352],[-75.158361,39.994392],[-75.15881,39.99444],[-75.15937,39.994534],[-75.159921,39.994601],[-75.160949,39.994746],[-75.161352,39.994821],[-75.161861,39.994887],[-75.162545,39.994977],[-75.163196,39.995071],[-75.163543,39.995122],[-75.164098,39.995178],[-75.165967,39.995422],[-75.16757,39.995631],[-75.168142,39.995704],[-75.168609,39.995771],[-75.169179,39.995836],[-75.169734,39.995914],[-75.170204,39.995977],[-75.17077,39.996045],[-75.171328,39.996123],[-75.171791,39.99618],[-75.172358,39.99625],[-75.173951,39.996442],[-75.174421,39.996508],[-75.175541,39.996648],[-75.176001,39.996711],[-75.176718,39.99681],[-75.176951,39.996842],[-75.177504,39.99692],[-75.177991,39.996972],[-75.178579,39.997049],[-75.179207,39.997128],[-75.180192,39.997263],[-75.181794,39.997454],[-75.182344,39.997529],[-75.184398,39.997803],[-75.185032,39.997887],[-75.186548,39.998075],[-75.187608,39.998205],[-75.187592,39.99857],[-75.187559,39.998653],[-75.187034,39.999983],[-75.186955,40.000194],[-75.186863,40.000418],[-75.186952,40.000373],[-75.187198,40.000295],[-75.187343,40.00027],[-75.187514,40.000259],[-75.187745,40.000262],[-75.188115,40.00028],[-75.188291,40.000282],[-75.18845,40.000281],[-75.188563,40.000264],[-75.188818,40.000214],[-75.18958,39.999905],[-75.190423,39.999677],[-75.19172,39.999364],[-75.191708,39.999403],[-75.19163,39.999659],[-75.191476,40.000652],[-75.191333,40.001902],[-75.191345,40.002603],[-75.191387,40.003836],[-75.191545,40.004659],[-75.191631,40.005062],[-75.191683,40.005199],[-75.19171,40.005255],[-75.192052,40.005849],[-75.192112,40.005927],[-75.192183,40.006018],[-75.192405,40.006306],[-75.192501,40.006437],[-75.192553,40.006508],[-75.192594,40.006563],[-75.192721,40.006679],[-75.192739,40.006689],[-75.192884,40.006772],[-75.193112,40.006902],[-75.193261,40.006987],[-75.193299,40.007008],[-75.193451,40.007069],[-75.19535,40.007782],[-75.196307,40.007992],[-75.197331,40.008338],[-75.197518,40.008401],[-75.199033,40.008911],[-75.201731,40.009789],[-75.20308,40.010242],[-75.204561,40.010861],[-75.205344,40.011255],[-75.205446,40.011314],[-75.205518,40.011366],[-75.20567,40.011477],[-75.205942,40.011673],[-75.206092,40.011781],[-75.206153,40.011826],[-75.206141,40.011835],[-75.206145,40.011837],[-75.206407,40.012011],[-75.207528,40.012684],[-75.207478,40.012829],[-75.207362,40.013191],[-75.207361,40.013193],[-75.207279,40.013403],[-75.207179,40.013658],[-75.207006,40.014098],[-75.207005,40.014101],[-75.20692,40.014325],[-75.206873,40.014448],[-75.206727,40.014831],[-75.206726,40.014833],[-75.206726,40.014835],[-75.206707,40.014911],[-75.206681,40.015014],[-75.206561,40.015216],[-75.206558,40.015222],[-75.206468,40.015451],[-75.206436,40.015535],[-75.20642,40.015576],[-75.206407,40.015616],[-75.206352,40.015816],[-75.206136,40.016096],[-75.206012,40.016231],[-75.205692,40.016438],[-75.205632,40.016462],[-75.205355,40.016581],[-75.205299,40.016597],[-75.20524,40.016602],[-75.205161,40.016599],[-75.204912,40.01655],[-75.204372,40.01641],[-75.20406,40.016352],[-75.204034,40.016352],[-75.203854,40.016351],[-75.203571,40.01637],[-75.203262,40.016479],[-75.203236,40.016489],[-75.203122,40.016565],[-75.203079,40.016609],[-75.202967,40.016741],[-75.202909,40.016815],[-75.202851,40.01691],[-75.202789,40.017041],[-75.20274,40.017143],[-75.202644,40.017376],[-75.202608,40.017475],[-75.202375,40.017968],[-75.202261,40.018226],[-75.202237,40.018268],[-75.201894,40.018879],[-75.201592,40.019437],[-75.201575,40.019464],[-75.201227,40.020022],[-75.201067,40.020277],[-75.20101,40.02043],[-75.200934,40.02061],[-75.200918,40.020657],[-75.200824,40.020836],[-75.200708,40.021072],[-75.200666,40.021215],[-75.200584,40.021386],[-75.200482,40.021562],[-75.200177,40.021881],[-75.199795,40.02221],[-75.199579,40.022322],[-75.199524,40.022353],[-75.19947,40.022379],[-75.199451,40.022387],[-75.199008,40.02258],[-75.198992,40.022587],[-75.198865,40.022628],[-75.198711,40.022687],[-75.198327,40.022809],[-75.198314,40.022813],[-75.198164,40.022864],[-75.198104,40.022893],[-75.197637,40.023102],[-75.197404,40.023228],[-75.197288,40.023284],[-75.197003,40.023421],[-75.196586,40.023656],[-75.196273,40.023854],[-75.196273,40.023854],[-75.196253,40.023868],[-75.196248,40.023871],[-75.19622,40.023889],[-75.196219,40.02389],[-75.196133,40.023938],[-75.196023,40.024003],[-75.195889,40.024085],[-75.195779,40.024153],[-75.195778,40.024153],[-75.195778,40.024153],[-75.195464,40.024373],[-75.195404,40.024466],[-75.19538,40.024514],[-75.19537,40.024563],[-75.19537,40.024563],[-75.195364,40.024596],[-75.195349,40.024667],[-75.195295,40.024767],[-75.195258,40.024831],[-75.19524,40.02491],[-75.195231,40.025025],[-75.195224,40.025149],[-75.195176,40.025411],[-75.195165,40.025473],[-75.195099,40.025656],[-75.194995,40.025804],[-75.194888,40.025895],[-75.194529,40.026192],[-75.194417,40.026276],[-75.194227,40.026395],[-75.193976,40.026564],[-75.193784,40.026731],[-75.193705,40.026821],[-75.193681,40.026853],[-75.193612,40.026947],[-75.19354,40.027028],[-75.193408,40.027122],[-75.193285,40.027198],[-75.19328,40.027213],[-75.193253,40.027264],[-75.193232,40.027291],[-75.193231,40.027308],[-75.193209,40.027346],[-75.193169,40.027442],[-75.193169,40.027443],[-75.193161,40.027462],[-75.193142,40.027506],[-75.193135,40.027551],[-75.193135,40.027551],[-75.193303,40.027699],[-75.19332,40.027707],[-75.19348,40.027762],[-75.193613,40.02778],[-75.19383,40.027782],[-75.194027,40.027734],[-75.194131,40.027706],[-75.194232,40.027674],[-75.19433,40.027638],[-75.194426,40.027598],[-75.194476,40.027574],[-75.194502,40.027565],[-75.194531,40.027556],[-75.194615,40.027538],[-75.194657,40.027531],[-75.194705,40.027525],[-75.194845,40.027513],[-75.194978,40.027503],[-75.195067,40.027498],[-75.195148,40.027498],[-75.195221,40.027501],[-75.195255,40.027505],[-75.195292,40.027511],[-75.195446,40.027543],[-75.195508,40.027551],[-75.195595,40.027555],[-75.195707,40.027552],[-75.195808,40.027547],[-75.195955,40.027541],[-75.196054,40.027532],[-75.196131,40.027522],[-75.19621,40.027508],[-75.19629,40.027491],[-75.196371,40.027471],[-75.196404,40.027461],[-75.196489,40.027431],[-75.196515,40.027424],[-75.19654,40.027419],[-75.196573,40.027415],[-75.196611,40.027413],[-75.196639,40.027413],[-75.19667,40.027415],[-75.196792,40.027429],[-75.196943,40.027439],[-75.197015,40.027448],[-75.197095,40.027463],[-75.197164,40.02748],[-75.197215,40.027497],[-75.197272,40.027518],[-75.197331,40.027544],[-75.197388,40.027573],[-75.197483,40.027636],[-75.19765,40.027778],[-75.197686,40.02796],[-75.197715,40.028036],[-75.197743,40.028096],[-75.197746,40.028102],[-75.197748,40.028107],[-75.197749,40.028109],[-75.197749,40.02811],[-75.19775,40.028111],[-75.19775,40.028112],[-75.197752,40.028115],[-75.197753,40.028117],[-75.197754,40.028121],[-75.197759,40.028131],[-75.197764,40.028141],[-75.19777,40.028156],[-75.197796,40.028195],[-75.197866,40.028302],[-75.197889,40.028338],[-75.197961,40.028523],[-75.197962,40.028526],[-75.197965,40.028533],[-75.197969,40.028545],[-75.197974,40.028556],[-75.198007,40.028607],[-75.198024,40.028634],[-75.198085,40.028727],[-75.198161,40.028911],[-75.198184,40.028977],[-75.198252,40.029166],[-75.198256,40.029177],[-75.198256,40.029177],[-75.198256,40.029177],[-75.198256,40.029178],[-75.198257,40.029179],[-75.198262,40.029196],[-75.198264,40.029203],[-75.198292,40.029288],[-75.198309,40.029343],[-75.198314,40.029358],[-75.198317,40.029367],[-75.198319,40.029372],[-75.198321,40.029378],[-75.198321,40.029381],[-75.198335,40.029503],[-75.198331,40.029634],[-75.198226,40.029978],[-75.198199,40.030132],[-75.198147,40.030399],[-75.198132,40.030513],[-75.198128,40.030545],[-75.198119,40.030587],[-75.198112,40.03062],[-75.198077,40.030747],[-75.198058,40.030817],[-75.198066,40.030914],[-75.198159,40.031135],[-75.198203,40.031213],[-75.198421,40.031486],[-75.198604,40.031653],[-75.19873,40.031752],[-75.198943,40.031864],[-75.199191,40.032037],[-75.199242,40.032073],[-75.199339,40.032127],[-75.199554,40.032263],[-75.199576,40.032277],[-75.199665,40.032332],[-75.199397,40.032598],[-75.199254,40.032741],[-75.19904,40.032969],[-75.19868,40.033111],[-75.197921,40.033252],[-75.197575,40.033267],[-75.197268,40.033292],[-75.197178,40.03334],[-75.197125,40.033385],[-75.197025,40.033315],[-75.196941,40.033275],[-75.196736,40.033202],[-75.196485,40.033123],[-75.196095,40.032992],[-75.195243,40.032695],[-75.194133,40.032289],[-75.194074,40.032273],[-75.193346,40.032073],[-75.192653,40.032022],[-75.191862,40.032092],[-75.190884,40.032287],[-75.189795,40.032548],[-75.189301,40.032649],[-75.187993,40.032916],[-75.187866,40.032942],[-75.187783,40.032959],[-75.187736,40.032969],[-75.186458,40.033236],[-75.186256,40.03328],[-75.185967,40.033389],[-75.185761,40.033554],[-75.18573,40.033579],[-75.184363,40.034917],[-75.182928,40.034076],[-75.182087,40.033603],[-75.181238,40.033107]]]},"properties":{"dist_numc":"39"}},{"type":"Feature","geometry":{"type":"Polygon","coordinates":[[[-75.159554,40.023935],[-75.159544,40.023947],[-75.159536,40.023958],[-75.15951,40.023992],[-75.159482,40.024054],[-75.159467,40.024116],[-75.159414,40.024749],[-75.159378,40.025512],[-75.159299,40.026601],[-75.159222,40.027666],[-75.159176,40.02832],[-75.159103,40.029368],[-75.159035,40.030326],[-75.158126,40.030835],[-75.157823,40.031134],[-75.157759,40.031202],[-75.157678,40.031326],[-75.157637,40.031418],[-75.157619,40.031524],[-75.157625,40.031786],[-75.157628,40.032046],[-75.157643,40.032936],[-75.157643,40.033037],[-75.157642,40.033215],[-75.157659,40.033866],[-75.159649,40.035103],[-75.159444,40.035303],[-75.159004,40.035729],[-75.158366,40.036356],[-75.158376,40.036694],[-75.158417,40.037511],[-75.158454,40.038548],[-75.158447,40.038881],[-75.158433,40.039537],[-75.158406,40.040746],[-75.158361,40.041496],[-75.158677,40.0417],[-75.158344,40.042031],[-75.15832,40.042418],[-75.15831,40.04287],[-75.158288,40.043351],[-75.158265,40.043791],[-75.158221,40.045085],[-75.158168,40.045921],[-75.158134,40.046428],[-75.158095,40.047116],[-75.158069,40.047471],[-75.158061,40.047602],[-75.158021,40.048135],[-75.157986,40.048674],[-75.157962,40.049035],[-75.157952,40.049226],[-75.15792,40.049678],[-75.157874,40.050407],[-75.15786,40.050612],[-75.157777,40.051964],[-75.157749,40.052382],[-75.157492,40.052582],[-75.156894,40.053047],[-75.156761,40.053185],[-75.156606,40.053263],[-75.155558,40.054083],[-75.155188,40.054368],[-75.154484,40.054913],[-75.15344,40.055716],[-75.152916,40.056125],[-75.152597,40.056377],[-75.150925,40.05737],[-75.150827,40.057387],[-75.150496,40.057582],[-75.149541,40.058163],[-75.149383,40.05826],[-75.149222,40.058442],[-75.148571,40.058409],[-75.147603,40.058362],[-75.14706,40.058335],[-75.146245,40.058299],[-75.145449,40.058263],[-75.144143,40.0582],[-75.143169,40.058153],[-75.142967,40.058127],[-75.142769,40.058087],[-75.142522,40.058025],[-75.142294,40.05795],[-75.142185,40.058434],[-75.141845,40.059957],[-75.141515,40.061477],[-75.141172,40.063021],[-75.141,40.063795],[-75.140868,40.06422],[-75.139467,40.063422],[-75.139417,40.063395],[-75.136839,40.061981],[-75.133071,40.059656],[-75.125356,40.05502],[-75.122124,40.053169],[-75.120808,40.052422],[-75.119992,40.051959],[-75.118567,40.05115],[-75.117062,40.050296],[-75.117049,40.050289],[-75.114509,40.048816],[-75.112366,40.047573],[-75.112058,40.047394],[-75.111081,40.046832],[-75.111072,40.046827],[-75.111072,40.046827],[-75.11118,40.046737],[-75.111197,40.046692],[-75.111203,40.046674],[-75.111213,40.046648],[-75.111216,40.046632],[-75.111274,40.046367],[-75.111286,40.046253],[-75.111287,40.046248],[-75.111281,40.046103],[-75.111279,40.046043],[-75.111276,40.045959],[-75.111274,40.045879],[-75.111273,40.045852],[-75.111269,40.045606],[-75.111233,40.045296],[-75.111229,40.045269],[-75.111219,40.045186],[-75.11117,40.044965],[-75.111167,40.04495],[-75.111151,40.044878],[-75.111137,40.044818],[-75.111093,40.044675],[-75.111107,40.044499],[-75.111135,40.044426],[-75.111199,40.044338],[-75.111265,40.044282],[-75.111338,40.044219],[-75.11179,40.043918],[-75.111953,40.043787],[-75.112129,40.043607],[-75.112222,40.043467],[-75.11235,40.043258],[-75.112359,40.043243],[-75.112423,40.043054],[-75.112467,40.042956],[-75.112613,40.042515],[-75.112628,40.042489],[-75.112657,40.042441],[-75.112715,40.042217],[-75.112722,40.042197],[-75.11275,40.042163],[-75.11275,40.042163],[-75.112809,40.042101],[-75.112926,40.04199],[-75.112967,40.041964],[-75.112996,40.041945],[-75.113037,40.041914],[-75.113217,40.041768],[-75.113272,40.041708],[-75.113285,40.041694],[-75.113286,40.041694],[-75.11334,40.041631],[-75.113426,40.041532],[-75.113571,40.041318],[-75.113614,40.041254],[-75.113753,40.040966],[-75.113777,40.040922],[-75.113815,40.040851],[-75.113823,40.040836],[-75.113889,40.040723],[-75.113919,40.04067],[-75.113946,40.040624],[-75.113959,40.040602],[-75.113989,40.04055],[-75.114052,40.040462],[-75.114211,40.040241],[-75.11434,40.040108],[-75.11443,40.040006],[-75.114478,40.03994],[-75.114501,40.039895],[-75.114517,40.039863],[-75.114539,40.039783],[-75.114544,40.039716],[-75.114517,40.039556],[-75.114503,40.039514],[-75.114448,40.039346],[-75.114382,40.039195],[-75.114325,40.039103],[-75.114268,40.038963],[-75.114234,40.038872],[-75.114244,40.03879],[-75.114243,40.038725],[-75.114219,40.03866],[-75.114168,40.03853],[-75.114121,40.038227],[-75.114067,40.038073],[-75.114018,40.03793],[-75.113991,40.037779],[-75.113988,40.03776],[-75.113978,40.037702],[-75.113974,40.037681],[-75.113941,40.037565],[-75.113931,40.037528],[-75.113888,40.037378],[-75.113787,40.037241],[-75.113642,40.037022],[-75.113587,40.036938],[-75.113404,40.036702],[-75.113319,40.036627],[-75.113291,40.036596],[-75.113258,40.036574],[-75.113129,40.036484],[-75.113079,40.036449],[-75.112952,40.036361],[-75.112792,40.036227],[-75.112687,40.036122],[-75.112651,40.036087],[-75.112622,40.036058],[-75.112506,40.035944],[-75.112493,40.03593],[-75.112457,40.035893],[-75.112359,40.035781],[-75.112282,40.035626],[-75.112253,40.035568],[-75.112107,40.03522],[-75.112096,40.035187],[-75.112048,40.035056],[-75.112038,40.035022],[-75.111945,40.034902],[-75.11174,40.034731],[-75.11129,40.034357],[-75.111198,40.034307],[-75.111038,40.034176],[-75.110918,40.034023],[-75.110824,40.033807],[-75.110793,40.03365],[-75.110768,40.033474],[-75.110765,40.033415],[-75.110758,40.033213],[-75.110793,40.033015],[-75.110842,40.032862],[-75.110895,40.032531],[-75.110912,40.032407],[-75.111023,40.032009],[-75.111095,40.031334],[-75.111112,40.03116],[-75.111136,40.030953],[-75.111137,40.030712],[-75.111131,40.030358],[-75.111127,40.030328],[-75.111094,40.030122],[-75.111061,40.02999],[-75.111057,40.029974],[-75.110931,40.029696],[-75.110896,40.029584],[-75.110897,40.029574],[-75.110898,40.02955],[-75.110916,40.029278],[-75.11096,40.029124],[-75.110981,40.028978],[-75.11103,40.028858],[-75.111132,40.028688],[-75.111156,40.028646],[-75.111466,40.028254],[-75.111548,40.028154],[-75.111639,40.028093],[-75.111701,40.028057],[-75.111732,40.028042],[-75.111761,40.02803],[-75.11179,40.02802],[-75.111819,40.028013],[-75.11188,40.028004],[-75.111926,40.028],[-75.111957,40.028002],[-75.112025,40.028011],[-75.112053,40.028012],[-75.112079,40.028009],[-75.112107,40.028004],[-75.112214,40.027975],[-75.112328,40.027949],[-75.112412,40.027922],[-75.112491,40.027891],[-75.112563,40.027856],[-75.112628,40.027817],[-75.11268,40.027781],[-75.112719,40.02775],[-75.11275,40.027721],[-75.112774,40.027692],[-75.112793,40.027663],[-75.112809,40.027632],[-75.112821,40.0276],[-75.112831,40.027566],[-75.112819,40.027364],[-75.112818,40.02735],[-75.11295,40.02733],[-75.11361,40.027232],[-75.117236,40.02668],[-75.118338,40.026532],[-75.119677,40.026348],[-75.119724,40.026342],[-75.119761,40.026337],[-75.119819,40.026343],[-75.121989,40.025999],[-75.123455,40.025794],[-75.124551,40.025644],[-75.125415,40.025514],[-75.126677,40.025329],[-75.126791,40.025312],[-75.126899,40.025295],[-75.127674,40.025174],[-75.127935,40.025133],[-75.128883,40.024932],[-75.130568,40.024591],[-75.131461,40.02438],[-75.132245,40.024137],[-75.133255,40.023906],[-75.133263,40.023905],[-75.135428,40.023449],[-75.135867,40.023349],[-75.136436,40.023174],[-75.137007,40.022931],[-75.138171,40.02236],[-75.138445,40.022221],[-75.138612,40.022136],[-75.139814,40.021524],[-75.141531,40.020674],[-75.14237,40.020243],[-75.14291,40.020006],[-75.143343,40.01984],[-75.143656,40.019765],[-75.14401,40.01968],[-75.144341,40.019609],[-75.144736,40.019529],[-75.145082,40.019497],[-75.145671,40.019473],[-75.145952,40.019482],[-75.146204,40.019494],[-75.146224,40.019496],[-75.146263,40.019499],[-75.146445,40.019513],[-75.146948,40.019577],[-75.147079,40.019594],[-75.147147,40.019603],[-75.148939,40.019835],[-75.148862,40.020162],[-75.148835,40.020287],[-75.148741,40.02072],[-75.148694,40.020962],[-75.148569,40.021485],[-75.14945,40.021602],[-75.149799,40.021648],[-75.150212,40.021702],[-75.150776,40.021773],[-75.151239,40.021834],[-75.151792,40.021904],[-75.152354,40.021971],[-75.152586,40.022003],[-75.152846,40.022037],[-75.15336,40.022097],[-75.15385,40.022165],[-75.153909,40.022173],[-75.154389,40.022237],[-75.154932,40.022299],[-75.155487,40.022372],[-75.155714,40.02241],[-75.155963,40.022442],[-75.156513,40.02251],[-75.157307,40.022617],[-75.157368,40.022624],[-75.158111,40.022711],[-75.159038,40.02281],[-75.159141,40.023037],[-75.159481,40.023777],[-75.159523,40.023867],[-75.159554,40.023935]]]},"properties":{"dist_numc":"35"}},{"type":"Feature","geometry":{"type":"Polygon","coordinates":[[[-75.011335,40.021765],[-75.02213,40.031633],[-75.023898,40.033456],[-75.024063,40.033609],[-75.024858,40.034791],[-75.025186,40.035289],[-75.025511,40.035781],[-75.025804,40.036215],[-75.025866,40.036265],[-75.026132,40.03683],[-75.026155,40.036889],[-75.026617,40.037857],[-75.027034,40.038754],[-75.02731,40.03941],[-75.027584,40.040056],[-75.027848,40.040687],[-75.027899,40.040789],[-75.028194,40.041282],[-75.028259,40.041373],[-75.028328,40.041458],[-75.028944,40.042295],[-75.029417,40.042912],[-75.0298,40.043412],[-75.030164,40.043905],[-75.030539,40.044381],[-75.030991,40.044977],[-75.031543,40.04569],[-75.031609,40.045763],[-75.03167,40.045907],[-75.031778,40.04615],[-75.03184,40.046436],[-75.031855,40.046626],[-75.031847,40.046824],[-75.031811,40.047005],[-75.031783,40.04715],[-75.031614,40.047863],[-75.031627,40.047935],[-75.031637,40.048107],[-75.031672,40.048224],[-75.031741,40.048371],[-75.031861,40.048542],[-75.031989,40.04866],[-75.03214,40.04877],[-75.03305,40.049265],[-75.036039,40.05089],[-75.038331,40.052121],[-75.039586,40.052801],[-75.04025,40.053168],[-75.04067,40.053392],[-75.041129,40.053642],[-75.041564,40.053878],[-75.041985,40.054104],[-75.042834,40.054572],[-75.043642,40.055005],[-75.044499,40.055465],[-75.045271,40.055885],[-75.046395,40.056497],[-75.046539,40.056577],[-75.046681,40.056653],[-75.046853,40.056744],[-75.046856,40.056746],[-75.046859,40.056747],[-75.046481,40.057141],[-75.045956,40.057605],[-75.044967,40.058513],[-75.044818,40.058674],[-75.044484,40.059101],[-75.04424,40.059412],[-75.044203,40.059486],[-75.043382,40.061351],[-75.04282,40.062631],[-75.042453,40.063482],[-75.041979,40.064539],[-75.040927,40.066884],[-75.040579,40.067661],[-75.04011,40.068711],[-75.039907,40.069057],[-75.039576,40.069574],[-75.039191,40.070042],[-75.038993,40.07029],[-75.038136,40.071173],[-75.038003,40.071309],[-75.037597,40.071722],[-75.037363,40.071961],[-75.036192,40.073206],[-75.036047,40.073337],[-75.034953,40.074468],[-75.034833,40.074593],[-75.034198,40.075259],[-75.033394,40.076102],[-75.032829,40.076674],[-75.030411,40.079186],[-75.029055,40.080587],[-75.028777,40.080874],[-75.026836,40.08289],[-75.026315,40.083426],[-75.025728,40.084032],[-75.025064,40.084716],[-75.022874,40.086993],[-75.021333,40.08857],[-75.020949,40.088985],[-75.019747,40.090216],[-75.018869,40.091129],[-75.018035,40.09199],[-75.017064,40.092994],[-75.01537,40.094744],[-75.015256,40.094859],[-75.01495,40.095181],[-75.014728,40.095395],[-75.013903,40.096223],[-75.013347,40.096679],[-75.012759,40.097146],[-75.012156,40.097578],[-75.0117,40.097898],[-75.009488,40.099416],[-75.009407,40.099471],[-75.007945,40.10047],[-75.006241,40.101645],[-75.005282,40.1023],[-75.004458,40.102873],[-75.003981,40.103206],[-75.003136,40.103794],[-75.002243,40.104404],[-75.001648,40.104811],[-75.000507,40.105598],[-74.999836,40.10606],[-74.999047,40.106604],[-74.99696,40.108016],[-74.996943,40.108028],[-74.996833,40.108103],[-74.996799,40.108127],[-74.993086,40.110696],[-74.992426,40.111153],[-74.990866,40.112231],[-74.990062,40.112793],[-74.989681,40.11307],[-74.987924,40.114253],[-74.984706,40.116489],[-74.983617,40.117308],[-74.983244,40.117638],[-74.982207,40.118401],[-74.981213,40.119109],[-74.980214,40.119812],[-74.980158,40.119851],[-74.980123,40.119873],[-74.979852,40.119647],[-74.979763,40.119573],[-74.979713,40.119508],[-74.979601,40.119429],[-74.97947,40.119387],[-74.979285,40.119352],[-74.979134,40.119351],[-74.979009,40.11938],[-74.978892,40.119427],[-74.978801,40.119494],[-74.978689,40.119542],[-74.978605,40.119548],[-74.97848,40.119508],[-74.978368,40.119464],[-74.978244,40.11949],[-74.977977,40.119602],[-74.977738,40.119662],[-74.977648,40.119703],[-74.977588,40.119768],[-74.977549,40.119837],[-74.977521,40.120026],[-74.977384,40.12007],[-74.977248,40.120069],[-74.977144,40.120033],[-74.977042,40.119967],[-74.97693,40.119928],[-74.976796,40.119934],[-74.976613,40.119974],[-74.9764,40.120049],[-74.976138,40.12015],[-74.976067,40.120213],[-74.97603,40.120287],[-74.976068,40.120385],[-74.976031,40.120445],[-74.975932,40.120466],[-74.975816,40.120442],[-74.975733,40.1204],[-74.975734,40.120326],[-74.975725,40.12026],[-74.975673,40.120198],[-74.975568,40.12018],[-74.975391,40.120197],[-74.975228,40.120224],[-74.975102,40.120219],[-74.974974,40.120173],[-74.974807,40.120083],[-74.974689,40.120006],[-74.974613,40.119919],[-74.974538,40.119857],[-74.974428,40.119805],[-74.974289,40.119793],[-74.974077,40.119795],[-74.973609,40.119815],[-74.973368,40.119804],[-74.973112,40.119788],[-74.972993,40.119801],[-74.972869,40.119818],[-74.972772,40.119823],[-74.972673,40.119796],[-74.972572,40.119729],[-74.972548,40.119664],[-74.972507,40.11956],[-74.97243,40.119509],[-74.97224,40.119429],[-74.972057,40.119308],[-74.971935,40.119214],[-74.97186,40.119142],[-74.971786,40.119048],[-74.971711,40.118895],[-74.971604,40.118808],[-74.971496,40.118735],[-74.971298,40.118586],[-74.971208,40.118462],[-74.971143,40.118355],[-74.971021,40.118114],[-74.970915,40.11793],[-74.970844,40.11776],[-74.970752,40.117653],[-74.970615,40.117532],[-74.970453,40.117392],[-74.970348,40.117198],[-74.970269,40.117093],[-74.97018,40.117012],[-74.970083,40.116969],[-74.969988,40.116955],[-74.969917,40.116964],[-74.969867,40.116989],[-74.969815,40.117021],[-74.969739,40.117025],[-74.969647,40.117008],[-74.969593,40.116981],[-74.969481,40.116923],[-74.969326,40.116855],[-74.969204,40.116825],[-74.969088,40.116849],[-74.968918,40.116882],[-74.968687,40.116943],[-74.968441,40.117034],[-74.968321,40.117101],[-74.968218,40.117177],[-74.968126,40.117224],[-74.968036,40.1173],[-74.967892,40.117408],[-74.967734,40.117532],[-74.967565,40.11763],[-74.967517,40.117686],[-74.967485,40.117808],[-74.967463,40.117884],[-74.967355,40.117937],[-74.967124,40.117951],[-74.966951,40.118011],[-74.966723,40.118055],[-74.966534,40.118086],[-74.966385,40.118121],[-74.966081,40.118242],[-74.965921,40.11831],[-74.965774,40.118341],[-74.965594,40.118415],[-74.965432,40.118488],[-74.965334,40.118565],[-74.965262,40.118623],[-74.965149,40.118671],[-74.964994,40.118664],[-74.964837,40.118634],[-74.964735,40.118597],[-74.964629,40.118547],[-74.964535,40.118476],[-74.964489,40.118403],[-74.964509,40.118245],[-74.964489,40.11813],[-74.964418,40.117989],[-74.964334,40.11783],[-74.964282,40.117628],[-74.964207,40.117403],[-74.964117,40.117298],[-74.963999,40.117231],[-74.963831,40.117131],[-74.963736,40.117088],[-74.963576,40.117047],[-74.963443,40.117012],[-74.963379,40.116974],[-74.963295,40.116896],[-74.963221,40.116767],[-74.963175,40.116683],[-74.963151,40.116507],[-74.963142,40.116366],[-74.963156,40.116204],[-74.963134,40.116104],[-74.963115,40.116005],[-74.963112,40.115879],[-74.963147,40.115799],[-74.96325,40.11565],[-74.963317,40.115526],[-74.963331,40.115481],[-74.963396,40.115298],[-74.963414,40.115217],[-74.96335,40.115135],[-74.963261,40.115034],[-74.963237,40.114969],[-74.963146,40.114776],[-74.963091,40.114649],[-74.963112,40.114586],[-74.963249,40.114469],[-74.963458,40.114208],[-74.96367,40.114],[-74.964001,40.11369],[-74.964092,40.113562],[-74.964139,40.11347],[-74.964157,40.113381],[-74.964138,40.113289],[-74.964023,40.113018],[-74.96392,40.112638],[-74.963879,40.112439],[-74.963884,40.112202],[-74.963881,40.112011],[-74.96385,40.111921],[-74.963785,40.111746],[-74.963777,40.111653],[-74.963796,40.111552],[-74.963852,40.111481],[-74.963936,40.111382],[-74.964046,40.111219],[-74.964105,40.111069],[-74.964121,40.110959],[-74.964121,40.110866],[-74.964041,40.110714],[-74.963903,40.110568],[-74.963839,40.110465],[-74.963841,40.110378],[-74.963813,40.110229],[-74.963747,40.110094],[-74.96371,40.109966],[-74.96371,40.109876],[-74.963772,40.109761],[-74.963891,40.10961],[-74.963978,40.109516],[-74.964075,40.109461],[-74.964235,40.109435],[-74.96441,40.109506],[-74.964509,40.109477],[-74.964603,40.10941],[-74.96468,40.109321],[-74.964738,40.109189],[-74.964765,40.109091],[-74.96481,40.109005],[-74.964877,40.108934],[-74.964936,40.108887],[-74.965059,40.108829],[-74.965118,40.108781],[-74.965206,40.108661],[-74.965387,40.108395],[-74.965516,40.108236],[-74.965592,40.108139],[-74.965609,40.108099],[-74.965562,40.108048],[-74.965504,40.107989],[-74.965432,40.107894],[-74.965369,40.107783],[-74.965296,40.10763],[-74.965212,40.107451],[-74.965124,40.107312],[-74.965057,40.107224],[-74.964979,40.107198],[-74.964726,40.107181],[-74.964422,40.107147],[-74.964196,40.107127],[-74.963958,40.107107],[-74.963711,40.107066],[-74.963517,40.106989],[-74.963336,40.10688],[-74.96325,40.106779],[-74.963201,40.106679],[-74.96322,40.106649],[-74.96327,40.106568],[-74.963374,40.106521],[-74.963397,40.106513],[-74.963466,40.106488],[-74.963596,40.106448],[-74.963659,40.106386],[-74.963671,40.106287],[-74.963607,40.106146],[-74.963629,40.106072],[-74.963693,40.105977],[-74.963786,40.10591],[-74.963908,40.105811],[-74.963964,40.105737],[-74.963964,40.105644],[-74.963928,40.105597],[-74.963798,40.105547],[-74.963593,40.105476],[-74.963399,40.105393],[-74.963184,40.105292],[-74.962965,40.105211],[-74.962693,40.105143],[-74.962556,40.105085],[-74.962499,40.104993],[-74.962429,40.104861],[-74.962433,40.104763],[-74.962468,40.104656],[-74.96254,40.104556],[-74.962539,40.104484],[-74.962378,40.104352],[-74.962092,40.104145],[-74.961993,40.104026],[-74.961767,40.103818],[-74.961565,40.103682],[-74.961403,40.103582],[-74.961229,40.103497],[-74.961111,40.103424],[-74.96102,40.103329],[-74.96099,40.103236],[-74.960995,40.103108],[-74.961025,40.103031],[-74.96109,40.102785],[-74.961199,40.102605],[-74.961203,40.102428],[-74.961235,40.102284],[-74.961291,40.102129],[-74.961295,40.102024],[-74.961269,40.101957],[-74.961178,40.101876],[-74.961102,40.101805],[-74.961062,40.101676],[-74.961126,40.101405],[-74.961226,40.101297],[-74.961395,40.101159],[-74.961478,40.101068],[-74.961643,40.100904],[-74.961701,40.100777],[-74.961744,40.100657],[-74.961768,40.100529],[-74.961801,40.100385],[-74.961847,40.100177],[-74.961854,40.100096],[-74.96189,40.099911],[-74.961933,40.099796],[-74.961977,40.099716],[-74.962014,40.099659],[-74.96202,40.099595],[-74.961986,40.09951],[-74.961918,40.099416],[-74.961816,40.099326],[-74.961739,40.099263],[-74.961673,40.099204],[-74.961686,40.099163],[-74.961731,40.099101],[-74.961786,40.099044],[-74.962071,40.098775],[-74.962094,40.098671],[-74.962062,40.098618],[-74.961908,40.098504],[-74.961724,40.098386],[-74.961607,40.098299],[-74.961579,40.098238],[-74.961597,40.098174],[-74.96166,40.098103],[-74.961775,40.098025],[-74.961813,40.097936],[-74.961808,40.09786],[-74.961789,40.097781],[-74.961723,40.097716],[-74.961619,40.09767],[-74.961415,40.097598],[-74.961191,40.097523],[-74.96106,40.097485],[-74.960924,40.097479],[-74.960791,40.097502],[-74.96068,40.097548],[-74.960569,40.097572],[-74.960463,40.097572],[-74.960078,40.09747],[-74.959734,40.09738],[-74.959627,40.097325],[-74.959476,40.097223],[-74.959376,40.097186],[-74.958784,40.096913],[-74.958516,40.096817],[-74.958252,40.096703],[-74.958168,40.096634],[-74.958111,40.096554],[-74.95808,40.096481],[-74.957996,40.096398],[-74.957653,40.096114],[-74.957355,40.095967],[-74.957209,40.095923],[-74.957059,40.095902],[-74.9569,40.095915],[-74.95664,40.095967],[-74.956462,40.095977],[-74.956287,40.095935],[-74.956187,40.095875],[-74.956097,40.095777],[-74.956088,40.095716],[-74.956109,40.095655],[-74.956119,40.095592],[-74.955838,40.095266],[-74.95576,40.095142],[-74.955748,40.095055],[-74.955774,40.094988],[-74.955881,40.094733],[-74.956009,40.094472],[-74.956235,40.094022],[-74.956392,40.093732],[-74.956403,40.093558],[-74.956403,40.093396],[-74.956382,40.093244],[-74.956374,40.093073],[-74.956455,40.092866],[-74.956692,40.09248],[-74.956824,40.092297],[-74.956942,40.09217],[-74.957065,40.09203],[-74.957117,40.091875],[-74.957199,40.091685],[-74.957287,40.091563],[-74.957443,40.091355],[-74.957473,40.091257],[-74.957644,40.091153],[-74.957815,40.090841],[-74.957961,40.090569],[-74.95798,40.090471],[-74.957965,40.09038],[-74.957909,40.09026],[-74.957824,40.090127],[-74.957794,40.090034],[-74.957791,40.089923],[-74.957829,40.089832],[-74.957891,40.089778],[-74.957994,40.089722],[-74.958067,40.089675],[-74.958113,40.089569],[-74.958117,40.089476],[-74.958109,40.089388],[-74.958123,40.089337],[-74.958155,40.089288],[-74.958234,40.0892],[-74.958252,40.089145],[-74.95823,40.08902],[-74.958182,40.088729],[-74.958011,40.088251],[-74.95787,40.087911],[-74.957714,40.087652],[-74.95761,40.087211],[-74.95761,40.087098],[-74.957639,40.087058],[-74.958018,40.086841],[-74.958028,40.086603],[-74.958034,40.086484],[-74.958026,40.086316],[-74.95805,40.086206],[-74.958082,40.086152],[-74.958204,40.086041],[-74.958225,40.085882],[-74.958216,40.08565],[-74.958252,40.085282],[-74.958299,40.085066],[-74.958341,40.084956],[-74.958628,40.084601],[-74.95868,40.08439],[-74.958631,40.084302],[-74.958549,40.084265],[-74.958422,40.084215],[-74.958366,40.084121],[-74.958373,40.084031],[-74.958384,40.083965],[-74.958423,40.083928],[-74.958593,40.083932],[-74.958722,40.083909],[-74.958903,40.083731],[-74.958966,40.083593],[-74.958984,40.08346],[-74.958945,40.083328],[-74.958908,40.083214],[-74.959019,40.083089],[-74.959135,40.082927],[-74.959155,40.082814],[-74.959132,40.082723],[-74.959039,40.082591],[-74.959001,40.082511],[-74.959052,40.082417],[-74.959103,40.082372],[-74.95925,40.082381],[-74.95928,40.082377],[-74.959667,40.082322],[-74.959744,40.082312],[-74.95986,40.082256],[-74.959955,40.082146],[-74.960011,40.082057],[-74.960051,40.08193],[-74.960074,40.081793],[-74.960078,40.08168],[-74.96008,40.081543],[-74.960061,40.081459],[-74.960041,40.081328],[-74.960043,40.081268],[-74.960107,40.081187],[-74.960181,40.081085],[-74.960627,40.080798],[-74.960816,40.080659],[-74.960884,40.080591],[-74.960987,40.08052],[-74.961077,40.080449],[-74.961122,40.080396],[-74.961274,40.080195],[-74.961406,40.080038],[-74.961524,40.07993],[-74.961636,40.079846],[-74.96173,40.079782],[-74.96175,40.079768],[-74.961894,40.07967],[-74.961958,40.079627],[-74.962016,40.079592],[-74.962107,40.07948],[-74.962133,40.079384],[-74.962131,40.079337],[-74.962157,40.079126],[-74.9622,40.079017],[-74.96227,40.078902],[-74.962334,40.078833],[-74.962393,40.078778],[-74.96247,40.078696],[-74.962507,40.078647],[-74.962535,40.078588],[-74.962533,40.078527],[-74.962519,40.078467],[-74.962482,40.078413],[-74.962431,40.078261],[-74.962424,40.078119],[-74.962432,40.078046],[-74.96246,40.078],[-74.962514,40.077944],[-74.96263,40.077874],[-74.963184,40.077393],[-74.963287,40.077212],[-74.963395,40.077123],[-74.963506,40.077065],[-74.963638,40.077045],[-74.963781,40.077055],[-74.964324,40.077052],[-74.964974,40.077198],[-74.965042,40.077204],[-74.96515,40.077214],[-74.965256,40.077224],[-74.965442,40.077242],[-74.965737,40.077263],[-74.966032,40.077273],[-74.966184,40.077272],[-74.966299,40.077228],[-74.96649,40.077126],[-74.966598,40.077045],[-74.966671,40.076957],[-74.966751,40.076698],[-74.966775,40.076525],[-74.966822,40.076446],[-74.966942,40.076389],[-74.967269,40.076353],[-74.967553,40.07633],[-74.967809,40.07634],[-74.968283,40.076321],[-74.968746,40.076282],[-74.968894,40.076274],[-74.969041,40.076274],[-74.969127,40.0763],[-74.969297,40.076407],[-74.969481,40.076462],[-74.969628,40.076482],[-74.96975,40.076482],[-74.969825,40.076454],[-74.969901,40.076395],[-74.970012,40.076341],[-74.970111,40.076277],[-74.970252,40.076227],[-74.970369,40.07623],[-74.970512,40.076246],[-74.970694,40.076261],[-74.970839,40.076221],[-74.970942,40.076143],[-74.971055,40.076043],[-74.971172,40.075942],[-74.971262,40.075867],[-74.971349,40.075759],[-74.971383,40.07568],[-74.971416,40.075606],[-74.971398,40.075512],[-74.97135,40.075414],[-74.97129,40.075279],[-74.971233,40.075187],[-74.971237,40.075087],[-74.97125,40.074987],[-74.971281,40.074864],[-74.97132,40.074768],[-74.971367,40.074669],[-74.971453,40.074605],[-74.971594,40.074561],[-74.971623,40.074474],[-74.971617,40.07441],[-74.971576,40.074342],[-74.971488,40.074273],[-74.971272,40.074141],[-74.971081,40.074033],[-74.971029,40.073922],[-74.971032,40.073845],[-74.971043,40.073785],[-74.971106,40.073723],[-74.9712,40.073659],[-74.971539,40.07344],[-74.971734,40.073369],[-74.971874,40.073336],[-74.972015,40.073303],[-74.97213,40.073245],[-74.97222,40.073157],[-74.972273,40.073049],[-74.972298,40.072959],[-74.972333,40.072856],[-74.972414,40.072461],[-74.972435,40.072371],[-74.972502,40.072231],[-74.972575,40.072133],[-74.972656,40.072074],[-74.972798,40.072001],[-74.972918,40.071934],[-74.973064,40.071884],[-74.973213,40.071834],[-74.973382,40.071755],[-74.973475,40.071697],[-74.97353,40.071641],[-74.973567,40.071582],[-74.973604,40.07153],[-74.973607,40.071466],[-74.973618,40.0714],[-74.973633,40.071353],[-74.97367,40.071301],[-74.973808,40.071216],[-74.973977,40.071123],[-74.974119,40.071046],[-74.97426,40.07101],[-74.974417,40.07098],[-74.974612,40.070901],[-74.974802,40.070829],[-74.9749,40.070768],[-74.974981,40.070687],[-74.975041,40.070601],[-74.975072,40.070502],[-74.975102,40.070406],[-74.975123,40.070296],[-74.975122,40.070232],[-74.975098,40.07007],[-74.975106,40.069973],[-74.975166,40.069898],[-74.975251,40.069837],[-74.975349,40.069779],[-74.975459,40.069731],[-74.975582,40.069708],[-74.975724,40.069644],[-74.975968,40.069507],[-74.976185,40.069422],[-74.976402,40.069317],[-74.976609,40.069245],[-74.976733,40.069185],[-74.976829,40.069092],[-74.976873,40.068969],[-74.976912,40.06886],[-74.977007,40.068655],[-74.977079,40.06849],[-74.977153,40.068375],[-74.977205,40.068286],[-74.977271,40.068157],[-74.97733,40.068092],[-74.97746,40.06799],[-74.977629,40.067914],[-74.977859,40.067816],[-74.97801,40.067733],[-74.978161,40.067646],[-74.978372,40.067585],[-74.978618,40.067527],[-74.978883,40.06743],[-74.979093,40.067375],[-74.979183,40.06731],[-74.979413,40.067206],[-74.979557,40.067089],[-74.979607,40.067043],[-74.979714,40.066981],[-74.979781,40.066919],[-74.979805,40.066863],[-74.979838,40.0668],[-74.979846,40.066727],[-74.97991,40.066642],[-74.980049,40.066532],[-74.980166,40.066444],[-74.980269,40.06637],[-74.980379,40.066326],[-74.980515,40.066296],[-74.980677,40.066263],[-74.980754,40.066198],[-74.980858,40.066084],[-74.980923,40.065992],[-74.980971,40.065871],[-74.980966,40.065801],[-74.980948,40.065703],[-74.980922,40.065586],[-74.980946,40.065536],[-74.981027,40.065472],[-74.981086,40.0654],[-74.981124,40.065327],[-74.981158,40.065244],[-74.981152,40.065164],[-74.981101,40.065043],[-74.981054,40.064911],[-74.980968,40.064677],[-74.980927,40.064509],[-74.980908,40.064228],[-74.980915,40.064065],[-74.980938,40.063912],[-74.980983,40.063786],[-74.981021,40.063585],[-74.981041,40.063428],[-74.981085,40.063309],[-74.981098,40.063203],[-74.981093,40.063109],[-74.981017,40.062937],[-74.980935,40.062825],[-74.980866,40.062703],[-74.980805,40.062603],[-74.980809,40.06251],[-74.98083,40.062407],[-74.980869,40.062301],[-74.980913,40.062188],[-74.980987,40.062087],[-74.981009,40.061974],[-74.981031,40.061867],[-74.981016,40.061787],[-74.981003,40.061696],[-74.980955,40.061598],[-74.98091,40.061419],[-74.980919,40.061312],[-74.980936,40.061205],[-74.980944,40.061102],[-74.980927,40.060992],[-74.980918,40.060888],[-74.980887,40.0608],[-74.980844,40.060692],[-74.980769,40.060614],[-74.980549,40.060462],[-74.980482,40.060392],[-74.980426,40.06029],[-74.980434,40.060197],[-74.980486,40.060088],[-74.980558,40.060033],[-74.980668,40.059995],[-74.980817,40.059972],[-74.980935,40.059945],[-74.981089,40.059899],[-74.98121,40.059825],[-74.981313,40.059744],[-74.981403,40.059669],[-74.981526,40.059522],[-74.981613,40.05942],[-74.981991,40.058984],[-74.982105,40.058853],[-74.982187,40.058758],[-74.982299,40.058694],[-74.982477,40.058588],[-74.98261,40.058508],[-74.982756,40.058455],[-74.98296,40.058363],[-74.983329,40.058143],[-74.983516,40.058047],[-74.983687,40.058005],[-74.983841,40.057955],[-74.983998,40.057929],[-74.984113,40.057898],[-74.984209,40.05787],[-74.984289,40.057845],[-74.984373,40.057794],[-74.98454,40.057644],[-74.984915,40.0574],[-74.985067,40.0573],[-74.985153,40.057207],[-74.985187,40.057114],[-74.985183,40.05702],[-74.985168,40.05695],[-74.985123,40.056892],[-74.984951,40.056724],[-74.984821,40.056611],[-74.984695,40.056518],[-74.98459,40.056412],[-74.984495,40.056299],[-74.984412,40.056214],[-74.984339,40.05607],[-74.984297,40.055942],[-74.984272,40.055812],[-74.984265,40.055658],[-74.984261,40.055537],[-74.984249,40.055404],[-74.984254,40.055287],[-74.984245,40.055186],[-74.984212,40.055136],[-74.98418,40.055078],[-74.984066,40.055],[-74.983921,40.054913],[-74.983798,40.05484],[-74.983737,40.054745],[-74.983681,40.054624],[-74.983621,40.054499],[-74.983477,40.054412],[-74.982793,40.053928],[-74.982541,40.053827],[-74.982324,40.053808],[-74.982122,40.053756],[-74.981829,40.053703],[-74.981593,40.053633],[-74.981394,40.053602],[-74.981207,40.053604],[-74.981012,40.053599],[-74.980833,40.053622],[-74.980645,40.053637],[-74.980493,40.053647],[-74.980288,40.053649],[-74.980089,40.053641],[-74.979838,40.053609],[-74.979659,40.053525],[-74.979512,40.053411],[-74.979382,40.053288],[-74.979252,40.053178],[-74.979143,40.053079],[-74.979009,40.052962],[-74.978866,40.052838],[-74.978705,40.052737],[-74.978557,40.052644],[-74.978404,40.052543],[-74.978274,40.052454],[-74.973984,40.048605],[-74.977849,40.045382],[-74.980782,40.043553],[-74.983187,40.041414],[-74.987644,40.038196],[-74.990987,40.035782],[-74.994095,40.033422],[-74.997117,40.031298],[-74.998167,40.030522],[-75.000621,40.02871],[-75.003856,40.027006],[-75.010372,40.0225],[-75.011335,40.021765]]]},"properties":{"dist_numc":"08"}},{"type":"Feature","geometry":{"type":"Polygon","coordinates":[[[-75.046859,40.056747],[-75.046859,40.056747],[-75.04686,40.056746],[-75.047369,40.056228],[-75.047542,40.056053],[-75.048207,40.055378],[-75.049285,40.054282],[-75.04933,40.054236],[-75.04962,40.053956],[-75.050043,40.05354],[-75.050464,40.053088],[-75.050644,40.052845],[-75.050885,40.052443],[-75.051055,40.05206],[-75.051203,40.051455],[-75.051338,40.049822],[-75.051387,40.049224],[-75.051411,40.048925],[-75.051454,40.048359],[-75.051572,40.04782],[-75.051726,40.04739],[-75.051981,40.046947],[-75.052288,40.046551],[-75.052829,40.046026],[-75.054034,40.044911],[-75.05421,40.044747],[-75.054437,40.044538],[-75.054442,40.044533],[-75.054816,40.044172],[-75.055137,40.043873],[-75.055781,40.043317],[-75.056639,40.042563],[-75.057551,40.041748],[-75.057726,40.041595],[-75.057853,40.041476],[-75.058366,40.040994],[-75.058879,40.040513],[-75.060038,40.039442],[-75.061542,40.038015],[-75.061942,40.037676],[-75.062212,40.037473],[-75.062579,40.037247],[-75.062847,40.037122],[-75.063226,40.036931],[-75.063528,40.036832],[-75.064447,40.036606],[-75.066186,40.036233],[-75.067602,40.035897],[-75.070004,40.035329],[-75.070372,40.035242],[-75.070653,40.035176],[-75.070919,40.035112],[-75.071039,40.035099],[-75.074879,40.034219],[-75.078127,40.033475],[-75.080412,40.032946],[-75.081461,40.032704],[-75.082445,40.032474],[-75.083012,40.03232],[-75.083561,40.032158],[-75.084728,40.031762],[-75.0852,40.03158],[-75.085384,40.0315],[-75.085852,40.031297],[-75.086197,40.031138],[-75.086724,40.030884],[-75.088133,40.030095],[-75.089166,40.029556],[-75.089874,40.029151],[-75.090348,40.028902],[-75.090763,40.028673],[-75.09156,40.028233],[-75.092052,40.027961],[-75.093195,40.02733],[-75.09413,40.026812],[-75.094625,40.02661],[-75.095036,40.026515],[-75.095437,40.026447],[-75.095881,40.026441],[-75.096309,40.026481],[-75.096736,40.02657],[-75.097464,40.026861],[-75.098811,40.027749],[-75.099221,40.028017],[-75.099365,40.028111],[-75.100593,40.028916],[-75.101284,40.029371],[-75.101808,40.029628],[-75.10216,40.029757],[-75.102538,40.029847],[-75.103071,40.029904],[-75.103598,40.02994],[-75.103966,40.029908],[-75.104309,40.029855],[-75.104605,40.02979],[-75.104616,40.029786],[-75.105135,40.029629],[-75.105508,40.029506],[-75.106135,40.0293],[-75.107255,40.02895],[-75.110042,40.028057],[-75.11138,40.027629],[-75.1117,40.027555],[-75.111775,40.027538],[-75.111901,40.027508],[-75.112394,40.027414],[-75.112818,40.02735],[-75.112819,40.027364],[-75.112831,40.027566],[-75.112821,40.0276],[-75.112809,40.027632],[-75.112793,40.027663],[-75.112774,40.027692],[-75.11275,40.027721],[-75.112719,40.02775],[-75.11268,40.027781],[-75.112628,40.027817],[-75.112563,40.027856],[-75.112491,40.027891],[-75.112412,40.027922],[-75.112328,40.027949],[-75.112214,40.027975],[-75.112107,40.028004],[-75.112079,40.028009],[-75.112053,40.028012],[-75.112025,40.028011],[-75.111957,40.028002],[-75.111926,40.028],[-75.11188,40.028004],[-75.111819,40.028013],[-75.11179,40.02802],[-75.111761,40.02803],[-75.111732,40.028042],[-75.111701,40.028057],[-75.111639,40.028093],[-75.111548,40.028154],[-75.111466,40.028254],[-75.111156,40.028646],[-75.111132,40.028688],[-75.11103,40.028858],[-75.110981,40.028978],[-75.11096,40.029124],[-75.110916,40.029278],[-75.110898,40.02955],[-75.110897,40.029574],[-75.110896,40.029584],[-75.110931,40.029696],[-75.111057,40.029974],[-75.111061,40.02999],[-75.111094,40.030122],[-75.111127,40.030328],[-75.111131,40.030358],[-75.111137,40.030712],[-75.111136,40.030953],[-75.111112,40.03116],[-75.111095,40.031334],[-75.111023,40.032009],[-75.110912,40.032407],[-75.110895,40.032531],[-75.110842,40.032862],[-75.110793,40.033015],[-75.110758,40.033213],[-75.110765,40.033415],[-75.110768,40.033474],[-75.110793,40.03365],[-75.110824,40.033807],[-75.110918,40.034023],[-75.111038,40.034176],[-75.111198,40.034307],[-75.11129,40.034357],[-75.11174,40.034731],[-75.111945,40.034902],[-75.112038,40.035022],[-75.112048,40.035056],[-75.112096,40.035187],[-75.112107,40.03522],[-75.112253,40.035568],[-75.112282,40.035626],[-75.112359,40.035781],[-75.112457,40.035893],[-75.112493,40.03593],[-75.112506,40.035944],[-75.112622,40.036058],[-75.112651,40.036087],[-75.112687,40.036122],[-75.112792,40.036227],[-75.112952,40.036361],[-75.113079,40.036449],[-75.113129,40.036484],[-75.113258,40.036574],[-75.113291,40.036596],[-75.113319,40.036627],[-75.113404,40.036702],[-75.113587,40.036938],[-75.113642,40.037022],[-75.113787,40.037241],[-75.113888,40.037378],[-75.113931,40.037528],[-75.113941,40.037565],[-75.113974,40.037681],[-75.113978,40.037702],[-75.113988,40.03776],[-75.113991,40.037779],[-75.114018,40.03793],[-75.114067,40.038073],[-75.114121,40.038227],[-75.114168,40.03853],[-75.114219,40.03866],[-75.114243,40.038725],[-75.114244,40.03879],[-75.114234,40.038872],[-75.114268,40.038963],[-75.114325,40.039103],[-75.114382,40.039195],[-75.114448,40.039346],[-75.114503,40.039514],[-75.114517,40.039556],[-75.114544,40.039716],[-75.114539,40.039783],[-75.114517,40.039863],[-75.114501,40.039895],[-75.114478,40.03994],[-75.11443,40.040006],[-75.11434,40.040108],[-75.114211,40.040241],[-75.114052,40.040462],[-75.113989,40.04055],[-75.113959,40.040602],[-75.113946,40.040624],[-75.113919,40.04067],[-75.113889,40.040723],[-75.113823,40.040836],[-75.113815,40.040851],[-75.113777,40.040922],[-75.113753,40.040966],[-75.113614,40.041254],[-75.113571,40.041318],[-75.113426,40.041532],[-75.11334,40.041631],[-75.113286,40.041694],[-75.113285,40.041694],[-75.113272,40.041708],[-75.113217,40.041768],[-75.113037,40.041914],[-75.112996,40.041945],[-75.112967,40.041964],[-75.112926,40.04199],[-75.112809,40.042101],[-75.11275,40.042163],[-75.11275,40.042163],[-75.112722,40.042197],[-75.112715,40.042217],[-75.112657,40.042441],[-75.112628,40.042489],[-75.112613,40.042515],[-75.112467,40.042956],[-75.112423,40.043054],[-75.112359,40.043243],[-75.11235,40.043258],[-75.112222,40.043467],[-75.112129,40.043607],[-75.111953,40.043787],[-75.11179,40.043918],[-75.111338,40.044219],[-75.111265,40.044282],[-75.111199,40.044338],[-75.111135,40.044426],[-75.111107,40.044499],[-75.111093,40.044675],[-75.111137,40.044818],[-75.111151,40.044878],[-75.111158,40.044912],[-75.111167,40.04495],[-75.11117,40.044965],[-75.111219,40.045186],[-75.111229,40.045269],[-75.111233,40.045296],[-75.111269,40.045606],[-75.111273,40.045852],[-75.111274,40.045879],[-75.111276,40.045959],[-75.111279,40.046043],[-75.111281,40.046103],[-75.111287,40.046248],[-75.111286,40.046253],[-75.111274,40.046367],[-75.111216,40.046632],[-75.111213,40.046648],[-75.111203,40.046674],[-75.111197,40.046692],[-75.11118,40.046737],[-75.111072,40.046827],[-75.111072,40.046827],[-75.109266,40.045787],[-75.108907,40.046136],[-75.109047,40.046219],[-75.108105,40.047176],[-75.108214,40.047239],[-75.107429,40.048031],[-75.107647,40.048149],[-75.107493,40.048337],[-75.106313,40.0493],[-75.100753,40.052597],[-75.100166,40.052956],[-75.099832,40.053162],[-75.099377,40.053308],[-75.099112,40.053572],[-75.098804,40.053723],[-75.098465,40.053897],[-75.097667,40.054375],[-75.097489,40.054488],[-75.096507,40.05518],[-75.095759,40.055639],[-75.095121,40.055946],[-75.093617,40.05743],[-75.092077,40.058975],[-75.089765,40.061294],[-75.087715,40.06335],[-75.087466,40.063593],[-75.087899,40.063845],[-75.088767,40.06435],[-75.089539,40.0648],[-75.090372,40.065284],[-75.09674,40.068989],[-75.094044,40.071641],[-75.093822,40.07186],[-75.089522,40.076104],[-75.08794,40.077607],[-75.086949,40.078669],[-75.086451,40.078264],[-75.086125,40.077982],[-75.085247,40.077169],[-75.083396,40.076769],[-75.083223,40.076729],[-75.082503,40.07657],[-75.081606,40.076337],[-75.080918,40.0759],[-75.080161,40.075464],[-75.079583,40.075101],[-75.079175,40.074867],[-75.078314,40.074368],[-75.077597,40.073927],[-75.075902,40.072894],[-75.074032,40.071992],[-75.073163,40.071575],[-75.072301,40.07115],[-75.071419,40.070721],[-75.070414,40.07023],[-75.069821,40.069945],[-75.067358,40.068736],[-75.065849,40.06784],[-75.06406,40.066778],[-75.063043,40.066153],[-75.062559,40.065847],[-75.062183,40.065613],[-75.061338,40.065066],[-75.059627,40.063983],[-75.0577,40.062797],[-75.056148,40.061841],[-75.054186,40.060727],[-75.052767,40.059945],[-75.051685,40.059364],[-75.050584,40.058779],[-75.048567,40.057678],[-75.048554,40.05766],[-75.048148,40.057448],[-75.047807,40.057257],[-75.047405,40.057041],[-75.047393,40.05704],[-75.047189,40.056928],[-75.04686,40.056748],[-75.046859,40.056747]]]},"properties":{"dist_numc":"02"}},{"type":"Feature","geometry":{"type":"Polygon","coordinates":[[[-75.10549,40.019208],[-75.105508,40.01921],[-75.105529,40.019212],[-75.105693,40.019233],[-75.106627,40.01935],[-75.106647,40.019352],[-75.107307,40.019426],[-75.107404,40.019437],[-75.107937,40.0195],[-75.108323,40.019546],[-75.109045,40.019646],[-75.109752,40.019734],[-75.110506,40.019836],[-75.110873,40.018217],[-75.110979,40.017704],[-75.111075,40.01722],[-75.111132,40.016954],[-75.111281,40.016255],[-75.111362,40.015876],[-75.1115,40.015178],[-75.111814,40.013672],[-75.11205,40.012608],[-75.112427,40.01084],[-75.112499,40.010499],[-75.112824,40.009017],[-75.113374,40.006458],[-75.113545,40.005657],[-75.11363,40.005259],[-75.114083,40.003161],[-75.114163,40.002821],[-75.114279,40.002315],[-75.114318,40.002079],[-75.114372,40.00183],[-75.114468,40.001379],[-75.114483,40.001299],[-75.114619,40.000603],[-75.114672,40.000379],[-75.114787,39.999848],[-75.114895,39.999407],[-75.114905,39.999319],[-75.114985,39.998966],[-75.115016,39.998801],[-75.115056,39.99861],[-75.115149,39.998179],[-75.115199,39.997956],[-75.115274,39.997608],[-75.115346,39.997251],[-75.11545,39.996763],[-75.115949,39.996831],[-75.116416,39.99689],[-75.116877,39.996952],[-75.117122,39.996983],[-75.117899,39.997081],[-75.118473,39.997154],[-75.119331,39.997264],[-75.119814,39.997328],[-75.120295,39.997398],[-75.121265,39.997518],[-75.121751,39.997582],[-75.12224,39.997642],[-75.122709,39.997697],[-75.123212,39.997762],[-75.123937,39.997859],[-75.124149,39.997887],[-75.124904,39.997988],[-75.125383,39.998053],[-75.126103,39.998146],[-75.126414,39.998178],[-75.127339,39.9983],[-75.128631,39.998468],[-75.129262,39.998548],[-75.129381,39.998028],[-75.12946,39.997628],[-75.129607,39.996966],[-75.129634,39.99684],[-75.12969,39.996576],[-75.129817,39.995975],[-75.130222,39.994137],[-75.130255,39.993976],[-75.130562,39.992484],[-75.130576,39.992411],[-75.130694,39.991839],[-75.130729,39.99168],[-75.130789,39.991407],[-75.130861,39.991078],[-75.130882,39.990985],[-75.130901,39.990899],[-75.13144,39.99097],[-75.131962,39.991039],[-75.132422,39.991093],[-75.132895,39.991153],[-75.133073,39.991176],[-75.133514,39.991231],[-75.133806,39.991269],[-75.134336,39.991339],[-75.134871,39.991417],[-75.135468,39.991489],[-75.136162,39.991574],[-75.137067,39.991699],[-75.138729,39.99191],[-75.139263,39.991979],[-75.139711,39.992038],[-75.1402,39.992096],[-75.140866,39.992183],[-75.141514,39.992265],[-75.142176,39.992352],[-75.143001,39.992459],[-75.143832,39.992559],[-75.144469,39.992642],[-75.144661,39.992667],[-75.145281,39.992748],[-75.145605,39.992793],[-75.146091,39.992858],[-75.146884,39.992958],[-75.147761,39.993071],[-75.147829,39.99308],[-75.147889,39.993088],[-75.147912,39.993091],[-75.148474,39.993163],[-75.149241,39.993262],[-75.150816,39.993469],[-75.152392,39.993668],[-75.153297,39.993783],[-75.154533,39.993939],[-75.15459,39.993948],[-75.154394,39.99488],[-75.154372,39.994989],[-75.154346,39.995112],[-75.154321,39.995231],[-75.154256,39.995535],[-75.154144,39.996001],[-75.153987,39.996791],[-75.153611,39.998525],[-75.153568,39.998733],[-75.153519,39.998952],[-75.153432,39.999331],[-75.153377,39.999544],[-75.153274,40.000014],[-75.152928,40.001602],[-75.152786,40.002202],[-75.15278,40.002231],[-75.152553,40.003191],[-75.152238,40.004699],[-75.151923,40.006177],[-75.151605,40.007675],[-75.151456,40.008313],[-75.151371,40.008737],[-75.151249,40.009288],[-75.151093,40.009944],[-75.150886,40.010846],[-75.150576,40.01238],[-75.150397,40.013175],[-75.150247,40.013771],[-75.150205,40.013996],[-75.150098,40.014577],[-75.150041,40.014828],[-75.149934,40.015335],[-75.149842,40.015681],[-75.149772,40.016031],[-75.149729,40.016224],[-75.149589,40.016942],[-75.149349,40.017967],[-75.149233,40.018512],[-75.149044,40.019364],[-75.149039,40.019385],[-75.148996,40.019582],[-75.148956,40.019751],[-75.148956,40.019753],[-75.148939,40.019835],[-75.147147,40.019603],[-75.147079,40.019594],[-75.146948,40.019577],[-75.146445,40.019513],[-75.146263,40.019499],[-75.146224,40.019496],[-75.146204,40.019494],[-75.145952,40.019482],[-75.145671,40.019473],[-75.145082,40.019497],[-75.144736,40.019529],[-75.144341,40.019609],[-75.14401,40.01968],[-75.143656,40.019765],[-75.143343,40.01984],[-75.14291,40.020006],[-75.14237,40.020243],[-75.141531,40.020674],[-75.139814,40.021524],[-75.138612,40.022136],[-75.138445,40.022221],[-75.138171,40.02236],[-75.137007,40.022931],[-75.136436,40.023174],[-75.135867,40.023349],[-75.135428,40.023449],[-75.133263,40.023905],[-75.133255,40.023906],[-75.132245,40.024137],[-75.131461,40.02438],[-75.130568,40.024591],[-75.128883,40.024932],[-75.127935,40.025133],[-75.127674,40.025174],[-75.126899,40.025295],[-75.126791,40.025312],[-75.126677,40.025329],[-75.125415,40.025514],[-75.124551,40.025644],[-75.123455,40.025794],[-75.121989,40.025999],[-75.119819,40.026343],[-75.119761,40.026337],[-75.119724,40.026342],[-75.119677,40.026348],[-75.118338,40.026532],[-75.117236,40.02668],[-75.11361,40.027232],[-75.11295,40.02733],[-75.112818,40.02735],[-75.112819,40.027364],[-75.112818,40.027345],[-75.112753,40.026822],[-75.112752,40.02649],[-75.112755,40.026418],[-75.112754,40.026366],[-75.112749,40.02632],[-75.112742,40.026275],[-75.112733,40.02624],[-75.11272,40.026208],[-75.112694,40.026156],[-75.112672,40.026112],[-75.112656,40.026085],[-75.112623,40.02604],[-75.11259,40.026004],[-75.112567,40.025986],[-75.11254,40.025967],[-75.112462,40.025923],[-75.112402,40.025894],[-75.112323,40.025861],[-75.112241,40.025831],[-75.112143,40.025801],[-75.112122,40.025795],[-75.112039,40.025772],[-75.111953,40.025752],[-75.111887,40.025739],[-75.111735,40.025715],[-75.11167,40.025702],[-75.111577,40.025683],[-75.111541,40.025675],[-75.111506,40.025662],[-75.111478,40.025647],[-75.111459,40.025633],[-75.111429,40.025605],[-75.111378,40.025562],[-75.111366,40.025548],[-75.111358,40.025535],[-75.111354,40.025521],[-75.111352,40.025505],[-75.111356,40.02545],[-75.111364,40.025376],[-75.111382,40.025304],[-75.111394,40.025235],[-75.111394,40.025212],[-75.111413,40.025077],[-75.111532,40.024725],[-75.111532,40.024723],[-75.111554,40.02461],[-75.111558,40.024594],[-75.111551,40.024488],[-75.111551,40.024481],[-75.111466,40.024163],[-75.111392,40.023888],[-75.111376,40.023714],[-75.11123,40.0234],[-75.111077,40.023156],[-75.111001,40.022975],[-75.11099,40.022924],[-75.110999,40.02288],[-75.11098,40.022779],[-75.110936,40.022635],[-75.110854,40.022556],[-75.110851,40.022553],[-75.110851,40.022553],[-75.110766,40.02247],[-75.110612,40.022387],[-75.110466,40.022344],[-75.110073,40.022276],[-75.109949,40.022256],[-75.109639,40.022182],[-75.109515,40.02216],[-75.109437,40.022148],[-75.109316,40.022151],[-75.10925,40.022152],[-75.109176,40.022161],[-75.109159,40.022164],[-75.108781,40.022241],[-75.108689,40.022273],[-75.108641,40.0223],[-75.108487,40.022408],[-75.108109,40.022661],[-75.107887,40.022793],[-75.107692,40.022909],[-75.107176,40.023205],[-75.107014,40.023295],[-75.106961,40.023317],[-75.106929,40.023331],[-75.106874,40.023339],[-75.106767,40.023329],[-75.106631,40.023288],[-75.106555,40.023252],[-75.10637,40.023148],[-75.106072,40.022988],[-75.105955,40.022959],[-75.105897,40.022951],[-75.105838,40.022947],[-75.105779,40.022945],[-75.105721,40.022947],[-75.10565,40.022953],[-75.105589,40.022962],[-75.105548,40.022972],[-75.105508,40.022983],[-75.105453,40.023001],[-75.105436,40.023009],[-75.105422,40.023017],[-75.1054,40.023035],[-75.105366,40.023069],[-75.105333,40.023109],[-75.105304,40.023148],[-75.105236,40.023251],[-75.105202,40.023301],[-75.105145,40.023392],[-75.105107,40.023445],[-75.10505,40.023522],[-75.105029,40.023544],[-75.105008,40.02356],[-75.104983,40.023576],[-75.104956,40.02359],[-75.104928,40.023602],[-75.1049,40.023611],[-75.104896,40.023612],[-75.104872,40.023616],[-75.104834,40.023617],[-75.104803,40.023616],[-75.104779,40.023614],[-75.104754,40.023609],[-75.104691,40.023591],[-75.104651,40.023576],[-75.104612,40.023559],[-75.104576,40.02354],[-75.104542,40.023518],[-75.104509,40.023493],[-75.104478,40.023465],[-75.10445,40.023435],[-75.104423,40.023403],[-75.104263,40.02326],[-75.10423,40.023209],[-75.104219,40.023184],[-75.104201,40.023099],[-75.104198,40.023013],[-75.10417,40.022915],[-75.10414,40.022845],[-75.104007,40.022683],[-75.103898,40.022583],[-75.103763,40.022489],[-75.103751,40.022481],[-75.103684,40.022407],[-75.103647,40.022324],[-75.103555,40.022157],[-75.103449,40.021923],[-75.103326,40.021699],[-75.103273,40.021585],[-75.103249,40.021525],[-75.103148,40.021284],[-75.103114,40.021166],[-75.103115,40.021098],[-75.103142,40.021041],[-75.103149,40.021025],[-75.103169,40.021004],[-75.103243,40.020946],[-75.103331,40.020917],[-75.10336,40.020893],[-75.103411,40.020806],[-75.103429,40.020678],[-75.10349,40.020523],[-75.103575,40.020326],[-75.103598,40.020194],[-75.103628,40.020065],[-75.103683,40.019589],[-75.103731,40.019508],[-75.103795,40.019451],[-75.103869,40.01942],[-75.103985,40.019396],[-75.104252,40.019354],[-75.104453,40.019345],[-75.104539,40.019349],[-75.104872,40.01937],[-75.10515,40.019359],[-75.105188,40.019352],[-75.105262,40.019325],[-75.105343,40.019281],[-75.105454,40.01923],[-75.10549,40.019208]]]},"properties":{"dist_numc":"25"}},{"type":"Feature","geometry":{"type":"Polygon","coordinates":[[[-74.980123,40.119873],[-74.980158,40.119851],[-74.980214,40.119812],[-74.981213,40.119109],[-74.982207,40.118401],[-74.983244,40.117638],[-74.983617,40.117308],[-74.984706,40.116489],[-74.987924,40.114253],[-74.989681,40.11307],[-74.990062,40.112793],[-74.990866,40.112231],[-74.992426,40.111153],[-74.993086,40.110696],[-74.996799,40.108127],[-74.996833,40.108103],[-74.996943,40.108028],[-74.99696,40.108016],[-74.999047,40.106604],[-74.999836,40.10606],[-75.000507,40.105598],[-75.001648,40.104811],[-75.002243,40.104404],[-75.003136,40.103794],[-75.003981,40.103206],[-75.004458,40.102873],[-75.005282,40.1023],[-75.006241,40.101645],[-75.007945,40.10047],[-75.009407,40.099471],[-75.009488,40.099416],[-75.0117,40.097898],[-75.012156,40.097578],[-75.012759,40.097146],[-75.013347,40.096679],[-75.013903,40.096223],[-75.014728,40.095395],[-75.01495,40.095181],[-75.015256,40.094859],[-75.01537,40.094744],[-75.017064,40.092994],[-75.018035,40.09199],[-75.018869,40.091129],[-75.019747,40.090216],[-75.020949,40.088985],[-75.021333,40.08857],[-75.022874,40.086993],[-75.025064,40.084716],[-75.025728,40.084032],[-75.026315,40.083426],[-75.026836,40.08289],[-75.028777,40.080874],[-75.029055,40.080587],[-75.030411,40.079186],[-75.032829,40.076674],[-75.033394,40.076102],[-75.034198,40.075259],[-75.034833,40.074593],[-75.034953,40.074468],[-75.036047,40.073337],[-75.036192,40.073206],[-75.037363,40.071961],[-75.037597,40.071722],[-75.038003,40.071309],[-75.038136,40.071173],[-75.038993,40.07029],[-75.039191,40.070042],[-75.039576,40.069574],[-75.039907,40.069057],[-75.04011,40.068711],[-75.040579,40.067661],[-75.040927,40.066884],[-75.041979,40.064539],[-75.042453,40.063482],[-75.04282,40.062631],[-75.043382,40.061351],[-75.044203,40.059486],[-75.04424,40.059412],[-75.044484,40.059101],[-75.044818,40.058674],[-75.044967,40.058513],[-75.045956,40.057605],[-75.046481,40.057141],[-75.046859,40.056747],[-75.047189,40.056928],[-75.047393,40.05704],[-75.047405,40.057041],[-75.047807,40.057257],[-75.048148,40.057448],[-75.048554,40.05766],[-75.048567,40.057678],[-75.050584,40.058779],[-75.051685,40.059364],[-75.052767,40.059945],[-75.054186,40.060727],[-75.056148,40.061841],[-75.0577,40.062797],[-75.059627,40.063983],[-75.061338,40.065066],[-75.062183,40.065613],[-75.062559,40.065847],[-75.063043,40.066153],[-75.06406,40.066778],[-75.065849,40.06784],[-75.067358,40.068736],[-75.069821,40.069945],[-75.070414,40.07023],[-75.071419,40.070721],[-75.072301,40.07115],[-75.073163,40.071575],[-75.074032,40.071992],[-75.075902,40.072894],[-75.077597,40.073927],[-75.078314,40.074368],[-75.079175,40.074867],[-75.079583,40.075101],[-75.080161,40.075464],[-75.080918,40.0759],[-75.081606,40.076337],[-75.082503,40.07657],[-75.083223,40.076729],[-75.083396,40.076769],[-75.085247,40.077169],[-75.086125,40.077982],[-75.086451,40.078264],[-75.086949,40.078669],[-75.086949,40.078669],[-75.086878,40.078615],[-75.083417,40.081963],[-75.081191,40.084126],[-75.077804,40.085779],[-75.076287,40.08735],[-75.076213,40.087427],[-75.07071,40.093123],[-75.069458,40.09442],[-75.067176,40.096782],[-75.065672,40.098339],[-75.064935,40.099102],[-75.063747,40.100331],[-75.061419,40.102738],[-75.060317,40.103877],[-75.05923,40.105001],[-75.058427,40.105831],[-75.058293,40.105925],[-75.055341,40.107991],[-75.054275,40.108737],[-75.052975,40.109646],[-75.048544,40.112739],[-75.039045,40.119366],[-75.038339,40.119879],[-75.03791,40.120177],[-75.025789,40.128579],[-75.025357,40.128898],[-75.024894,40.129226],[-75.020574,40.132284],[-75.017952,40.134857],[-75.014967,40.137935],[-75.014562,40.137689],[-75.014015,40.137356],[-75.01387,40.137267],[-75.012236,40.136266],[-75.011461,40.135792],[-75.010624,40.135279],[-75.010429,40.13516],[-75.009465,40.134579],[-75.009095,40.134364],[-75.008338,40.133923],[-75.006903,40.133089],[-75.003272,40.130976],[-75.000953,40.129619],[-74.998536,40.128206],[-74.997887,40.127826],[-74.997803,40.127912],[-74.997574,40.128128],[-74.997451,40.128259],[-74.994197,40.131518],[-74.993848,40.131863],[-74.993773,40.13181],[-74.993675,40.131742],[-74.993509,40.131624],[-74.993433,40.13156],[-74.993357,40.131469],[-74.993212,40.131328],[-74.993103,40.131193],[-74.992998,40.131059],[-74.992923,40.130955],[-74.992842,40.130824],[-74.992782,40.130734],[-74.992753,40.130615],[-74.992745,40.130513],[-74.992773,40.130432],[-74.992815,40.13031],[-74.992866,40.130234],[-74.992942,40.130206],[-74.993049,40.130196],[-74.993105,40.130101],[-74.993114,40.130025],[-74.993102,40.129902],[-74.993135,40.129804],[-74.993188,40.12977],[-74.99328,40.129742],[-74.993391,40.129713],[-74.993483,40.12968],[-74.993526,40.129638],[-74.993504,40.129522],[-74.993451,40.129436],[-74.993419,40.129184],[-74.993424,40.129011],[-74.993508,40.128781],[-74.993662,40.128761],[-74.993693,40.128684],[-74.993785,40.128622],[-74.993814,40.128516],[-74.993797,40.128469],[-74.993662,40.128391],[-74.993689,40.128218],[-74.99367,40.128122],[-74.993754,40.127921],[-74.993895,40.127759],[-74.994006,40.127684],[-74.994102,40.127615],[-74.994238,40.127508],[-74.994409,40.127286],[-74.994474,40.127119],[-74.994528,40.126961],[-74.994546,40.12669],[-74.994482,40.126529],[-74.994428,40.126423],[-74.994352,40.126227],[-74.994277,40.12615],[-74.994155,40.126097],[-74.993926,40.126056],[-74.993483,40.126007],[-74.993149,40.125946],[-74.992878,40.125914],[-74.992637,40.125919],[-74.992365,40.125941],[-74.992046,40.125995],[-74.991704,40.126079],[-74.991455,40.126143],[-74.991068,40.126212],[-74.990784,40.126276],[-74.990622,40.126304],[-74.990296,40.126238],[-74.990083,40.126239],[-74.989742,40.126243],[-74.989561,40.126243],[-74.989339,40.126204],[-74.989157,40.126171],[-74.98906,40.126117],[-74.989043,40.126021],[-74.989014,40.125915],[-74.988979,40.125805],[-74.988993,40.125733],[-74.989068,40.125643],[-74.989074,40.125576],[-74.989015,40.125488],[-74.98894,40.125427],[-74.988799,40.125316],[-74.988715,40.125162],[-74.988696,40.125104],[-74.988502,40.124701],[-74.988484,40.124574],[-74.988391,40.124279],[-74.988363,40.124181],[-74.988275,40.124079],[-74.988209,40.124025],[-74.988059,40.123967],[-74.987841,40.123949],[-74.987708,40.123905],[-74.987544,40.123798],[-74.987387,40.123673],[-74.987316,40.123594],[-74.987196,40.12352],[-74.987047,40.123486],[-74.986846,40.123335],[-74.986671,40.123169],[-74.986549,40.123066],[-74.986493,40.123048],[-74.986426,40.123056],[-74.986245,40.123143],[-74.986038,40.123257],[-74.985921,40.12334],[-74.985676,40.123491],[-74.985529,40.123612],[-74.985134,40.123838],[-74.985,40.12391],[-74.984866,40.12394],[-74.9847,40.123943],[-74.984554,40.123906],[-74.984456,40.123849],[-74.984388,40.123766],[-74.984359,40.123671],[-74.984308,40.123602],[-74.984214,40.123569],[-74.98408,40.123569],[-74.983977,40.123604],[-74.983678,40.123617],[-74.983545,40.12364],[-74.98344,40.123629],[-74.983139,40.123457],[-74.982907,40.123336],[-74.982821,40.12328],[-74.982683,40.123158],[-74.982613,40.12303],[-74.982587,40.122925],[-74.982586,40.122798],[-74.982603,40.122745],[-74.982739,40.122545],[-74.982758,40.122457],[-74.982724,40.12236],[-74.982635,40.122223],[-74.982507,40.121958],[-74.982449,40.121908],[-74.982327,40.121913],[-74.982259,40.121908],[-74.982192,40.121848],[-74.982195,40.121779],[-74.982253,40.121696],[-74.98238,40.121529],[-74.98239,40.121427],[-74.982414,40.121307],[-74.982456,40.121237],[-74.982602,40.121191],[-74.982771,40.121159],[-74.982932,40.121102],[-74.983004,40.121016],[-74.983069,40.120899],[-74.983082,40.120805],[-74.983079,40.120649],[-74.983035,40.120464],[-74.982984,40.120357],[-74.982923,40.12029],[-74.982789,40.12023],[-74.982716,40.120178],[-74.982675,40.120117],[-74.98262,40.120055],[-74.982516,40.119997],[-74.982373,40.11995],[-74.982166,40.119924],[-74.981983,40.119918],[-74.981835,40.119927],[-74.981699,40.119969],[-74.981589,40.12003],[-74.981509,40.120088],[-74.98136,40.120151],[-74.981205,40.120181],[-74.981054,40.120189],[-74.980871,40.120175],[-74.980727,40.120146],[-74.980413,40.120085],[-74.980293,40.120013],[-74.980123,40.119873]]]},"properties":{"dist_numc":"07"}},{"type":"Feature","geometry":{"type":"Polygon","coordinates":[[[-75.153021,39.968558],[-75.153185,39.968599],[-75.153244,39.968614],[-75.154157,39.968842],[-75.154551,39.968941],[-75.155331,39.969133],[-75.156087,39.969319],[-75.157185,39.96959],[-75.157622,39.969697],[-75.158908,39.970015],[-75.159705,39.970211],[-75.159855,39.97023],[-75.160562,39.970329],[-75.161406,39.970438],[-75.161747,39.97048],[-75.162251,39.970542],[-75.162983,39.970632],[-75.164557,39.970826],[-75.165313,39.97092],[-75.165989,39.970999],[-75.166735,39.971094],[-75.166814,39.971106],[-75.167706,39.971221],[-75.168479,39.971319],[-75.168895,39.971364],[-75.169276,39.971416],[-75.170554,39.971579],[-75.17132,39.97166],[-75.171995,39.971743],[-75.172661,39.971833],[-75.172956,39.971864],[-75.173625,39.971944],[-75.174369,39.972044],[-75.174946,39.972111],[-75.17537,39.972166],[-75.17595,39.972241],[-75.176545,39.97232],[-75.177031,39.972384],[-75.177541,39.972447],[-75.177865,39.972489],[-75.17811,39.972519],[-75.178579,39.972583],[-75.179145,39.972652],[-75.179491,39.972691],[-75.179942,39.972751],[-75.180323,39.972797],[-75.180732,39.97285],[-75.181439,39.972931],[-75.18215,39.973019],[-75.18292,39.973119],[-75.183308,39.973169],[-75.183772,39.97323],[-75.184851,39.973359],[-75.185397,39.973426],[-75.186992,39.973624],[-75.187674,39.974606],[-75.187753,39.974718],[-75.18789,39.974916],[-75.188216,39.975184],[-75.189246,39.975319],[-75.1897,39.975378],[-75.189963,39.975413],[-75.190625,39.975496],[-75.190998,39.97554],[-75.191337,39.975554],[-75.191819,39.975502],[-75.191963,39.975487],[-75.19217,39.975464],[-75.192986,39.975372],[-75.193029,39.975367],[-75.193077,39.975363],[-75.193139,39.975513],[-75.193295,39.975777],[-75.193299,39.975784],[-75.193587,39.976075],[-75.194342,39.976645],[-75.196192,39.977769],[-75.198954,39.978923],[-75.200083,39.979555],[-75.201585,39.980556],[-75.203978,39.982665],[-75.204251,39.983647],[-75.204351,39.985146],[-75.204092,39.985616],[-75.204045,39.985658],[-75.203869,39.985815],[-75.202059,39.98734],[-75.200529,39.988875],[-75.199113,39.990155],[-75.198639,39.990567],[-75.198182,39.991032],[-75.198181,39.991032],[-75.197039,39.992192],[-75.196939,39.992271],[-75.195953,39.993211],[-75.195952,39.993211],[-75.194215,39.994867],[-75.194214,39.994867],[-75.193948,39.995192],[-75.193786,39.99539],[-75.192891,39.996484],[-75.192216,39.997741],[-75.19172,39.999364],[-75.190423,39.999677],[-75.18958,39.999905],[-75.188818,40.000214],[-75.188563,40.000264],[-75.18845,40.000281],[-75.188291,40.000282],[-75.188115,40.00028],[-75.187745,40.000262],[-75.187514,40.000259],[-75.187343,40.00027],[-75.187198,40.000295],[-75.186952,40.000373],[-75.186863,40.000418],[-75.186955,40.000194],[-75.187034,39.999983],[-75.187559,39.998653],[-75.187592,39.99857],[-75.187608,39.998205],[-75.186548,39.998075],[-75.185032,39.997887],[-75.184398,39.997803],[-75.182344,39.997529],[-75.181794,39.997454],[-75.180192,39.997263],[-75.179207,39.997128],[-75.178579,39.997049],[-75.177991,39.996972],[-75.177504,39.99692],[-75.176951,39.996842],[-75.176718,39.99681],[-75.176001,39.996711],[-75.175541,39.996648],[-75.174421,39.996508],[-75.173951,39.996442],[-75.172358,39.99625],[-75.171791,39.99618],[-75.171328,39.996123],[-75.17077,39.996045],[-75.170204,39.995977],[-75.169734,39.995914],[-75.169179,39.995836],[-75.168609,39.995771],[-75.168142,39.995704],[-75.16757,39.995631],[-75.165967,39.995422],[-75.164098,39.995178],[-75.163543,39.995122],[-75.163196,39.995071],[-75.162545,39.994977],[-75.161861,39.994887],[-75.161352,39.994821],[-75.160949,39.994746],[-75.159921,39.994601],[-75.15937,39.994534],[-75.15881,39.99444],[-75.158361,39.994392],[-75.157794,39.994352],[-75.15725,39.994287],[-75.156789,39.994235],[-75.156231,39.994158],[-75.155491,39.994062],[-75.155442,39.994056],[-75.155311,39.994039],[-75.155055,39.994005],[-75.154824,39.993976],[-75.15459,39.993948],[-75.154533,39.993939],[-75.153297,39.993783],[-75.152392,39.993668],[-75.150816,39.993469],[-75.149241,39.993262],[-75.148474,39.993163],[-75.147889,39.993088],[-75.148084,39.992384],[-75.14831,39.991513],[-75.14838,39.991226],[-75.148348,39.991078],[-75.148309,39.990978],[-75.148155,39.990734],[-75.148212,39.990562],[-75.148343,39.98998],[-75.148548,39.989017],[-75.148666,39.988486],[-75.148789,39.987958],[-75.148878,39.987521],[-75.148998,39.986992],[-75.149114,39.986462],[-75.149201,39.98603],[-75.149344,39.985402],[-75.149435,39.984971],[-75.149506,39.984638],[-75.149688,39.983817],[-75.150015,39.982324],[-75.15034,39.98083],[-75.150663,39.979335],[-75.150878,39.978355],[-75.151004,39.977777],[-75.151138,39.977151],[-75.151308,39.976392],[-75.151619,39.974969],[-75.151918,39.973598],[-75.152025,39.973114],[-75.15219,39.972328],[-75.152452,39.971153],[-75.152576,39.97058],[-75.152693,39.970064],[-75.152785,39.969632],[-75.152909,39.969075],[-75.153021,39.968558]]]},"properties":{"dist_numc":"22"}},{"type":"Feature","geometry":{"type":"Polygon","coordinates":[[[-75.108372,39.970225],[-75.112308,39.968581],[-75.114289,39.967753],[-75.119544,39.965558],[-75.124117,39.96305],[-75.128297,39.960711],[-75.130706,39.959087],[-75.135704,39.962056],[-75.136103,39.962327],[-75.136298,39.962461],[-75.136759,39.962776],[-75.137173,39.962829],[-75.138085,39.962946],[-75.138437,39.963093],[-75.139453,39.963562],[-75.139453,39.963562],[-75.139757,39.9637],[-75.139934,39.963786],[-75.140708,39.964148],[-75.141633,39.964582],[-75.142531,39.964995],[-75.143379,39.965389],[-75.144004,39.965679],[-75.144588,39.965954],[-75.144908,39.966105],[-75.14576,39.966502],[-75.145893,39.966556],[-75.146507,39.966851],[-75.14715,39.967136],[-75.147912,39.967334],[-75.148692,39.967526],[-75.14956,39.967742],[-75.150517,39.96798],[-75.150975,39.968087],[-75.151503,39.968192],[-75.152002,39.968307],[-75.152099,39.968331],[-75.152543,39.968441],[-75.153021,39.968558],[-75.152909,39.969075],[-75.152785,39.969632],[-75.152693,39.970064],[-75.152576,39.97058],[-75.152452,39.971153],[-75.15219,39.972328],[-75.152025,39.973114],[-75.151918,39.973598],[-75.151619,39.974969],[-75.151308,39.976392],[-75.151138,39.977151],[-75.151004,39.977777],[-75.150878,39.978355],[-75.150663,39.979335],[-75.15034,39.98083],[-75.150015,39.982324],[-75.149688,39.983817],[-75.149506,39.984638],[-75.149435,39.984971],[-75.149344,39.985402],[-75.149201,39.98603],[-75.149114,39.986462],[-75.148998,39.986992],[-75.148878,39.987521],[-75.148789,39.987958],[-75.148666,39.988486],[-75.148548,39.989017],[-75.148343,39.98998],[-75.148212,39.990562],[-75.148155,39.990734],[-75.148309,39.990978],[-75.148348,39.991078],[-75.14838,39.991226],[-75.14831,39.991513],[-75.148084,39.992384],[-75.147889,39.993088],[-75.147829,39.99308],[-75.147761,39.993071],[-75.146884,39.992958],[-75.146091,39.992858],[-75.145605,39.992793],[-75.145281,39.992748],[-75.144661,39.992667],[-75.144469,39.992642],[-75.143832,39.992559],[-75.143001,39.992459],[-75.142176,39.992352],[-75.141514,39.992265],[-75.140866,39.992183],[-75.1402,39.992096],[-75.139711,39.992038],[-75.139263,39.991979],[-75.138729,39.99191],[-75.137067,39.991699],[-75.136162,39.991574],[-75.135468,39.991489],[-75.134871,39.991417],[-75.134336,39.991339],[-75.133806,39.991269],[-75.133514,39.991231],[-75.133073,39.991176],[-75.132895,39.991153],[-75.132422,39.991093],[-75.131962,39.991039],[-75.13144,39.99097],[-75.130901,39.990899],[-75.128977,39.99065],[-75.128699,39.990613],[-75.127938,39.990514],[-75.127033,39.990395],[-75.12595,39.990239],[-75.125835,39.990159],[-75.125494,39.989846],[-75.125252,39.989627],[-75.124845,39.989257],[-75.124377,39.988832],[-75.12339,39.987926],[-75.122916,39.987472],[-75.122343,39.98704],[-75.122024,39.986708],[-75.120621,39.985172],[-75.120254,39.984765],[-75.119693,39.984121],[-75.119192,39.983558],[-75.119138,39.983494],[-75.118525,39.982835],[-75.117715,39.981901],[-75.117357,39.981491],[-75.116849,39.98093],[-75.11648,39.980515],[-75.11615,39.98012],[-75.115672,39.979594],[-75.115495,39.979403],[-75.115133,39.978989],[-75.114771,39.978578],[-75.114529,39.978312],[-75.114284,39.978025],[-75.113996,39.977704],[-75.113723,39.977388],[-75.113489,39.977122],[-75.113437,39.977059],[-75.113337,39.976935],[-75.113222,39.976793],[-75.108372,39.970225]]]},"properties":{"dist_numc":"26"}},{"type":"Feature","geometry":{"type":"Polygon","coordinates":[[[-75.136382,39.941079],[-75.14145,39.941565],[-75.141671,39.941576],[-75.142015,39.941585],[-75.142578,39.941603],[-75.143986,39.94196],[-75.145256,39.942125],[-75.145452,39.942169],[-75.145646,39.942227],[-75.146358,39.942313],[-75.147385,39.942446],[-75.148416,39.942572],[-75.150282,39.9428],[-75.150541,39.942832],[-75.150963,39.942888],[-75.151333,39.94293],[-75.152121,39.943034],[-75.153697,39.943228],[-75.154576,39.943338],[-75.15527,39.943424],[-75.155828,39.943495],[-75.156844,39.943625],[-75.157049,39.943651],[-75.157721,39.943739],[-75.158417,39.943824],[-75.159987,39.944018],[-75.160397,39.944063],[-75.160773,39.944114],[-75.161558,39.944205],[-75.162351,39.944308],[-75.162689,39.944354],[-75.163139,39.944398],[-75.163316,39.944421],[-75.163626,39.944462],[-75.164158,39.944532],[-75.164527,39.944579],[-75.165184,39.944653],[-75.165204,39.944656],[-75.165343,39.944674],[-75.166273,39.944798],[-75.166973,39.944886],[-75.16729,39.944925],[-75.16813,39.945022],[-75.168539,39.945065],[-75.170107,39.945277],[-75.171696,39.945466],[-75.172732,39.945588],[-75.173516,39.945686],[-75.174039,39.945759],[-75.174841,39.945852],[-75.17675,39.946099],[-75.177547,39.946183],[-75.178345,39.946284],[-75.178954,39.946362],[-75.179511,39.946436],[-75.180532,39.946558],[-75.181643,39.946706],[-75.182874,39.946859],[-75.183075,39.946883],[-75.183441,39.946927],[-75.183459,39.946929],[-75.18346,39.946925],[-75.18347,39.946926],[-75.183515,39.946932],[-75.183746,39.946961],[-75.184027,39.946995],[-75.186434,39.947309],[-75.185417,39.947955],[-75.18331,39.949508],[-75.182405,39.950529],[-75.181834,39.951446],[-75.181726,39.951619],[-75.181427,39.952099],[-75.180473,39.954308],[-75.180341,39.954613],[-75.180328,39.954643],[-75.180216,39.95491],[-75.180152,39.955042],[-75.180021,39.955358],[-75.179932,39.955576],[-75.179755,39.956003],[-75.179626,39.956316],[-75.179561,39.956473],[-75.179514,39.956658],[-75.179408,39.957195],[-75.179366,39.957639],[-75.179345,39.958004],[-75.179362,39.958388],[-75.179394,39.958544],[-75.17957,39.959093],[-75.179772,39.959609],[-75.179935,39.959947],[-75.180074,39.960236],[-75.180126,39.960343],[-75.180449,39.960804],[-75.180505,39.960898],[-75.18074,39.961308],[-75.181443,39.962039],[-75.182969,39.963731],[-75.183388,39.964292],[-75.183554,39.964515],[-75.184304,39.965394],[-75.185917,39.967127],[-75.18593,39.96714],[-75.185982,39.967197],[-75.186472,39.967723],[-75.186637,39.967884],[-75.187326,39.968279],[-75.187913,39.968486],[-75.188648,39.968744],[-75.189318,39.968887],[-75.18997,39.969224],[-75.190475,39.969538],[-75.190784,39.969848],[-75.191039,39.970276],[-75.191484,39.971635],[-75.192178,39.973497],[-75.192228,39.973669],[-75.192541,39.974368],[-75.193012,39.975206],[-75.193023,39.975233],[-75.193077,39.975363],[-75.193029,39.975367],[-75.192986,39.975372],[-75.19217,39.975464],[-75.191963,39.975487],[-75.191819,39.975502],[-75.191337,39.975554],[-75.190998,39.97554],[-75.190625,39.975496],[-75.189963,39.975413],[-75.1897,39.975378],[-75.189246,39.975319],[-75.188216,39.975184],[-75.18789,39.974916],[-75.187753,39.974718],[-75.187674,39.974606],[-75.186992,39.973624],[-75.185397,39.973426],[-75.184851,39.973359],[-75.183772,39.97323],[-75.183308,39.973169],[-75.18292,39.973119],[-75.18215,39.973019],[-75.181439,39.972931],[-75.180732,39.97285],[-75.180323,39.972797],[-75.179942,39.972751],[-75.179491,39.972691],[-75.179145,39.972652],[-75.178579,39.972583],[-75.17811,39.972519],[-75.177865,39.972489],[-75.177541,39.972447],[-75.177031,39.972384],[-75.176545,39.97232],[-75.17595,39.972241],[-75.17537,39.972166],[-75.174946,39.972111],[-75.174369,39.972044],[-75.173625,39.971944],[-75.172956,39.971864],[-75.172661,39.971833],[-75.171995,39.971743],[-75.17132,39.97166],[-75.170554,39.971579],[-75.169276,39.971416],[-75.168895,39.971364],[-75.168479,39.971319],[-75.167706,39.971221],[-75.166814,39.971106],[-75.166735,39.971094],[-75.165989,39.970999],[-75.165313,39.97092],[-75.164557,39.970826],[-75.162983,39.970632],[-75.162251,39.970542],[-75.161747,39.97048],[-75.161406,39.970438],[-75.160562,39.970329],[-75.159855,39.97023],[-75.159705,39.970211],[-75.158908,39.970015],[-75.157622,39.969697],[-75.157185,39.96959],[-75.156087,39.969319],[-75.155331,39.969133],[-75.154551,39.968941],[-75.154157,39.968842],[-75.153244,39.968614],[-75.153185,39.968599],[-75.153021,39.968558],[-75.153017,39.968557],[-75.152543,39.968441],[-75.152099,39.968331],[-75.152002,39.968307],[-75.151503,39.968192],[-75.150975,39.968087],[-75.150517,39.96798],[-75.14956,39.967742],[-75.148692,39.967526],[-75.147912,39.967334],[-75.14715,39.967136],[-75.146507,39.966851],[-75.145893,39.966556],[-75.14576,39.966502],[-75.144908,39.966105],[-75.144588,39.965954],[-75.144004,39.965679],[-75.143379,39.965389],[-75.142531,39.964995],[-75.141633,39.964582],[-75.140708,39.964148],[-75.139934,39.963786],[-75.139757,39.9637],[-75.139453,39.963562],[-75.139453,39.963562],[-75.138437,39.963093],[-75.138085,39.962946],[-75.137173,39.962829],[-75.136759,39.962776],[-75.136298,39.962461],[-75.136103,39.962327],[-75.135704,39.962056],[-75.130706,39.959087],[-75.131518,39.958539],[-75.132258,39.958041],[-75.133701,39.95463],[-75.135241,39.950687],[-75.135959,39.946072],[-75.136271,39.943291],[-75.136311,39.942933],[-75.136374,39.941291],[-75.136382,39.941079]]]},"properties":{"dist_numc":"09"}},{"type":"Feature","geometry":{"type":"Polygon","coordinates":[[[-75.220884,39.947847],[-75.220395,39.947441],[-75.219779,39.946929],[-75.219113,39.946363],[-75.218426,39.945795],[-75.218197,39.945595],[-75.217526,39.945022],[-75.217164,39.944728],[-75.216692,39.944311],[-75.216522,39.94418],[-75.21586,39.943619],[-75.215249,39.943096],[-75.214818,39.942738],[-75.21417,39.942184],[-75.213157,39.941327],[-75.212604,39.940859],[-75.211968,39.940316],[-75.211387,39.939844],[-75.210771,39.939312],[-75.210023,39.938657],[-75.20982,39.93862],[-75.209625,39.938573],[-75.20908,39.938345],[-75.208953,39.938292],[-75.206957,39.937459],[-75.206723,39.937361],[-75.205882,39.935031],[-75.205972,39.934923],[-75.208271,39.93252],[-75.209956,39.930555],[-75.209962,39.930527],[-75.20999,39.930495],[-75.211004,39.928684],[-75.211338,39.928089],[-75.211809,39.927249],[-75.211918,39.927053],[-75.212379,39.925904],[-75.212381,39.9259],[-75.212354,39.92438],[-75.212351,39.924218],[-75.212043,39.923283],[-75.211841,39.922777],[-75.211839,39.922775],[-75.211311,39.922131],[-75.211091,39.921914],[-75.210582,39.921575],[-75.210511,39.921537],[-75.210183,39.921338],[-75.209672,39.921117],[-75.209112,39.920979],[-75.20878,39.920925],[-75.208274,39.920894],[-75.208261,39.920893],[-75.208092,39.920895],[-75.206424,39.921003],[-75.205525,39.921061],[-75.204869,39.92109],[-75.204395,39.921111],[-75.204061,39.921092],[-75.203669,39.921015],[-75.203056,39.920881],[-75.203037,39.920876],[-75.20281,39.920776],[-75.202229,39.920391],[-75.201903,39.920039],[-75.201872,39.919964],[-75.20187,39.919961],[-75.201869,39.919957],[-75.20177,39.919709],[-75.20177,39.919709],[-75.201741,39.919636],[-75.201699,39.919529],[-75.201696,39.919205],[-75.201781,39.918753],[-75.201872,39.918588],[-75.202301,39.917811],[-75.202541,39.917346],[-75.203252,39.915969],[-75.203428,39.915629],[-75.204025,39.914548],[-75.204454,39.913769],[-75.20474,39.913258],[-75.2049,39.912973],[-75.205419,39.912261],[-75.2064,39.911134],[-75.206827,39.910903],[-75.207771,39.91058],[-75.209899,39.91053],[-75.212544,39.910671],[-75.213055,39.910585],[-75.213836,39.910454],[-75.21473,39.910077],[-75.215126,39.90964],[-75.215359,39.90928],[-75.215634,39.908368],[-75.21566,39.907013],[-75.215627,39.90604],[-75.215464,39.9049],[-75.215416,39.904642],[-75.215031,39.903108],[-75.214448,39.901088],[-75.214029,39.90043],[-75.2134,39.899696],[-75.212704,39.898816],[-75.212254,39.898287],[-75.211801,39.897843],[-75.211625,39.897671],[-75.210898,39.896959],[-75.210154,39.896277],[-75.207705,39.895157],[-75.205297,39.894615],[-75.202337,39.894194],[-75.200443,39.893955],[-75.198675,39.893475],[-75.197646,39.892993],[-75.197331,39.892765],[-75.197111,39.892606],[-75.197111,39.892606],[-75.196803,39.892384],[-75.195469,39.891136],[-75.195157,39.890049],[-75.194814,39.88712],[-75.19462,39.884578],[-75.193513,39.880115],[-75.19292,39.878381],[-75.193252,39.878193],[-75.194308,39.877592],[-75.1974,39.875286],[-75.204478,39.871465],[-75.211467,39.867013],[-75.21604,39.871124],[-75.215729,39.876027],[-75.215725,39.876096],[-75.215724,39.876113],[-75.215902,39.876069],[-75.216049,39.876034],[-75.216206,39.876],[-75.21635,39.875967],[-75.216373,39.875962],[-75.216702,39.875886],[-75.216848,39.875852],[-75.217016,39.875816],[-75.217518,39.875755],[-75.217703,39.875729],[-75.217862,39.87571],[-75.218036,39.875692],[-75.218321,39.875687],[-75.218332,39.875688],[-75.218796,39.875682],[-75.218827,39.875681],[-75.218887,39.875683],[-75.218923,39.875679],[-75.219243,39.875601],[-75.219446,39.875553],[-75.219624,39.875512],[-75.21965,39.875501],[-75.219707,39.875485],[-75.219737,39.875483],[-75.219773,39.875489],[-75.220867,39.87558],[-75.221043,39.875595],[-75.221233,39.875611],[-75.221282,39.875616],[-75.222086,39.875684],[-75.222701,39.875739],[-75.222872,39.87576],[-75.223069,39.875783],[-75.223155,39.875794],[-75.223184,39.875797],[-75.223186,39.87581],[-75.223237,39.876044],[-75.223274,39.876217],[-75.22348,39.877286],[-75.22512,39.87848],[-75.225615,39.878706],[-75.226813,39.879355],[-75.22745,39.879674],[-75.227915,39.879733],[-75.228382,39.879859],[-75.229023,39.880142],[-75.229618,39.880452],[-75.229936,39.880723],[-75.230175,39.880999],[-75.230432,39.881326],[-75.230633,39.881598],[-75.230819,39.881848],[-75.230958,39.882154],[-75.231154,39.882508],[-75.23142,39.883008],[-75.231739,39.883755],[-75.232013,39.884381],[-75.232292,39.885009],[-75.2329,39.886498],[-75.233096,39.887138],[-75.233241,39.887397],[-75.233512,39.887897],[-75.233869,39.888474],[-75.234078,39.888895],[-75.234479,39.889649],[-75.234841,39.890276],[-75.235022,39.8907],[-75.235102,39.890966],[-75.235365,39.891647],[-75.235508,39.891822],[-75.236466,39.891462],[-75.23652,39.891442],[-75.236565,39.891414],[-75.236565,39.891414],[-75.237336,39.890933],[-75.237493,39.890837],[-75.237983,39.890537],[-75.237986,39.890535],[-75.238434,39.890179],[-75.238442,39.890173],[-75.238867,39.889717],[-75.238874,39.88971],[-75.239105,39.889446],[-75.239243,39.889289],[-75.239283,39.889249],[-75.239283,39.889249],[-75.239535,39.888995],[-75.239569,39.888962],[-75.239897,39.888658],[-75.240309,39.888244],[-75.240448,39.888108],[-75.240709,39.887853],[-75.240993,39.887524],[-75.241439,39.886946],[-75.241655,39.8866],[-75.241745,39.886455],[-75.241804,39.886359],[-75.242051,39.885989],[-75.242055,39.885983],[-75.242115,39.885857],[-75.242155,39.885772],[-75.242447,39.885231],[-75.242848,39.884236],[-75.243644,39.882353],[-75.243803,39.882],[-75.244025,39.881506],[-75.244514,39.880587],[-75.244998,39.879977],[-75.245455,39.879494],[-75.24564,39.87934],[-75.245866,39.879151],[-75.246093,39.878962],[-75.246522,39.878644],[-75.247117,39.878284],[-75.247799,39.87796],[-75.248869,39.877496],[-75.249014,39.877448],[-75.249248,39.877364],[-75.249236,39.87735],[-75.24906,39.87712],[-75.248986,39.877025],[-75.248876,39.876882],[-75.248809,39.876793],[-75.248661,39.876601],[-75.248576,39.876492],[-75.248563,39.876476],[-75.252259,39.875947],[-75.262532,39.876571],[-75.264834,39.880655],[-75.265005,39.880991],[-75.265114,39.881665],[-75.264547,39.882122],[-75.2643,39.88225],[-75.263083,39.882364],[-75.262265,39.88258],[-75.261947,39.882897],[-75.261887,39.883077],[-75.261966,39.883248],[-75.262434,39.883642],[-75.264136,39.884142],[-75.264446,39.884323],[-75.26464,39.884742],[-75.264229,39.88501],[-75.263155,39.885309],[-75.262731,39.885562],[-75.262619,39.885813],[-75.262685,39.886034],[-75.262805,39.886091],[-75.263685,39.886153],[-75.263983,39.886105],[-75.264285,39.886201],[-75.2648,39.886453],[-75.264853,39.886545],[-75.264936,39.886682],[-75.265039,39.886841],[-75.265107,39.886989],[-75.265137,39.887164],[-75.265131,39.887338],[-75.265098,39.887545],[-75.26498,39.887762],[-75.264879,39.887929],[-75.264727,39.888088],[-75.264598,39.888226],[-75.264448,39.888341],[-75.264263,39.888421],[-75.263998,39.888477],[-75.263728,39.888494],[-75.263378,39.888469],[-75.262979,39.888421],[-75.262681,39.888364],[-75.262475,39.888427],[-75.262295,39.888558],[-75.262202,39.888714],[-75.262135,39.888926],[-75.262098,39.889161],[-75.262083,39.889374],[-75.26209,39.889684],[-75.262103,39.889915],[-75.262125,39.890112],[-75.262111,39.890286],[-75.262104,39.890482],[-75.262038,39.890706],[-75.261884,39.891315],[-75.261857,39.891461],[-75.261792,39.891634],[-75.261735,39.89179],[-75.261607,39.891899],[-75.261507,39.891953],[-75.261315,39.892],[-75.2611,39.892091],[-75.260732,39.89219],[-75.260143,39.892312],[-75.259931,39.892341],[-75.259747,39.892365],[-75.259543,39.892366],[-75.259352,39.892413],[-75.259109,39.892452],[-75.25896,39.892539],[-75.25878,39.892681],[-75.25857,39.892817],[-75.258389,39.892993],[-75.258214,39.893175],[-75.258025,39.893373],[-75.257831,39.893577],[-75.257672,39.893742],[-75.257435,39.894018],[-75.256912,39.894552],[-75.256745,39.894739],[-75.256667,39.894861],[-75.256664,39.894946],[-75.256712,39.895042],[-75.256794,39.895201],[-75.25697,39.895368],[-75.257127,39.895473],[-75.257276,39.895572],[-75.257391,39.895715],[-75.257364,39.895855],[-75.257279,39.896005],[-75.257149,39.896159],[-75.256937,39.896368],[-75.256764,39.896505],[-75.256452,39.896852],[-75.256238,39.897106],[-75.256093,39.8973],[-75.255984,39.897477],[-75.255807,39.897732],[-75.25562,39.897953],[-75.255509,39.898192],[-75.255332,39.89843],[-75.255228,39.898501],[-75.255158,39.898595],[-75.255098,39.898661],[-75.255094,39.898756],[-75.255119,39.898864],[-75.255169,39.89891],[-75.255236,39.899058],[-75.255342,39.899172],[-75.255489,39.899327],[-75.255622,39.899488],[-75.255668,39.899526],[-75.25552,39.899678],[-75.255522,39.899681],[-75.253714,39.901668],[-75.251291,39.904413],[-75.253492,39.905597],[-75.252478,39.906637],[-75.252396,39.906641],[-75.252154,39.906669],[-75.251993,39.906694],[-75.251757,39.906751],[-75.25163,39.906821],[-75.251499,39.906908],[-75.251305,39.907039],[-75.251058,39.907185],[-75.250872,39.907293],[-75.250716,39.907374],[-75.250447,39.907548],[-75.250319,39.907636],[-75.250272,39.907719],[-75.250225,39.907819],[-75.250206,39.907925],[-75.250186,39.908071],[-75.2502,39.908296],[-75.250194,39.908459],[-75.250168,39.908577],[-75.250118,39.908733],[-75.250047,39.908894],[-75.250004,39.909051],[-75.249935,39.909162],[-75.249894,39.909285],[-75.24992,39.909369],[-75.249993,39.909449],[-75.250036,39.909479],[-75.250151,39.909521],[-75.250282,39.909552],[-75.250471,39.909556],[-75.250652,39.909593],[-75.250884,39.90966],[-75.251107,39.909738],[-75.251228,39.909808],[-75.251299,39.909889],[-75.251286,39.910018],[-75.251238,39.910146],[-75.251123,39.910284],[-75.251002,39.910411],[-75.250872,39.910565],[-75.250722,39.910691],[-75.250615,39.910801],[-75.250538,39.910918],[-75.250401,39.911072],[-75.250195,39.911225],[-75.249928,39.91132],[-75.24975,39.911395],[-75.24952,39.911503],[-75.249335,39.911577],[-75.249164,39.911663],[-75.248985,39.911772],[-75.248857,39.911876],[-75.248764,39.912003],[-75.248722,39.91216],[-75.248687,39.912322],[-75.248599,39.912522],[-75.248559,39.912623],[-75.248511,39.91274],[-75.248434,39.912856],[-75.248379,39.91295],[-75.248296,39.913027],[-75.248213,39.913093],[-75.248057,39.91318],[-75.247833,39.913298],[-75.247603,39.9134],[-75.247402,39.913514],[-75.247202,39.913588],[-75.247118,39.913687],[-75.247071,39.913788],[-75.247066,39.913917],[-75.247119,39.914053],[-75.247225,39.914173],[-75.247336,39.914308],[-75.247488,39.914542],[-75.247497,39.914559],[-75.247554,39.914591],[-75.247634,39.914646],[-75.247708,39.914731],[-75.247718,39.914847],[-75.247657,39.914964],[-75.247557,39.915088],[-75.247488,39.915223],[-75.24735,39.915409],[-75.24719,39.915641],[-75.247139,39.915736],[-75.247059,39.91586],[-75.246991,39.915939],[-75.246922,39.916015],[-75.246844,39.916097],[-75.246784,39.916174],[-75.246755,39.916242],[-75.246766,39.916338],[-75.246789,39.916458],[-75.246837,39.916569],[-75.246879,39.916716],[-75.246942,39.91688],[-75.246964,39.916936],[-75.247003,39.916976],[-75.247042,39.917001],[-75.247105,39.917037],[-75.247157,39.917071],[-75.24719,39.917104],[-75.247203,39.917145],[-75.247212,39.917191],[-75.247195,39.917221],[-75.247174,39.917246],[-75.247241,39.917412],[-75.247307,39.917625],[-75.247349,39.917795],[-75.24736,39.918002],[-75.24735,39.918439],[-75.247335,39.918688],[-75.247336,39.91882],[-75.247392,39.919023],[-75.247499,39.91928],[-75.247586,39.919408],[-75.247624,39.919527],[-75.247625,39.919677],[-75.247598,39.919912],[-75.247583,39.919991],[-75.247529,39.920113],[-75.247489,39.920215],[-75.247478,39.920337],[-75.247468,39.920464],[-75.247463,39.920595],[-75.24747,39.920727],[-75.24747,39.920981],[-75.247462,39.921353],[-75.247487,39.921508],[-75.247518,39.921664],[-75.247508,39.921782],[-75.247473,39.921889],[-75.247394,39.922056],[-75.247292,39.922177],[-75.247165,39.922291],[-75.24707,39.922383],[-75.246938,39.922503],[-75.246643,39.922778],[-75.246523,39.922898],[-75.246364,39.923064],[-75.246268,39.923179],[-75.24619,39.923314],[-75.24616,39.923454],[-75.246142,39.923619],[-75.246135,39.923802],[-75.246131,39.923915],[-75.246097,39.924017],[-75.246074,39.924134],[-75.246034,39.924246],[-75.245992,39.924368],[-75.245946,39.924456],[-75.245868,39.924591],[-75.245797,39.924707],[-75.245728,39.924832],[-75.245638,39.924948],[-75.245555,39.925054],[-75.245441,39.925174],[-75.245266,39.925424],[-75.2452,39.925559],[-75.245129,39.92567],[-75.245052,39.925777],[-75.244994,39.925851],[-75.24487,39.925905],[-75.244764,39.925963],[-75.244628,39.926012],[-75.244522,39.926071],[-75.244403,39.926144],[-75.244338,39.92626],[-75.244303,39.926362],[-75.244332,39.926485],[-75.244414,39.926581],[-75.244509,39.926658],[-75.244579,39.926763],[-75.244599,39.926867],[-75.244582,39.927013],[-75.244581,39.927187],[-75.244553,39.927285],[-75.2445,39.927415],[-75.244428,39.927536],[-75.244344,39.927666],[-75.244272,39.927805],[-75.244201,39.927898],[-75.244123,39.928018],[-75.244057,39.928158],[-75.244003,39.928373],[-75.243987,39.928486],[-75.243968,39.928655],[-75.243969,39.928815],[-75.243973,39.929186],[-75.243969,39.929478],[-75.24397,39.929614],[-75.243984,39.929722],[-75.244012,39.929803],[-75.244101,39.929866],[-75.244191,39.92991],[-75.24428,39.929973],[-75.244357,39.93005],[-75.244407,39.930169],[-75.24443,39.930297],[-75.244383,39.930408],[-75.244276,39.930495],[-75.244133,39.930572],[-75.243952,39.930662],[-75.243815,39.930739],[-75.243696,39.930831],[-75.243638,39.930919],[-75.243607,39.931087],[-75.24356,39.931204],[-75.243518,39.931344],[-75.243477,39.93147],[-75.243436,39.931577],[-75.24342,39.931685],[-75.243404,39.931779],[-75.243402,39.931835],[-75.243345,39.931905],[-75.243281,39.931969],[-75.243188,39.932023],[-75.243106,39.932073],[-75.243051,39.932162],[-75.242937,39.932281],[-75.242846,39.93242],[-75.242724,39.932587],[-75.242626,39.932749],[-75.242531,39.932846],[-75.242455,39.932929],[-75.242353,39.933049],[-75.242288,39.933147],[-75.242242,39.933244],[-75.242171,39.933332],[-75.242127,39.933378],[-75.242014,39.933442],[-75.241891,39.933481],[-75.241719,39.933506],[-75.241559,39.933521],[-75.241399,39.93355],[-75.241191,39.933583],[-75.240976,39.933616],[-75.240761,39.933626],[-75.240518,39.933597],[-75.240246,39.93353],[-75.239905,39.933414],[-75.239615,39.933333],[-75.239423,39.933239],[-75.239286,39.933142],[-75.239113,39.933016],[-75.238857,39.932832],[-75.238654,39.932714],[-75.238498,39.93265],[-75.238316,39.932613],[-75.238128,39.932571],[-75.237952,39.93253],[-75.237788,39.932498],[-75.237561,39.93253],[-75.237438,39.932565],[-75.237325,39.932629],[-75.237219,39.932702],[-75.237123,39.932812],[-75.237015,39.932932],[-75.236912,39.933081],[-75.236792,39.933266],[-75.236719,39.933415],[-75.236659,39.933555],[-75.236644,39.933799],[-75.236651,39.933945],[-75.236663,39.934096],[-75.236653,39.934213],[-75.236605,39.934353],[-75.236555,39.934549],[-75.236525,39.93469],[-75.23647,39.934858],[-75.236394,39.935181],[-75.236321,39.935334],[-75.236172,39.935416],[-75.236015,39.935525],[-75.235865,39.935625],[-75.235666,39.93572],[-75.23546,39.935833],[-75.235265,39.93597],[-75.234981,39.936231],[-75.234922,39.936343],[-75.234924,39.93646],[-75.234918,39.936601],[-75.234848,39.936689],[-75.234775,39.936763],[-75.234746,39.936894],[-75.234789,39.93705],[-75.234783,39.937196],[-75.234802,39.937347],[-75.234871,39.937466],[-75.234922,39.937561],[-75.23497,39.937759],[-75.234977,39.937896],[-75.234984,39.938032],[-75.235005,39.938136],[-75.235076,39.938213],[-75.235165,39.938281],[-75.235297,39.938331],[-75.235491,39.938368],[-75.235783,39.938403],[-75.235948,39.93842],[-75.236148,39.938439],[-75.236349,39.938467],[-75.236502,39.93847],[-75.236685,39.938455],[-75.236881,39.938441],[-75.237146,39.93839],[-75.237451,39.938331],[-75.237623,39.938283],[-75.237771,39.938258],[-75.237967,39.938234],[-75.238175,39.938239],[-75.238328,39.938233],[-75.2385,39.938213],[-75.238739,39.93819],[-75.238874,39.938165],[-75.239009,39.938149],[-75.239186,39.938157],[-75.239338,39.938166],[-75.239455,39.938163],[-75.239565,39.938156],[-75.239711,39.93816],[-75.239821,39.938167],[-75.239924,39.938183],[-75.240039,39.938218],[-75.240141,39.938258],[-75.24026,39.938346],[-75.240412,39.938466],[-75.240594,39.938644],[-75.240713,39.938736],[-75.240766,39.938803],[-75.240763,39.938879],[-75.240741,39.938977],[-75.2407,39.939084],[-75.240629,39.9392],[-75.240546,39.939292],[-75.240427,39.939384],[-75.240344,39.939471],[-75.240242,39.939577],[-75.240146,39.939716],[-75.240018,39.93985],[-75.239953,39.939971],[-75.239882,39.940082],[-75.239799,39.940174],[-75.239638,39.940312],[-75.239529,39.940441],[-75.239413,39.940617],[-75.239402,39.940753],[-75.239433,39.9409],[-75.239464,39.941037],[-75.239496,39.941169],[-75.239564,39.941307],[-75.239633,39.941431],[-75.239737,39.941602],[-75.239848,39.941737],[-75.239989,39.9419],[-75.240076,39.942005],[-75.240152,39.942096],[-75.240254,39.94215],[-75.240369,39.942181],[-75.240521,39.942198],[-75.240792,39.942232],[-75.240956,39.942255],[-75.241181,39.942274],[-75.24145,39.942284],[-75.241585,39.942264],[-75.24183,39.94225],[-75.242038,39.94225],[-75.242294,39.942256],[-75.242611,39.942277],[-75.243068,39.942291],[-75.243177,39.942317],[-75.243336,39.94234],[-75.243436,39.942422],[-75.243533,39.942452],[-75.243846,39.942487],[-75.244071,39.942511],[-75.244412,39.942561],[-75.244661,39.942599],[-75.245015,39.942607],[-75.245228,39.942625],[-75.245412,39.94262],[-75.245564,39.942619],[-75.245742,39.942613],[-75.245889,39.942607],[-75.246053,39.942615],[-75.246193,39.942623],[-75.246351,39.942655],[-75.246473,39.942676],[-75.246569,39.942711],[-75.246664,39.942774],[-75.246747,39.942865],[-75.246825,39.94298],[-75.246874,39.943141],[-75.246967,39.943275],[-75.247024,39.943389],[-75.247034,39.943439],[-75.246712,39.943525],[-75.246425,39.943624],[-75.245856,39.943823],[-75.24522,39.944067],[-75.244443,39.944343],[-75.243421,39.9447],[-75.241774,39.945307],[-75.240269,39.945875],[-75.240055,39.945927],[-75.239623,39.946022],[-75.238299,39.946279],[-75.237983,39.946341],[-75.237273,39.946472],[-75.23614,39.946743],[-75.235873,39.946815],[-75.23581,39.946845],[-75.235753,39.94686],[-75.235051,39.947002],[-75.234365,39.947183],[-75.233607,39.94736],[-75.231273,39.947918],[-75.230408,39.947822],[-75.230305,39.947811],[-75.229451,39.947789],[-75.227629,39.947779],[-75.227422,39.94778],[-75.226117,39.947769],[-75.225326,39.947757],[-75.22495,39.947754],[-75.223318,39.947935],[-75.222645,39.948002],[-75.222128,39.948064],[-75.221814,39.948102],[-75.221239,39.94817],[-75.220884,39.947847]]]},"properties":{"dist_numc":"12"}},{"type":"Feature","geometry":{"type":"Polygon","coordinates":[[[-75.22348,39.877286],[-75.223274,39.876217],[-75.223237,39.876044],[-75.223186,39.87581],[-75.223184,39.875797],[-75.223768,39.875867],[-75.224656,39.876032],[-75.224859,39.876069],[-75.22503,39.876103],[-75.225954,39.876276],[-75.226846,39.876412],[-75.226892,39.876414],[-75.227121,39.876445],[-75.228473,39.87664],[-75.228727,39.876677],[-75.228908,39.876702],[-75.229988,39.876856],[-75.230478,39.876898],[-75.230646,39.876911],[-75.230849,39.876928],[-75.230999,39.876942],[-75.231058,39.876948],[-75.231872,39.877019],[-75.231931,39.877026],[-75.232312,39.877066],[-75.232551,39.877091],[-75.232659,39.877102],[-75.232817,39.87712],[-75.232993,39.877138],[-75.233273,39.877164],[-75.233958,39.877187],[-75.234021,39.877189],[-75.234124,39.87719],[-75.234305,39.877145],[-75.234484,39.877104],[-75.234655,39.877063],[-75.234687,39.877055],[-75.235027,39.876974],[-75.235541,39.876761],[-75.235798,39.876588],[-75.23593,39.876497],[-75.236053,39.876413],[-75.236372,39.876197],[-75.236643,39.875746],[-75.236716,39.875623],[-75.236776,39.875484],[-75.236935,39.875126],[-75.237502,39.87509],[-75.237593,39.874991],[-75.237538,39.874921],[-75.237503,39.874876],[-75.237463,39.874813],[-75.238113,39.874602],[-75.238248,39.874456],[-75.238328,39.874372],[-75.238379,39.874311],[-75.238691,39.873968],[-75.238995,39.873846],[-75.239174,39.873618],[-75.239263,39.8735],[-75.23935,39.873381],[-75.239406,39.873309],[-75.240101,39.873039],[-75.240107,39.872868],[-75.240104,39.87274],[-75.240102,39.872639],[-75.240104,39.872607],[-75.240474,39.872391],[-75.2409,39.872409],[-75.24094,39.872414],[-75.241091,39.872447],[-75.241218,39.872475],[-75.241373,39.872511],[-75.241422,39.872521],[-75.241558,39.87255],[-75.241749,39.872595],[-75.242221,39.872786],[-75.242292,39.872818],[-75.24257,39.872964],[-75.242697,39.873031],[-75.242732,39.873049],[-75.246737,39.875078],[-75.246778,39.875112],[-75.246827,39.875153],[-75.248433,39.876495],[-75.248563,39.876476],[-75.248576,39.876492],[-75.248661,39.876601],[-75.248809,39.876793],[-75.248876,39.876882],[-75.248986,39.877025],[-75.24906,39.87712],[-75.249236,39.87735],[-75.249248,39.877364],[-75.249014,39.877448],[-75.248869,39.877496],[-75.247799,39.87796],[-75.247117,39.878284],[-75.246522,39.878644],[-75.246093,39.878962],[-75.245866,39.879151],[-75.24564,39.87934],[-75.245455,39.879494],[-75.244998,39.879977],[-75.244514,39.880587],[-75.244025,39.881506],[-75.243803,39.882],[-75.243644,39.882353],[-75.242848,39.884236],[-75.242447,39.885231],[-75.242155,39.885772],[-75.242115,39.885857],[-75.242055,39.885983],[-75.242051,39.885989],[-75.241804,39.886359],[-75.241745,39.886455],[-75.241655,39.8866],[-75.241439,39.886946],[-75.240993,39.887524],[-75.240709,39.887853],[-75.240448,39.888108],[-75.240309,39.888244],[-75.239897,39.888658],[-75.239569,39.888962],[-75.239283,39.889249],[-75.239283,39.889249],[-75.239105,39.889446],[-75.238867,39.889717],[-75.238434,39.890179],[-75.237983,39.890537],[-75.237493,39.890837],[-75.236565,39.891414],[-75.236565,39.891414],[-75.236466,39.891462],[-75.235506,39.891819],[-75.235365,39.891647],[-75.235102,39.890966],[-75.235022,39.8907],[-75.234841,39.890276],[-75.234479,39.889649],[-75.234078,39.888895],[-75.233869,39.888474],[-75.233512,39.887897],[-75.233241,39.887397],[-75.233096,39.887138],[-75.2329,39.886498],[-75.232292,39.885009],[-75.232013,39.884381],[-75.231739,39.883755],[-75.23142,39.883008],[-75.231154,39.882508],[-75.230958,39.882154],[-75.230819,39.881848],[-75.230633,39.881598],[-75.230432,39.881326],[-75.230175,39.880999],[-75.229936,39.880723],[-75.229618,39.880452],[-75.229023,39.880142],[-75.228382,39.879859],[-75.227915,39.879733],[-75.22745,39.879674],[-75.226813,39.879355],[-75.225615,39.878706],[-75.22512,39.87848],[-75.22348,39.877286]]]},"properties":{"dist_numc":"77"}},{"type":"Feature","geometry":{"type":"Polygon","coordinates":[[[-75.180389,39.954501],[-75.180473,39.954308],[-75.181427,39.952099],[-75.181726,39.951619],[-75.181834,39.951446],[-75.182405,39.950529],[-75.18331,39.949508],[-75.185417,39.947955],[-75.186434,39.947309],[-75.186827,39.947043],[-75.187056,39.946888],[-75.187421,39.946641],[-75.188263,39.946093],[-75.190096,39.94466],[-75.191157,39.943585],[-75.191515,39.943247],[-75.191601,39.943166],[-75.19171,39.943062],[-75.192369,39.942606],[-75.192596,39.942496],[-75.193232,39.94226],[-75.193717,39.942125],[-75.193788,39.94212],[-75.194127,39.942095],[-75.194225,39.942088],[-75.194994,39.942135],[-75.195745,39.942333],[-75.196753,39.942703],[-75.197022,39.942802],[-75.199004,39.943514],[-75.199782,39.943797],[-75.200672,39.943944],[-75.202341,39.943771],[-75.20321,39.943554],[-75.203863,39.943259],[-75.204155,39.943087],[-75.204602,39.942765],[-75.204963,39.942338],[-75.205078,39.941255],[-75.205105,39.941],[-75.205125,39.940813],[-75.205133,39.940738],[-75.20518,39.938864],[-75.205272,39.937685],[-75.205307,39.936736],[-75.205352,39.936187],[-75.205482,39.935688],[-75.20552,39.93561],[-75.205588,39.935473],[-75.205695,39.935257],[-75.205882,39.935031],[-75.206723,39.937361],[-75.206957,39.937459],[-75.208953,39.938292],[-75.20908,39.938345],[-75.209625,39.938573],[-75.20982,39.93862],[-75.210023,39.938657],[-75.210771,39.939312],[-75.211387,39.939844],[-75.211968,39.940316],[-75.212604,39.940859],[-75.213157,39.941327],[-75.21417,39.942184],[-75.214818,39.942738],[-75.215249,39.943096],[-75.21586,39.943619],[-75.216522,39.94418],[-75.216692,39.944311],[-75.217164,39.944728],[-75.217526,39.945022],[-75.218197,39.945595],[-75.218426,39.945795],[-75.219113,39.946363],[-75.219779,39.946929],[-75.220395,39.947441],[-75.220884,39.947847],[-75.221239,39.94817],[-75.221814,39.948102],[-75.222128,39.948064],[-75.222645,39.948002],[-75.223318,39.947935],[-75.22495,39.947754],[-75.225326,39.947757],[-75.226117,39.947769],[-75.227422,39.94778],[-75.227629,39.947779],[-75.229451,39.947789],[-75.230305,39.947811],[-75.230408,39.947822],[-75.231273,39.947918],[-75.233607,39.94736],[-75.234365,39.947183],[-75.235051,39.947002],[-75.235753,39.94686],[-75.23581,39.946845],[-75.235873,39.946815],[-75.23614,39.946743],[-75.237273,39.946472],[-75.237983,39.946341],[-75.238299,39.946279],[-75.239623,39.946022],[-75.240055,39.945927],[-75.240269,39.945875],[-75.241774,39.945307],[-75.243421,39.9447],[-75.244443,39.944343],[-75.24522,39.944067],[-75.245856,39.943823],[-75.246425,39.943624],[-75.246712,39.943525],[-75.247034,39.943439],[-75.247044,39.943488],[-75.247054,39.943568],[-75.24711,39.943692],[-75.247212,39.943915],[-75.247306,39.94402],[-75.247381,39.944149],[-75.247424,39.9443],[-75.247511,39.944415],[-75.247635,39.944531],[-75.247759,39.94466],[-75.2479,39.9448],[-75.248094,39.944945],[-75.24817,39.945031],[-75.248215,39.945122],[-75.248235,39.945249],[-75.248322,39.945364],[-75.248416,39.945474],[-75.248565,39.945571],[-75.248708,39.945687],[-75.248897,39.945847],[-75.249081,39.946006],[-75.249246,39.946169],[-75.24943,39.946329],[-75.249495,39.946372],[-75.249555,39.946407],[-75.249615,39.946427],[-75.249712,39.946466],[-75.249812,39.946549],[-75.249919,39.94664],[-75.249968,39.946721],[-75.250037,39.946826],[-75.250117,39.946983],[-75.250155,39.947125],[-75.250205,39.947258],[-75.25023,39.947399],[-75.250272,39.947588],[-75.25031,39.94773],[-75.250342,39.947858],[-75.250367,39.94799],[-75.250418,39.948104],[-75.250476,39.94819],[-75.250559,39.948263],[-75.250725,39.948388],[-75.251065,39.948701],[-75.251195,39.948836],[-75.251319,39.948947],[-75.251444,39.949044],[-75.251508,39.94912],[-75.251559,39.949234],[-75.25157,39.949441],[-75.251519,39.949642],[-75.251414,39.949842],[-75.251312,39.949977],[-75.251245,39.950135],[-75.251197,39.950275],[-75.251155,39.950425],[-75.251152,39.950584],[-75.251142,39.95069],[-75.251175,39.950771],[-75.251269,39.950963],[-75.251351,39.951064],[-75.251427,39.95115],[-75.251493,39.951194],[-75.251544,39.951223],[-75.251587,39.95129],[-75.251611,39.951394],[-75.251611,39.951509],[-75.251628,39.951634],[-75.251648,39.951757],[-75.25165,39.951856],[-75.251646,39.951964],[-75.251616,39.952055],[-75.251579,39.952136],[-75.251514,39.95225],[-75.251412,39.952386],[-75.251284,39.952551],[-75.251188,39.952673],[-75.251154,39.952759],[-75.251154,39.952858],[-75.251181,39.952953],[-75.251208,39.95304],[-75.251185,39.953099],[-75.251151,39.953171],[-75.251103,39.953238],[-75.25105,39.953305],[-75.250924,39.953401],[-75.250792,39.953506],[-75.25065,39.953623],[-75.25049,39.953747],[-75.250354,39.953871],[-75.250139,39.954075],[-75.25005,39.95416],[-75.250006,39.954242],[-75.249957,39.954339],[-75.249891,39.954387],[-75.24984,39.95444],[-75.249801,39.954505],[-75.249771,39.95458],[-75.24975,39.95465],[-75.249762,39.954716],[-75.24977,39.95477],[-75.249752,39.954836],[-75.249698,39.954985],[-75.249615,39.95519],[-75.249598,39.955248],[-75.249559,39.955299],[-75.249496,39.955361],[-75.249424,39.95539],[-75.249359,39.955415],[-75.249283,39.955425],[-75.249236,39.955438],[-75.249201,39.955475],[-75.249166,39.955524],[-75.249146,39.95558],[-75.249124,39.955666],[-75.249137,39.955765],[-75.249176,39.95586],[-75.249219,39.955943],[-75.249264,39.956052],[-75.249276,39.956133],[-75.249236,39.956226],[-75.249116,39.956336],[-75.249047,39.956382],[-75.24899,39.956437],[-75.24896,39.956525],[-75.248928,39.956638],[-75.24895,39.956756],[-75.249008,39.956917],[-75.249067,39.956967],[-75.249196,39.957022],[-75.249317,39.957076],[-75.249403,39.95713],[-75.249534,39.957222],[-75.24964,39.95733],[-75.24978,39.957434],[-75.250039,39.957663],[-75.250181,39.957801],[-75.250245,39.957882],[-75.250362,39.958023],[-75.250465,39.958129],[-75.250562,39.958241],[-75.250668,39.958338],[-75.250738,39.958436],[-75.250795,39.958538],[-75.250841,39.958647],[-75.250878,39.958737],[-75.250884,39.958818],[-75.250894,39.958952],[-75.250885,39.959034],[-75.250852,39.959108],[-75.250755,39.959165],[-75.250609,39.959249],[-75.250456,39.959328],[-75.250294,39.959407],[-75.250083,39.959491],[-75.249828,39.959582],[-75.249654,39.959649],[-75.249555,39.959691],[-75.249445,39.959762],[-75.24932,39.959849],[-75.249216,39.959931],[-75.249125,39.959999],[-75.248975,39.960081],[-75.248839,39.960139],[-75.248693,39.960209],[-75.248549,39.960279],[-75.248461,39.960342],[-75.248386,39.960435],[-75.248337,39.960525],[-75.248284,39.96063],[-75.248201,39.960734],[-75.248061,39.960896],[-75.247977,39.961007],[-75.247925,39.961095],[-75.247894,39.961191],[-75.247874,39.96135],[-75.247874,39.961439],[-75.247869,39.961503],[-75.247843,39.961622],[-75.247825,39.961699],[-75.24781,39.961774],[-75.247777,39.961846],[-75.247744,39.961914],[-75.24771,39.961986],[-75.247704,39.962066],[-75.247729,39.962177],[-75.247764,39.962234],[-75.247779,39.962312],[-75.247756,39.962462],[-75.247694,39.962811],[-75.24769,39.962828],[-75.247621,39.962812],[-75.247568,39.962803],[-75.247294,39.962759],[-75.246756,39.962714],[-75.246205,39.962646],[-75.245686,39.962581],[-75.245407,39.962546],[-75.244712,39.96246],[-75.244034,39.962374],[-75.243389,39.962293],[-75.242738,39.962212],[-75.241997,39.962122],[-75.241408,39.962048],[-75.241086,39.962008],[-75.240428,39.961928],[-75.240025,39.96188],[-75.239449,39.961803],[-75.238787,39.961724],[-75.236811,39.96148],[-75.235089,39.961267],[-75.234697,39.961217],[-75.234144,39.961145],[-75.233556,39.961075],[-75.23286,39.960985],[-75.231877,39.960859],[-75.230805,39.960731],[-75.23025,39.960665],[-75.229787,39.960608],[-75.229412,39.960563],[-75.22908,39.960523],[-75.228648,39.960473],[-75.227978,39.960387],[-75.227446,39.96032],[-75.226853,39.960248],[-75.226211,39.960168],[-75.22487,39.960015],[-75.224774,39.959984],[-75.224215,39.959909],[-75.223886,39.959871],[-75.223521,39.959828],[-75.223031,39.95977],[-75.222903,39.959754],[-75.222399,39.95969],[-75.221911,39.959635],[-75.220923,39.959514],[-75.219985,39.959396],[-75.219179,39.959297],[-75.218957,39.959269],[-75.217793,39.959124],[-75.217174,39.959046],[-75.217004,39.959025],[-75.214022,39.958653],[-75.21302,39.958527],[-75.211625,39.958357],[-75.21127,39.958313],[-75.211043,39.958285],[-75.209424,39.958083],[-75.208131,39.957925],[-75.206078,39.957668],[-75.205777,39.957631],[-75.205336,39.957577],[-75.205039,39.957541],[-75.204148,39.957431],[-75.203407,39.957339],[-75.201956,39.957158],[-75.199625,39.95687],[-75.19801,39.956664],[-75.196123,39.956438],[-75.195644,39.956378],[-75.194156,39.956189],[-75.191736,39.955893],[-75.191467,39.955852],[-75.189491,39.955602],[-75.188269,39.955451],[-75.187962,39.955413],[-75.187481,39.955355],[-75.187067,39.955305],[-75.185361,39.955089],[-75.184331,39.954956],[-75.183872,39.954897],[-75.183337,39.954828],[-75.181459,39.954629],[-75.18052,39.954518],[-75.18041,39.954504],[-75.180389,39.954501]]]},"properties":{"dist_numc":"18"}},{"type":"Feature","geometry":{"type":"Polygon","coordinates":[[[-75.22487,39.960015],[-75.22487,39.960016],[-75.224771,39.960506],[-75.224708,39.960817],[-75.224608,39.961277],[-75.224482,39.961867],[-75.224222,39.963096],[-75.224322,39.963585],[-75.224498,39.964441],[-75.224593,39.964905],[-75.224643,39.965193],[-75.224709,39.965576],[-75.224767,39.965919],[-75.224815,39.966215],[-75.22489,39.966652],[-75.224966,39.96712],[-75.225049,39.967594],[-75.225059,39.967656],[-75.22512,39.968018],[-75.225143,39.968155],[-75.225216,39.968598],[-75.225375,39.969527],[-75.225453,39.969834],[-75.225565,39.970277],[-75.225619,39.970488],[-75.225837,39.971374],[-75.225844,39.97144],[-75.225714,39.971473],[-75.225387,39.97154],[-75.223675,39.971904],[-75.223298,39.971984],[-75.222251,39.97221],[-75.222013,39.972262],[-75.219076,39.972886],[-75.21842,39.973033],[-75.21777,39.972636],[-75.217466,39.972671],[-75.216334,39.9728],[-75.21389,39.973063],[-75.212215,39.973252],[-75.212424,39.973993],[-75.212618,39.974731],[-75.212855,39.975582],[-75.212922,39.975822],[-75.213012,39.976147],[-75.213125,39.976555],[-75.213307,39.977226],[-75.213473,39.9778],[-75.213709,39.97863],[-75.214161,39.980312],[-75.214503,39.981558],[-75.214652,39.982141],[-75.21472,39.982323],[-75.214767,39.982496],[-75.214947,39.98315],[-75.215419,39.984868],[-75.215683,39.985796],[-75.216224,39.987738],[-75.216884,39.99021],[-75.216951,39.990455],[-75.217325,39.991819],[-75.217537,39.992592],[-75.217914,39.993936],[-75.217997,39.994233],[-75.217697,39.994485],[-75.217436,39.994705],[-75.217132,39.99502],[-75.216334,39.995836],[-75.216156,39.995966],[-75.215994,39.996066],[-75.215817,39.996147],[-75.215576,39.996251],[-75.213543,39.996887],[-75.212697,39.997118],[-75.212384,39.997198],[-75.211697,39.997317],[-75.207571,39.998033],[-75.20712,39.999024],[-75.206452,39.9998],[-75.205463,40.000951],[-75.204503,40.000534],[-75.20392,40.000638],[-75.20339,40.001304],[-75.203314,40.001678],[-75.202545,40.002295],[-75.201449,40.003864],[-75.20115,40.004293],[-75.202107,40.004678],[-75.202357,40.004778],[-75.20361,40.005164],[-75.20704,40.006218],[-75.207601,40.006417],[-75.207502,40.006482],[-75.207416,40.006549],[-75.206926,40.006918],[-75.206807,40.006994],[-75.206548,40.007126],[-75.206321,40.007202],[-75.206084,40.007262],[-75.205707,40.007349],[-75.204999,40.007494],[-75.204684,40.007562],[-75.204374,40.007629],[-75.203864,40.00774],[-75.203584,40.007801],[-75.203829,40.008026],[-75.203972,40.008158],[-75.204068,40.008247],[-75.204683,40.008538],[-75.204941,40.008706],[-75.206467,40.009023],[-75.20694,40.009073],[-75.207953,40.008344],[-75.208493,40.008694],[-75.20888,40.008469],[-75.209117,40.008625],[-75.209404,40.008815],[-75.209229,40.009047],[-75.209055,40.009279],[-75.208936,40.009438],[-75.208927,40.009449],[-75.208926,40.009454],[-75.208922,40.009456],[-75.208301,40.009751],[-75.207317,40.010217],[-75.20724,40.011023],[-75.206153,40.011826],[-75.206092,40.011781],[-75.205942,40.011673],[-75.20567,40.011477],[-75.205518,40.011366],[-75.205446,40.011314],[-75.205344,40.011255],[-75.204561,40.010861],[-75.20308,40.010242],[-75.201731,40.009789],[-75.199033,40.008911],[-75.197518,40.008401],[-75.197331,40.008338],[-75.196307,40.007992],[-75.19535,40.007782],[-75.194686,40.007532],[-75.194324,40.007396],[-75.193451,40.007069],[-75.193299,40.007008],[-75.193261,40.006987],[-75.193112,40.006902],[-75.192884,40.006772],[-75.192739,40.006689],[-75.192721,40.006679],[-75.192594,40.006563],[-75.192553,40.006508],[-75.192501,40.006437],[-75.192405,40.006306],[-75.192183,40.006018],[-75.192112,40.005927],[-75.192052,40.005849],[-75.19171,40.005255],[-75.191683,40.005199],[-75.191631,40.005062],[-75.191545,40.004659],[-75.191387,40.003836],[-75.191345,40.002603],[-75.191333,40.001902],[-75.191476,40.000652],[-75.19163,39.999659],[-75.191708,39.999403],[-75.19172,39.999364],[-75.192216,39.997741],[-75.192891,39.996484],[-75.193786,39.99539],[-75.193948,39.995192],[-75.194214,39.994867],[-75.194215,39.994867],[-75.195952,39.993211],[-75.195953,39.993211],[-75.196939,39.992271],[-75.197039,39.992192],[-75.198181,39.991032],[-75.198182,39.991032],[-75.198639,39.990567],[-75.199113,39.990155],[-75.200529,39.988875],[-75.202059,39.98734],[-75.203869,39.985815],[-75.204045,39.985658],[-75.204092,39.985616],[-75.204351,39.985146],[-75.204251,39.983647],[-75.203978,39.982665],[-75.201585,39.980556],[-75.200083,39.979555],[-75.198954,39.978923],[-75.196192,39.977769],[-75.194342,39.976645],[-75.193587,39.976075],[-75.193299,39.975784],[-75.193295,39.975777],[-75.193139,39.975513],[-75.193023,39.975233],[-75.193012,39.975206],[-75.192541,39.974368],[-75.192228,39.973669],[-75.192178,39.973497],[-75.191484,39.971635],[-75.191039,39.970276],[-75.190784,39.969848],[-75.190475,39.969538],[-75.18997,39.969224],[-75.189318,39.968887],[-75.188648,39.968744],[-75.187913,39.968486],[-75.187326,39.968279],[-75.186637,39.967884],[-75.186472,39.967723],[-75.185982,39.967197],[-75.18593,39.96714],[-75.185917,39.967127],[-75.184304,39.965394],[-75.183554,39.964515],[-75.183388,39.964292],[-75.182969,39.963731],[-75.181443,39.962039],[-75.18074,39.961308],[-75.180505,39.960898],[-75.180449,39.960804],[-75.180126,39.960343],[-75.180074,39.960236],[-75.179935,39.959947],[-75.179772,39.959609],[-75.17957,39.959093],[-75.179394,39.958544],[-75.179362,39.958388],[-75.179345,39.958004],[-75.179366,39.957639],[-75.179408,39.957195],[-75.179514,39.956658],[-75.179561,39.956473],[-75.179626,39.956316],[-75.179755,39.956003],[-75.179932,39.955576],[-75.180021,39.955358],[-75.180152,39.955042],[-75.180216,39.95491],[-75.180328,39.954643],[-75.180341,39.954613],[-75.180389,39.954501],[-75.18041,39.954504],[-75.18052,39.954518],[-75.181459,39.954629],[-75.183337,39.954828],[-75.183872,39.954897],[-75.184331,39.954956],[-75.185361,39.955089],[-75.187067,39.955305],[-75.187481,39.955355],[-75.187962,39.955413],[-75.188269,39.955451],[-75.189491,39.955602],[-75.191467,39.955852],[-75.191736,39.955893],[-75.194156,39.956189],[-75.195644,39.956378],[-75.196123,39.956438],[-75.19801,39.956664],[-75.199625,39.95687],[-75.201956,39.957158],[-75.203407,39.957339],[-75.204148,39.957431],[-75.205039,39.957541],[-75.205336,39.957577],[-75.205777,39.957631],[-75.206078,39.957668],[-75.208131,39.957925],[-75.209424,39.958083],[-75.211043,39.958285],[-75.21127,39.958313],[-75.211625,39.958357],[-75.21302,39.958527],[-75.214022,39.958653],[-75.217004,39.959025],[-75.217174,39.959046],[-75.217793,39.959124],[-75.218957,39.959269],[-75.219179,39.959297],[-75.219985,39.959396],[-75.220923,39.959514],[-75.221911,39.959635],[-75.222399,39.95969],[-75.222903,39.959754],[-75.223031,39.95977],[-75.223521,39.959828],[-75.223886,39.959871],[-75.224215,39.959909],[-75.224774,39.959984],[-75.22487,39.960015]]]},"properties":{"dist_numc":"16"}},{"type":"Feature","geometry":{"type":"Polygon","coordinates":[[[-75.135271,39.893601],[-75.144973,39.894778],[-75.145354,39.894826],[-75.148838,39.895248],[-75.15251,39.895696],[-75.152747,39.895725],[-75.154127,39.895899],[-75.156073,39.896138],[-75.158278,39.896394],[-75.159291,39.896517],[-75.162233,39.896878],[-75.162932,39.896964],[-75.163231,39.896983],[-75.165861,39.897072],[-75.166215,39.897074],[-75.166563,39.897058],[-75.166681,39.89706],[-75.166963,39.897097],[-75.167144,39.897119],[-75.169576,39.897217],[-75.16997,39.897258],[-75.170247,39.897288],[-75.170448,39.897309],[-75.170575,39.897282],[-75.170711,39.897236],[-75.170808,39.897172],[-75.170906,39.897077],[-75.170965,39.896981],[-75.170992,39.896896],[-75.170967,39.896692],[-75.170979,39.896695],[-75.171025,39.896709],[-75.17107,39.896722],[-75.171116,39.896734],[-75.171162,39.896746],[-75.171209,39.896758],[-75.171255,39.896769],[-75.171302,39.89678],[-75.171349,39.896791],[-75.171396,39.896801],[-75.171443,39.896811],[-75.17149,39.896821],[-75.171537,39.896831],[-75.171584,39.896841],[-75.171632,39.89685],[-75.171679,39.896859],[-75.171726,39.896868],[-75.171774,39.896877],[-75.171821,39.896886],[-75.171869,39.896894],[-75.171916,39.896903],[-75.171964,39.896911],[-75.172011,39.89692],[-75.172059,39.896928],[-75.172107,39.896936],[-75.172154,39.896944],[-75.172202,39.896952],[-75.17225,39.89696],[-75.172298,39.896968],[-75.172345,39.896975],[-75.172393,39.896983],[-75.172441,39.89699],[-75.172489,39.896997],[-75.172537,39.897004],[-75.172585,39.897011],[-75.172633,39.897017],[-75.172681,39.897024],[-75.172729,39.89703],[-75.172777,39.897036],[-75.172825,39.897043],[-75.172874,39.897048],[-75.172922,39.897054],[-75.17297,39.89706],[-75.173018,39.897065],[-75.173067,39.897071],[-75.173115,39.897076],[-75.173163,39.897081],[-75.173212,39.897087],[-75.17326,39.897092],[-75.173308,39.897097],[-75.173357,39.897102],[-75.173405,39.897107],[-75.17383,39.897157],[-75.173879,39.897157],[-75.175402,39.897352],[-75.175637,39.897382],[-75.175579,39.897664],[-75.175548,39.897816],[-75.175506,39.898021],[-75.175575,39.898503],[-75.175551,39.899131],[-75.17555,39.899166],[-75.175523,39.899238],[-75.175512,39.89928],[-75.175487,39.899377],[-75.175486,39.89938],[-75.175455,39.899522],[-75.175409,39.899734],[-75.175337,39.900064],[-75.175327,39.900107],[-75.175295,39.900244],[-75.174897,39.901956],[-75.174566,39.903427],[-75.174476,39.903854],[-75.174144,39.905443],[-75.173839,39.906787],[-75.173793,39.907008],[-75.173681,39.907546],[-75.173643,39.907729],[-75.173481,39.908474],[-75.173296,39.909292],[-75.173054,39.910522],[-75.173028,39.910626],[-75.172997,39.910844],[-75.172915,39.911301],[-75.17288,39.911433],[-75.172743,39.911953],[-75.172664,39.912296],[-75.172656,39.912341],[-75.172644,39.912405],[-75.172636,39.912444],[-75.172515,39.913042],[-75.172392,39.913157],[-75.172346,39.91326],[-75.172281,39.913403],[-75.172063,39.913887],[-75.171879,39.914265],[-75.171896,39.914324],[-75.171928,39.914382],[-75.171879,39.914613],[-75.171841,39.914793],[-75.17182,39.914894],[-75.171697,39.91549],[-75.171425,39.916767],[-75.171398,39.916894],[-75.171308,39.917318],[-75.171181,39.917905],[-75.171017,39.918667],[-75.170857,39.91942],[-75.170583,39.920663],[-75.170312,39.921895],[-75.170026,39.923147],[-75.169971,39.923401],[-75.169887,39.923784],[-75.169747,39.924419],[-75.169502,39.925541],[-75.169496,39.925606],[-75.16923,39.926815],[-75.169186,39.927015],[-75.169131,39.927264],[-75.16896,39.928045],[-75.168822,39.928668],[-75.168691,39.929265],[-75.168505,39.930112],[-75.168456,39.930331],[-75.168425,39.930475],[-75.168153,39.931711],[-75.167882,39.932944],[-75.167824,39.933235],[-75.167752,39.933602],[-75.167643,39.93416],[-75.167305,39.935705],[-75.167144,39.936472],[-75.167008,39.937051],[-75.16697,39.937197],[-75.166819,39.937878],[-75.166572,39.939072],[-75.16653,39.93927],[-75.166419,39.939781],[-75.166363,39.94004],[-75.166278,39.940451],[-75.166208,39.940823],[-75.166174,39.940978],[-75.166019,39.941699],[-75.165991,39.94183],[-75.165849,39.942419],[-75.165781,39.942794],[-75.165675,39.94321],[-75.165577,39.943674],[-75.165469,39.944085],[-75.165408,39.94437],[-75.165343,39.944674],[-75.165204,39.944656],[-75.165184,39.944653],[-75.164527,39.944579],[-75.164158,39.944532],[-75.163626,39.944462],[-75.163316,39.944421],[-75.163139,39.944398],[-75.162689,39.944354],[-75.162351,39.944308],[-75.161558,39.944205],[-75.160773,39.944114],[-75.160397,39.944063],[-75.159987,39.944018],[-75.158417,39.943824],[-75.157721,39.943739],[-75.157049,39.943651],[-75.156844,39.943625],[-75.155828,39.943495],[-75.15527,39.943424],[-75.154576,39.943338],[-75.153697,39.943228],[-75.152121,39.943034],[-75.151333,39.94293],[-75.150963,39.942888],[-75.150541,39.942832],[-75.150282,39.9428],[-75.148416,39.942572],[-75.147385,39.942446],[-75.146358,39.942313],[-75.145646,39.942227],[-75.145452,39.942169],[-75.145256,39.942125],[-75.143986,39.94196],[-75.142578,39.941603],[-75.142015,39.941585],[-75.141671,39.941576],[-75.14145,39.941565],[-75.136382,39.941079],[-75.136477,39.938602],[-75.136429,39.935901],[-75.136404,39.934504],[-75.135529,39.92917],[-75.13478,39.927019],[-75.134487,39.926177],[-75.132347,39.921675],[-75.131634,39.920153],[-75.130352,39.917414],[-75.130208,39.917041],[-75.129278,39.91462],[-75.129027,39.913968],[-75.12874,39.913221],[-75.128467,39.910305],[-75.129539,39.9065],[-75.130616,39.902546],[-75.132051,39.899313],[-75.134699,39.894624],[-75.135271,39.893601]]]},"properties":{"dist_numc":"03"}},{"type":"Feature","geometry":{"type":"Polygon","coordinates":[[[-75.16896,39.928045],[-75.168981,39.928048],[-75.169055,39.92806],[-75.169235,39.928088],[-75.169583,39.928142],[-75.170052,39.928196],[-75.170273,39.928228],[-75.170882,39.928308],[-75.17114,39.928338],[-75.171598,39.928397],[-75.172157,39.928472],[-75.172702,39.928529],[-75.173164,39.928597],[-75.173731,39.92867],[-75.175292,39.928876],[-75.175881,39.92895],[-75.176337,39.929009],[-75.176874,39.929071],[-75.178447,39.929281],[-75.179198,39.929378],[-75.179959,39.929477],[-75.18037,39.929531],[-75.181947,39.929739],[-75.183603,39.929937],[-75.183824,39.929965],[-75.185242,39.930156],[-75.185775,39.930215],[-75.186272,39.930284],[-75.187029,39.930391],[-75.188063,39.930519],[-75.18827,39.930545],[-75.188929,39.930628],[-75.190224,39.930788],[-75.191009,39.930884],[-75.191785,39.930992],[-75.192325,39.931064],[-75.192819,39.931126],[-75.193355,39.931195],[-75.193383,39.93109],[-75.193782,39.930855],[-75.194246,39.930608],[-75.194651,39.930391],[-75.195106,39.930147],[-75.195585,39.929883],[-75.195736,39.929798],[-75.195846,39.929741],[-75.196117,39.929603],[-75.196208,39.929556],[-75.196654,39.929323],[-75.196925,39.929175],[-75.197238,39.929429],[-75.197508,39.92968],[-75.197697,39.929855],[-75.197851,39.929998],[-75.198177,39.930301],[-75.19844,39.930582],[-75.198973,39.931169],[-75.199589,39.931816],[-75.199644,39.931909],[-75.200354,39.932077],[-75.200713,39.932158],[-75.203791,39.932829],[-75.204415,39.932957],[-75.20586,39.934991],[-75.205882,39.935031],[-75.205695,39.935257],[-75.205588,39.935473],[-75.20552,39.93561],[-75.205482,39.935688],[-75.205352,39.936187],[-75.205307,39.936736],[-75.205272,39.937685],[-75.20518,39.938864],[-75.205133,39.940738],[-75.205125,39.940813],[-75.205105,39.941],[-75.205078,39.941255],[-75.204963,39.942338],[-75.204602,39.942765],[-75.204155,39.943087],[-75.203863,39.943259],[-75.20321,39.943554],[-75.202341,39.943771],[-75.200672,39.943944],[-75.199782,39.943797],[-75.199004,39.943514],[-75.197022,39.942802],[-75.196753,39.942703],[-75.195745,39.942333],[-75.194994,39.942135],[-75.194225,39.942088],[-75.194127,39.942095],[-75.193788,39.94212],[-75.193717,39.942125],[-75.193232,39.94226],[-75.192596,39.942496],[-75.192369,39.942606],[-75.19171,39.943062],[-75.191601,39.943166],[-75.191515,39.943247],[-75.191157,39.943585],[-75.190096,39.94466],[-75.188263,39.946093],[-75.187421,39.946641],[-75.187056,39.946888],[-75.186827,39.947043],[-75.186468,39.947286],[-75.186434,39.947309],[-75.184027,39.946995],[-75.183746,39.946961],[-75.183515,39.946932],[-75.18347,39.946926],[-75.18346,39.946925],[-75.183459,39.946929],[-75.183441,39.946927],[-75.183075,39.946883],[-75.182874,39.946859],[-75.181643,39.946706],[-75.180532,39.946558],[-75.179511,39.946436],[-75.178954,39.946362],[-75.178345,39.946284],[-75.177547,39.946183],[-75.17675,39.946099],[-75.174841,39.945852],[-75.174039,39.945759],[-75.173516,39.945686],[-75.172732,39.945588],[-75.171696,39.945466],[-75.170107,39.945277],[-75.168539,39.945065],[-75.16813,39.945022],[-75.16729,39.944925],[-75.166973,39.944886],[-75.166273,39.944798],[-75.165343,39.944674],[-75.165408,39.94437],[-75.165469,39.944085],[-75.165577,39.943674],[-75.165675,39.94321],[-75.165781,39.942794],[-75.165849,39.942419],[-75.165991,39.94183],[-75.166019,39.941699],[-75.166174,39.940978],[-75.166208,39.940823],[-75.166278,39.940451],[-75.166363,39.94004],[-75.166419,39.939781],[-75.16653,39.93927],[-75.166572,39.939072],[-75.166819,39.937878],[-75.16697,39.937197],[-75.167008,39.937051],[-75.167144,39.936472],[-75.167305,39.935705],[-75.167643,39.93416],[-75.167752,39.933602],[-75.167824,39.933235],[-75.167882,39.932944],[-75.168153,39.931711],[-75.168425,39.930475],[-75.168456,39.930331],[-75.168505,39.930112],[-75.168691,39.929265],[-75.168822,39.928668],[-75.16896,39.928045]]]},"properties":{"dist_numc":"17"}}]}