{"type":"FeatureCollection","features":[{"type":"Feature","geometry":{"type":"Polygon","coordinates":[[[-75.041491,40.087347],[-75.041069,40.087178],[-75.040879,40.086976],[-75.040438,40.086594],[-75.039723,40.085936],[-75.039512,40.085712],[-75.039367,40.085544],[-75.03911,40.085307],[-75.038707,40.084858],[-75.038403,40.084482],[-75.037501,40.085469],[-75.036269,40.084812],[-75.035474,40.084418],[-75.033834,40.08356],[-75.032143,40.082699],[-75.031315,40.082249],[-75.030483,40.081832],[-75.029745,40.081405],[-75.028955,40.080977],[-75.028777,40.080874],[-75.030411,40.079186],[-75.030704,40.078881],[-75.031281,40.078282],[-75.032829,40.076674],[-75.033394,40.076102],[-75.034953,40.074468],[-75.036047,40.073337],[-75.036192,40.073206],[-75.036452,40.07293],[-75.037363,40.071961],[-75.038132,40.071177],[-75.038136,40.071173],[-75.038993,40.07029],[-75.039191,40.070042],[-75.039576,40.069574],[-75.039907,40.069057],[-75.04011,40.068711],[-75.040134,40.068658],[-75.040579,40.067661],[-75.041332,40.06598],[-75.041335,40.065975],[-75.04182,40.064892],[-75.042453,40.063482],[-75.04291,40.062424],[-75.042913,40.062417],[-75.043573,40.060919],[-75.044203,40.059486],[-75.04424,40.059412],[-75.044277,40.059365],[-75.044479,40.059107],[-75.044704,40.058819],[-75.044818,40.058674],[-75.044967,40.058513],[-75.045956,40.057605],[-75.046481,40.057141],[-75.046859,40.056747],[-75.048135,40.05545],[-75.048207,40.055378],[-75.049285,40.054282],[-75.04933,40.054236],[-75.04962,40.053956],[-75.050043,40.05354],[-75.050464,40.053088],[-75.050644,40.052845],[-75.050768,40.052639],[-75.050885,40.052443],[-75.051055,40.05206],[-75.05106,40.052039],[-75.051203,40.051455],[-75.051359,40.04956],[-75.051411,40.048925],[-75.051454,40.048359],[-75.051572,40.04782],[-75.051726,40.04739],[-75.051885,40.047114],[-75.051981,40.046947],[-75.052235,40.04662],[-75.052288,40.046551],[-75.052829,40.046026],[-75.054442,40.044533],[-75.05465,40.044654],[-75.055725,40.045266],[-75.056146,40.045508],[-75.056386,40.045649],[-75.056716,40.045844],[-75.05705,40.046039],[-75.057372,40.046217],[-75.057728,40.04642],[-75.058068,40.04664],[-75.05837,40.046815],[-75.059939,40.04776],[-75.061377,40.048595],[-75.062386,40.049157],[-75.06344,40.04976],[-75.06352,40.049774],[-75.063579,40.049802],[-75.063833,40.04994],[-75.064188,40.050139],[-75.064563,40.050348],[-75.064845,40.050503],[-75.065134,40.050674],[-75.065405,40.050818],[-75.065758,40.051017],[-75.066049,40.05119],[-75.067726,40.052155],[-75.068505,40.0526],[-75.069135,40.052958],[-75.069724,40.053294],[-75.071464,40.054299],[-75.071517,40.054351],[-75.073258,40.055339],[-75.074098,40.055828],[-75.075034,40.056368],[-75.076736,40.05736],[-75.077781,40.057935],[-75.078078,40.058113],[-75.078762,40.058509],[-75.079614,40.059003],[-75.079649,40.059024],[-75.080509,40.059537],[-75.081405,40.060041],[-75.08228,40.060556],[-75.0831,40.061028],[-75.083527,40.06128],[-75.083836,40.061482],[-75.084782,40.062053],[-75.085733,40.062599],[-75.085573,40.062699],[-75.085306,40.062863],[-75.085032,40.063021],[-75.084749,40.06317],[-75.084461,40.063312],[-75.084168,40.063448],[-75.083872,40.063581],[-75.083573,40.063711],[-75.083517,40.063734],[-75.083485,40.063747],[-75.083272,40.063837],[-75.082968,40.063957],[-75.08266,40.064072],[-75.082349,40.064182],[-75.082036,40.064289],[-75.081721,40.064394],[-75.081405,40.064496],[-75.081088,40.064596],[-75.080771,40.064696],[-75.080454,40.064795],[-75.080136,40.064893],[-75.079818,40.06499],[-75.079499,40.065088],[-75.079226,40.065171],[-75.079181,40.065185],[-75.078862,40.065281],[-75.078544,40.065378],[-75.078225,40.065475],[-75.077906,40.065572],[-75.077588,40.065669],[-75.077493,40.065698],[-75.077269,40.065766],[-75.076872,40.065894],[-75.076556,40.065996],[-75.07624,40.066098],[-75.075924,40.0662],[-75.075608,40.066302],[-75.075292,40.066404],[-75.074976,40.066506],[-75.074661,40.066608],[-75.074345,40.06671],[-75.074029,40.066812],[-75.073713,40.066914],[-75.073397,40.067016],[-75.073081,40.067118],[-75.072765,40.067219],[-75.072721,40.067234],[-75.07245,40.067321],[-75.072134,40.067423],[-75.071818,40.067525],[-75.071502,40.067627],[-75.071186,40.06773],[-75.07087,40.067831],[-75.070553,40.067931],[-75.070235,40.06803],[-75.069919,40.068132],[-75.069607,40.068239],[-75.069299,40.068355],[-75.068995,40.068476],[-75.068694,40.068602],[-75.068395,40.06873],[-75.068096,40.068859],[-75.067841,40.068968],[-75.067797,40.068988],[-75.067498,40.069117],[-75.0672,40.069247],[-75.066903,40.069378],[-75.066607,40.06951],[-75.066311,40.069643],[-75.066016,40.069776],[-75.06572,40.069909],[-75.065425,40.070044],[-75.065243,40.070129],[-75.065132,40.070181],[-75.064843,40.070322],[-75.064558,40.070467],[-75.064275,40.070616],[-75.063995,40.070768],[-75.063717,40.070921],[-75.06344,40.071076],[-75.063165,40.071233],[-75.06289,40.071391],[-75.062617,40.07155],[-75.062345,40.07171],[-75.062076,40.071873],[-75.061808,40.072037],[-75.061542,40.072204],[-75.06128,40.072372],[-75.061019,40.072543],[-75.060759,40.072715],[-75.060501,40.072889],[-75.060246,40.073064],[-75.059993,40.073242],[-75.059744,40.073422],[-75.059497,40.073605],[-75.059254,40.073791],[-75.059013,40.073978],[-75.058774,40.074166],[-75.058536,40.074356],[-75.058299,40.074546],[-75.058222,40.074607],[-75.058062,40.074736],[-75.057824,40.074925],[-75.057585,40.075114],[-75.055361,40.076805],[-75.053875,40.077935],[-75.047681,40.082643],[-75.04615,40.083806],[-75.041753,40.087148],[-75.041491,40.087347]]]},"properties":{"ward_num":"56"}},{"type":"Feature","geometry":{"type":"Polygon","coordinates":[[[-75.189209,40.073173],[-75.189679,40.073468],[-75.189617,40.073522],[-75.188479,40.072879],[-75.182302,40.078929],[-75.182085,40.079143],[-75.180825,40.080389],[-75.179346,40.081851],[-75.17927,40.081926],[-75.177767,40.083432],[-75.177147,40.084053],[-75.17651,40.084701],[-75.17644,40.084661],[-75.176173,40.084506],[-75.175873,40.084332],[-75.175656,40.084203],[-75.175345,40.08402],[-75.175134,40.083895],[-75.174787,40.08369],[-75.174515,40.083529],[-75.17416,40.083319],[-75.173927,40.083181],[-75.173576,40.082973],[-75.173307,40.082814],[-75.172939,40.082597],[-75.172071,40.082083],[-75.171714,40.081872],[-75.169934,40.080819],[-75.168269,40.079834],[-75.167663,40.079476],[-75.16409,40.077362],[-75.163408,40.07698],[-75.163394,40.076972],[-75.161259,40.07579],[-75.159123,40.074607],[-75.158385,40.07419],[-75.156629,40.073193],[-75.155836,40.072742],[-75.154697,40.072094],[-75.154078,40.071741],[-75.153335,40.071318],[-75.152758,40.07099],[-75.152187,40.070665],[-75.151591,40.070326],[-75.151842,40.070069],[-75.151916,40.069988],[-75.151999,40.06989],[-75.152072,40.06978],[-75.152137,40.069675],[-75.152194,40.069532],[-75.152226,40.069403],[-75.152325,40.068911],[-75.152604,40.067655],[-75.15282,40.066674],[-75.15294,40.066127],[-75.15308,40.06567],[-75.153247,40.065151],[-75.153344,40.064816],[-75.153516,40.064295],[-75.153586,40.064207],[-75.154113,40.063657],[-75.154702,40.063034],[-75.155207,40.062513],[-75.155257,40.062441],[-75.15572,40.063164],[-75.156157,40.063857],[-75.156503,40.064403],[-75.15673,40.064451],[-75.157417,40.064844],[-75.157793,40.065061],[-75.158016,40.065191],[-75.158626,40.065536],[-75.159303,40.065922],[-75.159386,40.065957],[-75.160834,40.066787],[-75.162499,40.067741],[-75.164109,40.068672],[-75.164363,40.068433],[-75.16464,40.068202],[-75.164879,40.068016],[-75.165148,40.067829],[-75.16532,40.067716],[-75.165708,40.067447],[-75.166076,40.067204],[-75.168102,40.065229],[-75.169046,40.064309],[-75.169832,40.063549],[-75.170789,40.062609],[-75.171179,40.062829],[-75.171453,40.062998],[-75.171836,40.063219],[-75.172075,40.063355],[-75.172163,40.063404],[-75.172478,40.063591],[-75.172571,40.063648],[-75.172909,40.06383],[-75.173728,40.064299],[-75.174031,40.064467],[-75.174168,40.064557],[-75.174446,40.064723],[-75.174936,40.065009],[-75.17533,40.065225],[-75.175741,40.065463],[-75.176528,40.065905],[-75.176956,40.066159],[-75.177117,40.066253],[-75.177263,40.066339],[-75.177649,40.066556],[-75.178011,40.066753],[-75.178674,40.067127],[-75.179308,40.067492],[-75.179978,40.067883],[-75.180113,40.067963],[-75.180547,40.068199],[-75.180903,40.068421],[-75.181754,40.068912],[-75.182222,40.069168],[-75.182518,40.069348],[-75.182647,40.069415],[-75.182897,40.069562],[-75.183215,40.069759],[-75.183387,40.069858],[-75.183651,40.069999],[-75.183915,40.070154],[-75.184656,40.070574],[-75.185563,40.071082],[-75.18586,40.071256],[-75.186235,40.071473],[-75.186356,40.071545],[-75.186563,40.071666],[-75.186956,40.071891],[-75.187279,40.072071],[-75.187698,40.072311],[-75.188055,40.072512],[-75.188503,40.072773],[-75.189209,40.073173]]]},"properties":{"ward_num":"50"}},{"type":"Feature","geometry":{"type":"Polygon","coordinates":[[[-75.083527,40.06128],[-75.0831,40.061028],[-75.08228,40.060556],[-75.081405,40.060041],[-75.080509,40.059537],[-75.079649,40.059024],[-75.079614,40.059003],[-75.078762,40.058509],[-75.078078,40.058113],[-75.077781,40.057935],[-75.076736,40.05736],[-75.075034,40.056368],[-75.074098,40.055828],[-75.073258,40.055339],[-75.071517,40.054351],[-75.071464,40.054299],[-75.069724,40.053294],[-75.069135,40.052958],[-75.068505,40.0526],[-75.067726,40.052155],[-75.066049,40.05119],[-75.066694,40.050551],[-75.067276,40.049982],[-75.067875,40.04936],[-75.068478,40.048739],[-75.069077,40.048119],[-75.069691,40.04749],[-75.070304,40.046831],[-75.070889,40.046228],[-75.071467,40.045657],[-75.072072,40.045033],[-75.072648,40.044403],[-75.073253,40.043805],[-75.073838,40.043183],[-75.074441,40.042553],[-75.075035,40.041949],[-75.075454,40.041486],[-75.075837,40.041104],[-75.07624,40.040695],[-75.076654,40.040267],[-75.076823,40.040083],[-75.077004,40.039894],[-75.077398,40.039473],[-75.077832,40.03901],[-75.078013,40.038836],[-75.078213,40.038627],[-75.078391,40.038442],[-75.078623,40.038215],[-75.078824,40.037997],[-75.079002,40.037805],[-75.079161,40.037631],[-75.079268,40.037526],[-75.079353,40.037442],[-75.079549,40.037231],[-75.079839,40.036931],[-75.080251,40.036519],[-75.080603,40.03614],[-75.080983,40.035722],[-75.081381,40.035322],[-75.081577,40.03512],[-75.08176,40.034933],[-75.08196,40.034727],[-75.082182,40.034495],[-75.082925,40.033731],[-75.083374,40.033253],[-75.08402,40.032548],[-75.084174,40.032322],[-75.084275,40.032181],[-75.084678,40.03178],[-75.084835,40.032359],[-75.084909,40.032929],[-75.085075,40.033175],[-75.085316,40.033531],[-75.087161,40.034799],[-75.087259,40.035025],[-75.087611,40.035621],[-75.087805,40.036042],[-75.087934,40.036246],[-75.088094,40.036549],[-75.088711,40.03796],[-75.088733,40.038246],[-75.088569,40.039106],[-75.088383,40.039867],[-75.088239,40.040336],[-75.088199,40.040537],[-75.088187,40.040777],[-75.088213,40.041047],[-75.088244,40.041134],[-75.088406,40.041934],[-75.088645,40.042796],[-75.088704,40.043023],[-75.088982,40.044091],[-75.088978,40.044342],[-75.088316,40.045523],[-75.08795,40.046353],[-75.087638,40.047052],[-75.086977,40.048576],[-75.08659,40.049309],[-75.086167,40.050034],[-75.085992,40.050887],[-75.08661,40.0522],[-75.086804,40.052754],[-75.086797,40.052915],[-75.086797,40.053151],[-75.086736,40.053355],[-75.086676,40.053442],[-75.086548,40.053596],[-75.086334,40.053832],[-75.08585,40.054419],[-75.085797,40.055434],[-75.085768,40.056126],[-75.085678,40.057217],[-75.085664,40.057552],[-75.085508,40.057909],[-75.085314,40.058313],[-75.084983,40.058903],[-75.083798,40.060852],[-75.083527,40.06128]]]},"properties":{"ward_num":"53"}},{"type":"Feature","geometry":{"type":"Polygon","coordinates":[[[-75.028777,40.080874],[-75.028608,40.080779],[-75.028451,40.080687],[-75.02538,40.078953],[-75.023716,40.078004],[-75.021751,40.076965],[-75.017147,40.074352],[-75.015067,40.073188],[-75.01409,40.072652],[-75.013129,40.072081],[-75.011335,40.071189],[-75.007272,40.069171],[-75.002905,40.066691],[-75.000205,40.06516],[-74.999025,40.064489],[-74.998424,40.064147],[-74.995308,40.062374],[-74.994516,40.061923],[-74.994279,40.061791],[-74.993954,40.061637],[-74.993569,40.061502],[-74.993219,40.061405],[-74.992816,40.06134],[-74.992399,40.061278],[-74.991947,40.061176],[-74.991711,40.061105],[-74.991495,40.061014],[-74.991305,40.060934],[-74.991103,40.060833],[-74.990857,40.060669],[-74.990644,40.06051],[-74.990512,40.060447],[-74.990434,40.060405],[-74.990701,40.06024],[-74.990916,40.060114],[-74.991256,40.059958],[-74.991585,40.059838],[-74.992036,40.059691],[-74.992998,40.059449],[-74.994073,40.059169],[-74.99565,40.058765],[-74.996978,40.058426],[-74.998261,40.058089],[-74.999435,40.057768],[-74.999892,40.057641],[-75.001091,40.057283],[-75.001183,40.057242],[-75.002989,40.056006],[-75.004797,40.054757],[-75.006161,40.053722],[-75.007889,40.05239],[-75.007967,40.052325],[-75.008226,40.052123],[-75.009045,40.051481],[-75.010152,40.050617],[-75.011538,40.0495],[-75.012276,40.048894],[-75.013222,40.048128],[-75.014023,40.047481],[-75.014852,40.046846],[-75.015708,40.04619],[-75.01638,40.045682],[-75.017477,40.044858],[-75.018444,40.044128],[-75.018904,40.043844],[-75.019526,40.04363],[-75.020281,40.043527],[-75.020508,40.043552],[-75.02038,40.043723],[-75.020419,40.043883],[-75.020502,40.044072],[-75.020521,40.044267],[-75.020514,40.04444],[-75.020415,40.04466],[-75.02036,40.044902],[-75.020309,40.045046],[-75.020149,40.045216],[-75.020016,40.045372],[-75.019927,40.045551],[-75.01988,40.045827],[-75.019844,40.046062],[-75.019876,40.046154],[-75.019892,40.046202],[-75.019878,40.046333],[-75.019814,40.046575],[-75.019838,40.046867],[-75.019853,40.047172],[-75.019895,40.047472],[-75.019917,40.047826],[-75.019949,40.048146],[-75.020046,40.048447],[-75.020153,40.048692],[-75.020166,40.04881],[-75.020053,40.048947],[-75.019889,40.048977],[-75.019615,40.049061],[-75.019354,40.04902],[-75.019016,40.048915],[-75.01871,40.04888],[-75.018529,40.048883],[-75.018308,40.049002],[-75.018156,40.049193],[-75.018011,40.049425],[-75.017876,40.04963],[-75.017785,40.049885],[-75.017695,40.050542],[-75.017608,40.050901],[-75.017551,40.051198],[-75.017587,40.05136],[-75.017597,40.051407],[-75.017815,40.051592],[-75.018124,40.051773],[-75.018477,40.051976],[-75.018751,40.052128],[-75.019028,40.052204],[-75.019334,40.052218],[-75.01983,40.05223],[-75.020318,40.052214],[-75.02078,40.052176],[-75.0209,40.052144],[-75.021155,40.052074],[-75.021339,40.051988],[-75.021441,40.051915],[-75.021687,40.051643],[-75.021841,40.05139],[-75.022114,40.051119],[-75.022569,40.050817],[-75.022964,40.050632],[-75.023487,40.05043],[-75.024046,40.050221],[-75.024597,40.049984],[-75.025221,40.049735],[-75.025806,40.049558],[-75.02632,40.049469],[-75.026488,40.049439],[-75.026815,40.049392],[-75.027123,40.049364],[-75.027341,40.049335],[-75.027584,40.049354],[-75.027743,40.049434],[-75.027925,40.049626],[-75.028027,40.049795],[-75.028085,40.049921],[-75.028134,40.05004],[-75.02824,40.050112],[-75.028463,40.050187],[-75.028661,40.050199],[-75.02896,40.050178],[-75.029294,40.050179],[-75.029618,40.050193],[-75.030491,40.05027],[-75.03095,40.050301],[-75.031408,40.050354],[-75.031668,40.050402],[-75.031895,40.050372],[-75.032015,40.050299],[-75.032201,40.050171],[-75.03237,40.050023],[-75.032486,40.049824],[-75.032558,40.049604],[-75.03268,40.049267],[-75.032739,40.049096],[-75.032782,40.048971],[-75.032782,40.048735],[-75.032764,40.048512],[-75.032825,40.048347],[-75.032921,40.04819],[-75.033099,40.048042],[-75.033208,40.047787],[-75.033203,40.047475],[-75.033252,40.047143],[-75.033338,40.046812],[-75.033438,40.046558],[-75.03361,40.046333],[-75.033899,40.046097],[-75.034173,40.046013],[-75.034562,40.045988],[-75.03494,40.046017],[-75.035512,40.046163],[-75.036194,40.046498],[-75.036855,40.046909],[-75.037213,40.047209],[-75.037489,40.047528],[-75.037874,40.047849],[-75.038218,40.048045],[-75.038537,40.048184],[-75.038928,40.048339],[-75.039339,40.048453],[-75.039652,40.048543],[-75.03982,40.048624],[-75.039872,40.048679],[-75.039941,40.048751],[-75.039954,40.048877],[-75.039891,40.049097],[-75.039854,40.049346],[-75.039814,40.049907],[-75.039809,40.050254],[-75.039766,40.050655],[-75.039673,40.05116],[-75.039575,40.051594],[-75.039471,40.051925],[-75.039324,40.05222],[-75.039139,40.052549],[-75.039138,40.052554],[-75.039027,40.052879],[-75.038969,40.053197],[-75.038827,40.053589],[-75.038639,40.054001],[-75.038305,40.054451],[-75.037934,40.054921],[-75.037626,40.055392],[-75.036999,40.056169],[-75.036739,40.056579],[-75.036516,40.056955],[-75.03637,40.057236],[-75.036324,40.057471],[-75.036348,40.057777],[-75.036354,40.057869],[-75.036359,40.05796],[-75.036375,40.058222],[-75.036349,40.058665],[-75.036231,40.05912],[-75.036118,40.05968],[-75.036042,40.06024],[-75.035972,40.06062],[-75.035952,40.060911],[-75.036002,40.061094],[-75.036015,40.061141],[-75.036177,40.061367],[-75.036311,40.061648],[-75.03638,40.061941],[-75.036414,40.062226],[-75.036516,40.062509],[-75.036519,40.06252],[-75.03669,40.062774],[-75.036931,40.063071],[-75.037226,40.063376],[-75.037498,40.063577],[-75.037716,40.063755],[-75.037951,40.063983],[-75.038293,40.064234],[-75.038707,40.0645],[-75.039103,40.06476],[-75.039366,40.064946],[-75.039496,40.065088],[-75.039645,40.065209],[-75.040058,40.065483],[-75.040307,40.0656],[-75.040627,40.065725],[-75.041046,40.065877],[-75.041335,40.065975],[-75.041332,40.06598],[-75.040579,40.067661],[-75.040134,40.068658],[-75.04011,40.068711],[-75.039907,40.069057],[-75.039576,40.069574],[-75.039191,40.070042],[-75.038993,40.07029],[-75.038136,40.071173],[-75.038132,40.071177],[-75.037363,40.071961],[-75.036452,40.07293],[-75.036192,40.073206],[-75.036047,40.073337],[-75.034953,40.074468],[-75.033394,40.076102],[-75.032829,40.076674],[-75.031281,40.078282],[-75.030704,40.078881],[-75.030411,40.079186],[-75.028777,40.080874]]]},"properties":{"ward_num":"57"}},{"type":"Feature","geometry":{"type":"Polygon","coordinates":[[[-75.163176,40.058243],[-75.162657,40.057945],[-75.162249,40.05771],[-75.162125,40.057648],[-75.161951,40.057576],[-75.160693,40.056841],[-75.160642,40.056789],[-75.158892,40.055778],[-75.158309,40.055446],[-75.157873,40.055208],[-75.157751,40.055162],[-75.157577,40.055057],[-75.15756,40.055043],[-75.157178,40.054844],[-75.156489,40.054529],[-75.155558,40.054083],[-75.156606,40.053263],[-75.156761,40.053185],[-75.156894,40.053047],[-75.157749,40.052382],[-75.159043,40.051116],[-75.160531,40.049673],[-75.160908,40.049304],[-75.161264,40.048946],[-75.161659,40.048568],[-75.163179,40.047086],[-75.164023,40.046257],[-75.164834,40.045477],[-75.166088,40.044253],[-75.16721,40.043158],[-75.16871,40.041696],[-75.169797,40.040639],[-75.171621,40.038857],[-75.172139,40.038367],[-75.172175,40.038333],[-75.173081,40.037443],[-75.173853,40.036685],[-75.174727,40.03583],[-75.176498,40.034106],[-75.177577,40.033056],[-75.177742,40.0329],[-75.17847,40.032186],[-75.17881,40.031859],[-75.178916,40.031746],[-75.180293,40.03042],[-75.180885,40.02985],[-75.181483,40.029273],[-75.182704,40.028064],[-75.183546,40.027275],[-75.184171,40.027795],[-75.184236,40.027866],[-75.184758,40.028295],[-75.185467,40.028885],[-75.186196,40.029478],[-75.18738,40.030432],[-75.187779,40.030781],[-75.188533,40.031467],[-75.189066,40.031914],[-75.189795,40.032548],[-75.190434,40.033061],[-75.191119,40.033649],[-75.191903,40.034321],[-75.192729,40.03503],[-75.193129,40.035391],[-75.192938,40.035473],[-75.190991,40.037362],[-75.190089,40.038242],[-75.189246,40.039058],[-75.1888,40.03949],[-75.187317,40.040938],[-75.185572,40.042635],[-75.184527,40.043664],[-75.183083,40.045078],[-75.182206,40.045904],[-75.181865,40.046237],[-75.180258,40.047809],[-75.179196,40.048882],[-75.178521,40.049527],[-75.177449,40.050618],[-75.175807,40.052251],[-75.175264,40.051893],[-75.175154,40.051819],[-75.174705,40.051552],[-75.173263,40.050676],[-75.172784,40.051149],[-75.172747,40.051176],[-75.172168,40.051738],[-75.170186,40.053662],[-75.168961,40.054856],[-75.16858,40.055221],[-75.168245,40.055543],[-75.167916,40.055866],[-75.167514,40.056261],[-75.166073,40.057663],[-75.165812,40.057932],[-75.165718,40.058042],[-75.165493,40.058202],[-75.164605,40.059053],[-75.163176,40.058243]]]},"properties":{"ward_num":"59"}},{"type":"Feature","geometry":{"type":"Polygon","coordinates":[[[-75.174994,39.982469],[-75.173911,39.981677],[-75.173616,39.981459],[-75.173209,39.98116],[-75.172644,39.980722],[-75.172506,39.980601],[-75.172373,39.980529],[-75.171069,39.979586],[-75.17043,39.979121],[-75.17029,39.978854],[-75.169976,39.978288],[-75.169779,39.977966],[-75.169385,39.977267],[-75.169114,39.976731],[-75.168551,39.975755],[-75.16836,39.975414],[-75.168265,39.975268],[-75.168147,39.975043],[-75.168057,39.974879],[-75.167734,39.974329],[-75.167222,39.973407],[-75.167424,39.972502],[-75.167524,39.972049],[-75.167575,39.97181],[-75.167642,39.971536],[-75.167706,39.971221],[-75.168479,39.971319],[-75.168895,39.971364],[-75.169276,39.971416],[-75.170554,39.971579],[-75.17132,39.97166],[-75.171995,39.971743],[-75.172661,39.971833],[-75.173344,39.971906],[-75.174369,39.972044],[-75.174946,39.972111],[-75.17537,39.972166],[-75.17595,39.972241],[-75.176545,39.97232],[-75.177031,39.972384],[-75.177541,39.972447],[-75.177865,39.972489],[-75.17811,39.972519],[-75.178579,39.972583],[-75.179145,39.972652],[-75.179491,39.972691],[-75.179942,39.972751],[-75.180314,39.972796],[-75.180732,39.97285],[-75.181439,39.972931],[-75.18215,39.973019],[-75.183772,39.97323],[-75.184851,39.973359],[-75.185397,39.973426],[-75.186253,39.973532],[-75.185542,39.972464],[-75.185526,39.972437],[-75.185443,39.97236],[-75.185359,39.972284],[-75.185274,39.972209],[-75.185188,39.972134],[-75.185089,39.972062],[-75.185005,39.971981],[-75.184905,39.971906],[-75.184821,39.971831],[-75.184729,39.971762],[-75.184644,39.971687],[-75.184552,39.971612],[-75.184468,39.971537],[-75.184361,39.971444],[-75.184285,39.971381],[-75.184193,39.97132],[-75.183564,39.970787],[-75.183135,39.970446],[-75.182789,39.970152],[-75.182154,39.969631],[-75.181601,39.96919],[-75.181534,39.969076],[-75.181591,39.969034],[-75.180165,39.967802],[-75.179687,39.967425],[-75.178816,39.966637],[-75.178034,39.965914],[-75.177515,39.965392],[-75.17678,39.964832],[-75.176221,39.964419],[-75.177056,39.96466],[-75.17733,39.964708],[-75.177628,39.964734],[-75.177867,39.964727],[-75.177974,39.964703],[-75.178072,39.964681],[-75.17813,39.964668],[-75.179404,39.964534],[-75.17943,39.964532],[-75.181419,39.964388],[-75.181646,39.964453],[-75.181762,39.964512],[-75.181991,39.964534],[-75.182157,39.964526],[-75.182517,39.96449],[-75.182824,39.964456],[-75.183125,39.964414],[-75.183308,39.964387],[-75.183327,39.964383],[-75.183471,39.96435],[-75.183487,39.964371],[-75.18351,39.964401],[-75.183532,39.96443],[-75.183543,39.964444],[-75.183555,39.964459],[-75.183577,39.964489],[-75.183599,39.964518],[-75.183622,39.964548],[-75.183644,39.964578],[-75.183666,39.964607],[-75.183688,39.964637],[-75.18371,39.964666],[-75.183732,39.964696],[-75.183754,39.964726],[-75.183776,39.964756],[-75.183798,39.964785],[-75.183819,39.964815],[-75.183841,39.964845],[-75.183863,39.964874],[-75.183885,39.964904],[-75.183907,39.964934],[-75.183929,39.964963],[-75.183951,39.964993],[-75.183973,39.965023],[-75.183995,39.965052],[-75.184017,39.965082],[-75.18404,39.965111],[-75.184062,39.965141],[-75.184084,39.965171],[-75.184105,39.9652],[-75.184127,39.96523],[-75.184148,39.965261],[-75.184169,39.965291],[-75.18419,39.965321],[-75.18421,39.965352],[-75.184231,39.965382],[-75.184251,39.965413],[-75.184271,39.965443],[-75.184292,39.965474],[-75.184312,39.965505],[-75.184332,39.965535],[-75.184352,39.965566],[-75.184373,39.965596],[-75.184393,39.965627],[-75.184414,39.965657],[-75.184434,39.965688],[-75.184455,39.965718],[-75.184476,39.965748],[-75.184498,39.965778],[-75.184519,39.965808],[-75.184541,39.965838],[-75.184563,39.965867],[-75.184586,39.965897],[-75.184609,39.965926],[-75.184632,39.965955],[-75.184655,39.965983],[-75.18468,39.966012],[-75.184704,39.96604],[-75.184729,39.966068],[-75.184755,39.966095],[-75.184781,39.966122],[-75.184808,39.966149],[-75.184835,39.966176],[-75.184863,39.966202],[-75.18489,39.966229],[-75.184918,39.966255],[-75.184946,39.966282],[-75.184974,39.966308],[-75.185002,39.966335],[-75.18503,39.966361],[-75.185058,39.966387],[-75.185086,39.966414],[-75.185115,39.96644],[-75.185143,39.966466],[-75.185172,39.966492],[-75.185201,39.966518],[-75.185229,39.966544],[-75.185258,39.96657],[-75.185287,39.966596],[-75.185317,39.966622],[-75.185346,39.966648],[-75.185375,39.966674],[-75.185405,39.9667],[-75.185434,39.966725],[-75.185464,39.966751],[-75.185493,39.966777],[-75.185523,39.966802],[-75.185553,39.966828],[-75.185583,39.966853],[-75.185613,39.966878],[-75.185644,39.966904],[-75.185674,39.966929],[-75.185704,39.966954],[-75.185735,39.966979],[-75.185765,39.967004],[-75.185796,39.967029],[-75.185827,39.967054],[-75.185858,39.967078],[-75.185889,39.967103],[-75.18592,39.967127],[-75.185951,39.967152],[-75.185982,39.967176],[-75.186014,39.967201],[-75.186045,39.967225],[-75.186077,39.967249],[-75.186109,39.967273],[-75.18614,39.967297],[-75.186172,39.967321],[-75.186204,39.967344],[-75.186236,39.967368],[-75.186268,39.967391],[-75.186301,39.967415],[-75.186333,39.967438],[-75.186365,39.967461],[-75.186398,39.967484],[-75.186431,39.967507],[-75.186463,39.96753],[-75.186496,39.967553],[-75.186529,39.967576],[-75.186562,39.967598],[-75.186595,39.967621],[-75.186628,39.967643],[-75.186662,39.967665],[-75.186695,39.967687],[-75.186729,39.967709],[-75.186763,39.96773],[-75.186798,39.967751],[-75.186833,39.967771],[-75.186868,39.967792],[-75.186903,39.967812],[-75.186939,39.967831],[-75.186976,39.967851],[-75.187012,39.96787],[-75.187049,39.967889],[-75.187086,39.967907],[-75.187123,39.967926],[-75.187161,39.967944],[-75.187199,39.967962],[-75.187237,39.967979],[-75.187275,39.967997],[-75.187313,39.968014],[-75.187352,39.968032],[-75.18739,39.968049],[-75.187429,39.968066],[-75.187468,39.968082],[-75.187507,39.968099],[-75.187546,39.968116],[-75.187585,39.968132],[-75.187625,39.968149],[-75.187664,39.968165],[-75.187703,39.968181],[-75.187743,39.968198],[-75.187782,39.968214],[-75.187821,39.96823],[-75.187861,39.968247],[-75.1879,39.968263],[-75.187939,39.968279],[-75.187979,39.968296],[-75.188018,39.968312],[-75.188057,39.968329],[-75.188096,39.968345],[-75.188134,39.968362],[-75.188173,39.968379],[-75.188211,39.968396],[-75.18825,39.968412],[-75.188289,39.968429],[-75.188328,39.968445],[-75.188368,39.968461],[-75.188407,39.968477],[-75.188447,39.968492],[-75.188487,39.968507],[-75.188528,39.968523],[-75.188568,39.968537],[-75.188608,39.968552],[-75.188649,39.968567],[-75.188689,39.968582],[-75.18873,39.968596],[-75.188771,39.968611],[-75.188811,39.968626],[-75.188852,39.96864],[-75.188893,39.968655],[-75.188933,39.968669],[-75.188974,39.968684],[-75.189014,39.968699],[-75.189055,39.968713],[-75.189095,39.968728],[-75.189135,39.968743],[-75.189175,39.968759],[-75.189215,39.968774],[-75.189254,39.968789],[-75.189294,39.968805],[-75.189333,39.968821],[-75.189372,39.968838],[-75.18941,39.968854],[-75.189449,39.968871],[-75.189487,39.968888],[-75.189524,39.968905],[-75.189562,39.968923],[-75.189599,39.968941],[-75.189635,39.96896],[-75.189671,39.968979],[-75.189707,39.968998],[-75.189742,39.969018],[-75.189777,39.969039],[-75.189811,39.969059],[-75.189846,39.96908],[-75.18988,39.969102],[-75.189914,39.969123],[-75.189949,39.969145],[-75.189983,39.969167],[-75.190017,39.969189],[-75.190052,39.969212],[-75.190086,39.969234],[-75.19012,39.969257],[-75.190154,39.96928],[-75.190187,39.969303],[-75.190221,39.969327],[-75.190254,39.969351],[-75.190287,39.969375],[-75.19032,39.969399],[-75.190353,39.969424],[-75.190385,39.969448],[-75.190417,39.969473],[-75.190449,39.969498],[-75.19048,39.969524],[-75.190511,39.969549],[-75.190541,39.969575],[-75.190571,39.969601],[-75.190601,39.969627],[-75.19063,39.969654],[-75.190659,39.969681],[-75.190687,39.969707],[-75.190715,39.969735],[-75.190742,39.969762],[-75.190768,39.96979],[-75.190794,39.969817],[-75.190819,39.969845],[-75.190844,39.969874],[-75.190868,39.969902],[-75.190891,39.969931],[-75.190913,39.96996],[-75.190935,39.969989],[-75.190956,39.970018],[-75.190976,39.970048],[-75.190996,39.970078],[-75.191014,39.970108],[-75.191033,39.970138],[-75.19105,39.970168],[-75.191067,39.970199],[-75.191084,39.970229],[-75.191101,39.97026],[-75.191117,39.970291],[-75.191133,39.970323],[-75.191148,39.970354],[-75.191163,39.970385],[-75.191177,39.970417],[-75.191192,39.970449],[-75.191206,39.970481],[-75.191219,39.970513],[-75.191233,39.970545],[-75.191246,39.970577],[-75.191259,39.97061],[-75.191271,39.970642],[-75.191283,39.970675],[-75.191295,39.970708],[-75.191307,39.97074],[-75.191319,39.970773],[-75.19133,39.970806],[-75.191341,39.970839],[-75.191352,39.970873],[-75.191362,39.970906],[-75.191373,39.970939],[-75.191383,39.970973],[-75.191394,39.971006],[-75.191404,39.97104],[-75.191413,39.971073],[-75.191423,39.971107],[-75.191433,39.971141],[-75.191442,39.971174],[-75.191452,39.971208],[-75.191461,39.971242],[-75.191471,39.971276],[-75.19148,39.97131],[-75.191489,39.971344],[-75.191498,39.971377],[-75.191507,39.971411],[-75.191516,39.971445],[-75.191525,39.971479],[-75.191534,39.971513],[-75.191543,39.971547],[-75.191552,39.971581],[-75.191562,39.971615],[-75.191571,39.971649],[-75.19158,39.971683],[-75.191589,39.971717],[-75.191598,39.971751],[-75.191608,39.971784],[-75.191617,39.971818],[-75.191627,39.971852],[-75.191636,39.971886],[-75.191646,39.971919],[-75.191656,39.971953],[-75.191666,39.971986],[-75.191676,39.97202],[-75.191687,39.972053],[-75.191697,39.972086],[-75.191708,39.97212],[-75.191719,39.972153],[-75.191739,39.972211],[-75.191752,39.972244],[-75.191766,39.972276],[-75.191779,39.972309],[-75.191793,39.972341],[-75.191806,39.972374],[-75.19182,39.972406],[-75.191833,39.972439],[-75.191846,39.972471],[-75.19186,39.972504],[-75.191873,39.972536],[-75.191886,39.972569],[-75.1919,39.972601],[-75.191913,39.972634],[-75.191926,39.972667],[-75.19194,39.972699],[-75.191953,39.972732],[-75.191966,39.972764],[-75.191979,39.972797],[-75.191993,39.97283],[-75.192006,39.972862],[-75.192019,39.972895],[-75.192032,39.972927],[-75.192045,39.97296],[-75.192058,39.972992],[-75.192072,39.973025],[-75.192085,39.973058],[-75.192098,39.97309],[-75.192111,39.973123],[-75.192124,39.973156],[-75.192137,39.973188],[-75.192151,39.973221],[-75.192164,39.973253],[-75.192177,39.973286],[-75.19219,39.973319],[-75.192203,39.973351],[-75.192216,39.973384],[-75.19223,39.973416],[-75.192243,39.973449],[-75.192256,39.973482],[-75.192269,39.973514],[-75.192282,39.973547],[-75.192296,39.973579],[-75.192309,39.973612],[-75.192322,39.973644],[-75.192335,39.973677],[-75.192349,39.97371],[-75.192362,39.973742],[-75.192375,39.973775],[-75.192388,39.973807],[-75.192402,39.97384],[-75.192415,39.973872],[-75.192428,39.973905],[-75.192442,39.973937],[-75.192455,39.97397],[-75.192469,39.974003],[-75.192482,39.974035],[-75.192496,39.974068],[-75.192509,39.9741],[-75.192523,39.974133],[-75.192536,39.974165],[-75.19255,39.974198],[-75.192563,39.97423],[-75.192577,39.974263],[-75.19259,39.974295],[-75.192604,39.974327],[-75.192618,39.97436],[-75.192632,39.974392],[-75.192645,39.974425],[-75.192659,39.974457],[-75.192673,39.97449],[-75.192687,39.974522],[-75.192701,39.974554],[-75.192715,39.974587],[-75.192729,39.974619],[-75.192743,39.974651],[-75.192757,39.974684],[-75.192771,39.974716],[-75.192785,39.974748],[-75.192799,39.974781],[-75.192813,39.974813],[-75.192828,39.974845],[-75.192842,39.974878],[-75.192856,39.97491],[-75.192871,39.974942],[-75.192885,39.974974],[-75.192899,39.975006],[-75.192914,39.975039],[-75.192929,39.975071],[-75.192943,39.975103],[-75.192958,39.975135],[-75.192973,39.975167],[-75.192988,39.975199],[-75.193004,39.975231],[-75.193019,39.975263],[-75.193036,39.975295],[-75.193052,39.975327],[-75.193069,39.975359],[-75.193071,39.975362],[-75.193064,39.975363],[-75.191963,39.975487],[-75.191819,39.975502],[-75.191337,39.975554],[-75.190998,39.97554],[-75.190625,39.975496],[-75.189963,39.975413],[-75.189579,39.975535],[-75.189484,39.975592],[-75.189388,39.97567],[-75.189322,39.975749],[-75.18927,39.975836],[-75.189238,39.975928],[-75.189217,39.976049],[-75.189217,39.976129],[-75.189267,39.976278],[-75.189545,39.976871],[-75.189676,39.977183],[-75.189718,39.977283],[-75.189785,39.977442],[-75.189884,39.977943],[-75.189663,39.978375],[-75.189433,39.978583],[-75.18931,39.978708],[-75.189235,39.97881],[-75.189164,39.979021],[-75.189064,39.979459],[-75.188988,39.979792],[-75.188663,39.981217],[-75.187858,39.981118],[-75.187009,39.981016],[-75.186714,39.980976],[-75.186325,39.980924],[-75.1855,39.980814],[-75.184425,39.980678],[-75.183841,39.980594],[-75.183283,39.980515],[-75.182808,39.980452],[-75.182219,39.980383],[-75.181618,39.980299],[-75.181137,39.980248],[-75.180594,39.980176],[-75.179882,39.980091],[-75.179176,39.979997],[-75.178377,39.979886],[-75.177587,39.979784],[-75.176783,39.979678],[-75.175992,39.979582],[-75.175884,39.980054],[-75.175791,39.980504],[-75.17569,39.980992],[-75.175557,39.98157],[-75.175346,39.982527],[-75.174994,39.982469]]]},"properties":{"ward_num":"29"}},{"type":"Feature","geometry":{"type":"Polygon","coordinates":[[[-75.174774,39.982454],[-75.174336,39.982404],[-75.173752,39.982316],[-75.173217,39.98226],[-75.172733,39.98219],[-75.172164,39.98211],[-75.171376,39.98201],[-75.170561,39.981911],[-75.169748,39.981811],[-75.168964,39.981699],[-75.168497,39.981646],[-75.168296,39.981614],[-75.16803,39.981585],[-75.167745,39.981544],[-75.167079,39.981463],[-75.166296,39.981357],[-75.165513,39.981253],[-75.164726,39.981154],[-75.163938,39.981047],[-75.163158,39.980951],[-75.162362,39.980846],[-75.161583,39.980739],[-75.160801,39.980643],[-75.160007,39.98054],[-75.159221,39.980444],[-75.157585,39.980232],[-75.157917,39.978717],[-75.158241,39.97729],[-75.15823,39.977225],[-75.158529,39.97586],[-75.158785,39.974492],[-75.159059,39.973214],[-75.159239,39.972393],[-75.159444,39.971476],[-75.159705,39.970211],[-75.159855,39.97023],[-75.160562,39.970329],[-75.161406,39.970438],[-75.162983,39.970632],[-75.164557,39.970826],[-75.165313,39.97092],[-75.165989,39.970999],[-75.166735,39.971094],[-75.166814,39.971106],[-75.167706,39.971221],[-75.167642,39.971536],[-75.167575,39.97181],[-75.167524,39.972049],[-75.167424,39.972502],[-75.167222,39.973407],[-75.167734,39.974329],[-75.168057,39.974879],[-75.168147,39.975043],[-75.168265,39.975268],[-75.16836,39.975414],[-75.168551,39.975755],[-75.169114,39.976731],[-75.169385,39.977267],[-75.169779,39.977966],[-75.169976,39.978288],[-75.17029,39.978854],[-75.17043,39.979121],[-75.171069,39.979586],[-75.172373,39.980529],[-75.172506,39.980601],[-75.172644,39.980722],[-75.173209,39.98116],[-75.173616,39.981459],[-75.173911,39.981677],[-75.174994,39.982469],[-75.174774,39.982454]]]},"properties":{"ward_num":"47"}},{"type":"Feature","geometry":{"type":"Polygon","coordinates":[[[-75.087466,40.063593],[-75.087067,40.063372],[-75.086992,40.06333],[-75.086571,40.063099],[-75.085743,40.062604],[-75.085733,40.062599],[-75.084782,40.062053],[-75.083836,40.061482],[-75.083527,40.06128],[-75.083798,40.060852],[-75.084983,40.058903],[-75.085314,40.058313],[-75.085508,40.057909],[-75.085664,40.057552],[-75.085678,40.057217],[-75.085768,40.056126],[-75.085797,40.055434],[-75.08585,40.054419],[-75.086334,40.053832],[-75.086548,40.053596],[-75.086676,40.053442],[-75.086736,40.053355],[-75.086797,40.053151],[-75.086797,40.052915],[-75.086804,40.052754],[-75.08661,40.0522],[-75.085992,40.050887],[-75.086167,40.050034],[-75.08659,40.049309],[-75.086977,40.048576],[-75.087638,40.047052],[-75.08795,40.046353],[-75.088316,40.045523],[-75.088978,40.044342],[-75.088982,40.044091],[-75.088704,40.043023],[-75.088645,40.042796],[-75.088406,40.041934],[-75.088244,40.041134],[-75.088213,40.041047],[-75.088187,40.040777],[-75.088199,40.040537],[-75.088239,40.040336],[-75.088383,40.039867],[-75.088569,40.039106],[-75.088733,40.038246],[-75.088711,40.03796],[-75.088094,40.036549],[-75.087934,40.036246],[-75.087805,40.036042],[-75.087611,40.035621],[-75.087259,40.035025],[-75.087161,40.034799],[-75.085316,40.033531],[-75.085075,40.033175],[-75.084909,40.032929],[-75.084835,40.032359],[-75.084678,40.03178],[-75.084728,40.031762],[-75.0852,40.03158],[-75.085384,40.0315],[-75.085852,40.031297],[-75.086197,40.031138],[-75.086385,40.031047],[-75.086724,40.030884],[-75.088133,40.030095],[-75.089166,40.029556],[-75.089874,40.029151],[-75.090348,40.028902],[-75.090763,40.028673],[-75.091319,40.028365],[-75.093195,40.02733],[-75.09413,40.026812],[-75.094625,40.02661],[-75.095036,40.026515],[-75.095437,40.026447],[-75.095881,40.026441],[-75.096309,40.026481],[-75.096736,40.02657],[-75.097464,40.026861],[-75.098811,40.027749],[-75.100593,40.028916],[-75.101284,40.029371],[-75.101808,40.029628],[-75.10216,40.029757],[-75.102526,40.029844],[-75.102538,40.029847],[-75.103033,40.0299],[-75.103071,40.029904],[-75.103598,40.02994],[-75.103966,40.029908],[-75.104309,40.029855],[-75.104605,40.02979],[-75.105135,40.029629],[-75.106135,40.0293],[-75.106227,40.029271],[-75.106466,40.029197],[-75.107255,40.02895],[-75.110042,40.028057],[-75.11138,40.027629],[-75.111901,40.027508],[-75.112394,40.027414],[-75.112849,40.027346],[-75.112856,40.027393],[-75.112872,40.027469],[-75.112884,40.027526],[-75.112885,40.027668],[-75.11285,40.027728],[-75.112741,40.027807],[-75.112735,40.027812],[-75.112581,40.027864],[-75.112381,40.027915],[-75.11222,40.027983],[-75.11208,40.028005],[-75.111955,40.027997],[-75.111796,40.028014],[-75.111608,40.028101],[-75.11149,40.028235],[-75.11135,40.02844],[-75.11117,40.028654],[-75.111038,40.028818],[-75.110987,40.028939],[-75.110962,40.029091],[-75.110923,40.029232],[-75.110898,40.029363],[-75.110899,40.029505],[-75.110932,40.029699],[-75.110991,40.029863],[-75.11111,40.030206],[-75.11111,40.030363],[-75.111121,40.030586],[-75.111152,40.030821],[-75.111145,40.031013],[-75.11114,40.03105],[-75.111125,40.03117],[-75.111079,40.031337],[-75.111045,40.031534],[-75.111036,40.031762],[-75.111013,40.032015],[-75.11097,40.032263],[-75.110903,40.032474],[-75.11087,40.032646],[-75.110872,40.032768],[-75.110783,40.032999],[-75.110753,40.033105],[-75.110735,40.033232],[-75.110783,40.033345],[-75.110795,40.033548],[-75.110926,40.033744],[-75.111083,40.034123],[-75.111267,40.034362],[-75.111322,40.034433],[-75.111489,40.034543],[-75.111669,40.034684],[-75.111862,40.034811],[-75.112014,40.034977],[-75.112111,40.035187],[-75.112202,40.035412],[-75.112349,40.03569],[-75.112524,40.035948],[-75.112778,40.036217],[-75.113078,40.036463],[-75.113154,40.036523],[-75.113373,40.036698],[-75.113676,40.037055],[-75.11385,40.037328],[-75.113921,40.037543],[-75.114084,40.03811],[-75.114098,40.038257],[-75.114119,40.038395],[-75.114147,40.038527],[-75.114177,40.038619],[-75.114219,40.038717],[-75.11426,40.03884],[-75.114269,40.038946],[-75.114325,40.039044],[-75.114441,40.03926],[-75.114461,40.039296],[-75.114482,40.039433],[-75.114528,40.039607],[-75.114549,40.039734],[-75.114538,40.039851],[-75.114502,40.039921],[-75.11444,40.039996],[-75.114344,40.040085],[-75.114247,40.040194],[-75.114135,40.040359],[-75.114049,40.040535],[-75.113938,40.040674],[-75.11382,40.040834],[-75.113647,40.041201],[-75.113514,40.041406],[-75.113354,40.041615],[-75.113222,40.041764],[-75.113053,40.041882],[-75.11295,40.041981],[-75.112907,40.042057],[-75.112792,40.042135],[-75.112791,40.042137],[-75.112721,40.042271],[-75.112561,40.042632],[-75.112522,40.042794],[-75.112383,40.043151],[-75.112296,40.043332],[-75.112238,40.043472],[-75.112147,40.043602],[-75.112004,40.043721],[-75.111846,40.043869],[-75.11167,40.043997],[-75.111487,40.04411],[-75.111324,40.044233],[-75.111194,40.044352],[-75.111109,40.044482],[-75.111098,40.044598],[-75.11113,40.044792],[-75.111176,40.044976],[-75.111208,40.045159],[-75.111263,40.045617],[-75.111275,40.04582],[-75.11129,40.045953],[-75.111292,40.04608],[-75.111322,40.046151],[-75.111312,40.046242],[-75.11128,40.046374],[-75.111256,40.04649],[-75.111218,40.046621],[-75.111139,40.046781],[-75.111065,40.046823],[-75.109434,40.045883],[-75.109267,40.045787],[-75.108908,40.046136],[-75.109047,40.046219],[-75.108105,40.047176],[-75.108214,40.047239],[-75.10743,40.048031],[-75.107647,40.048149],[-75.107493,40.048337],[-75.106889,40.04883],[-75.106313,40.0493],[-75.104441,40.05041],[-75.102378,40.051633],[-75.100755,40.052596],[-75.100753,40.052597],[-75.10075,40.052599],[-75.100166,40.052956],[-75.099832,40.053162],[-75.099377,40.053308],[-75.099112,40.053572],[-75.098804,40.053723],[-75.098465,40.053897],[-75.097667,40.054375],[-75.09749,40.054488],[-75.097346,40.054589],[-75.096507,40.05518],[-75.095759,40.055639],[-75.095121,40.055946],[-75.094682,40.056379],[-75.093618,40.05743],[-75.092077,40.058975],[-75.091891,40.059161],[-75.089765,40.061294],[-75.087466,40.063593]]]},"properties":{"ward_num":"35"}},{"type":"Feature","geometry":{"type":"Polygon","coordinates":[[[-75.139554,40.062813],[-75.139417,40.063395],[-75.136839,40.061981],[-75.136804,40.06196],[-75.133072,40.059656],[-75.130112,40.057878],[-75.128955,40.057183],[-75.126312,40.055595],[-75.125356,40.05502],[-75.12375,40.0541],[-75.122124,40.053169],[-75.120808,40.052422],[-75.119992,40.051959],[-75.118567,40.05115],[-75.117062,40.050296],[-75.114509,40.048816],[-75.112366,40.047573],[-75.112058,40.047394],[-75.111065,40.046823],[-75.111139,40.046781],[-75.111218,40.046621],[-75.111256,40.04649],[-75.11128,40.046374],[-75.111312,40.046242],[-75.111322,40.046151],[-75.111292,40.04608],[-75.11129,40.045953],[-75.111275,40.04582],[-75.111263,40.045617],[-75.111208,40.045159],[-75.111176,40.044976],[-75.11113,40.044792],[-75.111098,40.044598],[-75.111109,40.044482],[-75.111194,40.044352],[-75.111324,40.044233],[-75.111487,40.04411],[-75.11167,40.043997],[-75.111846,40.043869],[-75.112004,40.043721],[-75.112147,40.043602],[-75.112238,40.043472],[-75.112296,40.043332],[-75.112383,40.043151],[-75.112522,40.042794],[-75.112561,40.042632],[-75.112721,40.042271],[-75.112791,40.042137],[-75.112792,40.042135],[-75.112907,40.042057],[-75.11295,40.041981],[-75.113053,40.041882],[-75.113222,40.041764],[-75.113354,40.041615],[-75.113514,40.041406],[-75.113647,40.041201],[-75.11382,40.040834],[-75.113938,40.040674],[-75.114049,40.040535],[-75.114135,40.040359],[-75.114247,40.040194],[-75.114344,40.040085],[-75.11444,40.039996],[-75.114502,40.039921],[-75.114538,40.039851],[-75.114549,40.039734],[-75.114528,40.039607],[-75.114482,40.039433],[-75.114461,40.039296],[-75.114441,40.03926],[-75.114325,40.039044],[-75.114269,40.038946],[-75.11426,40.03884],[-75.114219,40.038717],[-75.114177,40.038619],[-75.114147,40.038527],[-75.114119,40.038395],[-75.114098,40.038257],[-75.114084,40.03811],[-75.113921,40.037543],[-75.11385,40.037328],[-75.113676,40.037055],[-75.113373,40.036698],[-75.113154,40.036523],[-75.114033,40.035481],[-75.114615,40.034805],[-75.1149,40.034456],[-75.115137,40.034488],[-75.115476,40.034527],[-75.115835,40.034578],[-75.116155,40.034625],[-75.116507,40.034665],[-75.116853,40.034703],[-75.117165,40.034744],[-75.117554,40.034803],[-75.120077,40.035121],[-75.121424,40.03529],[-75.123863,40.035572],[-75.12486,40.035718],[-75.125404,40.035783],[-75.126535,40.035939],[-75.127643,40.036073],[-75.128658,40.036204],[-75.129523,40.036319],[-75.13052,40.036446],[-75.130883,40.034754],[-75.131165,40.033401],[-75.131292,40.032828],[-75.131311,40.03283],[-75.131649,40.032871],[-75.131988,40.032912],[-75.132326,40.032954],[-75.132664,40.032995],[-75.133002,40.033036],[-75.133341,40.033077],[-75.133979,40.033155],[-75.134316,40.033198],[-75.134654,40.033242],[-75.134937,40.033279],[-75.1348,40.036043],[-75.1348,40.036994],[-75.1348,40.03859],[-75.134801,40.040264],[-75.134748,40.041212],[-75.134753,40.041731],[-75.134754,40.04184],[-75.134754,40.041846],[-75.134735,40.042109],[-75.134726,40.042372],[-75.134724,40.042635],[-75.134725,40.042899],[-75.134729,40.043162],[-75.134731,40.043425],[-75.134731,40.043689],[-75.134731,40.043952],[-75.13473,40.044215],[-75.13473,40.044478],[-75.134729,40.044742],[-75.134729,40.045005],[-75.134729,40.045268],[-75.134728,40.045531],[-75.134728,40.045794],[-75.134728,40.046058],[-75.134728,40.046144],[-75.132943,40.046069],[-75.132124,40.046028],[-75.132025,40.046576],[-75.131883,40.047176],[-75.131663,40.048164],[-75.131406,40.049408],[-75.131115,40.050698],[-75.130786,40.052216],[-75.131873,40.052362],[-75.132746,40.052463],[-75.133355,40.052545],[-75.13339,40.05255],[-75.133817,40.052609],[-75.135287,40.05281],[-75.136696,40.05299],[-75.137771,40.053122],[-75.138558,40.053234],[-75.139347,40.053331],[-75.140376,40.053469],[-75.140443,40.053464],[-75.141563,40.053609],[-75.141445,40.054217],[-75.141214,40.055148],[-75.140872,40.056704],[-75.14072,40.057359],[-75.140546,40.058219],[-75.140206,40.059739],[-75.139875,40.06126],[-75.139722,40.061949],[-75.139554,40.062813]]]},"properties":{"ward_num":"61"}},{"type":"Feature","geometry":{"type":"Polygon","coordinates":[[[-75.148813,40.054551],[-75.14871,40.054535],[-75.148419,40.054497],[-75.147908,40.054432],[-75.147606,40.054393],[-75.147127,40.054328],[-75.146337,40.054229],[-75.145556,40.054127],[-75.1453,40.054098],[-75.144764,40.054032],[-75.143192,40.05382],[-75.141795,40.05364],[-75.141563,40.053609],[-75.141626,40.053233],[-75.141875,40.052086],[-75.142217,40.050572],[-75.14255,40.04905],[-75.1429,40.047503],[-75.143105,40.046482],[-75.143265,40.045725],[-75.14355,40.044435],[-75.143872,40.04291],[-75.144196,40.041484],[-75.144227,40.041391],[-75.144287,40.041177],[-75.144446,40.040524],[-75.144575,40.039846],[-75.144752,40.039082],[-75.145556,40.035271],[-75.1459,40.033737],[-75.14623,40.032195],[-75.146522,40.030875],[-75.146578,40.030647],[-75.146685,40.030236],[-75.146708,40.030136],[-75.146712,40.030134],[-75.146993,40.029984],[-75.147274,40.029834],[-75.147556,40.029684],[-75.147837,40.029533],[-75.148118,40.029383],[-75.148399,40.029233],[-75.148642,40.029104],[-75.14868,40.029083],[-75.148962,40.028933],[-75.149243,40.028783],[-75.149524,40.028632],[-75.149805,40.028482],[-75.150087,40.028332],[-75.150368,40.028182],[-75.150649,40.028032],[-75.15093,40.027882],[-75.151212,40.027732],[-75.151493,40.027581],[-75.151522,40.027566],[-75.151774,40.027431],[-75.152055,40.027281],[-75.152337,40.027131],[-75.152618,40.026981],[-75.152899,40.026831],[-75.15318,40.026681],[-75.153462,40.026531],[-75.153743,40.026381],[-75.154024,40.02623],[-75.154066,40.026208],[-75.154305,40.02608],[-75.154587,40.02593],[-75.154868,40.02578],[-75.155149,40.02563],[-75.155431,40.02548],[-75.155712,40.02533],[-75.155995,40.025182],[-75.156278,40.025033],[-75.156561,40.024885],[-75.156843,40.024736],[-75.157123,40.024585],[-75.157405,40.024434],[-75.157686,40.024283],[-75.157962,40.024127],[-75.158228,40.023963],[-75.158482,40.023787],[-75.158727,40.023602],[-75.158964,40.023412],[-75.159197,40.023219],[-75.159216,40.023201],[-75.159317,40.02342],[-75.159278,40.023475],[-75.159107,40.023706],[-75.15897,40.023946],[-75.158878,40.024198],[-75.15879,40.024452],[-75.158704,40.024706],[-75.158621,40.024961],[-75.158541,40.025217],[-75.158462,40.025473],[-75.158385,40.02573],[-75.158308,40.025987],[-75.158232,40.026244],[-75.158157,40.026501],[-75.158081,40.026759],[-75.158005,40.027015],[-75.157928,40.027272],[-75.15785,40.027528],[-75.157772,40.027785],[-75.157695,40.028041],[-75.157619,40.028298],[-75.157544,40.028555],[-75.15747,40.028812],[-75.157397,40.029069],[-75.157325,40.029326],[-75.157255,40.029584],[-75.157196,40.029844],[-75.157155,40.030105],[-75.157132,40.030368],[-75.157123,40.030631],[-75.157121,40.030894],[-75.157121,40.031002],[-75.157122,40.031157],[-75.157126,40.03142],[-75.15713,40.031684],[-75.157133,40.031947],[-75.157133,40.03221],[-75.157133,40.032474],[-75.157132,40.032737],[-75.157132,40.033],[-75.157133,40.033263],[-75.157136,40.033527],[-75.157141,40.03379],[-75.15715,40.034053],[-75.157179,40.034317],[-75.157248,40.034573],[-75.15736,40.034824],[-75.157515,40.035057],[-75.157727,40.035266],[-75.157965,40.035455],[-75.158233,40.03562],[-75.158512,40.035775],[-75.158817,40.03589],[-75.158837,40.035893],[-75.158366,40.036356],[-75.158376,40.036694],[-75.158417,40.037511],[-75.158454,40.038548],[-75.158406,40.040746],[-75.158361,40.041496],[-75.158344,40.042031],[-75.15832,40.042418],[-75.15831,40.04287],[-75.158288,40.043351],[-75.158265,40.043791],[-75.158221,40.045085],[-75.158168,40.045921],[-75.158134,40.046428],[-75.158095,40.047116],[-75.158069,40.047471],[-75.158061,40.047602],[-75.158021,40.048135],[-75.157986,40.048674],[-75.157962,40.049035],[-75.157952,40.049226],[-75.15792,40.049678],[-75.157874,40.050407],[-75.15786,40.050612],[-75.157777,40.051964],[-75.157749,40.052382],[-75.156894,40.053047],[-75.156761,40.053185],[-75.156606,40.053263],[-75.155558,40.054083],[-75.155217,40.053932],[-75.154385,40.053554],[-75.15367,40.053225],[-75.153323,40.053047],[-75.152883,40.052853],[-75.151654,40.052281],[-75.150144,40.051587],[-75.150026,40.052483],[-75.149922,40.053136],[-75.149707,40.054658],[-75.149361,40.054625],[-75.149197,40.054601],[-75.148813,40.054551]]]},"properties":{"ward_num":"17"}},{"type":"Feature","geometry":{"type":"Polygon","coordinates":[[[-75.140376,40.053469],[-75.139347,40.053331],[-75.138558,40.053234],[-75.137771,40.053122],[-75.136696,40.05299],[-75.135287,40.05281],[-75.133817,40.052609],[-75.13339,40.05255],[-75.133355,40.052545],[-75.132746,40.052463],[-75.131873,40.052362],[-75.130786,40.052216],[-75.131115,40.050698],[-75.131406,40.049408],[-75.131663,40.048164],[-75.131883,40.047176],[-75.132025,40.046576],[-75.132124,40.046028],[-75.132943,40.046069],[-75.134728,40.046144],[-75.134728,40.046058],[-75.134728,40.045794],[-75.134728,40.045531],[-75.134729,40.045268],[-75.134729,40.045005],[-75.134729,40.044742],[-75.13473,40.044478],[-75.13473,40.044215],[-75.134731,40.043952],[-75.134731,40.043689],[-75.134731,40.043425],[-75.134729,40.043162],[-75.134725,40.042899],[-75.134724,40.042635],[-75.134726,40.042372],[-75.134735,40.042109],[-75.134754,40.041846],[-75.134754,40.04184],[-75.134753,40.041731],[-75.134748,40.041212],[-75.134801,40.040264],[-75.1348,40.03859],[-75.1348,40.036994],[-75.1348,40.036043],[-75.134937,40.033279],[-75.134654,40.033242],[-75.134316,40.033198],[-75.133979,40.033155],[-75.133341,40.033077],[-75.133002,40.033036],[-75.132664,40.032995],[-75.132326,40.032954],[-75.131988,40.032912],[-75.131649,40.032871],[-75.131311,40.03283],[-75.131292,40.032828],[-75.131396,40.032361],[-75.13151,40.031876],[-75.131611,40.031362],[-75.131832,40.03033],[-75.132177,40.028781],[-75.132355,40.028029],[-75.132512,40.027283],[-75.132841,40.025792],[-75.133013,40.025006],[-75.13317,40.024308],[-75.13321,40.024154],[-75.133255,40.023906],[-75.13329,40.023793],[-75.133335,40.023538],[-75.13352,40.022708],[-75.133693,40.021902],[-75.133862,40.021125],[-75.133941,40.020763],[-75.134018,40.020382],[-75.134197,40.019628],[-75.134872,40.019719],[-75.135436,40.019791],[-75.136742,40.019968],[-75.137267,40.020032],[-75.137814,40.020098],[-75.138466,40.020181],[-75.139102,40.020271],[-75.140108,40.0204],[-75.140952,40.020506],[-75.14203,40.020645],[-75.142366,40.02056],[-75.144589,40.020089],[-75.14511,40.019961],[-75.145369,40.019875],[-75.145594,40.01978],[-75.145924,40.019636],[-75.146224,40.019496],[-75.146378,40.019425],[-75.146397,40.019416],[-75.147061,40.019103],[-75.147146,40.01902],[-75.14847,40.018416],[-75.149092,40.018119],[-75.149349,40.017967],[-75.149233,40.018512],[-75.148996,40.019582],[-75.148956,40.019751],[-75.148956,40.019753],[-75.148939,40.019835],[-75.148938,40.019838],[-75.148872,40.020137],[-75.148852,40.02021],[-75.148741,40.02072],[-75.148694,40.020962],[-75.148569,40.021485],[-75.148248,40.022969],[-75.147897,40.024563],[-75.147558,40.026148],[-75.147221,40.027653],[-75.14692,40.029122],[-75.146853,40.029491],[-75.14683,40.029612],[-75.146708,40.030136],[-75.146685,40.030236],[-75.146578,40.030647],[-75.146522,40.030875],[-75.14623,40.032195],[-75.1459,40.033737],[-75.145556,40.035271],[-75.144752,40.039082],[-75.144575,40.039846],[-75.144446,40.040524],[-75.144287,40.041177],[-75.144227,40.041391],[-75.144196,40.041484],[-75.143872,40.04291],[-75.14355,40.044435],[-75.143265,40.045725],[-75.143105,40.046482],[-75.1429,40.047503],[-75.14255,40.04905],[-75.142217,40.050572],[-75.141875,40.052086],[-75.141626,40.053233],[-75.141563,40.053609],[-75.140443,40.053464],[-75.140376,40.053469]]]},"properties":{"ward_num":"49"}},{"type":"Feature","geometry":{"type":"Polygon","coordinates":[[[-75.066049,40.05119],[-75.065758,40.051017],[-75.065405,40.050818],[-75.065134,40.050674],[-75.064845,40.050503],[-75.064563,40.050348],[-75.064188,40.050139],[-75.063833,40.04994],[-75.063579,40.049802],[-75.06352,40.049774],[-75.06344,40.04976],[-75.062386,40.049157],[-75.061377,40.048595],[-75.059939,40.04776],[-75.05837,40.046815],[-75.058068,40.04664],[-75.057728,40.04642],[-75.057372,40.046217],[-75.05705,40.046039],[-75.056716,40.045844],[-75.056386,40.045649],[-75.056146,40.045508],[-75.055725,40.045266],[-75.05465,40.044654],[-75.054442,40.044533],[-75.054816,40.044172],[-75.055137,40.043873],[-75.055781,40.043317],[-75.056272,40.042885],[-75.056639,40.042563],[-75.057551,40.041748],[-75.057605,40.041701],[-75.057726,40.041595],[-75.058879,40.040513],[-75.060038,40.039442],[-75.060139,40.039346],[-75.061399,40.038151],[-75.061542,40.038015],[-75.061942,40.037676],[-75.062212,40.037473],[-75.062579,40.037247],[-75.062847,40.037122],[-75.06289,40.037101],[-75.062938,40.037076],[-75.063226,40.036931],[-75.063528,40.036832],[-75.064447,40.036606],[-75.066186,40.036233],[-75.067602,40.035897],[-75.070004,40.035329],[-75.070919,40.035112],[-75.071039,40.035099],[-75.074879,40.034219],[-75.074921,40.03421],[-75.07701,40.033731],[-75.077315,40.033661],[-75.078127,40.033475],[-75.080412,40.032946],[-75.081461,40.032704],[-75.082445,40.032474],[-75.083012,40.03232],[-75.083561,40.032158],[-75.083911,40.032051],[-75.084136,40.031974],[-75.084293,40.03192],[-75.084678,40.03178],[-75.084275,40.032181],[-75.084174,40.032322],[-75.08402,40.032548],[-75.083374,40.033253],[-75.082925,40.033731],[-75.082182,40.034495],[-75.08196,40.034727],[-75.08176,40.034933],[-75.081577,40.03512],[-75.081381,40.035322],[-75.080983,40.035722],[-75.080603,40.03614],[-75.080251,40.036519],[-75.079839,40.036931],[-75.079549,40.037231],[-75.079353,40.037442],[-75.079268,40.037526],[-75.079161,40.037631],[-75.079002,40.037805],[-75.078824,40.037997],[-75.078623,40.038215],[-75.078391,40.038442],[-75.078213,40.038627],[-75.078013,40.038836],[-75.077832,40.03901],[-75.077398,40.039473],[-75.077004,40.039894],[-75.076823,40.040083],[-75.076654,40.040267],[-75.07624,40.040695],[-75.075837,40.041104],[-75.075454,40.041486],[-75.075035,40.041949],[-75.074441,40.042553],[-75.073838,40.043183],[-75.073253,40.043805],[-75.072648,40.044403],[-75.072072,40.045033],[-75.071467,40.045657],[-75.070889,40.046228],[-75.070304,40.046831],[-75.069691,40.04749],[-75.069077,40.048119],[-75.068478,40.048739],[-75.067875,40.04936],[-75.067276,40.049982],[-75.066694,40.050551],[-75.066049,40.05119]]]},"properties":{"ward_num":"54"}},{"type":"Feature","geometry":{"type":"Polygon","coordinates":[[[-75.157777,40.051964],[-75.15786,40.050612],[-75.157874,40.050407],[-75.15792,40.049678],[-75.157952,40.049226],[-75.157962,40.049035],[-75.157986,40.048674],[-75.158021,40.048135],[-75.158061,40.047602],[-75.158069,40.047471],[-75.158095,40.047116],[-75.158134,40.046428],[-75.158168,40.045921],[-75.158221,40.045085],[-75.158265,40.043791],[-75.158288,40.043351],[-75.15831,40.04287],[-75.15832,40.042418],[-75.158344,40.042031],[-75.158361,40.041496],[-75.158406,40.040746],[-75.158454,40.038548],[-75.158417,40.037511],[-75.158376,40.036694],[-75.158366,40.036356],[-75.158837,40.035893],[-75.158817,40.03589],[-75.158512,40.035775],[-75.158233,40.03562],[-75.157965,40.035455],[-75.157727,40.035266],[-75.157515,40.035057],[-75.15736,40.034824],[-75.157248,40.034573],[-75.157179,40.034317],[-75.15715,40.034053],[-75.157141,40.03379],[-75.157136,40.033527],[-75.157133,40.033263],[-75.157132,40.033],[-75.157132,40.032737],[-75.157133,40.032474],[-75.157133,40.03221],[-75.157133,40.031947],[-75.15713,40.031684],[-75.157126,40.03142],[-75.157122,40.031157],[-75.157121,40.031002],[-75.157121,40.030894],[-75.157123,40.030631],[-75.157132,40.030368],[-75.157155,40.030105],[-75.157196,40.029844],[-75.157255,40.029584],[-75.157325,40.029326],[-75.157397,40.029069],[-75.15747,40.028812],[-75.157544,40.028555],[-75.157619,40.028298],[-75.157695,40.028041],[-75.157772,40.027785],[-75.15785,40.027528],[-75.157928,40.027272],[-75.158005,40.027015],[-75.158081,40.026759],[-75.158157,40.026501],[-75.158232,40.026244],[-75.158308,40.025987],[-75.158385,40.02573],[-75.158462,40.025473],[-75.158541,40.025217],[-75.158621,40.024961],[-75.158704,40.024706],[-75.15879,40.024452],[-75.158878,40.024198],[-75.15897,40.023946],[-75.159107,40.023706],[-75.159278,40.023475],[-75.159317,40.02342],[-75.159216,40.023201],[-75.15942,40.02302],[-75.159639,40.022817],[-75.159886,40.022589],[-75.160074,40.022369],[-75.160264,40.02215],[-75.160454,40.02193],[-75.160643,40.021711],[-75.160733,40.021603],[-75.162027,40.022296],[-75.162605,40.022622],[-75.163216,40.022956],[-75.163927,40.023354],[-75.16462,40.023728],[-75.165277,40.024097],[-75.166117,40.024546],[-75.16613,40.024553],[-75.166995,40.025022],[-75.167647,40.025382],[-75.169192,40.02622],[-75.169537,40.025831],[-75.16994,40.025397],[-75.170025,40.0253],[-75.170586,40.024676],[-75.171658,40.023533],[-75.17198,40.023154],[-75.173117,40.021905],[-75.173785,40.021193],[-75.174408,40.020493],[-75.174555,40.020354],[-75.174683,40.020205],[-75.174965,40.019901],[-75.176863,40.021511],[-75.178143,40.022604],[-75.179036,40.023338],[-75.179846,40.024095],[-75.18167,40.025666],[-75.182127,40.026055],[-75.182935,40.026754],[-75.183546,40.027275],[-75.182704,40.028064],[-75.181483,40.029273],[-75.180885,40.02985],[-75.180293,40.03042],[-75.178916,40.031746],[-75.17881,40.031859],[-75.17847,40.032186],[-75.177742,40.0329],[-75.177577,40.033056],[-75.176498,40.034106],[-75.174727,40.03583],[-75.173853,40.036685],[-75.173081,40.037443],[-75.172175,40.038333],[-75.172139,40.038367],[-75.171621,40.038857],[-75.169797,40.040639],[-75.16871,40.041696],[-75.16721,40.043158],[-75.166088,40.044253],[-75.164834,40.045477],[-75.164023,40.046257],[-75.163179,40.047086],[-75.161659,40.048568],[-75.161264,40.048946],[-75.160908,40.049304],[-75.160531,40.049673],[-75.159043,40.051116],[-75.157749,40.052382],[-75.157777,40.051964]]]},"properties":{"ward_num":"12"}},{"type":"Feature","geometry":{"type":"Polygon","coordinates":[[[-75.064447,40.036606],[-75.064365,40.036315],[-75.064329,40.036177],[-75.064253,40.035893],[-75.063785,40.033728],[-75.063737,40.033705],[-75.063595,40.033511],[-75.063192,40.031576],[-75.062907,40.03023],[-75.062938,40.030102],[-75.062831,40.02942],[-75.06268,40.029191],[-75.062556,40.028631],[-75.062428,40.027989],[-75.062465,40.02789],[-75.062397,40.027454],[-75.062421,40.027146],[-75.062563,40.026136],[-75.06264,40.02562],[-75.062692,40.025218],[-75.062805,40.024411],[-75.062944,40.02348],[-75.062968,40.023261],[-75.063084,40.022462],[-75.063152,40.022032],[-75.06319,40.021649],[-75.063422,40.020051],[-75.063622,40.018684],[-75.063671,40.018415],[-75.063812,40.018209],[-75.064552,40.017814],[-75.065117,40.017521],[-75.065695,40.01723],[-75.066197,40.016966],[-75.066755,40.016671],[-75.067268,40.016046],[-75.06775,40.015439],[-75.068073,40.015002],[-75.068205,40.014739],[-75.068355,40.014219],[-75.068506,40.013629],[-75.068583,40.013381],[-75.068673,40.013109],[-75.068871,40.012761],[-75.069072,40.01246],[-75.069291,40.012201],[-75.069789,40.011552],[-75.070584,40.010542],[-75.070637,40.010529],[-75.070963,40.010448],[-75.071289,40.010368],[-75.071615,40.010287],[-75.07194,40.010206],[-75.072266,40.010126],[-75.072375,40.010099],[-75.072626,40.010742],[-75.072869,40.011404],[-75.073298,40.012553],[-75.07375,40.013726],[-75.074156,40.014839],[-75.074322,40.015291],[-75.074383,40.015413],[-75.074713,40.016317],[-75.075052,40.017169],[-75.075132,40.017501],[-75.075433,40.017674],[-75.076167,40.018058],[-75.076923,40.018461],[-75.077665,40.018862],[-75.079092,40.019606],[-75.080428,40.020312],[-75.081312,40.02077],[-75.082128,40.021209],[-75.082199,40.021241],[-75.08355,40.021958],[-75.084273,40.022341],[-75.084429,40.022426],[-75.084427,40.022659],[-75.084466,40.02333],[-75.084457,40.023647],[-75.084459,40.02416],[-75.084623,40.025051],[-75.08473,40.025468],[-75.084933,40.026386],[-75.08524,40.027821],[-75.08539,40.028552],[-75.085378,40.028564],[-75.08519,40.029569],[-75.085043,40.030317],[-75.084797,40.031233],[-75.084678,40.03178],[-75.084293,40.03192],[-75.084136,40.031974],[-75.083911,40.032051],[-75.083561,40.032158],[-75.083012,40.03232],[-75.082445,40.032474],[-75.081461,40.032704],[-75.080412,40.032946],[-75.078127,40.033475],[-75.077315,40.033661],[-75.07701,40.033731],[-75.074921,40.03421],[-75.074879,40.034219],[-75.071039,40.035099],[-75.070919,40.035112],[-75.070004,40.035329],[-75.067602,40.035897],[-75.066186,40.036233],[-75.064447,40.036606]]]},"properties":{"ward_num":"62"}},{"type":"Feature","geometry":{"type":"Polygon","coordinates":[[[-75.152325,40.068911],[-75.152226,40.069403],[-75.152194,40.069532],[-75.152137,40.069675],[-75.152072,40.06978],[-75.151999,40.06989],[-75.151916,40.069988],[-75.151842,40.070069],[-75.151591,40.070326],[-75.150727,40.069833],[-75.150042,40.069444],[-75.148357,40.068484],[-75.14768,40.068099],[-75.146623,40.067497],[-75.145221,40.066699],[-75.144556,40.06632],[-75.143946,40.065973],[-75.140904,40.06424],[-75.139417,40.063395],[-75.139554,40.062813],[-75.139722,40.061949],[-75.139875,40.06126],[-75.140206,40.059739],[-75.140546,40.058219],[-75.14072,40.057359],[-75.140872,40.056704],[-75.141214,40.055148],[-75.141445,40.054217],[-75.141563,40.053609],[-75.141795,40.05364],[-75.143192,40.05382],[-75.144764,40.054032],[-75.1453,40.054098],[-75.145556,40.054127],[-75.146337,40.054229],[-75.147127,40.054328],[-75.147606,40.054393],[-75.147908,40.054432],[-75.148419,40.054497],[-75.14871,40.054535],[-75.148813,40.054551],[-75.149197,40.054601],[-75.149361,40.054625],[-75.149707,40.054658],[-75.149922,40.053136],[-75.150026,40.052483],[-75.150144,40.051587],[-75.151654,40.052281],[-75.152883,40.052853],[-75.153323,40.053047],[-75.15367,40.053225],[-75.154385,40.053554],[-75.155217,40.053932],[-75.155558,40.054083],[-75.156489,40.054529],[-75.157178,40.054844],[-75.15756,40.055043],[-75.157577,40.055057],[-75.157751,40.055162],[-75.157873,40.055208],[-75.158309,40.055446],[-75.158892,40.055778],[-75.160642,40.056789],[-75.160693,40.056841],[-75.161951,40.057576],[-75.162125,40.057648],[-75.162249,40.05771],[-75.162657,40.057945],[-75.163176,40.058243],[-75.164605,40.059053],[-75.165455,40.059551],[-75.165955,40.059831],[-75.166232,40.059995],[-75.166971,40.060423],[-75.16749,40.060716],[-75.167847,40.060922],[-75.168327,40.061194],[-75.168645,40.061383],[-75.16907,40.061628],[-75.169382,40.061807],[-75.169799,40.062044],[-75.170067,40.062195],[-75.170476,40.062432],[-75.170789,40.062609],[-75.169832,40.063549],[-75.169046,40.064309],[-75.168102,40.065229],[-75.166076,40.067204],[-75.165708,40.067447],[-75.16532,40.067716],[-75.165148,40.067829],[-75.164879,40.068016],[-75.16464,40.068202],[-75.164363,40.068433],[-75.164109,40.068672],[-75.162499,40.067741],[-75.160834,40.066787],[-75.159386,40.065957],[-75.159303,40.065922],[-75.158626,40.065536],[-75.158016,40.065191],[-75.157793,40.065061],[-75.157417,40.064844],[-75.15673,40.064451],[-75.156503,40.064403],[-75.156157,40.063857],[-75.15572,40.063164],[-75.155257,40.062441],[-75.155207,40.062513],[-75.154702,40.063034],[-75.154113,40.063657],[-75.153586,40.064207],[-75.153516,40.064295],[-75.153344,40.064816],[-75.153247,40.065151],[-75.15308,40.06567],[-75.15294,40.066127],[-75.15282,40.066674],[-75.152604,40.067655],[-75.152325,40.068911]]]},"properties":{"ward_num":"10"}},{"type":"Feature","geometry":{"type":"Polygon","coordinates":[[[-75.142418,40.001959],[-75.142408,40.001963],[-75.142097,40.002073],[-75.141786,40.002183],[-75.141475,40.002292],[-75.141164,40.002402],[-75.140852,40.002511],[-75.140541,40.002621],[-75.14023,40.00273],[-75.139919,40.00284],[-75.139878,40.002855],[-75.14007,40.00198],[-75.140151,40.001592],[-75.140231,40.001259],[-75.140404,40.000486],[-75.14048,40.000103],[-75.1405,40.000003],[-75.140848,39.998416],[-75.140938,39.998041],[-75.141169,39.996924],[-75.141498,39.995431],[-75.141833,39.993939],[-75.142176,39.992352],[-75.142524,39.990764],[-75.14285,39.989266],[-75.143171,39.987776],[-75.143503,39.986285],[-75.143644,39.985642],[-75.143847,39.984692],[-75.144157,39.984733],[-75.144657,39.9848],[-75.145447,39.984905],[-75.146105,39.984988],[-75.146785,39.985073],[-75.147277,39.985133],[-75.147769,39.9852],[-75.148261,39.985262],[-75.148552,39.985301],[-75.149344,39.985402],[-75.1502,39.985513],[-75.150917,39.985607],[-75.151704,39.98571],[-75.152487,39.985811],[-75.153278,39.985909],[-75.154065,39.986013],[-75.154942,39.986128],[-75.15541,39.986189],[-75.156073,39.98627],[-75.156278,39.986293],[-75.155938,39.987887],[-75.155595,39.989379],[-75.155502,39.989802],[-75.155273,39.990862],[-75.154952,39.992362],[-75.154658,39.993653],[-75.15459,39.993948],[-75.154394,39.99488],[-75.154321,39.995231],[-75.154256,39.995535],[-75.154144,39.996001],[-75.153987,39.996791],[-75.153784,39.997728],[-75.153497,39.997832],[-75.153187,39.997944],[-75.152878,39.998057],[-75.152569,39.998169],[-75.152259,39.998282],[-75.15195,39.998395],[-75.151641,39.998508],[-75.151332,39.998622],[-75.151024,39.998735],[-75.150715,39.998849],[-75.150407,39.998963],[-75.150098,39.999078],[-75.150023,39.999106],[-75.149791,39.999193],[-75.149483,39.999309],[-75.149176,39.999425],[-75.14887,39.999542],[-75.148563,39.999659],[-75.148257,39.999777],[-75.147951,39.999895],[-75.14772,39.999984],[-75.147645,40.000013],[-75.147339,40.000131],[-75.147033,40.000249],[-75.146727,40.000367],[-75.146421,40.000484],[-75.146114,40.000602],[-75.145808,40.000719],[-75.145501,40.000835],[-75.145194,40.000951],[-75.144886,40.001066],[-75.144578,40.001181],[-75.144269,40.001294],[-75.14396,40.001407],[-75.143801,40.001465],[-75.14365,40.001519],[-75.14334,40.001631],[-75.14303,40.001742],[-75.142719,40.001853],[-75.142418,40.001959]]]},"properties":{"ward_num":"37"}},{"type":"Feature","geometry":{"type":"Polygon","coordinates":[[[-75.041335,40.065975],[-75.041046,40.065877],[-75.040627,40.065725],[-75.040307,40.0656],[-75.040058,40.065483],[-75.039645,40.065209],[-75.039496,40.065088],[-75.039366,40.064946],[-75.039103,40.06476],[-75.038707,40.0645],[-75.038293,40.064234],[-75.037951,40.063983],[-75.037716,40.063755],[-75.037498,40.063577],[-75.037226,40.063376],[-75.036931,40.063071],[-75.03669,40.062774],[-75.036519,40.06252],[-75.036516,40.062509],[-75.036414,40.062226],[-75.03638,40.061941],[-75.036311,40.061648],[-75.036177,40.061367],[-75.036015,40.061141],[-75.036002,40.061094],[-75.035952,40.060911],[-75.035972,40.06062],[-75.036042,40.06024],[-75.036118,40.05968],[-75.036231,40.05912],[-75.036349,40.058665],[-75.036375,40.058222],[-75.036359,40.05796],[-75.036354,40.057869],[-75.036348,40.057777],[-75.036324,40.057471],[-75.03637,40.057236],[-75.036516,40.056955],[-75.036739,40.056579],[-75.036999,40.056169],[-75.037626,40.055392],[-75.037934,40.054921],[-75.038305,40.054451],[-75.038639,40.054001],[-75.038827,40.053589],[-75.038969,40.053197],[-75.039027,40.052879],[-75.039138,40.052554],[-75.039139,40.052549],[-75.039324,40.05222],[-75.039471,40.051925],[-75.039575,40.051594],[-75.039673,40.05116],[-75.039766,40.050655],[-75.039809,40.050254],[-75.039814,40.049907],[-75.039854,40.049346],[-75.039891,40.049097],[-75.039954,40.048877],[-75.039941,40.048751],[-75.039872,40.048679],[-75.03982,40.048624],[-75.039652,40.048543],[-75.039339,40.048453],[-75.038928,40.048339],[-75.038537,40.048184],[-75.038218,40.048045],[-75.037874,40.047849],[-75.037489,40.047528],[-75.037213,40.047209],[-75.036855,40.046909],[-75.036194,40.046498],[-75.035512,40.046163],[-75.03494,40.046017],[-75.034562,40.045988],[-75.034173,40.046013],[-75.033899,40.046097],[-75.03361,40.046333],[-75.033438,40.046558],[-75.033338,40.046812],[-75.033252,40.047143],[-75.033203,40.047475],[-75.033208,40.047787],[-75.033099,40.048042],[-75.032921,40.04819],[-75.032825,40.048347],[-75.032764,40.048512],[-75.032782,40.048735],[-75.032782,40.048971],[-75.032739,40.049096],[-75.03268,40.049267],[-75.032558,40.049604],[-75.032486,40.049824],[-75.03237,40.050023],[-75.032201,40.050171],[-75.032015,40.050299],[-75.031895,40.050372],[-75.031668,40.050402],[-75.031408,40.050354],[-75.03095,40.050301],[-75.030491,40.05027],[-75.029618,40.050193],[-75.029294,40.050179],[-75.02896,40.050178],[-75.028661,40.050199],[-75.028463,40.050187],[-75.02824,40.050112],[-75.028134,40.05004],[-75.028085,40.049921],[-75.028027,40.049795],[-75.027925,40.049626],[-75.027743,40.049434],[-75.027584,40.049354],[-75.027341,40.049335],[-75.027123,40.049364],[-75.026815,40.049392],[-75.026488,40.049439],[-75.02632,40.049469],[-75.025806,40.049558],[-75.025221,40.049735],[-75.024597,40.049984],[-75.024046,40.050221],[-75.023487,40.05043],[-75.022964,40.050632],[-75.022569,40.050817],[-75.022114,40.051119],[-75.021841,40.05139],[-75.021687,40.051643],[-75.021441,40.051915],[-75.021339,40.051988],[-75.021155,40.052074],[-75.0209,40.052144],[-75.02078,40.052176],[-75.020318,40.052214],[-75.01983,40.05223],[-75.019334,40.052218],[-75.019028,40.052204],[-75.018751,40.052128],[-75.018477,40.051976],[-75.018124,40.051773],[-75.017815,40.051592],[-75.017597,40.051407],[-75.017587,40.05136],[-75.017551,40.051198],[-75.017608,40.050901],[-75.017695,40.050542],[-75.017785,40.049885],[-75.017876,40.04963],[-75.018011,40.049425],[-75.018156,40.049193],[-75.018308,40.049002],[-75.018529,40.048883],[-75.01871,40.04888],[-75.019016,40.048915],[-75.019354,40.04902],[-75.019615,40.049061],[-75.019889,40.048977],[-75.020053,40.048947],[-75.020166,40.04881],[-75.020153,40.048692],[-75.020046,40.048447],[-75.019949,40.048146],[-75.019917,40.047826],[-75.019895,40.047472],[-75.019853,40.047172],[-75.019838,40.046867],[-75.019814,40.046575],[-75.019878,40.046333],[-75.019892,40.046202],[-75.019876,40.046154],[-75.019844,40.046062],[-75.01988,40.045827],[-75.019927,40.045551],[-75.020016,40.045372],[-75.020149,40.045216],[-75.020309,40.045046],[-75.02036,40.044902],[-75.020415,40.04466],[-75.020514,40.04444],[-75.020521,40.044267],[-75.020502,40.044072],[-75.020419,40.043883],[-75.02038,40.043723],[-75.020508,40.043552],[-75.020914,40.043597],[-75.021343,40.043644],[-75.021755,40.043678],[-75.021855,40.043686],[-75.023886,40.04296],[-75.025622,40.042331],[-75.028259,40.041373],[-75.029983,40.040745],[-75.030845,40.040427],[-75.031343,40.040246],[-75.03171,40.040116],[-75.032564,40.039801],[-75.032658,40.039768],[-75.033429,40.039483],[-75.034426,40.03913],[-75.035004,40.038918],[-75.035334,40.038798],[-75.035595,40.0387],[-75.03628,40.03845],[-75.036868,40.038234],[-75.037141,40.038131],[-75.037392,40.038041],[-75.03799,40.037813],[-75.038348,40.037685],[-75.03869,40.03756],[-75.03886,40.037502],[-75.038958,40.037468],[-75.039291,40.03735],[-75.039581,40.037243],[-75.039726,40.037189],[-75.039885,40.037131],[-75.040597,40.036868],[-75.04067,40.036843],[-75.040862,40.036767],[-75.042538,40.037732],[-75.044195,40.03867],[-75.045281,40.039289],[-75.045809,40.039588],[-75.045921,40.039653],[-75.047426,40.040506],[-75.04903,40.041422],[-75.049113,40.041347],[-75.0496,40.040816],[-75.050095,40.040295],[-75.050619,40.039745],[-75.051223,40.0391],[-75.051518,40.038787],[-75.051802,40.038485],[-75.053448,40.039389],[-75.055058,40.040289],[-75.057605,40.041701],[-75.057551,40.041748],[-75.056639,40.042563],[-75.056272,40.042885],[-75.055781,40.043317],[-75.055137,40.043873],[-75.054816,40.044172],[-75.054442,40.044533],[-75.052829,40.046026],[-75.052288,40.046551],[-75.052235,40.04662],[-75.051981,40.046947],[-75.051885,40.047114],[-75.051726,40.04739],[-75.051572,40.04782],[-75.051454,40.048359],[-75.051411,40.048925],[-75.051359,40.04956],[-75.051203,40.051455],[-75.05106,40.052039],[-75.051055,40.05206],[-75.050885,40.052443],[-75.050768,40.052639],[-75.050644,40.052845],[-75.050464,40.053088],[-75.050043,40.05354],[-75.04962,40.053956],[-75.04933,40.054236],[-75.049285,40.054282],[-75.048207,40.055378],[-75.048135,40.05545],[-75.046859,40.056747],[-75.046481,40.057141],[-75.045956,40.057605],[-75.044967,40.058513],[-75.044818,40.058674],[-75.044704,40.058819],[-75.044479,40.059107],[-75.044277,40.059365],[-75.04424,40.059412],[-75.044203,40.059486],[-75.043573,40.060919],[-75.042913,40.062417],[-75.04291,40.062424],[-75.042453,40.063482],[-75.04182,40.064892],[-75.041335,40.065975]]]},"properties":{"ward_num":"64"}},{"type":"Feature","geometry":{"type":"Polygon","coordinates":[[[-75.180903,40.068421],[-75.180547,40.068199],[-75.180113,40.067963],[-75.179978,40.067883],[-75.179308,40.067492],[-75.178674,40.067127],[-75.178011,40.066753],[-75.177649,40.066556],[-75.177263,40.066339],[-75.177117,40.066253],[-75.176956,40.066159],[-75.176528,40.065905],[-75.175741,40.065463],[-75.17533,40.065225],[-75.174936,40.065009],[-75.174446,40.064723],[-75.174168,40.064557],[-75.174031,40.064467],[-75.173728,40.064299],[-75.172909,40.06383],[-75.172571,40.063648],[-75.172478,40.063591],[-75.172163,40.063404],[-75.172075,40.063355],[-75.171836,40.063219],[-75.171453,40.062998],[-75.171179,40.062829],[-75.170789,40.062609],[-75.170476,40.062432],[-75.170067,40.062195],[-75.169799,40.062044],[-75.169382,40.061807],[-75.16907,40.061628],[-75.168645,40.061383],[-75.168327,40.061194],[-75.167847,40.060922],[-75.16749,40.060716],[-75.166971,40.060423],[-75.166232,40.059995],[-75.165955,40.059831],[-75.165455,40.059551],[-75.164605,40.059053],[-75.165493,40.058202],[-75.165718,40.058042],[-75.165812,40.057932],[-75.166073,40.057663],[-75.167514,40.056261],[-75.167916,40.055866],[-75.168245,40.055543],[-75.16858,40.055221],[-75.168961,40.054856],[-75.170186,40.053662],[-75.172168,40.051738],[-75.172747,40.051176],[-75.172784,40.051149],[-75.173263,40.050676],[-75.174705,40.051552],[-75.175154,40.051819],[-75.175264,40.051893],[-75.175807,40.052251],[-75.177449,40.050618],[-75.178521,40.049527],[-75.179196,40.048882],[-75.180258,40.047809],[-75.181865,40.046237],[-75.182206,40.045904],[-75.183083,40.045078],[-75.184527,40.043664],[-75.185572,40.042635],[-75.187317,40.040938],[-75.1888,40.03949],[-75.189246,40.039058],[-75.190089,40.038242],[-75.190991,40.037362],[-75.192938,40.035473],[-75.193129,40.035391],[-75.193292,40.035529],[-75.193984,40.036108],[-75.194988,40.036932],[-75.195916,40.037742],[-75.19613,40.037933],[-75.197998,40.039478],[-75.198931,40.040292],[-75.19978,40.041008],[-75.200302,40.041424],[-75.200768,40.041836],[-75.201178,40.042191],[-75.201435,40.042414],[-75.203653,40.044273],[-75.203999,40.044563],[-75.203409,40.044963],[-75.203306,40.045053],[-75.203212,40.045166],[-75.203142,40.04527],[-75.203081,40.045392],[-75.20291,40.045865],[-75.202582,40.046765],[-75.202521,40.046889],[-75.202389,40.047092],[-75.202185,40.047334],[-75.201893,40.047658],[-75.20188,40.047749],[-75.201882,40.04782],[-75.201903,40.047891],[-75.201941,40.048],[-75.201869,40.047987],[-75.201803,40.047991],[-75.201692,40.047994],[-75.201626,40.047993],[-75.201525,40.04802],[-75.200378,40.049225],[-75.200183,40.04946],[-75.200117,40.049602],[-75.200089,40.049689],[-75.200065,40.049788],[-75.200029,40.049893],[-75.19996,40.050003],[-75.199888,40.050073],[-75.199805,40.050131],[-75.199735,40.050166],[-75.199641,40.050196],[-75.199559,40.050212],[-75.19947,40.050217],[-75.199264,40.050187],[-75.199051,40.050135],[-75.198977,40.050056],[-75.198893,40.049924],[-75.198832,40.049819],[-75.19881,40.049728],[-75.198558,40.050097],[-75.198322,40.050337],[-75.196984,40.051581],[-75.195635,40.052811],[-75.193954,40.054367],[-75.193306,40.054965],[-75.192968,40.055276],[-75.191649,40.056476],[-75.1904,40.057573],[-75.189426,40.058426],[-75.190017,40.058992],[-75.190222,40.059208],[-75.190876,40.059959],[-75.191057,40.060186],[-75.190123,40.061053],[-75.188631,40.062453],[-75.188323,40.062744],[-75.187787,40.063259],[-75.187395,40.063621],[-75.187066,40.063924],[-75.185761,40.065131],[-75.184373,40.066451],[-75.18297,40.067753],[-75.181754,40.068912],[-75.180903,40.068421]]]},"properties":{"ward_num":"22"}},{"type":"Feature","geometry":{"type":"Polygon","coordinates":[[[-74.983244,40.117638],[-74.983617,40.117308],[-74.984408,40.116713],[-74.984706,40.116489],[-74.987924,40.114253],[-74.989681,40.11307],[-74.990062,40.112793],[-74.990866,40.112231],[-74.996799,40.108127],[-74.996833,40.108103],[-74.996943,40.108028],[-74.99696,40.108016],[-74.999047,40.106604],[-75.001648,40.104811],[-75.001697,40.104777],[-75.003136,40.103794],[-75.005282,40.1023],[-75.006241,40.101645],[-75.008499,40.100089],[-75.009488,40.099416],[-75.0117,40.097898],[-75.012156,40.097578],[-75.012249,40.097511],[-75.012759,40.097146],[-75.013347,40.096679],[-75.013903,40.096223],[-75.014728,40.095395],[-75.01495,40.095181],[-75.015256,40.094859],[-75.015363,40.094751],[-75.01537,40.094744],[-75.017397,40.09265],[-75.018869,40.091129],[-75.019747,40.090216],[-75.020949,40.088985],[-75.021084,40.088826],[-75.022874,40.086993],[-75.025058,40.084723],[-75.025064,40.084716],[-75.026836,40.08289],[-75.028777,40.080874],[-75.028955,40.080977],[-75.029745,40.081405],[-75.030483,40.081832],[-75.031315,40.082249],[-75.032143,40.082699],[-75.033834,40.08356],[-75.035474,40.084418],[-75.036269,40.084812],[-75.037501,40.085469],[-75.038403,40.084482],[-75.038707,40.084858],[-75.03911,40.085307],[-75.039367,40.085544],[-75.039512,40.085712],[-75.039723,40.085936],[-75.040438,40.086594],[-75.040879,40.086976],[-75.041069,40.087178],[-75.041491,40.087347],[-75.041672,40.08742],[-75.042245,40.087615],[-75.04261,40.087756],[-75.043719,40.088205],[-75.044141,40.088388],[-75.044338,40.088492],[-75.045687,40.089031],[-75.045817,40.089241],[-75.046027,40.08952],[-75.046343,40.090022],[-75.047056,40.091089],[-75.047483,40.091726],[-75.04751,40.091766],[-75.04755,40.091844],[-75.047569,40.091929],[-75.047301,40.092772],[-75.047009,40.093945],[-75.04674,40.09525],[-75.046931,40.097011],[-75.047119,40.098386],[-75.047443,40.098896],[-75.047639,40.099172],[-75.048458,40.100419],[-75.049426,40.101805],[-75.049678,40.102047],[-75.050407,40.102571],[-75.050715,40.102816],[-75.050967,40.103119],[-75.050973,40.103126],[-75.051616,40.103941],[-75.051879,40.104349],[-75.052374,40.10524],[-75.05285,40.105919],[-75.05306,40.10619],[-75.053196,40.106423],[-75.053813,40.107593],[-75.054012,40.108152],[-75.054275,40.108737],[-75.052975,40.109646],[-75.052217,40.110175],[-75.049442,40.112112],[-75.048544,40.112739],[-75.04426,40.115728],[-75.043849,40.116015],[-75.039045,40.119366],[-75.038339,40.119879],[-75.03791,40.120177],[-75.033296,40.123376],[-75.031655,40.124513],[-75.025789,40.128579],[-75.025357,40.128898],[-75.024895,40.129226],[-75.020574,40.132284],[-75.019605,40.133235],[-75.017953,40.134857],[-75.014967,40.137935],[-75.014562,40.137689],[-75.01387,40.137267],[-75.012236,40.136266],[-75.011461,40.135792],[-75.010624,40.135279],[-75.010429,40.13516],[-75.009465,40.134579],[-75.009096,40.134364],[-75.008338,40.133923],[-75.006904,40.133089],[-75.00596,40.13254],[-75.003272,40.130976],[-75.000953,40.129619],[-74.999742,40.128915],[-74.998536,40.128206],[-74.997887,40.127826],[-74.997804,40.127912],[-74.997574,40.128128],[-74.997451,40.128259],[-74.994197,40.131518],[-74.993849,40.131863],[-74.993574,40.131737],[-74.993388,40.131595],[-74.993282,40.131475],[-74.99313,40.131242],[-74.993023,40.131132],[-74.992952,40.130999],[-74.9929,40.130916],[-74.992815,40.130803],[-74.992767,40.13073],[-74.992759,40.130498],[-74.992795,40.130368],[-74.992832,40.130277],[-74.992898,40.130233],[-74.992975,40.130215],[-74.993035,40.13021],[-74.993075,40.130172],[-74.993105,40.130068],[-74.993095,40.129901],[-74.993115,40.129829],[-74.993142,40.129788],[-74.99325,40.129751],[-74.993439,40.12971],[-74.993509,40.129669],[-74.993519,40.129623],[-74.993517,40.129571],[-74.993445,40.129445],[-74.993431,40.129278],[-74.993431,40.129072],[-74.993459,40.128912],[-74.993497,40.128809],[-74.993524,40.128783],[-74.993613,40.128772],[-74.993675,40.128734],[-74.993685,40.128695],[-74.993746,40.128658],[-74.993807,40.128613],[-74.993815,40.128538],[-74.993788,40.128466],[-74.993708,40.128434],[-74.993659,40.128391],[-74.993679,40.128211],[-74.993669,40.128142],[-74.99369,40.128051],[-74.99375,40.127932],[-74.993853,40.127803],[-74.993942,40.127721],[-74.994051,40.127661],[-74.994262,40.127476],[-74.994343,40.127374],[-74.994393,40.1273],[-74.994453,40.127197],[-74.994506,40.127041],[-74.994534,40.126878],[-74.994523,40.126727],[-74.994487,40.126566],[-74.994462,40.126516],[-74.994424,40.126441],[-74.994391,40.126309],[-74.994315,40.126196],[-74.994309,40.126191],[-74.99422,40.126122],[-74.993843,40.126051],[-74.993538,40.12602],[-74.993111,40.125948],[-74.992809,40.125921],[-74.992532,40.125931],[-74.992189,40.125982],[-74.99173,40.126078],[-74.991424,40.126153],[-74.990677,40.126298],[-74.990583,40.126303],[-74.990389,40.126265],[-74.99033,40.126254],[-74.990156,40.12623],[-74.989993,40.126249],[-74.989691,40.126245],[-74.989441,40.126223],[-74.989107,40.126156],[-74.989057,40.126112],[-74.989029,40.125968],[-74.988983,40.125859],[-74.98899,40.12579],[-74.989023,40.125713],[-74.989064,40.125625],[-74.989051,40.125547],[-74.988961,40.125453],[-74.988816,40.125338],[-74.988724,40.125202],[-74.988695,40.12508],[-74.988575,40.124891],[-74.988524,40.124775],[-74.988518,40.124746],[-74.988427,40.124338],[-74.988365,40.124193],[-74.988288,40.124093],[-74.988206,40.124019],[-74.988084,40.123983],[-74.987918,40.123966],[-74.9878,40.123947],[-74.987712,40.123912],[-74.987591,40.123844],[-74.987459,40.123746],[-74.987361,40.123632],[-74.987258,40.123555],[-74.987102,40.123512],[-74.987002,40.123457],[-74.986845,40.123345],[-74.986697,40.123195],[-74.98657,40.123084],[-74.986482,40.123042],[-74.986387,40.123073],[-74.986205,40.123163],[-74.986074,40.123239],[-74.985807,40.123415],[-74.985517,40.123621],[-74.984972,40.123931],[-74.984844,40.123948],[-74.984708,40.123941],[-74.984589,40.123916],[-74.984467,40.123877],[-74.984398,40.1238],[-74.984373,40.123688],[-74.984325,40.123612],[-74.984254,40.123574],[-74.984139,40.123568],[-74.984062,40.123576],[-74.983967,40.123616],[-74.983806,40.123606],[-74.983514,40.123641],[-74.983409,40.123609],[-74.983284,40.123551],[-74.983114,40.123445],[-74.982892,40.123335],[-74.982686,40.123173],[-74.982627,40.123058],[-74.98259,40.122919],[-74.982586,40.122805],[-74.982638,40.122688],[-74.98271,40.122595],[-74.982747,40.122505],[-74.982742,40.122432],[-74.982707,40.122337],[-74.982615,40.122197],[-74.982545,40.122039],[-74.982485,40.121939],[-74.982389,40.121891],[-74.982311,40.121912],[-74.982236,40.121894],[-74.982191,40.121837],[-74.98221,40.121782],[-74.982252,40.121695],[-74.98236,40.121554],[-74.982381,40.121459],[-74.982399,40.121329],[-74.982437,40.121248],[-74.982541,40.121198],[-74.982755,40.121167],[-74.982868,40.121121],[-74.982976,40.121071],[-74.983044,40.120975],[-74.983074,40.120858],[-74.983076,40.120724],[-74.983065,40.120557],[-74.98301,40.120441],[-74.982972,40.120332],[-74.982877,40.120274],[-74.98276,40.120213],[-74.982698,40.120165],[-74.982662,40.120096],[-74.982584,40.120032],[-74.982459,40.119973],[-74.982353,40.119948],[-74.982171,40.119927],[-74.981993,40.119916],[-74.981804,40.119938],[-74.981684,40.119968],[-74.981561,40.12005],[-74.981456,40.120126],[-74.981296,40.120181],[-74.981134,40.120193],[-74.980963,40.120192],[-74.980603,40.120141],[-74.980477,40.120105],[-74.980343,40.120056],[-74.980248,40.119985],[-74.980099,40.119863],[-74.981213,40.119109],[-74.982207,40.118401],[-74.983244,40.117638]]]},"properties":{"ward_num":"58"}},{"type":"Feature","geometry":{"type":"Polygon","coordinates":[[[-74.983244,40.117638],[-74.982207,40.118401],[-74.981213,40.119109],[-74.980099,40.119863],[-74.97996,40.119748],[-74.979869,40.119672],[-74.97977,40.119578],[-74.979701,40.119498],[-74.979606,40.11944],[-74.979467,40.119391],[-74.979311,40.119355],[-74.979128,40.119357],[-74.978934,40.119408],[-74.978811,40.11949],[-74.978707,40.11954],[-74.978605,40.119544],[-74.978491,40.119512],[-74.978352,40.119466],[-74.978267,40.119477],[-74.978132,40.119542],[-74.977976,40.119607],[-74.977765,40.119661],[-74.977631,40.119713],[-74.977581,40.119794],[-74.977535,40.119881],[-74.977531,40.119982],[-74.977516,40.120037],[-74.977408,40.120074],[-74.977287,40.120097],[-74.977054,40.119974],[-74.976936,40.119932],[-74.9768,40.119932],[-74.976546,40.119988],[-74.976343,40.120065],[-74.9762,40.120133],[-74.976056,40.120215],[-74.976036,40.12028],[-74.976058,40.120362],[-74.976039,40.12042],[-74.975969,40.120455],[-74.975871,40.120459],[-74.975779,40.120434],[-74.975733,40.120397],[-74.97574,40.120348],[-74.975734,40.120285],[-74.975681,40.120215],[-74.975606,40.120184],[-74.975525,40.120189],[-74.975371,40.120205],[-74.975242,40.120224],[-74.975131,40.120232],[-74.97503,40.12021],[-74.974746,40.120052],[-74.974697,40.120012],[-74.974583,40.119895],[-74.974504,40.11984],[-74.974445,40.11981],[-74.974229,40.119795],[-74.973798,40.11982],[-74.973457,40.119815],[-74.973207,40.119793],[-74.973088,40.11979],[-74.972805,40.119829],[-74.972708,40.11981],[-74.97262,40.119769],[-74.972563,40.119712],[-74.972536,40.119646],[-74.972488,40.119569],[-74.972418,40.119509],[-74.972171,40.119398],[-74.972026,40.119293],[-74.971935,40.119219],[-74.971817,40.119092],[-74.971769,40.119016],[-74.971723,40.118907],[-74.971549,40.118772],[-74.971371,40.118643],[-74.971273,40.11854],[-74.97114,40.118373],[-74.971066,40.118204],[-74.970961,40.118051],[-74.970884,40.117853],[-74.970829,40.117754],[-74.970743,40.11766],[-74.970633,40.117533],[-74.970509,40.117442],[-74.970457,40.117369],[-74.970368,40.117252],[-74.970247,40.117076],[-74.970132,40.116988],[-74.970031,40.116963],[-74.969954,40.116961],[-74.969854,40.117001],[-74.969793,40.117036],[-74.969675,40.117016],[-74.969516,40.116944],[-74.969412,40.116886],[-74.969218,40.116832],[-74.968878,40.116932],[-74.968741,40.116932],[-74.968573,40.116986],[-74.968391,40.117064],[-74.968194,40.11718],[-74.968093,40.117269],[-74.968039,40.117327],[-74.967658,40.117592],[-74.967527,40.117677],[-74.967487,40.11781],[-74.967458,40.117891],[-74.967398,40.117919],[-74.967295,40.117936],[-74.96717,40.117953],[-74.967033,40.117986],[-74.96686,40.11804],[-74.966681,40.118052],[-74.966345,40.118136],[-74.966198,40.118201],[-74.966037,40.118282],[-74.965852,40.118327],[-74.965644,40.1184],[-74.965436,40.118487],[-74.965282,40.118623],[-74.965143,40.118669],[-74.964956,40.118668],[-74.964779,40.118624],[-74.964579,40.118525],[-74.964517,40.118461],[-74.964486,40.118388],[-74.964494,40.118297],[-74.964495,40.118179],[-74.964449,40.118051],[-74.964361,40.117905],[-74.964316,40.117773],[-74.964292,40.117615],[-74.964238,40.117483],[-74.964141,40.117336],[-74.963985,40.117225],[-74.963814,40.11713],[-74.963676,40.117071],[-74.963515,40.117041],[-74.963377,40.116988],[-74.963275,40.116868],[-74.96324,40.116789],[-74.963179,40.116725],[-74.963154,40.116607],[-74.963145,40.11642],[-74.963159,40.116175],[-74.963137,40.116083],[-74.963103,40.115974],[-74.96312,40.115893],[-74.963149,40.115796],[-74.963199,40.115718],[-74.963248,40.115674],[-74.963291,40.115567],[-74.963342,40.115451],[-74.963395,40.115314],[-74.963395,40.115213],[-74.96328,40.115089],[-74.96325,40.114994],[-74.963208,40.114885],[-74.96314,40.114779],[-74.963089,40.114676],[-74.9631,40.114604],[-74.963197,40.114528],[-74.963318,40.114377],[-74.963407,40.114288],[-74.963537,40.114138],[-74.963661,40.11402],[-74.963802,40.113905],[-74.963878,40.113816],[-74.963972,40.113713],[-74.964087,40.113595],[-74.964138,40.113498],[-74.964154,40.113413],[-74.964033,40.113035],[-74.963932,40.112803],[-74.963899,40.112573],[-74.963884,40.112325],[-74.963886,40.112063],[-74.963858,40.111919],[-74.963787,40.111786],[-74.963775,40.111655],[-74.963805,40.111558],[-74.963913,40.111397],[-74.964029,40.111275],[-74.964085,40.111152],[-74.964117,40.110996],[-74.964098,40.110839],[-74.964003,40.11068],[-74.963896,40.110566],[-74.963841,40.110453],[-74.963816,40.110243],[-74.963729,40.110084],[-74.963693,40.10992],[-74.963722,40.109836],[-74.963965,40.109521],[-74.964052,40.109477],[-74.964147,40.109447],[-74.964241,40.109436],[-74.964333,40.109484],[-74.9644,40.109499],[-74.964477,40.109494],[-74.964581,40.109444],[-74.964662,40.109342],[-74.964746,40.109174],[-74.964767,40.109076],[-74.964822,40.108973],[-74.964979,40.108879],[-74.965102,40.108797],[-74.965236,40.108636],[-74.965454,40.108302],[-74.96557,40.10818],[-74.96559,40.108112],[-74.965579,40.108088],[-74.965563,40.108052],[-74.965484,40.107995],[-74.965428,40.107915],[-74.965369,40.107793],[-74.965295,40.107618],[-74.965137,40.107316],[-74.965048,40.107213],[-74.96495,40.107197],[-74.964327,40.107136],[-74.964038,40.107126],[-74.963792,40.107097],[-74.963557,40.107013],[-74.963432,40.106951],[-74.963292,40.10684],[-74.963227,40.10676],[-74.963222,40.106665],[-74.963264,40.106581],[-74.96339,40.106522],[-74.963532,40.106483],[-74.963614,40.106445],[-74.963664,40.106381],[-74.963667,40.106296],[-74.963605,40.106148],[-74.963617,40.106083],[-74.963653,40.106018],[-74.963768,40.105923],[-74.963908,40.105818],[-74.963989,40.105732],[-74.963958,40.105653],[-74.963905,40.105593],[-74.963607,40.105491],[-74.963502,40.105445],[-74.96339,40.105377],[-74.963122,40.105269],[-74.962856,40.105207],[-74.962638,40.105137],[-74.962538,40.105069],[-74.962465,40.104992],[-74.962447,40.10491],[-74.962434,40.104821],[-74.962451,40.104704],[-74.962493,40.10462],[-74.962538,40.104556],[-74.96252,40.104486],[-74.962454,40.104423],[-74.96236,40.104339],[-74.96224,40.104254],[-74.962161,40.10419],[-74.961969,40.104006],[-74.961767,40.103831],[-74.96159,40.103699],[-74.961407,40.103596],[-74.961232,40.103504],[-74.961162,40.103451],[-74.961079,40.103389],[-74.961014,40.103315],[-74.960991,40.103243],[-74.960996,40.103129],[-74.961007,40.103057],[-74.961085,40.102823],[-74.961168,40.102672],[-74.961197,40.102584],[-74.961195,40.102427],[-74.961231,40.102284],[-74.961301,40.102114],[-74.961297,40.102006],[-74.961237,40.101929],[-74.961133,40.101852],[-74.961085,40.101792],[-74.961059,40.101706],[-74.961081,40.101579],[-74.961121,40.101423],[-74.961185,40.10132],[-74.961339,40.101213],[-74.961495,40.101043],[-74.96165,40.100883],[-74.961715,40.100757],[-74.961782,40.100468],[-74.961809,40.100325],[-74.96185,40.100162],[-74.961864,40.100042],[-74.961896,40.099879],[-74.961927,40.099752],[-74.961993,40.099695],[-74.962011,40.099656],[-74.962006,40.099587],[-74.961975,40.099498],[-74.961919,40.099431],[-74.961857,40.099368],[-74.961738,40.099273],[-74.961697,40.09923],[-74.961673,40.09919],[-74.961692,40.099141],[-74.961759,40.099068],[-74.961917,40.098954],[-74.962023,40.098852],[-74.962074,40.098755],[-74.962073,40.098673],[-74.962025,40.09859],[-74.961967,40.098553],[-74.961771,40.098453],[-74.961659,40.098389],[-74.961584,40.098243],[-74.961582,40.0982],[-74.961644,40.098133],[-74.961781,40.098002],[-74.961814,40.097928],[-74.961811,40.097834],[-74.961809,40.097755],[-74.961704,40.09771],[-74.961553,40.097654],[-74.961326,40.097589],[-74.961141,40.097519],[-74.961006,40.09749],[-74.960878,40.097493],[-74.96056,40.097584],[-74.960483,40.097588],[-74.960323,40.097545],[-74.960027,40.097486],[-74.959868,40.09743],[-74.959725,40.097374],[-74.959592,40.097305],[-74.959434,40.097203],[-74.959141,40.097078],[-74.958883,40.096941],[-74.958755,40.096902],[-74.958488,40.096821],[-74.958312,40.096738],[-74.958172,40.09663],[-74.958107,40.096556],[-74.958043,40.09645],[-74.95783,40.096249],[-74.957648,40.096114],[-74.957457,40.096004],[-74.957196,40.095926],[-74.957061,40.09591],[-74.956838,40.09593],[-74.956589,40.095983],[-74.956428,40.095973],[-74.956285,40.09593],[-74.956169,40.095855],[-74.956095,40.095788],[-74.95608,40.095742],[-74.956116,40.09569],[-74.95611,40.095638],[-74.956021,40.095512],[-74.955933,40.095372],[-74.955818,40.095265],[-74.955764,40.095139],[-74.955742,40.095041],[-74.955815,40.094931],[-74.955864,40.094775],[-74.955985,40.09453],[-74.956077,40.094349],[-74.956135,40.094193],[-74.956226,40.094045],[-74.956309,40.093903],[-74.956357,40.093767],[-74.956407,40.093592],[-74.956396,40.093441],[-74.956382,40.093153],[-74.956416,40.092964],[-74.956588,40.092632],[-74.95661,40.09259],[-74.956719,40.092409],[-74.956951,40.092173],[-74.957102,40.092006],[-74.957135,40.091818],[-74.957201,40.091682],[-74.957363,40.091457],[-74.957435,40.091367],[-74.957447,40.091276],[-74.9575,40.091238],[-74.957622,40.091175],[-74.95774,40.090982],[-74.957843,40.090775],[-74.957925,40.090633],[-74.957955,40.090523],[-74.95795,40.090431],[-74.957929,40.09032],[-74.957873,40.090246],[-74.957793,40.090114],[-74.95778,40.090022],[-74.957785,40.089898],[-74.957892,40.089776],[-74.957911,40.08977],[-74.958013,40.089733],[-74.958066,40.089682],[-74.958095,40.089611],[-74.958116,40.089507],[-74.958105,40.089363],[-74.958151,40.089279],[-74.95824,40.089183],[-74.958212,40.089032],[-74.958183,40.088913],[-74.958182,40.088743],[-74.958058,40.088446],[-74.957991,40.088202],[-74.957891,40.087951],[-74.95777,40.087772],[-74.957725,40.087627],[-74.957669,40.087534],[-74.957651,40.087364],[-74.957597,40.087218],[-74.957593,40.087127],[-74.957637,40.087075],[-74.957959,40.086907],[-74.958004,40.086842],[-74.958026,40.086745],[-74.958031,40.086601],[-74.958019,40.08649],[-74.958015,40.086378],[-74.958039,40.086222],[-74.958066,40.086177],[-74.958145,40.08612],[-74.958199,40.086036],[-74.958221,40.085723],[-74.958224,40.085435],[-74.958266,40.08524],[-74.958299,40.085064],[-74.958329,40.084967],[-74.958419,40.084851],[-74.958517,40.084743],[-74.958607,40.084607],[-74.958664,40.084465],[-74.958669,40.084347],[-74.958603,40.0843],[-74.958451,40.084264],[-74.958345,40.084156],[-74.958366,40.084059],[-74.958404,40.083962],[-74.958448,40.083923],[-74.958542,40.083926],[-74.958677,40.083949],[-74.958782,40.083886],[-74.958871,40.083783],[-74.958952,40.083681],[-74.958973,40.083583],[-74.958985,40.083492],[-74.958892,40.083274],[-74.958913,40.083189],[-74.959045,40.083075],[-74.959118,40.082946],[-74.959139,40.082855],[-74.959142,40.082783],[-74.959078,40.082677],[-74.959022,40.082597],[-74.959,40.082511],[-74.959028,40.082453],[-74.959082,40.082395],[-74.959167,40.082378],[-74.959475,40.082353],[-74.959655,40.082311],[-74.959757,40.082314],[-74.959827,40.082283],[-74.959915,40.082213],[-74.959968,40.082155],[-74.960015,40.082052],[-74.960053,40.081948],[-74.960089,40.081707],[-74.960087,40.081557],[-74.960067,40.081412],[-74.960038,40.081294],[-74.960101,40.08121],[-74.960174,40.081094],[-74.960365,40.080988],[-74.960489,40.080886],[-74.960769,40.080703],[-74.960902,40.080576],[-74.960997,40.080526],[-74.961148,40.080386],[-74.961229,40.080283],[-74.96133,40.080102],[-74.961428,40.08],[-74.961586,40.079886],[-74.961699,40.079817],[-74.961797,40.079702],[-74.961987,40.079647],[-74.962059,40.079558],[-74.962132,40.079435],[-74.962146,40.079305],[-74.962151,40.07918],[-74.96219,40.079051],[-74.962228,40.078953],[-74.962291,40.078877],[-74.962353,40.078813],[-74.962383,40.078798],[-74.962405,40.078788],[-74.962477,40.078691],[-74.962505,40.07864],[-74.962534,40.078555],[-74.962512,40.078476],[-74.962472,40.078404],[-74.962426,40.078285],[-74.962422,40.078173],[-74.962435,40.078076],[-74.962455,40.077991],[-74.962582,40.077903],[-74.96289,40.077658],[-74.963014,40.07754],[-74.963139,40.077399],[-74.963206,40.077319],[-74.963288,40.077194],[-74.963416,40.077099],[-74.963528,40.077066],[-74.963631,40.077045],[-74.963868,40.077071],[-74.964077,40.077056],[-74.964265,40.077051],[-74.964387,40.077067],[-74.964513,40.077095],[-74.964602,40.077115],[-74.96479,40.077127],[-74.964823,40.07713],[-74.964909,40.077171],[-74.964982,40.077205],[-74.965249,40.077222],[-74.965453,40.077246],[-74.965627,40.07726],[-74.965895,40.077257],[-74.966171,40.077277],[-74.966283,40.07723],[-74.966431,40.077156],[-74.966575,40.077074],[-74.966647,40.076974],[-74.966689,40.076897],[-74.966785,40.076527],[-74.966843,40.076446],[-74.966973,40.076384],[-74.967162,40.076362],[-74.967482,40.076347],[-74.967605,40.076337],[-74.967865,40.076347],[-74.968086,40.076336],[-74.968313,40.076322],[-74.968671,40.076298],[-74.968944,40.076275],[-74.969034,40.076277],[-74.969076,40.076284],[-74.969109,40.076298],[-74.969213,40.076369],[-74.969367,40.076442],[-74.969515,40.076475],[-74.969621,40.076484],[-74.969723,40.076483],[-74.969809,40.076459],[-74.969906,40.076393],[-74.970137,40.076255],[-74.970274,40.076228],[-74.970411,40.076225],[-74.970558,40.076268],[-74.97069,40.076274],[-74.970801,40.076244],[-74.970911,40.076178],[-74.971087,40.076032],[-74.971287,40.075831],[-74.971362,40.075761],[-74.971396,40.075651],[-74.971405,40.075546],[-74.971315,40.075351],[-74.971247,40.075232],[-74.971218,40.075126],[-74.97126,40.074915],[-74.971308,40.074785],[-74.971341,40.074708],[-74.971422,40.074611],[-74.971559,40.074585],[-74.971604,40.074537],[-74.971628,40.074459],[-74.971598,40.074375],[-74.971532,40.0743],[-74.971441,40.074255],[-74.971316,40.074167],[-74.971208,40.074116],[-74.971129,40.074058],[-74.97106,40.073985],[-74.971025,40.073896],[-74.971033,40.073811],[-74.971073,40.073763],[-74.971187,40.07368],[-74.971288,40.073611],[-74.971397,40.073542],[-74.971507,40.073463],[-74.971642,40.073391],[-74.971836,40.07334],[-74.972068,40.07329],[-74.972168,40.07322],[-74.972245,40.073117],[-74.97229,40.072955],[-74.972348,40.07277],[-74.972394,40.07248],[-74.972442,40.07235],[-74.972502,40.072231],[-74.972553,40.07215],[-74.972653,40.072078],[-74.972797,40.072003],[-74.972889,40.071936],[-74.973117,40.071876],[-74.973269,40.071811],[-74.973373,40.071762],[-74.973478,40.071692],[-74.973545,40.071622],[-74.97359,40.071544],[-74.973606,40.071463],[-74.973614,40.071372],[-74.973659,40.071311],[-74.973755,40.071257],[-74.973826,40.0712],[-74.973864,40.071178],[-74.973922,40.071144],[-74.974013,40.071094],[-74.974134,40.071051],[-74.974208,40.07102],[-74.974358,40.070997],[-74.974465,40.070967],[-74.974621,40.070915],[-74.97475,40.070863],[-74.974899,40.070762],[-74.974979,40.070695],[-74.975037,40.070618],[-74.975072,40.070488],[-74.975114,40.070391],[-74.975117,40.070335],[-74.975088,40.070093],[-74.975114,40.069982],[-74.975164,40.069898],[-74.975261,40.069819],[-74.975357,40.069772],[-74.975469,40.069726],[-74.975615,40.06969],[-74.975815,40.069594],[-74.975989,40.069503],[-74.976288,40.069373],[-74.976699,40.069213],[-74.976782,40.069153],[-74.976836,40.069079],[-74.976862,40.068975],[-74.976896,40.068865],[-74.976952,40.068738],[-74.977027,40.068583],[-74.977115,40.068412],[-74.977173,40.068338],[-74.977212,40.068215],[-74.977284,40.068122],[-74.97745,40.068011],[-74.977637,40.067918],[-74.977801,40.06786],[-74.978197,40.067644],[-74.978331,40.067594],[-74.978671,40.067518],[-74.978857,40.067447],[-74.979063,40.06739],[-74.979185,40.067314],[-74.979324,40.067259],[-74.979455,40.06717],[-74.979583,40.067072],[-74.97974,40.066958],[-74.979794,40.066907],[-74.979861,40.066716],[-74.979928,40.066646],[-74.980065,40.066518],[-74.980175,40.066429],[-74.98031,40.066357],[-74.980431,40.066318],[-74.980637,40.066267],[-74.980767,40.066198],[-74.980821,40.066128],[-74.980906,40.066025],[-74.980958,40.065912],[-74.980966,40.065817],[-74.980935,40.065735],[-74.980914,40.065639],[-74.980929,40.065571],[-74.980985,40.065512],[-74.980996,40.065501],[-74.981071,40.06544],[-74.981108,40.065366],[-74.981152,40.065249],[-74.981102,40.065094],[-74.981023,40.064948],[-74.982357,40.064682],[-74.982826,40.064558],[-74.983261,40.064425],[-74.983735,40.064269],[-74.984175,40.064085],[-74.984953,40.06367],[-74.98558,40.063355],[-74.985613,40.063326],[-74.987044,40.062463],[-74.987943,40.061922],[-74.988391,40.061641],[-74.990434,40.060405],[-74.990512,40.060447],[-74.990644,40.06051],[-74.990857,40.060669],[-74.991103,40.060833],[-74.991305,40.060934],[-74.991495,40.061014],[-74.991711,40.061105],[-74.991947,40.061176],[-74.992399,40.061278],[-74.992816,40.06134],[-74.993219,40.061405],[-74.993569,40.061502],[-74.993954,40.061637],[-74.994279,40.061791],[-74.994516,40.061923],[-74.995308,40.062374],[-74.998424,40.064147],[-74.999025,40.064489],[-75.000205,40.06516],[-75.002905,40.066691],[-75.007272,40.069171],[-75.011335,40.071189],[-75.013129,40.072081],[-75.01409,40.072652],[-75.015067,40.073188],[-75.017147,40.074352],[-75.021751,40.076965],[-75.023716,40.078004],[-75.02538,40.078953],[-75.028451,40.080687],[-75.028608,40.080779],[-75.028777,40.080874],[-75.026836,40.08289],[-75.025064,40.084716],[-75.025058,40.084723],[-75.022874,40.086993],[-75.021084,40.088826],[-75.020949,40.088985],[-75.019747,40.090216],[-75.018869,40.091129],[-75.017397,40.09265],[-75.01537,40.094744],[-75.015363,40.094751],[-75.015256,40.094859],[-75.01495,40.095181],[-75.014728,40.095395],[-75.013903,40.096223],[-75.013347,40.096679],[-75.012759,40.097146],[-75.012249,40.097511],[-75.012156,40.097578],[-75.0117,40.097898],[-75.009488,40.099416],[-75.008499,40.100089],[-75.006241,40.101645],[-75.005282,40.1023],[-75.003136,40.103794],[-75.001697,40.104777],[-75.001648,40.104811],[-74.999047,40.106604],[-74.99696,40.108016],[-74.996943,40.108028],[-74.996833,40.108103],[-74.996799,40.108127],[-74.990866,40.112231],[-74.990062,40.112793],[-74.989681,40.11307],[-74.987924,40.114253],[-74.984706,40.116489],[-74.984408,40.116713],[-74.983617,40.117308],[-74.983244,40.117638]]]},"properties":{"ward_num":"66"}},{"type":"Feature","geometry":{"type":"Polygon","coordinates":[[[-75.17077,39.996045],[-75.170905,39.995417],[-75.171,39.994978],[-75.171118,39.994454],[-75.171233,39.993893],[-75.171323,39.993491],[-75.171443,39.992956],[-75.171597,39.99221],[-75.171757,39.991463],[-75.171877,39.990918],[-75.171903,39.990811],[-75.172062,39.989968],[-75.171747,39.989933],[-75.171942,39.989833],[-75.172226,39.989686],[-75.172511,39.98954],[-75.172796,39.989394],[-75.173081,39.989248],[-75.173366,39.989103],[-75.173651,39.988957],[-75.173936,39.988812],[-75.17399,39.988784],[-75.174221,39.988666],[-75.174277,39.988638],[-75.175806,39.988822],[-75.177209,39.989],[-75.178043,39.989112],[-75.17862,39.989188],[-75.179203,39.98926],[-75.179655,39.989312],[-75.18026,39.989397],[-75.181877,39.989593],[-75.18243,39.989671],[-75.1829,39.989727],[-75.183461,39.98981],[-75.184407,39.989939],[-75.185055,39.990012],[-75.185666,39.990086],[-75.185896,39.990121],[-75.186,39.990132],[-75.186716,39.990224],[-75.186374,39.991786],[-75.186151,39.992672],[-75.186488,39.993357],[-75.186978,39.994354],[-75.187263,39.994956],[-75.187559,39.995839],[-75.187586,39.996051],[-75.18761,39.996441],[-75.187612,39.996584],[-75.187608,39.998205],[-75.186548,39.998075],[-75.185032,39.997887],[-75.184398,39.997803],[-75.183398,39.997669],[-75.182344,39.997529],[-75.181794,39.997454],[-75.180192,39.997263],[-75.180109,39.997376],[-75.179321,39.997924],[-75.178987,39.998114],[-75.178239,39.99862],[-75.177647,39.998555],[-75.177244,39.998499],[-75.17716,39.998488],[-75.176603,39.998415],[-75.175866,39.998338],[-75.17519,39.998242],[-75.174626,39.998185],[-75.174157,39.998121],[-75.173604,39.998044],[-75.173043,39.997966],[-75.172564,39.997904],[-75.172,39.997835],[-75.171456,39.997761],[-75.170973,39.997705],[-75.170423,39.997628],[-75.17077,39.996045]]]},"properties":{"ward_num":"28"}},{"type":"Feature","geometry":{"type":"Polygon","coordinates":[[[-75.239338,39.981457],[-75.239045,39.98196],[-75.236166,39.980979],[-75.235691,39.980813],[-75.234072,39.980335],[-75.233963,39.980383],[-75.232841,39.979973],[-75.232424,39.979807],[-75.2321,39.979703],[-75.230799,39.979101],[-75.230173,39.978804],[-75.230132,39.978569],[-75.230029,39.97802],[-75.229858,39.977079],[-75.229564,39.975525],[-75.229434,39.974838],[-75.229356,39.974428],[-75.229269,39.973935],[-75.229151,39.973307],[-75.229029,39.972654],[-75.228884,39.97191],[-75.228738,39.971117],[-75.228558,39.970162],[-75.228387,39.969225],[-75.228251,39.968419],[-75.228151,39.967853],[-75.227979,39.966852],[-75.227906,39.966425],[-75.227863,39.966201],[-75.227824,39.965898],[-75.227681,39.965082],[-75.227846,39.964297],[-75.227914,39.963973],[-75.228,39.963564],[-75.228321,39.962043],[-75.228648,39.960473],[-75.229238,39.960544],[-75.229298,39.960551],[-75.229761,39.960605],[-75.229818,39.960612],[-75.23025,39.960665],[-75.230805,39.960731],[-75.231877,39.960859],[-75.23286,39.960985],[-75.233556,39.961075],[-75.234144,39.961145],[-75.234872,39.96124],[-75.236811,39.96148],[-75.238787,39.961724],[-75.239449,39.961803],[-75.240025,39.96188],[-75.240764,39.961969],[-75.240431,39.963546],[-75.240113,39.965064],[-75.240019,39.965505],[-75.239934,39.9659],[-75.239796,39.966586],[-75.239481,39.968107],[-75.239134,39.969763],[-75.239136,39.969902],[-75.239048,39.969972],[-75.238291,39.970057],[-75.237458,39.970151],[-75.237745,39.971688],[-75.237985,39.972967],[-75.23828,39.974562],[-75.238572,39.976111],[-75.238693,39.976736],[-75.238795,39.97729],[-75.238847,39.977567],[-75.238894,39.977828],[-75.239008,39.978432],[-75.239052,39.978663],[-75.239128,39.979079],[-75.239191,39.979424],[-75.239261,39.979764],[-75.239305,39.980025],[-75.239382,39.980433],[-75.23947,39.980924],[-75.239477,39.981124],[-75.23942,39.981292],[-75.239338,39.981457]]]},"properties":{"ward_num":"4"}},{"type":"Feature","geometry":{"type":"Polygon","coordinates":[[[-75.054275,40.108737],[-75.054012,40.108152],[-75.053813,40.107593],[-75.053196,40.106423],[-75.05306,40.10619],[-75.05285,40.105919],[-75.052374,40.10524],[-75.051879,40.104349],[-75.051616,40.103941],[-75.050973,40.103126],[-75.050967,40.103119],[-75.050715,40.102816],[-75.050407,40.102571],[-75.049678,40.102047],[-75.049426,40.101805],[-75.048458,40.100419],[-75.047639,40.099172],[-75.047443,40.098896],[-75.047119,40.098386],[-75.046931,40.097011],[-75.04674,40.09525],[-75.047009,40.093945],[-75.047301,40.092772],[-75.047569,40.091929],[-75.04755,40.091844],[-75.04751,40.091766],[-75.047483,40.091726],[-75.047056,40.091089],[-75.046343,40.090022],[-75.046027,40.08952],[-75.045817,40.089241],[-75.045687,40.089031],[-75.044338,40.088492],[-75.044141,40.088388],[-75.043719,40.088205],[-75.04261,40.087756],[-75.042245,40.087615],[-75.041672,40.08742],[-75.041491,40.087347],[-75.041753,40.087148],[-75.04615,40.083806],[-75.047681,40.082643],[-75.053875,40.077935],[-75.055361,40.076805],[-75.057585,40.075114],[-75.057824,40.074925],[-75.058062,40.074736],[-75.058222,40.074607],[-75.058299,40.074546],[-75.058536,40.074356],[-75.058774,40.074166],[-75.059013,40.073978],[-75.059254,40.073791],[-75.059497,40.073605],[-75.059744,40.073422],[-75.059993,40.073242],[-75.060246,40.073064],[-75.060501,40.072889],[-75.060759,40.072715],[-75.061019,40.072543],[-75.06128,40.072372],[-75.061542,40.072204],[-75.061808,40.072037],[-75.062076,40.071873],[-75.062345,40.07171],[-75.062617,40.07155],[-75.06289,40.071391],[-75.063165,40.071233],[-75.06344,40.071076],[-75.063717,40.070921],[-75.063995,40.070768],[-75.064275,40.070616],[-75.064558,40.070467],[-75.064843,40.070322],[-75.065132,40.070181],[-75.065243,40.070129],[-75.065425,40.070044],[-75.06572,40.069909],[-75.066016,40.069776],[-75.066311,40.069643],[-75.066607,40.06951],[-75.066903,40.069378],[-75.0672,40.069247],[-75.067498,40.069117],[-75.067797,40.068988],[-75.067841,40.068968],[-75.068096,40.068859],[-75.068395,40.06873],[-75.068694,40.068602],[-75.068995,40.068476],[-75.069299,40.068355],[-75.069607,40.068239],[-75.069919,40.068132],[-75.070235,40.06803],[-75.070553,40.067931],[-75.07087,40.067831],[-75.071186,40.06773],[-75.071502,40.067627],[-75.071818,40.067525],[-75.072134,40.067423],[-75.07245,40.067321],[-75.072721,40.067234],[-75.072765,40.067219],[-75.073081,40.067118],[-75.073397,40.067016],[-75.073713,40.066914],[-75.074029,40.066812],[-75.074345,40.06671],[-75.074661,40.066608],[-75.074976,40.066506],[-75.075292,40.066404],[-75.075608,40.066302],[-75.075924,40.0662],[-75.07624,40.066098],[-75.076556,40.065996],[-75.076872,40.065894],[-75.077269,40.065766],[-75.077493,40.065698],[-75.077588,40.065669],[-75.077906,40.065572],[-75.078225,40.065475],[-75.078544,40.065378],[-75.078862,40.065281],[-75.079181,40.065185],[-75.079226,40.065171],[-75.079499,40.065088],[-75.079818,40.06499],[-75.080136,40.064893],[-75.080454,40.064795],[-75.080771,40.064696],[-75.081088,40.064596],[-75.081405,40.064496],[-75.081721,40.064394],[-75.082036,40.064289],[-75.082349,40.064182],[-75.08266,40.064072],[-75.082968,40.063957],[-75.083272,40.063837],[-75.083485,40.063747],[-75.083517,40.063734],[-75.083573,40.063711],[-75.083872,40.063581],[-75.084168,40.063448],[-75.084461,40.063312],[-75.084749,40.06317],[-75.085032,40.063021],[-75.085306,40.062863],[-75.085573,40.062699],[-75.085733,40.062599],[-75.085743,40.062604],[-75.086571,40.063099],[-75.086992,40.06333],[-75.087067,40.063372],[-75.087466,40.063593],[-75.087899,40.063845],[-75.088767,40.06435],[-75.08954,40.0648],[-75.090372,40.065284],[-75.09674,40.068989],[-75.094044,40.071641],[-75.093822,40.07186],[-75.089522,40.076104],[-75.08918,40.076429],[-75.08794,40.077607],[-75.086949,40.078669],[-75.086879,40.078615],[-75.083417,40.081963],[-75.08246,40.082893],[-75.081652,40.083678],[-75.081191,40.084126],[-75.077804,40.085779],[-75.076363,40.087271],[-75.076287,40.08735],[-75.076213,40.087427],[-75.074585,40.089112],[-75.074564,40.089134],[-75.071235,40.09258],[-75.070711,40.093123],[-75.069458,40.09442],[-75.067176,40.096782],[-75.065672,40.098339],[-75.064935,40.099102],[-75.063747,40.100331],[-75.061419,40.102738],[-75.060317,40.103877],[-75.05923,40.105001],[-75.058426,40.105832],[-75.058293,40.105925],[-75.055341,40.107991],[-75.054275,40.108737]]]},"properties":{"ward_num":"63"}},{"type":"Feature","geometry":{"type":"Polygon","coordinates":[[[-75.170204,39.995977],[-75.169734,39.995914],[-75.169179,39.995836],[-75.168609,39.995771],[-75.168142,39.995704],[-75.16757,39.995631],[-75.165967,39.995422],[-75.164098,39.995178],[-75.163543,39.995122],[-75.163196,39.995071],[-75.162545,39.994977],[-75.161861,39.994887],[-75.161634,39.994858],[-75.161352,39.994821],[-75.160949,39.994746],[-75.159989,39.99461],[-75.159921,39.994601],[-75.15937,39.994534],[-75.15881,39.99444],[-75.158361,39.994392],[-75.157794,39.994352],[-75.15725,39.994287],[-75.156789,39.994235],[-75.156231,39.994158],[-75.155055,39.994005],[-75.154834,39.993978],[-75.154824,39.993976],[-75.15459,39.993948],[-75.154658,39.993653],[-75.154952,39.992362],[-75.155273,39.990862],[-75.155502,39.989802],[-75.155595,39.989379],[-75.155938,39.987887],[-75.156278,39.986293],[-75.157114,39.986408],[-75.157181,39.986418],[-75.157902,39.986501],[-75.158681,39.986612],[-75.159109,39.986671],[-75.159475,39.986715],[-75.160028,39.986788],[-75.160491,39.98685],[-75.161034,39.986917],[-75.1616,39.986984],[-75.162058,39.987052],[-75.162614,39.987121],[-75.16318,39.987191],[-75.163403,39.987219],[-75.163619,39.987253],[-75.164187,39.98732],[-75.164979,39.98743],[-75.165765,39.987523],[-75.166412,39.987608],[-75.166986,39.987674],[-75.167635,39.987761],[-75.16843,39.987867],[-75.169236,39.987968],[-75.169449,39.987031],[-75.169577,39.986415],[-75.170399,39.986521],[-75.171199,39.986613],[-75.171989,39.986717],[-75.171994,39.986717],[-75.174364,39.987033],[-75.174942,39.987101],[-75.175413,39.987165],[-75.176786,39.987346],[-75.176781,39.987349],[-75.176497,39.987496],[-75.176213,39.987642],[-75.175929,39.987789],[-75.175645,39.987936],[-75.17536,39.988082],[-75.175076,39.988228],[-75.174791,39.988374],[-75.174506,39.98852],[-75.174277,39.988638],[-75.174221,39.988666],[-75.17399,39.988784],[-75.173936,39.988812],[-75.173651,39.988957],[-75.173366,39.989103],[-75.173081,39.989248],[-75.172796,39.989394],[-75.172511,39.98954],[-75.172226,39.989686],[-75.171942,39.989833],[-75.171747,39.989933],[-75.172062,39.989968],[-75.171903,39.990811],[-75.171877,39.990918],[-75.171757,39.991463],[-75.171597,39.99221],[-75.171443,39.992956],[-75.171323,39.993491],[-75.171233,39.993893],[-75.171118,39.994454],[-75.171,39.994978],[-75.170905,39.995417],[-75.17077,39.996045],[-75.170204,39.995977]]]},"properties":{"ward_num":"16"}},{"type":"Feature","geometry":{"type":"Polygon","coordinates":[[[-75.186,39.990132],[-75.185896,39.990121],[-75.185666,39.990086],[-75.185055,39.990012],[-75.184407,39.989939],[-75.183461,39.98981],[-75.1829,39.989727],[-75.18243,39.989671],[-75.181877,39.989593],[-75.18026,39.989397],[-75.179655,39.989312],[-75.179203,39.98926],[-75.17862,39.989188],[-75.178043,39.989112],[-75.177209,39.989],[-75.175806,39.988822],[-75.174277,39.988638],[-75.174506,39.98852],[-75.174791,39.988374],[-75.175076,39.988228],[-75.17536,39.988082],[-75.175645,39.987936],[-75.175929,39.987789],[-75.176213,39.987642],[-75.176497,39.987496],[-75.176781,39.987349],[-75.176786,39.987346],[-75.175413,39.987165],[-75.174942,39.987101],[-75.174364,39.987033],[-75.171994,39.986717],[-75.171989,39.986717],[-75.171199,39.986613],[-75.170399,39.986521],[-75.169577,39.986415],[-75.169449,39.987031],[-75.169236,39.987968],[-75.16843,39.987867],[-75.167635,39.987761],[-75.166986,39.987674],[-75.166412,39.987608],[-75.165765,39.987523],[-75.164979,39.98743],[-75.164187,39.98732],[-75.163619,39.987253],[-75.163403,39.987219],[-75.16318,39.987191],[-75.162614,39.987121],[-75.162058,39.987052],[-75.1616,39.986984],[-75.161034,39.986917],[-75.160491,39.98685],[-75.160028,39.986788],[-75.159475,39.986715],[-75.159109,39.986671],[-75.158681,39.986612],[-75.157902,39.986501],[-75.157181,39.986418],[-75.157114,39.986408],[-75.156278,39.986293],[-75.15661,39.984734],[-75.156622,39.984686],[-75.156918,39.983229],[-75.157257,39.981703],[-75.157585,39.980232],[-75.159221,39.980444],[-75.160007,39.98054],[-75.160801,39.980643],[-75.161583,39.980739],[-75.162362,39.980846],[-75.163158,39.980951],[-75.163938,39.981047],[-75.164726,39.981154],[-75.165513,39.981253],[-75.166296,39.981357],[-75.167079,39.981463],[-75.167745,39.981544],[-75.16803,39.981585],[-75.168296,39.981614],[-75.168497,39.981646],[-75.168964,39.981699],[-75.169748,39.981811],[-75.170561,39.981911],[-75.171376,39.98201],[-75.172164,39.98211],[-75.172733,39.98219],[-75.173217,39.98226],[-75.173752,39.982316],[-75.174336,39.982404],[-75.174774,39.982454],[-75.174994,39.982469],[-75.175346,39.982527],[-75.175557,39.98157],[-75.17569,39.980992],[-75.175791,39.980504],[-75.175884,39.980054],[-75.175992,39.979582],[-75.176783,39.979678],[-75.177587,39.979784],[-75.178377,39.979886],[-75.179176,39.979997],[-75.179882,39.980091],[-75.180594,39.980176],[-75.181137,39.980248],[-75.181618,39.980299],[-75.182219,39.980383],[-75.182808,39.980452],[-75.183283,39.980515],[-75.183841,39.980594],[-75.184425,39.980678],[-75.1855,39.980814],[-75.186325,39.980924],[-75.186714,39.980976],[-75.187009,39.981016],[-75.187858,39.981118],[-75.188663,39.981217],[-75.18854,39.98189],[-75.18837,39.982631],[-75.188205,39.983383],[-75.188035,39.984136],[-75.187953,39.98454],[-75.187707,39.985655],[-75.187599,39.986161],[-75.187493,39.986639],[-75.187385,39.98714],[-75.187276,39.987651],[-75.187174,39.988084],[-75.187062,39.988675],[-75.186716,39.990224],[-75.186,39.990132]]]},"properties":{"ward_num":"32"}},{"type":"Feature","geometry":{"type":"Polygon","coordinates":[[[-75.189209,40.073173],[-75.188503,40.072773],[-75.188055,40.072512],[-75.187698,40.072311],[-75.187279,40.072071],[-75.186956,40.071891],[-75.186563,40.071666],[-75.186356,40.071545],[-75.186235,40.071473],[-75.18586,40.071256],[-75.185563,40.071082],[-75.184656,40.070574],[-75.183915,40.070154],[-75.183651,40.069999],[-75.183387,40.069858],[-75.183215,40.069759],[-75.182897,40.069562],[-75.182647,40.069415],[-75.182518,40.069348],[-75.182222,40.069168],[-75.181754,40.068912],[-75.18297,40.067753],[-75.184373,40.066451],[-75.185761,40.065131],[-75.187066,40.063924],[-75.187395,40.063621],[-75.187787,40.063259],[-75.188323,40.062744],[-75.188631,40.062453],[-75.190123,40.061053],[-75.191057,40.060186],[-75.190876,40.059959],[-75.190222,40.059208],[-75.190017,40.058992],[-75.189426,40.058426],[-75.1904,40.057573],[-75.191649,40.056476],[-75.192968,40.055276],[-75.193306,40.054965],[-75.193954,40.054367],[-75.195635,40.052811],[-75.196984,40.051581],[-75.198322,40.050337],[-75.198558,40.050097],[-75.19881,40.049728],[-75.198832,40.049819],[-75.198893,40.049924],[-75.198977,40.050056],[-75.199051,40.050135],[-75.199264,40.050187],[-75.19947,40.050217],[-75.199559,40.050212],[-75.199641,40.050196],[-75.199735,40.050166],[-75.199805,40.050131],[-75.199888,40.050073],[-75.19996,40.050003],[-75.200029,40.049893],[-75.200065,40.049788],[-75.200089,40.049689],[-75.200117,40.049602],[-75.200183,40.04946],[-75.200378,40.049225],[-75.201525,40.04802],[-75.201626,40.047993],[-75.201692,40.047994],[-75.201803,40.047991],[-75.201869,40.047987],[-75.201941,40.048],[-75.201903,40.047891],[-75.201882,40.04782],[-75.20188,40.047749],[-75.201893,40.047658],[-75.202185,40.047334],[-75.202389,40.047092],[-75.202521,40.046889],[-75.202582,40.046765],[-75.20291,40.045865],[-75.203081,40.045392],[-75.203142,40.04527],[-75.203212,40.045166],[-75.203306,40.045053],[-75.203409,40.044963],[-75.203999,40.044563],[-75.204093,40.044629],[-75.205894,40.046132],[-75.207007,40.047073],[-75.206635,40.047427],[-75.207143,40.047446],[-75.207412,40.047477],[-75.207681,40.047506],[-75.207911,40.047514],[-75.208057,40.0475],[-75.20818,40.04748],[-75.208334,40.047452],[-75.208652,40.047357],[-75.209207,40.04717],[-75.209625,40.047057],[-75.209739,40.047035],[-75.209835,40.047044],[-75.209925,40.047065],[-75.209988,40.047098],[-75.21002,40.047129],[-75.21006,40.047191],[-75.210144,40.047417],[-75.210214,40.047588],[-75.210274,40.047698],[-75.210339,40.047782],[-75.210444,40.047869],[-75.210521,40.04791],[-75.210694,40.048024],[-75.210901,40.048201],[-75.210957,40.048241],[-75.211052,40.048312],[-75.211346,40.048541],[-75.211433,40.048588],[-75.211522,40.048628],[-75.211615,40.048657],[-75.21182,40.048692],[-75.212005,40.048734],[-75.212076,40.048766],[-75.212122,40.048794],[-75.212313,40.048916],[-75.212412,40.049007],[-75.212486,40.049088],[-75.212562,40.049152],[-75.212683,40.04923],[-75.212791,40.049283],[-75.212851,40.049301],[-75.21293,40.049312],[-75.213126,40.049285],[-75.21338,40.049225],[-75.213737,40.049141],[-75.213803,40.049242],[-75.213833,40.049398],[-75.213992,40.049764],[-75.214096,40.049953],[-75.214206,40.050142],[-75.214314,40.050363],[-75.214446,40.050623],[-75.214508,40.050705],[-75.214644,40.050884],[-75.2148,40.051059],[-75.215031,40.051231],[-75.215228,40.051407],[-75.215338,40.051581],[-75.215475,40.051701],[-75.215841,40.051935],[-75.216024,40.052048],[-75.216192,40.052176],[-75.216525,40.052347],[-75.216684,40.05244],[-75.216837,40.052552],[-75.216944,40.052664],[-75.217086,40.052803],[-75.217191,40.052977],[-75.217279,40.053181],[-75.217349,40.053366],[-75.217448,40.053563],[-75.217506,40.053755],[-75.217573,40.054006],[-75.217648,40.054315],[-75.217708,40.054604],[-75.217781,40.05482],[-75.217795,40.054972],[-75.217799,40.055132],[-75.217787,40.055326],[-75.217789,40.055389],[-75.217792,40.055471],[-75.217813,40.055596],[-75.217858,40.055737],[-75.217884,40.055854],[-75.217895,40.055979],[-75.21798,40.056141],[-75.218103,40.056365],[-75.218194,40.056519],[-75.218316,40.056627],[-75.218364,40.056718],[-75.218437,40.056786],[-75.218524,40.0569],[-75.21853,40.05701],[-75.218623,40.057113],[-75.218868,40.057325],[-75.219001,40.057417],[-75.219119,40.057529],[-75.21918,40.057655],[-75.219312,40.057778],[-75.219328,40.057787],[-75.219476,40.057868],[-75.219584,40.057967],[-75.219665,40.058094],[-75.219861,40.058414],[-75.219942,40.058563],[-75.220082,40.058878],[-75.220168,40.059016],[-75.220239,40.059146],[-75.220333,40.059343],[-75.220583,40.059726],[-75.220713,40.059896],[-75.220886,40.060017],[-75.221007,40.060039],[-75.221064,40.06013],[-75.22125,40.060306],[-75.221421,40.060492],[-75.221556,40.060678],[-75.221646,40.060832],[-75.22174,40.061044],[-75.221821,40.061299],[-75.221904,40.061535],[-75.221993,40.061724],[-75.222072,40.061916],[-75.222144,40.062039],[-75.222136,40.062116],[-75.222133,40.06219],[-75.22218,40.062293],[-75.222245,40.062446],[-75.22268,40.063016],[-75.222821,40.063183],[-75.223027,40.063343],[-75.223194,40.06351],[-75.223325,40.063657],[-75.223436,40.0638],[-75.223528,40.063911],[-75.223569,40.064052],[-75.223554,40.064172],[-75.223548,40.064344],[-75.223467,40.064459],[-75.223295,40.064595],[-75.223111,40.064649],[-75.222879,40.064734],[-75.222526,40.064827],[-75.222316,40.064901],[-75.222063,40.06502],[-75.221869,40.065107],[-75.221748,40.065161],[-75.221525,40.065304],[-75.221361,40.065395],[-75.221282,40.065439],[-75.221084,40.06559],[-75.220891,40.065718],[-75.22078,40.065837],[-75.220665,40.065935],[-75.220445,40.066145],[-75.22038,40.066252],[-75.220365,40.066388],[-75.220382,40.066595],[-75.220427,40.06674],[-75.220502,40.066929],[-75.220515,40.06712],[-75.220531,40.067226],[-75.220539,40.067284],[-75.220708,40.067517],[-75.220913,40.067732],[-75.221157,40.067975],[-75.221362,40.06819],[-75.221413,40.068304],[-75.221511,40.068407],[-75.22169,40.068489],[-75.221857,40.068625],[-75.22202,40.068749],[-75.222172,40.068901],[-75.222283,40.069032],[-75.222397,40.06912],[-75.222499,40.069235],[-75.222551,40.06933],[-75.222634,40.069417],[-75.222777,40.069518],[-75.22289,40.069617],[-75.223007,40.069737],[-75.223268,40.069941],[-75.223407,40.070038],[-75.223575,40.070139],[-75.223748,40.070259],[-75.223926,40.070376],[-75.224079,40.070493],[-75.224385,40.070717],[-75.224564,40.070819],[-75.224732,40.070924],[-75.224889,40.071052],[-75.225057,40.071172],[-75.225175,40.071276],[-75.225302,40.071399],[-75.225471,40.071501],[-75.225584,40.071604],[-75.225604,40.071725],[-75.225603,40.071874],[-75.225603,40.071901],[-75.225564,40.072001],[-75.22553,40.072102],[-75.22544,40.072185],[-75.22537,40.072312],[-75.225279,40.072431],[-75.225112,40.072552],[-75.224941,40.072657],[-75.224735,40.072754],[-75.224559,40.07284],[-75.224383,40.072937],[-75.224182,40.07303],[-75.223971,40.073123],[-75.22381,40.07322],[-75.223664,40.073326],[-75.223461,40.073462],[-75.22331,40.073583],[-75.223198,40.073733],[-75.223111,40.07389],[-75.223038,40.074091],[-75.223005,40.074277],[-75.223023,40.074488],[-75.223092,40.074665],[-75.223226,40.074894],[-75.223363,40.075142],[-75.223514,40.075578],[-75.22362,40.07574],[-75.223686,40.075873],[-75.223707,40.075991],[-75.223892,40.076318],[-75.224007,40.076507],[-75.224273,40.076864],[-75.224367,40.077041],[-75.224545,40.07745],[-75.224623,40.077654],[-75.224723,40.077839],[-75.224788,40.078004],[-75.224822,40.078176],[-75.224936,40.078378],[-75.225191,40.078772],[-75.225281,40.078903],[-75.225483,40.079207],[-75.225505,40.079247],[-75.225564,40.079353],[-75.225813,40.079733],[-75.225879,40.079862],[-75.225912,40.079949],[-75.225954,40.080035],[-75.226005,40.080173],[-75.226106,40.080304],[-75.226241,40.080505],[-75.226401,40.080696],[-75.226587,40.080871],[-75.226765,40.081003],[-75.226967,40.081148],[-75.227118,40.081327],[-75.227281,40.081431],[-75.227572,40.081648],[-75.227776,40.081766],[-75.227985,40.081867],[-75.228174,40.081946],[-75.228348,40.082039],[-75.228508,40.08212],[-75.228698,40.082187],[-75.228863,40.082241],[-75.229043,40.082315],[-75.229223,40.082381],[-75.229382,40.082467],[-75.229525,40.082559],[-75.229661,40.082605],[-75.229806,40.082651],[-75.230017,40.082706],[-75.2302,40.082691],[-75.230362,40.082687],[-75.230498,40.082709],[-75.230685,40.082733],[-75.230866,40.082768],[-75.231052,40.082815],[-75.231142,40.082856],[-75.231204,40.082951],[-75.231221,40.083037],[-75.231222,40.083165],[-75.231183,40.083246],[-75.231025,40.083394],[-75.230905,40.083485],[-75.230766,40.083545],[-75.230422,40.083669],[-75.230283,40.083717],[-75.22994,40.083818],[-75.229751,40.083869],[-75.22952,40.083926],[-75.229342,40.083957],[-75.229138,40.083968],[-75.228745,40.084041],[-75.228541,40.084076],[-75.228407,40.084139],[-75.228242,40.084206],[-75.228102,40.084308],[-75.227987,40.084364],[-75.228406,40.084716],[-75.228602,40.084884],[-75.230562,40.086068],[-75.227754,40.088841],[-75.223588,40.092954],[-75.219636,40.09068],[-75.21679,40.089043],[-75.214133,40.087514],[-75.213754,40.0873],[-75.210355,40.085323],[-75.209973,40.085177],[-75.209782,40.085098],[-75.209638,40.085031],[-75.209484,40.084951],[-75.209286,40.084842],[-75.209157,40.084763],[-75.208913,40.084583],[-75.208437,40.084207],[-75.206326,40.082979],[-75.204148,40.081731],[-75.202676,40.080888],[-75.200455,40.079616],[-75.197637,40.078001],[-75.196436,40.077313],[-75.195005,40.076497],[-75.190835,40.074124],[-75.189679,40.073468],[-75.189209,40.073173]]]},"properties":{"ward_num":"9"}},{"type":"Feature","geometry":{"type":"Polygon","coordinates":[[[-75.15541,39.986189],[-75.154942,39.986128],[-75.154065,39.986013],[-75.153278,39.985909],[-75.152487,39.985811],[-75.151704,39.98571],[-75.150917,39.985607],[-75.1502,39.985513],[-75.149344,39.985402],[-75.148552,39.985301],[-75.148261,39.985262],[-75.147769,39.9852],[-75.147277,39.985133],[-75.146785,39.985073],[-75.146105,39.984988],[-75.145447,39.984905],[-75.144657,39.9848],[-75.144157,39.984733],[-75.143847,39.984692],[-75.143955,39.984219],[-75.144054,39.983731],[-75.144172,39.983102],[-75.144454,39.981606],[-75.14473,39.980107],[-75.144894,39.97924],[-75.145013,39.978607],[-75.145294,39.977079],[-75.145449,39.976237],[-75.145563,39.975648],[-75.145828,39.974222],[-75.146085,39.972843],[-75.146867,39.972945],[-75.147661,39.973048],[-75.148385,39.973142],[-75.148871,39.973206],[-75.149363,39.973265],[-75.150319,39.973392],[-75.150389,39.973401],[-75.150858,39.97346],[-75.15125,39.973513],[-75.151918,39.973598],[-75.152704,39.973701],[-75.153492,39.973802],[-75.154569,39.973943],[-75.155065,39.974005],[-75.155666,39.974081],[-75.156619,39.974208],[-75.158644,39.974466],[-75.158785,39.974492],[-75.158529,39.97586],[-75.15823,39.977225],[-75.158241,39.97729],[-75.157917,39.978717],[-75.157585,39.980232],[-75.157257,39.981703],[-75.156918,39.983229],[-75.156622,39.984686],[-75.15661,39.984734],[-75.156278,39.986293],[-75.156073,39.98627],[-75.15541,39.986189]]]},"properties":{"ward_num":"20"}},{"type":"Feature","geometry":{"type":"Polygon","coordinates":[[[-75.239338,39.981457],[-75.23942,39.981292],[-75.239477,39.981124],[-75.23947,39.980924],[-75.239382,39.980433],[-75.239305,39.980025],[-75.239261,39.979764],[-75.239191,39.979424],[-75.239128,39.979079],[-75.239052,39.978663],[-75.239008,39.978432],[-75.238894,39.977828],[-75.238847,39.977567],[-75.238795,39.97729],[-75.238693,39.976736],[-75.238572,39.976111],[-75.23828,39.974562],[-75.237985,39.972967],[-75.237745,39.971688],[-75.237458,39.970151],[-75.238291,39.970057],[-75.239048,39.969972],[-75.239136,39.969902],[-75.239134,39.969763],[-75.239481,39.968107],[-75.239796,39.966586],[-75.239934,39.9659],[-75.240019,39.965505],[-75.240113,39.965064],[-75.240431,39.963546],[-75.240764,39.961969],[-75.241408,39.962048],[-75.241997,39.962122],[-75.242738,39.962212],[-75.243358,39.96229],[-75.243429,39.962299],[-75.244034,39.962374],[-75.244712,39.96246],[-75.245407,39.962546],[-75.245991,39.962619],[-75.246756,39.962714],[-75.247197,39.962758],[-75.247219,39.962767],[-75.247682,39.962826],[-75.24767,39.962885],[-75.247603,39.963],[-75.247537,39.963073],[-75.247471,39.963155],[-75.247423,39.963225],[-75.247408,39.963286],[-75.247433,39.96339],[-75.247463,39.963485],[-75.247482,39.963562],[-75.247538,39.963638],[-75.247626,39.963734],[-75.24772,39.96382],[-75.247805,39.963912],[-75.247894,39.963985],[-75.248018,39.964059],[-75.248149,39.964133],[-75.248281,39.964203],[-75.248409,39.964261],[-75.248566,39.964336],[-75.249235,39.964622],[-75.249396,39.964703],[-75.249553,39.964787],[-75.249714,39.964852],[-75.249871,39.964933],[-75.249998,39.965019],[-75.25013,39.965074],[-75.25023,39.965092],[-75.250399,39.965061],[-75.25057,39.96499],[-75.250715,39.964912],[-75.250847,39.964864],[-75.250957,39.96485],[-75.251099,39.964859],[-75.251173,39.964916],[-75.25125,39.964995],[-75.251315,39.965045],[-75.251338,39.965113],[-75.251332,39.965162],[-75.251342,39.96522],[-75.251352,39.965233],[-75.251398,39.965299],[-75.251485,39.965339],[-75.251639,39.965362],[-75.251757,39.965349],[-75.251942,39.965343],[-75.252166,39.965315],[-75.252414,39.965305],[-75.252705,39.965279],[-75.252912,39.965238],[-75.253064,39.965212],[-75.253256,39.965236],[-75.253773,39.96535],[-75.25398,39.965407],[-75.254203,39.965399],[-75.254299,39.965307],[-75.254401,39.96517],[-75.254506,39.965053],[-75.254622,39.964962],[-75.254756,39.964878],[-75.254906,39.96479],[-75.255085,39.964723],[-75.255225,39.964684],[-75.255402,39.964653],[-75.25558,39.964601],[-75.255717,39.964546],[-75.255837,39.964468],[-75.25592,39.964379],[-75.25614,39.964226],[-75.256248,39.964135],[-75.256345,39.964024],[-75.256478,39.96393],[-75.256582,39.963845],[-75.256623,39.963762],[-75.256709,39.963715],[-75.256777,39.963697],[-75.256895,39.96368],[-75.257012,39.963689],[-75.257132,39.963724],[-75.257244,39.963765],[-75.257361,39.963787],[-75.257483,39.963771],[-75.257609,39.96368],[-75.257698,39.963639],[-75.257766,39.963612],[-75.257868,39.963598],[-75.257913,39.963618],[-75.257982,39.963691],[-75.258005,39.963756],[-75.258014,39.96385],[-75.258016,39.964021],[-75.258,39.964111],[-75.257967,39.964195],[-75.257944,39.964272],[-75.25795,39.96434],[-75.25801,39.964418],[-75.258071,39.964452],[-75.258197,39.964474],[-75.25839,39.964472],[-75.258489,39.964516],[-75.258524,39.964578],[-75.258567,39.96467],[-75.258619,39.964751],[-75.25865,39.964817],[-75.258682,39.964869],[-75.258704,39.964937],[-75.258713,39.965157],[-75.258711,39.965215],[-75.258713,39.965287],[-75.258706,39.965364],[-75.258715,39.965445],[-75.258742,39.965504],[-75.258782,39.965566],[-75.258843,39.965625],[-75.258962,39.965689],[-75.259092,39.965708],[-75.259226,39.965708],[-75.259339,39.965711],[-75.259397,39.965734],[-75.259445,39.96581],[-75.259438,39.965887],[-75.259461,39.965959],[-75.259559,39.966029],[-75.259913,39.966111],[-75.26003,39.966182],[-75.260089,39.966214],[-75.260195,39.966244],[-75.260346,39.96628],[-75.260461,39.966292],[-75.260566,39.966302],[-75.260596,39.96629],[-75.260645,39.966282],[-75.260826,39.96629],[-75.260914,39.966265],[-75.261099,39.966176],[-75.261145,39.966115],[-75.261201,39.966049],[-75.261257,39.966022],[-75.261352,39.965999],[-75.261402,39.966002],[-75.261511,39.966105],[-75.261552,39.966132],[-75.261642,39.966164],[-75.261806,39.966205],[-75.261894,39.966188],[-75.262058,39.96611],[-75.262101,39.966065],[-75.262124,39.966019],[-75.262165,39.965965],[-75.262276,39.965864],[-75.262334,39.965811],[-75.262403,39.96574],[-75.262444,39.965685],[-75.262497,39.965629],[-75.262552,39.965621],[-75.262639,39.965643],[-75.26276,39.96566],[-75.262836,39.965647],[-75.262894,39.965634],[-75.262932,39.965614],[-75.262993,39.965573],[-75.263038,39.965533],[-75.263141,39.965477],[-75.263201,39.96548],[-75.263269,39.9655],[-75.263306,39.96551],[-75.263466,39.965595],[-75.263564,39.965627],[-75.263672,39.965619],[-75.263799,39.965601],[-75.263907,39.965552],[-75.26401,39.965485],[-75.264069,39.965437],[-75.264155,39.965373],[-75.264244,39.965324],[-75.264478,39.965214],[-75.264557,39.965191],[-75.264632,39.965194],[-75.264798,39.965194],[-75.26491,39.9652],[-75.265113,39.965203],[-75.265232,39.965214],[-75.265355,39.965231],[-75.265428,39.965245],[-75.265469,39.965324],[-75.265547,39.965384],[-75.265595,39.96547],[-75.265751,39.965666],[-75.265818,39.965772],[-75.265878,39.965833],[-75.265927,39.96587],[-75.266015,39.965923],[-75.266131,39.965959],[-75.266379,39.966026],[-75.266508,39.966033],[-75.266609,39.966033],[-75.266904,39.96602],[-75.267027,39.96604],[-75.267202,39.966092],[-75.267294,39.966156],[-75.267383,39.966228],[-75.267388,39.966232],[-75.267481,39.966277],[-75.267568,39.966284],[-75.267698,39.966315],[-75.267791,39.966349],[-75.267845,39.966378],[-75.268017,39.966458],[-75.268121,39.966501],[-75.268228,39.966532],[-75.268316,39.966573],[-75.268405,39.966605],[-75.268495,39.966644],[-75.268571,39.966707],[-75.268635,39.966778],[-75.26875,39.966854],[-75.268802,39.966923],[-75.268873,39.967],[-75.268923,39.967072],[-75.269003,39.967207],[-75.269033,39.967273],[-75.269104,39.96735],[-75.269151,39.96738],[-75.269199,39.967391],[-75.269272,39.967405],[-75.269346,39.967407],[-75.269433,39.967402],[-75.269554,39.967353],[-75.269626,39.967337],[-75.269693,39.967329],[-75.269783,39.967326],[-75.26984,39.967341],[-75.269917,39.967373],[-75.269954,39.96742],[-75.270002,39.967508],[-75.27004,39.967604],[-75.27005,39.967689],[-75.270099,39.967798],[-75.270118,39.967853],[-75.270183,39.967966],[-75.270202,39.968018],[-75.270234,39.968075],[-75.270294,39.968195],[-75.270338,39.968253],[-75.270375,39.968312],[-75.2704,39.968385],[-75.270416,39.968453],[-75.270439,39.96851],[-75.270478,39.968572],[-75.270518,39.968619],[-75.270585,39.968674],[-75.270616,39.968683],[-75.270648,39.968693],[-75.270738,39.968684],[-75.270805,39.968673],[-75.270869,39.968641],[-75.270941,39.968621],[-75.271012,39.968618],[-75.271106,39.968632],[-75.271201,39.968659],[-75.271365,39.968719],[-75.27156,39.968725],[-75.271663,39.968736],[-75.271736,39.968752],[-75.27182,39.968784],[-75.271881,39.968826],[-75.27194,39.968887],[-75.271978,39.968937],[-75.272013,39.968975],[-75.272071,39.969017],[-75.272294,39.969089],[-75.272513,39.969147],[-75.272617,39.969187],[-75.272715,39.969219],[-75.27281,39.969256],[-75.27301,39.969307],[-75.273084,39.969313],[-75.273157,39.969311],[-75.273224,39.969313],[-75.273416,39.969292],[-75.273524,39.969291],[-75.273627,39.969297],[-75.273998,39.969326],[-75.274088,39.969321],[-75.274205,39.969325],[-75.274387,39.96932],[-75.274479,39.969312],[-75.274604,39.969313],[-75.27485,39.969298],[-75.274986,39.969296],[-75.275014,39.969297],[-75.275066,39.969298],[-75.275169,39.969325],[-75.275237,39.969358],[-75.275294,39.969411],[-75.275329,39.969463],[-75.275372,39.969563],[-75.275417,39.969695],[-75.275463,39.969837],[-75.275561,39.970112],[-75.275595,39.97018],[-75.27563,39.970228],[-75.275683,39.970293],[-75.275731,39.970305],[-75.275841,39.970311],[-75.275935,39.970321],[-75.276027,39.970316],[-75.276229,39.970338],[-75.276243,39.970342],[-75.276336,39.970365],[-75.276401,39.970406],[-75.276445,39.970472],[-75.276472,39.970529],[-75.276498,39.970594],[-75.276571,39.970724],[-75.276608,39.970796],[-75.276642,39.970853],[-75.276663,39.970903],[-75.276671,39.970958],[-75.276665,39.970986],[-75.276638,39.971027],[-75.27657,39.971069],[-75.27651,39.971128],[-75.276478,39.971184],[-75.276494,39.971209],[-75.276563,39.971269],[-75.276622,39.971277],[-75.276733,39.971276],[-75.276818,39.971257],[-75.276897,39.971193],[-75.277004,39.971137],[-75.27707,39.971117],[-75.277204,39.971088],[-75.277362,39.971097],[-75.27744,39.971106],[-75.277549,39.971136],[-75.277594,39.971169],[-75.27763,39.971204],[-75.277674,39.97124],[-75.277689,39.971276],[-75.277738,39.971324],[-75.277719,39.971347],[-75.277607,39.971375],[-75.277533,39.971401],[-75.277516,39.971422],[-75.277508,39.971442],[-75.277505,39.971479],[-75.27751,39.97152],[-75.277529,39.971561],[-75.277554,39.971589],[-75.277585,39.97162],[-75.277695,39.971672],[-75.277935,39.971714],[-75.278219,39.971885],[-75.278297,39.971959],[-75.278343,39.972012],[-75.278464,39.972113],[-75.278523,39.972185],[-75.278585,39.972245],[-75.278627,39.972301],[-75.278659,39.972355],[-75.278689,39.972422],[-75.278712,39.972492],[-75.278762,39.972698],[-75.278788,39.972872],[-75.278795,39.972975],[-75.278808,39.973078],[-75.278832,39.973174],[-75.278863,39.973258],[-75.2789,39.973322],[-75.278942,39.973378],[-75.278967,39.97344],[-75.278977,39.973495],[-75.278998,39.973551],[-75.279035,39.973608],[-75.279083,39.973724],[-75.279104,39.973788],[-75.279109,39.973852],[-75.279133,39.973946],[-75.279168,39.973997],[-75.279224,39.974037],[-75.279294,39.974067],[-75.279355,39.974084],[-75.279434,39.974124],[-75.279514,39.974158],[-75.279667,39.974239],[-75.279746,39.974285],[-75.279825,39.974335],[-75.279901,39.974391],[-75.27997,39.974454],[-75.280025,39.974514],[-75.280068,39.974591],[-75.280161,39.974809],[-75.280201,39.974865],[-75.280307,39.975001],[-75.279431,39.975446],[-75.276382,39.977014],[-75.273575,39.978269],[-75.271339,39.979263],[-75.269272,39.98018],[-75.267878,39.980798],[-75.267487,39.980971],[-75.265594,39.981811],[-75.264385,39.982347],[-75.263716,39.982643],[-75.262186,39.98349],[-75.260731,39.98429],[-75.259511,39.984961],[-75.258729,39.985391],[-75.25857,39.985521],[-75.258503,39.985576],[-75.25684,39.986809],[-75.256298,39.98721],[-75.256121,39.987321],[-75.255699,39.987519],[-75.254002,39.988314],[-75.250823,39.989805],[-75.249191,39.990572],[-75.249174,39.99037],[-75.249164,39.990224],[-75.249098,39.990095],[-75.248872,39.989792],[-75.248691,39.989551],[-75.248494,39.989315],[-75.248119,39.988955],[-75.247679,39.988689],[-75.247407,39.988556],[-75.247048,39.988432],[-75.246742,39.988353],[-75.24642,39.988276],[-75.246333,39.988094],[-75.245481,39.986629],[-75.24518,39.986104],[-75.245106,39.986],[-75.244991,39.9859],[-75.24482,39.985804],[-75.244673,39.985729],[-75.244493,39.985676],[-75.244241,39.98564],[-75.243887,39.985594],[-75.24342,39.985555],[-75.242884,39.985498],[-75.241263,39.985325],[-75.240156,39.985223],[-75.239659,39.985168],[-75.238233,39.985042],[-75.237776,39.984987],[-75.237393,39.984863],[-75.237243,39.984849],[-75.23805,39.983552],[-75.238615,39.982611],[-75.238747,39.982391],[-75.239045,39.98196],[-75.239338,39.981457]]]},"properties":{"ward_num":"34"}},{"type":"Feature","geometry":{"type":"Polygon","coordinates":[[[-75.230132,39.978569],[-75.230173,39.978804],[-75.227135,39.977389],[-75.226768,39.97722],[-75.226065,39.976894],[-75.224368,39.976102],[-75.223579,39.975732],[-75.222477,39.975221],[-75.221501,39.974764],[-75.220645,39.974367],[-75.22045,39.974255],[-75.219657,39.973779],[-75.219483,39.973674],[-75.21842,39.973033],[-75.21777,39.972636],[-75.217439,39.972444],[-75.217174,39.97036],[-75.216998,39.968979],[-75.216922,39.968392],[-75.216802,39.967469],[-75.216661,39.966346],[-75.216612,39.965795],[-75.216519,39.965223],[-75.216446,39.964639],[-75.216379,39.964104],[-75.216337,39.96374],[-75.216317,39.96357],[-75.21629,39.963396],[-75.216183,39.962555],[-75.216194,39.962486],[-75.217004,39.959025],[-75.218957,39.959269],[-75.219179,39.959297],[-75.219985,39.959396],[-75.220923,39.959514],[-75.221911,39.959635],[-75.222399,39.95969],[-75.222903,39.959754],[-75.223886,39.959871],[-75.224215,39.959909],[-75.224774,39.959984],[-75.22487,39.960015],[-75.226211,39.960168],[-75.226853,39.960248],[-75.227446,39.96032],[-75.227978,39.960387],[-75.228648,39.960473],[-75.228321,39.962043],[-75.228,39.963564],[-75.227914,39.963973],[-75.227846,39.964297],[-75.227681,39.965082],[-75.227824,39.965898],[-75.227863,39.966201],[-75.227906,39.966425],[-75.227979,39.966852],[-75.228151,39.967853],[-75.228251,39.968419],[-75.228387,39.969225],[-75.228558,39.970162],[-75.228738,39.971117],[-75.228884,39.97191],[-75.229029,39.972654],[-75.229151,39.973307],[-75.229269,39.973935],[-75.229356,39.974428],[-75.229434,39.974838],[-75.229564,39.975525],[-75.229858,39.977079],[-75.230029,39.97802],[-75.230132,39.978569]]]},"properties":{"ward_num":"44"}},{"type":"Feature","geometry":{"type":"Polygon","coordinates":[[[-75.156619,39.974208],[-75.155666,39.974081],[-75.155065,39.974005],[-75.154569,39.973943],[-75.153492,39.973802],[-75.152704,39.973701],[-75.151918,39.973598],[-75.15125,39.973513],[-75.150858,39.97346],[-75.150389,39.973401],[-75.150319,39.973392],[-75.149363,39.973265],[-75.148871,39.973206],[-75.148385,39.973142],[-75.147661,39.973048],[-75.146867,39.972945],[-75.146085,39.972843],[-75.146322,39.971573],[-75.146547,39.97039],[-75.146745,39.969302],[-75.14715,39.967136],[-75.147388,39.965886],[-75.147643,39.964524],[-75.147816,39.963592],[-75.1478,39.963536],[-75.147793,39.963482],[-75.148031,39.962274],[-75.148124,39.961759],[-75.148184,39.961428],[-75.148188,39.961428],[-75.149812,39.961514],[-75.151346,39.961579],[-75.151785,39.961601],[-75.15293,39.961653],[-75.153305,39.961671],[-75.15376,39.961694],[-75.154515,39.96172],[-75.156118,39.961789],[-75.157568,39.961864],[-75.157709,39.961879],[-75.159289,39.962073],[-75.160501,39.962225],[-75.160687,39.962258],[-75.160862,39.962304],[-75.161062,39.962369],[-75.161386,39.962483],[-75.161305,39.962903],[-75.161263,39.963136],[-75.161191,39.963432],[-75.161112,39.963798],[-75.161056,39.96405],[-75.160961,39.964479],[-75.160808,39.965168],[-75.16068,39.96578],[-75.160564,39.966303],[-75.160485,39.96668],[-75.160397,39.967074],[-75.160216,39.967898],[-75.160162,39.968186],[-75.160075,39.968609],[-75.159979,39.969004],[-75.159705,39.970211],[-75.159444,39.971476],[-75.159239,39.972393],[-75.159059,39.973214],[-75.158785,39.974492],[-75.158644,39.974466],[-75.156619,39.974208]]]},"properties":{"ward_num":"14"}},{"type":"Feature","geometry":{"type":"Polygon","coordinates":[[[-75.21863,39.956106],[-75.217648,39.955982],[-75.215635,39.955736],[-75.214647,39.955617],[-75.213658,39.955492],[-75.212774,39.955383],[-75.21168,39.95525],[-75.21192,39.954105],[-75.212044,39.953508],[-75.212162,39.952962],[-75.212173,39.952884],[-75.21224,39.952561],[-75.212397,39.95182],[-75.212559,39.951064],[-75.212718,39.950302],[-75.21295,39.949139],[-75.212922,39.949074],[-75.212581,39.948808],[-75.211392,39.947805],[-75.210747,39.947259],[-75.210105,39.946707],[-75.210903,39.946162],[-75.211403,39.945812],[-75.212689,39.944895],[-75.214003,39.943993],[-75.215001,39.943275],[-75.215155,39.943309],[-75.215484,39.943382],[-75.215618,39.943412],[-75.21586,39.943619],[-75.216522,39.94418],[-75.216692,39.944311],[-75.217164,39.944728],[-75.217735,39.945192],[-75.218426,39.945795],[-75.219113,39.946363],[-75.219779,39.946929],[-75.220395,39.947441],[-75.220884,39.947847],[-75.221239,39.94817],[-75.222645,39.948002],[-75.223318,39.947935],[-75.22495,39.947754],[-75.225239,39.947753],[-75.225402,39.947767],[-75.226117,39.947769],[-75.227422,39.94778],[-75.227629,39.947779],[-75.229451,39.947789],[-75.230305,39.947811],[-75.231273,39.947918],[-75.233607,39.94736],[-75.234365,39.947183],[-75.235051,39.947002],[-75.235753,39.94686],[-75.23581,39.946845],[-75.235873,39.946815],[-75.23614,39.946743],[-75.237273,39.946472],[-75.237983,39.946341],[-75.238731,39.946195],[-75.239342,39.946085],[-75.240055,39.945927],[-75.239962,39.94642],[-75.239856,39.946889],[-75.239749,39.94742],[-75.239644,39.947941],[-75.23955,39.948408],[-75.239433,39.94894],[-75.239325,39.949473],[-75.239276,39.949693],[-75.239234,39.949933],[-75.23912,39.950455],[-75.239012,39.950958],[-75.238917,39.951408],[-75.238798,39.951951],[-75.238686,39.952508],[-75.238587,39.952968],[-75.23848,39.953494],[-75.236546,39.953258],[-75.234534,39.95301],[-75.234155,39.952959],[-75.232884,39.952806],[-75.232479,39.952748],[-75.231577,39.952637],[-75.230953,39.952561],[-75.230326,39.952485],[-75.228513,39.952263],[-75.226542,39.95201],[-75.224569,39.951774],[-75.222592,39.951529],[-75.220619,39.951285],[-75.220456,39.952045],[-75.220297,39.952802],[-75.220224,39.953167],[-75.220155,39.953541],[-75.220083,39.953858],[-75.219825,39.955086],[-75.219712,39.955618],[-75.219671,39.955842],[-75.219589,39.956225],[-75.21863,39.956106]]]},"properties":{"ward_num":"46"}},{"type":"Feature","geometry":{"type":"Polygon","coordinates":[[[-75.227987,40.084364],[-75.228102,40.084308],[-75.228242,40.084206],[-75.228407,40.084139],[-75.228541,40.084076],[-75.228745,40.084041],[-75.229138,40.083968],[-75.229342,40.083957],[-75.22952,40.083926],[-75.229751,40.083869],[-75.22994,40.083818],[-75.230283,40.083717],[-75.230422,40.083669],[-75.230766,40.083545],[-75.230905,40.083485],[-75.231025,40.083394],[-75.231183,40.083246],[-75.231222,40.083165],[-75.231221,40.083037],[-75.231204,40.082951],[-75.231142,40.082856],[-75.231052,40.082815],[-75.230866,40.082768],[-75.230685,40.082733],[-75.230498,40.082709],[-75.230362,40.082687],[-75.2302,40.082691],[-75.230017,40.082706],[-75.229806,40.082651],[-75.229661,40.082605],[-75.229525,40.082559],[-75.229382,40.082467],[-75.229223,40.082381],[-75.229043,40.082315],[-75.228863,40.082241],[-75.228698,40.082187],[-75.228508,40.08212],[-75.228348,40.082039],[-75.228174,40.081946],[-75.227985,40.081867],[-75.227776,40.081766],[-75.227572,40.081648],[-75.227281,40.081431],[-75.227118,40.081327],[-75.226967,40.081148],[-75.226765,40.081003],[-75.226587,40.080871],[-75.226401,40.080696],[-75.226241,40.080505],[-75.226106,40.080304],[-75.226005,40.080173],[-75.225954,40.080035],[-75.225912,40.079949],[-75.225879,40.079862],[-75.225813,40.079733],[-75.225564,40.079353],[-75.225505,40.079247],[-75.225483,40.079207],[-75.225281,40.078903],[-75.225191,40.078772],[-75.224936,40.078378],[-75.224822,40.078176],[-75.224788,40.078004],[-75.224723,40.077839],[-75.224623,40.077654],[-75.224545,40.07745],[-75.224367,40.077041],[-75.224273,40.076864],[-75.224007,40.076507],[-75.223892,40.076318],[-75.223707,40.075991],[-75.223686,40.075873],[-75.22362,40.07574],[-75.223514,40.075578],[-75.223363,40.075142],[-75.223226,40.074894],[-75.223092,40.074665],[-75.223023,40.074488],[-75.223005,40.074277],[-75.223038,40.074091],[-75.223111,40.07389],[-75.223198,40.073733],[-75.22331,40.073583],[-75.223461,40.073462],[-75.223664,40.073326],[-75.22381,40.07322],[-75.223971,40.073123],[-75.224182,40.07303],[-75.224383,40.072937],[-75.224559,40.07284],[-75.224735,40.072754],[-75.224941,40.072657],[-75.225112,40.072552],[-75.225279,40.072431],[-75.22537,40.072312],[-75.22544,40.072185],[-75.22553,40.072102],[-75.225564,40.072001],[-75.225603,40.071901],[-75.225603,40.071874],[-75.225604,40.071725],[-75.225584,40.071604],[-75.225471,40.071501],[-75.225302,40.071399],[-75.225175,40.071276],[-75.225057,40.071172],[-75.224889,40.071052],[-75.224732,40.070924],[-75.224564,40.070819],[-75.224385,40.070717],[-75.224079,40.070493],[-75.223926,40.070376],[-75.223748,40.070259],[-75.223575,40.070139],[-75.223407,40.070038],[-75.223268,40.069941],[-75.223007,40.069737],[-75.22289,40.069617],[-75.222777,40.069518],[-75.222634,40.069417],[-75.222551,40.06933],[-75.222499,40.069235],[-75.222397,40.06912],[-75.222283,40.069032],[-75.222172,40.068901],[-75.22202,40.068749],[-75.221857,40.068625],[-75.22169,40.068489],[-75.221511,40.068407],[-75.221413,40.068304],[-75.221362,40.06819],[-75.221157,40.067975],[-75.220913,40.067732],[-75.220708,40.067517],[-75.220539,40.067284],[-75.220531,40.067226],[-75.220515,40.06712],[-75.220502,40.066929],[-75.220427,40.06674],[-75.220382,40.066595],[-75.220365,40.066388],[-75.22038,40.066252],[-75.220445,40.066145],[-75.220665,40.065935],[-75.22078,40.065837],[-75.220891,40.065718],[-75.221084,40.06559],[-75.221282,40.065439],[-75.221361,40.065395],[-75.221525,40.065304],[-75.221748,40.065161],[-75.221869,40.065107],[-75.222063,40.06502],[-75.222316,40.064901],[-75.222526,40.064827],[-75.222879,40.064734],[-75.223111,40.064649],[-75.223295,40.064595],[-75.223467,40.064459],[-75.223548,40.064344],[-75.223554,40.064172],[-75.223569,40.064052],[-75.223528,40.063911],[-75.223436,40.0638],[-75.223325,40.063657],[-75.223194,40.06351],[-75.223027,40.063343],[-75.222821,40.063183],[-75.22268,40.063016],[-75.222245,40.062446],[-75.22218,40.062293],[-75.222133,40.06219],[-75.222136,40.062116],[-75.222144,40.062039],[-75.222072,40.061916],[-75.221993,40.061724],[-75.221904,40.061535],[-75.221821,40.061299],[-75.22174,40.061044],[-75.221646,40.060832],[-75.221556,40.060678],[-75.221421,40.060492],[-75.22125,40.060306],[-75.221064,40.06013],[-75.221007,40.060039],[-75.220886,40.060017],[-75.220713,40.059896],[-75.220583,40.059726],[-75.220333,40.059343],[-75.220239,40.059146],[-75.220168,40.059016],[-75.220082,40.058878],[-75.219942,40.058563],[-75.219861,40.058414],[-75.219665,40.058094],[-75.219584,40.057967],[-75.219476,40.057868],[-75.219328,40.057787],[-75.219312,40.057778],[-75.21918,40.057655],[-75.219119,40.057529],[-75.219001,40.057417],[-75.218868,40.057325],[-75.218623,40.057113],[-75.21853,40.05701],[-75.218524,40.0569],[-75.218437,40.056786],[-75.218364,40.056718],[-75.218316,40.056627],[-75.218194,40.056519],[-75.218103,40.056365],[-75.21798,40.056141],[-75.217895,40.055979],[-75.217884,40.055854],[-75.217858,40.055737],[-75.217813,40.055596],[-75.217792,40.055471],[-75.217789,40.055389],[-75.217787,40.055326],[-75.217799,40.055132],[-75.217795,40.054972],[-75.217781,40.05482],[-75.217708,40.054604],[-75.217648,40.054315],[-75.217573,40.054006],[-75.217506,40.053755],[-75.217448,40.053563],[-75.217349,40.053366],[-75.217279,40.053181],[-75.217191,40.052977],[-75.217086,40.052803],[-75.216944,40.052664],[-75.216837,40.052552],[-75.216684,40.05244],[-75.216525,40.052347],[-75.216192,40.052176],[-75.216024,40.052048],[-75.215841,40.051935],[-75.215475,40.051701],[-75.215338,40.051581],[-75.215228,40.051407],[-75.215031,40.051231],[-75.2148,40.051059],[-75.214644,40.050884],[-75.214508,40.050705],[-75.214446,40.050623],[-75.214314,40.050363],[-75.214206,40.050142],[-75.214096,40.049953],[-75.213992,40.049764],[-75.213833,40.049398],[-75.213803,40.049242],[-75.213737,40.049141],[-75.21338,40.049225],[-75.213126,40.049285],[-75.21293,40.049312],[-75.212851,40.049301],[-75.212791,40.049283],[-75.212683,40.04923],[-75.212562,40.049152],[-75.212486,40.049088],[-75.212412,40.049007],[-75.212313,40.048916],[-75.212122,40.048794],[-75.212076,40.048766],[-75.212005,40.048734],[-75.21182,40.048692],[-75.211615,40.048657],[-75.211522,40.048628],[-75.211433,40.048588],[-75.211346,40.048541],[-75.211052,40.048312],[-75.210957,40.048241],[-75.210901,40.048201],[-75.210694,40.048024],[-75.210521,40.04791],[-75.210444,40.047869],[-75.210339,40.047782],[-75.210274,40.047698],[-75.210214,40.047588],[-75.210144,40.047417],[-75.21006,40.047191],[-75.21002,40.047129],[-75.209988,40.047098],[-75.209925,40.047065],[-75.209835,40.047044],[-75.209739,40.047035],[-75.209625,40.047057],[-75.209207,40.04717],[-75.208652,40.047357],[-75.208334,40.047452],[-75.20818,40.04748],[-75.208057,40.0475],[-75.207911,40.047514],[-75.207681,40.047506],[-75.207412,40.047477],[-75.207143,40.047446],[-75.206635,40.047427],[-75.207007,40.047073],[-75.205894,40.046132],[-75.204093,40.044629],[-75.203999,40.044563],[-75.203653,40.044273],[-75.201435,40.042414],[-75.201178,40.042191],[-75.200768,40.041836],[-75.200302,40.041424],[-75.19978,40.041008],[-75.198931,40.040292],[-75.197998,40.039478],[-75.19613,40.037933],[-75.195916,40.037742],[-75.194988,40.036932],[-75.193984,40.036108],[-75.193292,40.035529],[-75.193129,40.035391],[-75.192729,40.03503],[-75.191903,40.034321],[-75.191119,40.033649],[-75.190434,40.033061],[-75.189795,40.032548],[-75.189066,40.031914],[-75.188533,40.031467],[-75.187779,40.030781],[-75.18738,40.030432],[-75.186196,40.029478],[-75.185467,40.028885],[-75.184758,40.028295],[-75.184236,40.027866],[-75.184171,40.027795],[-75.183546,40.027275],[-75.182935,40.026754],[-75.182127,40.026055],[-75.18167,40.025666],[-75.181956,40.02554],[-75.183977,40.02479],[-75.184936,40.024409],[-75.187821,40.023348],[-75.188081,40.023252],[-75.188616,40.023066],[-75.18955,40.022711],[-75.190011,40.022534],[-75.190404,40.022304],[-75.190531,40.022192],[-75.190968,40.02179],[-75.191247,40.021555],[-75.191866,40.020984],[-75.192407,40.020505],[-75.193974,40.019038],[-75.194413,40.018658],[-75.19632,40.016908],[-75.197685,40.015801],[-75.19808,40.015479],[-75.198364,40.015279],[-75.198752,40.014935],[-75.199854,40.014068],[-75.20027,40.013727],[-75.20028,40.013717],[-75.200956,40.01307],[-75.201139,40.012968],[-75.201331,40.012962],[-75.201507,40.01304],[-75.201812,40.013227],[-75.201924,40.013294],[-75.202031,40.013343],[-75.20228,40.013443],[-75.202433,40.013559],[-75.202572,40.013633],[-75.202724,40.013679],[-75.203083,40.013805],[-75.204509,40.014288],[-75.204661,40.014341],[-75.204714,40.014359],[-75.205802,40.014691],[-75.20594,40.014723],[-75.206057,40.014736],[-75.20611,40.014753],[-75.206142,40.014763],[-75.206311,40.014816],[-75.20641,40.014831],[-75.206515,40.014855],[-75.206708,40.014911],[-75.206742,40.014921],[-75.206815,40.014787],[-75.206844,40.014546],[-75.206921,40.014392],[-75.206993,40.014219],[-75.207057,40.01401],[-75.20713,40.013824],[-75.207226,40.013566],[-75.207266,40.013423],[-75.20735,40.013214],[-75.207562,40.012725],[-75.207592,40.012744],[-75.207625,40.012767],[-75.207659,40.012789],[-75.207692,40.012812],[-75.207726,40.012834],[-75.207759,40.012856],[-75.207793,40.012879],[-75.207827,40.012901],[-75.20786,40.012923],[-75.207894,40.012946],[-75.207927,40.012968],[-75.207961,40.01299],[-75.207995,40.013012],[-75.208029,40.013034],[-75.208062,40.013057],[-75.208096,40.013079],[-75.20813,40.013101],[-75.208164,40.013123],[-75.208198,40.013145],[-75.208232,40.013166],[-75.208266,40.013188],[-75.2083,40.01321],[-75.208334,40.013232],[-75.208368,40.013253],[-75.208403,40.013275],[-75.208437,40.013297],[-75.208472,40.013318],[-75.208506,40.01334],[-75.208541,40.013361],[-75.208575,40.013382],[-75.20861,40.013403],[-75.208645,40.013424],[-75.20868,40.013445],[-75.208715,40.013466],[-75.20875,40.013486],[-75.208786,40.013507],[-75.208822,40.013527],[-75.208858,40.013547],[-75.208894,40.013567],[-75.20893,40.013587],[-75.208966,40.013606],[-75.209003,40.013626],[-75.209039,40.013645],[-75.209076,40.013664],[-75.209112,40.013683],[-75.209149,40.013702],[-75.209186,40.013721],[-75.209223,40.01374],[-75.20926,40.013759],[-75.209297,40.013778],[-75.209334,40.013797],[-75.209371,40.013816],[-75.209409,40.013835],[-75.209446,40.013853],[-75.209483,40.013872],[-75.20952,40.013891],[-75.209557,40.01391],[-75.209594,40.013928],[-75.209631,40.013947],[-75.209668,40.013966],[-75.209705,40.013985],[-75.209742,40.014004],[-75.209779,40.014023],[-75.209815,40.014043],[-75.209852,40.014062],[-75.209889,40.014081],[-75.209925,40.0141],[-75.209962,40.01412],[-75.209999,40.014139],[-75.210036,40.014158],[-75.210072,40.014177],[-75.210109,40.014196],[-75.210146,40.014215],[-75.210183,40.014234],[-75.21022,40.014252],[-75.210257,40.014271],[-75.210294,40.01429],[-75.210331,40.014309],[-75.210368,40.014328],[-75.210405,40.014347],[-75.210442,40.014366],[-75.210479,40.014385],[-75.210516,40.014404],[-75.210553,40.014423],[-75.210589,40.014442],[-75.210626,40.014461],[-75.210663,40.014481],[-75.210699,40.0145],[-75.210736,40.014519],[-75.210772,40.014539],[-75.210808,40.014559],[-75.210845,40.014578],[-75.210881,40.014598],[-75.210916,40.014618],[-75.210952,40.014638],[-75.210988,40.014659],[-75.211023,40.014679],[-75.211059,40.0147],[-75.211094,40.01472],[-75.211129,40.014741],[-75.211164,40.014762],[-75.2112,40.014782],[-75.211235,40.014803],[-75.211271,40.014824],[-75.211306,40.014845],[-75.211341,40.014865],[-75.211377,40.014886],[-75.211412,40.014907],[-75.211448,40.014928],[-75.211483,40.014949],[-75.211518,40.014969],[-75.211554,40.01499],[-75.211589,40.015011],[-75.211624,40.015032],[-75.211659,40.015054],[-75.211694,40.015075],[-75.211729,40.015096],[-75.211764,40.015117],[-75.211799,40.015139],[-75.211833,40.015161],[-75.211868,40.015182],[-75.211902,40.015204],[-75.211936,40.015226],[-75.21197,40.015248],[-75.212004,40.01527],[-75.212037,40.015292],[-75.212071,40.015315],[-75.212104,40.015337],[-75.212137,40.01536],[-75.21217,40.015383],[-75.212202,40.015406],[-75.212235,40.015429],[-75.212267,40.015453],[-75.212299,40.015476],[-75.21233,40.0155],[-75.212362,40.015524],[-75.212393,40.015548],[-75.212423,40.015573],[-75.212454,40.015597],[-75.212484,40.015622],[-75.212514,40.015647],[-75.212544,40.015672],[-75.212573,40.015697],[-75.212603,40.015723],[-75.212632,40.015748],[-75.212662,40.015773],[-75.212691,40.015799],[-75.21272,40.015825],[-75.212749,40.015851],[-75.212777,40.015877],[-75.212806,40.015903],[-75.212834,40.015929],[-75.212863,40.015955],[-75.212891,40.015981],[-75.212919,40.016008],[-75.212947,40.016034],[-75.212975,40.016061],[-75.213003,40.016088],[-75.21303,40.016114],[-75.213058,40.016141],[-75.213085,40.016168],[-75.213113,40.016195],[-75.21314,40.016222],[-75.213167,40.016249],[-75.213194,40.016276],[-75.213221,40.016303],[-75.213248,40.016331],[-75.213275,40.016358],[-75.213302,40.016385],[-75.213328,40.016413],[-75.213355,40.01644],[-75.213381,40.016468],[-75.213408,40.016495],[-75.213434,40.016523],[-75.213461,40.01655],[-75.213487,40.016578],[-75.213513,40.016606],[-75.21354,40.016633],[-75.213566,40.016661],[-75.213592,40.016689],[-75.213618,40.016716],[-75.213644,40.016744],[-75.21367,40.016772],[-75.213696,40.016799],[-75.213722,40.016827],[-75.213749,40.016855],[-75.213775,40.016882],[-75.2138,40.01691],[-75.213826,40.016938],[-75.213852,40.016966],[-75.213878,40.016993],[-75.213904,40.017021],[-75.21393,40.017049],[-75.213956,40.017076],[-75.213981,40.017104],[-75.214007,40.017132],[-75.214032,40.01716],[-75.214057,40.017188],[-75.214082,40.017216],[-75.214108,40.017245],[-75.214133,40.017273],[-75.214157,40.017301],[-75.214182,40.017329],[-75.214207,40.017358],[-75.214232,40.017386],[-75.214256,40.017415],[-75.214281,40.017443],[-75.214306,40.017472],[-75.21433,40.0175],[-75.214354,40.017529],[-75.214379,40.017557],[-75.214403,40.017586],[-75.214427,40.017614],[-75.214452,40.017643],[-75.214476,40.017672],[-75.2145,40.0177],[-75.214524,40.017729],[-75.214548,40.017758],[-75.214573,40.017787],[-75.214597,40.017815],[-75.214621,40.017844],[-75.214645,40.017873],[-75.214669,40.017901],[-75.214693,40.01793],[-75.214717,40.017959],[-75.214741,40.017988],[-75.214765,40.018016],[-75.214789,40.018045],[-75.214814,40.018074],[-75.214838,40.018102],[-75.214862,40.018131],[-75.214886,40.01816],[-75.21491,40.018188],[-75.214935,40.018217],[-75.214959,40.018246],[-75.214983,40.018274],[-75.215008,40.018303],[-75.215032,40.018331],[-75.215057,40.01836],[-75.215081,40.018388],[-75.215106,40.018416],[-75.215131,40.018445],[-75.215155,40.018473],[-75.21518,40.018501],[-75.215205,40.01853],[-75.21523,40.018558],[-75.215255,40.018586],[-75.21528,40.018614],[-75.215306,40.018642],[-75.215331,40.01867],[-75.215356,40.018698],[-75.215382,40.018726],[-75.215408,40.018753],[-75.215433,40.018781],[-75.215459,40.018809],[-75.215485,40.018836],[-75.215511,40.018864],[-75.215538,40.018891],[-75.215564,40.018919],[-75.21559,40.018946],[-75.215617,40.018973],[-75.215644,40.019],[-75.215671,40.019027],[-75.215698,40.019054],[-75.215725,40.019081],[-75.215752,40.019108],[-75.21578,40.019134],[-75.215808,40.019161],[-75.215836,40.019187],[-75.215864,40.019213],[-75.215892,40.019239],[-75.215921,40.019265],[-75.21595,40.019291],[-75.215979,40.019317],[-75.216008,40.019343],[-75.216037,40.019368],[-75.216066,40.019394],[-75.216096,40.019419],[-75.216126,40.019444],[-75.216156,40.01947],[-75.216186,40.019495],[-75.216216,40.01952],[-75.216246,40.019545],[-75.216277,40.01957],[-75.216307,40.019594],[-75.216338,40.019619],[-75.216369,40.019644],[-75.2164,40.019668],[-75.216431,40.019693],[-75.216462,40.019717],[-75.216493,40.019742],[-75.216524,40.019766],[-75.216555,40.019791],[-75.216587,40.019815],[-75.216618,40.019839],[-75.21665,40.019863],[-75.216681,40.019887],[-75.216713,40.019912],[-75.216744,40.019936],[-75.216776,40.01996],[-75.216808,40.019984],[-75.216839,40.020008],[-75.216871,40.020032],[-75.216903,40.020056],[-75.216935,40.02008],[-75.216966,40.020104],[-75.216998,40.020128],[-75.21703,40.020152],[-75.217061,40.020176],[-75.217093,40.020199],[-75.217125,40.020223],[-75.217156,40.020247],[-75.217188,40.020271],[-75.21722,40.020295],[-75.217251,40.020319],[-75.217283,40.020343],[-75.217314,40.020367],[-75.217346,40.020391],[-75.217377,40.020415],[-75.217409,40.020439],[-75.217441,40.020463],[-75.217472,40.020487],[-75.217504,40.020511],[-75.217536,40.020535],[-75.217567,40.020559],[-75.217599,40.020583],[-75.217631,40.020607],[-75.217663,40.020631],[-75.217695,40.020654],[-75.217727,40.020678],[-75.217758,40.020702],[-75.21779,40.020726],[-75.217822,40.020749],[-75.217854,40.020773],[-75.217886,40.020797],[-75.217919,40.02082],[-75.217951,40.020844],[-75.217983,40.020868],[-75.218015,40.020891],[-75.218047,40.020915],[-75.21808,40.020938],[-75.218112,40.020962],[-75.218144,40.020985],[-75.218177,40.021008],[-75.218209,40.021032],[-75.218242,40.021055],[-75.218274,40.021078],[-75.218307,40.021101],[-75.21834,40.021125],[-75.218372,40.021148],[-75.218405,40.021171],[-75.218438,40.021194],[-75.218471,40.021217],[-75.218504,40.021239],[-75.218537,40.021262],[-75.21857,40.021285],[-75.218603,40.021308],[-75.218636,40.02133],[-75.218669,40.021353],[-75.218702,40.021375],[-75.218736,40.021398],[-75.218769,40.02142],[-75.218803,40.021443],[-75.218836,40.021465],[-75.21887,40.021487],[-75.218903,40.021509],[-75.218937,40.021531],[-75.218971,40.021553],[-75.219005,40.021575],[-75.219039,40.021597],[-75.219073,40.021618],[-75.219108,40.02164],[-75.219143,40.021661],[-75.219178,40.021682],[-75.219213,40.021703],[-75.219249,40.021724],[-75.219285,40.021744],[-75.219321,40.021765],[-75.219357,40.021785],[-75.219394,40.021804],[-75.219431,40.021824],[-75.219468,40.021843],[-75.219505,40.021862],[-75.219543,40.02188],[-75.21958,40.021899],[-75.219619,40.021917],[-75.219657,40.021934],[-75.219695,40.021951],[-75.219734,40.021968],[-75.219773,40.021984],[-75.219812,40.022],[-75.219852,40.022016],[-75.219891,40.022031],[-75.219931,40.022045],[-75.219971,40.022059],[-75.220011,40.022073],[-75.220052,40.022086],[-75.220092,40.022099],[-75.220133,40.022112],[-75.220174,40.022125],[-75.220216,40.022137],[-75.220257,40.022149],[-75.220299,40.02216],[-75.22034,40.022172],[-75.220382,40.022183],[-75.220424,40.022194],[-75.220466,40.022204],[-75.220509,40.022215],[-75.220551,40.022225],[-75.220593,40.022236],[-75.220636,40.022246],[-75.220679,40.022256],[-75.220721,40.022266],[-75.220764,40.022275],[-75.220807,40.022285],[-75.22085,40.022295],[-75.220892,40.022305],[-75.220935,40.022314],[-75.220978,40.022324],[-75.221021,40.022333],[-75.221064,40.022343],[-75.221106,40.022353],[-75.221149,40.022362],[-75.221192,40.022372],[-75.221234,40.022382],[-75.221277,40.022392],[-75.22132,40.022402],[-75.221362,40.022412],[-75.221404,40.022423],[-75.221447,40.022433],[-75.22149,40.022442],[-75.221534,40.02245],[-75.221578,40.022458],[-75.221622,40.022465],[-75.221667,40.022472],[-75.221712,40.022479],[-75.221757,40.022486],[-75.221801,40.022493],[-75.221846,40.0225],[-75.22189,40.022508],[-75.221933,40.022517],[-75.221976,40.022526],[-75.222018,40.022537],[-75.222059,40.022548],[-75.222099,40.022561],[-75.222138,40.022576],[-75.222175,40.022592],[-75.222212,40.02261],[-75.222247,40.02263],[-75.222282,40.022649],[-75.222316,40.02267],[-75.222351,40.02269],[-75.222385,40.022712],[-75.222418,40.022733],[-75.222452,40.022755],[-75.222485,40.022777],[-75.222518,40.022799],[-75.222551,40.022822],[-75.222583,40.022845],[-75.222615,40.022868],[-75.222648,40.022891],[-75.22268,40.022915],[-75.222711,40.022939],[-75.222743,40.022963],[-75.222775,40.022987],[-75.222806,40.023012],[-75.222837,40.023036],[-75.222869,40.023061],[-75.2229,40.023085],[-75.222931,40.02311],[-75.222962,40.023135],[-75.222993,40.02316],[-75.223024,40.023185],[-75.223055,40.02321],[-75.223086,40.023235],[-75.223117,40.02326],[-75.223149,40.023284],[-75.22318,40.023309],[-75.223211,40.023334],[-75.223242,40.023359],[-75.223274,40.023383],[-75.223306,40.023407],[-75.223337,40.023432],[-75.223369,40.023456],[-75.223401,40.02348],[-75.223434,40.023503],[-75.223466,40.023527],[-75.223499,40.02355],[-75.223531,40.023573],[-75.223565,40.023596],[-75.223598,40.023618],[-75.223632,40.02364],[-75.223666,40.023662],[-75.2237,40.023683],[-75.223735,40.023704],[-75.22377,40.023725],[-75.223806,40.023746],[-75.223842,40.023766],[-75.223877,40.023786],[-75.223913,40.023806],[-75.22395,40.023826],[-75.223986,40.023846],[-75.224022,40.023865],[-75.224059,40.023885],[-75.224095,40.023905],[-75.224131,40.023924],[-75.224168,40.023944],[-75.224204,40.023964],[-75.22424,40.023984],[-75.224302,40.024019],[-75.224338,40.024039],[-75.224374,40.024059],[-75.22441,40.024078],[-75.224446,40.024098],[-75.224482,40.024118],[-75.224518,40.024138],[-75.224554,40.024158],[-75.22459,40.024178],[-75.224626,40.024198],[-75.224662,40.024218],[-75.224698,40.024238],[-75.224734,40.024258],[-75.22477,40.024278],[-75.224806,40.024298],[-75.224842,40.024318],[-75.224878,40.024338],[-75.224914,40.024358],[-75.22495,40.024378],[-75.224986,40.024398],[-75.225022,40.024418],[-75.225058,40.024438],[-75.225094,40.024458],[-75.22513,40.024478],[-75.225165,40.024498],[-75.225201,40.024518],[-75.225237,40.024538],[-75.225273,40.024558],[-75.225309,40.024578],[-75.225345,40.024598],[-75.225381,40.024618],[-75.225417,40.024638],[-75.225453,40.024658],[-75.225489,40.024678],[-75.225525,40.024698],[-75.225561,40.024718],[-75.225597,40.024738],[-75.225633,40.024758],[-75.225669,40.024778],[-75.225705,40.024798],[-75.225741,40.024818],[-75.225777,40.024838],[-75.225813,40.024858],[-75.225849,40.024878],[-75.225885,40.024898],[-75.225921,40.024918],[-75.225957,40.024938],[-75.225993,40.024958],[-75.226029,40.024978],[-75.226065,40.024998],[-75.226101,40.025018],[-75.226137,40.025038],[-75.226173,40.025058],[-75.226209,40.025078],[-75.226245,40.025098],[-75.226281,40.025117],[-75.226317,40.025137],[-75.226353,40.025157],[-75.226389,40.025177],[-75.226425,40.025197],[-75.226461,40.025217],[-75.226497,40.025237],[-75.226533,40.025256],[-75.226569,40.025276],[-75.226605,40.025296],[-75.226642,40.025316],[-75.226678,40.025336],[-75.226714,40.025355],[-75.22675,40.025375],[-75.226786,40.025395],[-75.226823,40.025415],[-75.226859,40.025434],[-75.226895,40.025454],[-75.226931,40.025474],[-75.226967,40.025494],[-75.227004,40.025513],[-75.22704,40.025533],[-75.227076,40.025552],[-75.227113,40.025572],[-75.227149,40.025592],[-75.227185,40.025611],[-75.227222,40.025631],[-75.227258,40.02565],[-75.227294,40.02567],[-75.227331,40.025689],[-75.227367,40.025709],[-75.227404,40.025728],[-75.22744,40.025748],[-75.227477,40.025767],[-75.227513,40.025787],[-75.22755,40.025806],[-75.227586,40.025825],[-75.227623,40.025845],[-75.227659,40.025864],[-75.227696,40.025883],[-75.227733,40.025902],[-75.227769,40.025922],[-75.227806,40.025941],[-75.227843,40.02596],[-75.227879,40.025979],[-75.227916,40.025998],[-75.227953,40.026018],[-75.22799,40.026037],[-75.228026,40.026056],[-75.228063,40.026075],[-75.228082,40.026085],[-75.2281,40.026094],[-75.228137,40.026113],[-75.228174,40.026132],[-75.228211,40.026151],[-75.228248,40.02617],[-75.228285,40.026189],[-75.228322,40.026207],[-75.228359,40.026226],[-75.228396,40.026245],[-75.228433,40.026264],[-75.22847,40.026283],[-75.228507,40.026302],[-75.228544,40.02632],[-75.228581,40.026339],[-75.228618,40.026358],[-75.228655,40.026376],[-75.228692,40.026395],[-75.22873,40.026414],[-75.228767,40.026432],[-75.228804,40.026451],[-75.228841,40.02647],[-75.228878,40.026488],[-75.228916,40.026507],[-75.228953,40.026525],[-75.22899,40.026544],[-75.229028,40.026562],[-75.229065,40.026581],[-75.229102,40.026599],[-75.22914,40.026618],[-75.229177,40.026636],[-75.229214,40.026654],[-75.229252,40.026673],[-75.229289,40.026691],[-75.229327,40.026709],[-75.229364,40.026728],[-75.229402,40.026746],[-75.229439,40.026764],[-75.229476,40.026782],[-75.229514,40.026801],[-75.229552,40.026819],[-75.229589,40.026837],[-75.229627,40.026855],[-75.229665,40.026873],[-75.229703,40.02689],[-75.229741,40.026908],[-75.229779,40.026925],[-75.229817,40.026943],[-75.229856,40.02696],[-75.229894,40.026977],[-75.229932,40.026994],[-75.229971,40.027012],[-75.230009,40.027029],[-75.230048,40.027046],[-75.230086,40.027063],[-75.230125,40.02708],[-75.230164,40.027096],[-75.230202,40.027113],[-75.230241,40.02713],[-75.23028,40.027147],[-75.230318,40.027164],[-75.230357,40.027181],[-75.230396,40.027198],[-75.230434,40.027215],[-75.230473,40.027231],[-75.230511,40.027248],[-75.23055,40.027265],[-75.230588,40.027282],[-75.230627,40.0273],[-75.230665,40.027317],[-75.230704,40.027334],[-75.230742,40.027351],[-75.23078,40.027369],[-75.230818,40.027386],[-75.230856,40.027403],[-75.230894,40.027421],[-75.230932,40.027439],[-75.23097,40.027457],[-75.231008,40.027475],[-75.231045,40.027493],[-75.231083,40.027511],[-75.23112,40.027529],[-75.231157,40.027548],[-75.231194,40.027566],[-75.231231,40.027585],[-75.231268,40.027604],[-75.231305,40.027623],[-75.231341,40.027642],[-75.231378,40.027662],[-75.231414,40.027681],[-75.231451,40.0277],[-75.231487,40.02772],[-75.231523,40.02774],[-75.23156,40.027759],[-75.231596,40.027779],[-75.231632,40.027799],[-75.231668,40.027819],[-75.231704,40.027839],[-75.23174,40.02786],[-75.231776,40.02788],[-75.231812,40.0279],[-75.231847,40.027921],[-75.231883,40.027941],[-75.231918,40.027962],[-75.231954,40.027983],[-75.231989,40.028004],[-75.232024,40.028025],[-75.232059,40.028046],[-75.232094,40.028067],[-75.232129,40.028088],[-75.232164,40.028109],[-75.232198,40.028131],[-75.232233,40.028153],[-75.232267,40.028174],[-75.232301,40.028196],[-75.232336,40.028218],[-75.232369,40.02824],[-75.232403,40.028262],[-75.232437,40.028285],[-75.23247,40.028307],[-75.232504,40.02833],[-75.232537,40.028352],[-75.23257,40.028375],[-75.232603,40.028398],[-75.232636,40.028421],[-75.232668,40.028444],[-75.2327,40.028467],[-75.232732,40.028491],[-75.232764,40.028514],[-75.232796,40.028538],[-75.232828,40.028562],[-75.232859,40.028586],[-75.23289,40.02861],[-75.232921,40.028634],[-75.232952,40.028659],[-75.232982,40.028683],[-75.233013,40.028708],[-75.233043,40.028733],[-75.233073,40.028758],[-75.233103,40.028783],[-75.233133,40.028809],[-75.233163,40.028834],[-75.233192,40.02886],[-75.233222,40.028885],[-75.233251,40.028911],[-75.23328,40.028937],[-75.233309,40.028962],[-75.233338,40.028988],[-75.233367,40.029014],[-75.233396,40.02904],[-75.233425,40.029066],[-75.233454,40.029092],[-75.233483,40.029118],[-75.233512,40.029144],[-75.23354,40.029171],[-75.233569,40.029197],[-75.233598,40.029223],[-75.233626,40.029249],[-75.233655,40.029275],[-75.233684,40.029302],[-75.233713,40.029328],[-75.233741,40.029354],[-75.23377,40.02938],[-75.233799,40.029406],[-75.233828,40.029432],[-75.233857,40.029458],[-75.233886,40.029484],[-75.233915,40.02951],[-75.233944,40.029535],[-75.233974,40.029561],[-75.234003,40.029587],[-75.234033,40.029612],[-75.234062,40.029638],[-75.234092,40.029663],[-75.234122,40.029688],[-75.234152,40.029713],[-75.234182,40.029738],[-75.234213,40.029763],[-75.234243,40.029788],[-75.234274,40.029812],[-75.234305,40.029837],[-75.234336,40.029861],[-75.234367,40.029885],[-75.234399,40.029909],[-75.23443,40.029932],[-75.234462,40.029956],[-75.234495,40.029979],[-75.234527,40.030003],[-75.234559,40.030026],[-75.234592,40.030049],[-75.234625,40.030072],[-75.234658,40.030094],[-75.234691,40.030117],[-75.234724,40.03014],[-75.234757,40.030162],[-75.23479,40.030185],[-75.234824,40.030207],[-75.234857,40.030229],[-75.234891,40.030251],[-75.234925,40.030274],[-75.234959,40.030296],[-75.234992,40.030317],[-75.235027,40.030339],[-75.235061,40.030361],[-75.235095,40.030383],[-75.235129,40.030405],[-75.235163,40.030426],[-75.235198,40.030448],[-75.235232,40.030469],[-75.235267,40.030491],[-75.235301,40.030512],[-75.235336,40.030533],[-75.235371,40.030555],[-75.235406,40.030576],[-75.23544,40.030597],[-75.235475,40.030618],[-75.23551,40.03064],[-75.235545,40.030661],[-75.23558,40.030682],[-75.235615,40.030703],[-75.23565,40.030724],[-75.235685,40.030745],[-75.23572,40.030766],[-75.235755,40.030787],[-75.23579,40.030808],[-75.235825,40.030829],[-75.23586,40.03085],[-75.235895,40.030871],[-75.23593,40.030893],[-75.235965,40.030914],[-75.236,40.030935],[-75.236035,40.030956],[-75.23607,40.030977],[-75.236105,40.030998],[-75.23614,40.031019],[-75.236175,40.03104],[-75.23621,40.031062],[-75.236244,40.031083],[-75.236279,40.031104],[-75.236314,40.031126],[-75.236348,40.031147],[-75.236383,40.031168],[-75.236418,40.03119],[-75.236452,40.031211],[-75.236487,40.031233],[-75.236521,40.031255],[-75.236555,40.031276],[-75.236589,40.031298],[-75.236624,40.03132],[-75.236658,40.031342],[-75.236692,40.031364],[-75.236725,40.031386],[-75.236759,40.031408],[-75.236793,40.03143],[-75.236827,40.031452],[-75.236861,40.031474],[-75.236895,40.031496],[-75.236928,40.031518],[-75.236962,40.031541],[-75.236996,40.031563],[-75.23703,40.031585],[-75.237063,40.031607],[-75.237097,40.031629],[-75.237131,40.031651],[-75.237164,40.031674],[-75.237198,40.031696],[-75.237232,40.031718],[-75.237266,40.03174],[-75.237299,40.031762],[-75.237333,40.031785],[-75.237366,40.031807],[-75.2374,40.031829],[-75.237434,40.031852],[-75.237467,40.031874],[-75.237501,40.031896],[-75.237535,40.031918],[-75.237568,40.031941],[-75.237602,40.031963],[-75.237635,40.031985],[-75.237669,40.032008],[-75.237702,40.03203],[-75.237736,40.032053],[-75.237769,40.032075],[-75.237803,40.032097],[-75.237836,40.03212],[-75.23787,40.032142],[-75.237903,40.032165],[-75.237937,40.032187],[-75.23797,40.032209],[-75.238004,40.032232],[-75.238037,40.032254],[-75.23807,40.032277],[-75.238104,40.032299],[-75.238137,40.032322],[-75.238171,40.032344],[-75.238204,40.032367],[-75.238237,40.032389],[-75.238271,40.032412],[-75.238304,40.032434],[-75.238337,40.032457],[-75.238371,40.032479],[-75.238404,40.032502],[-75.238437,40.032525],[-75.23847,40.032547],[-75.238504,40.03257],[-75.238537,40.032592],[-75.23857,40.032615],[-75.238603,40.032638],[-75.238637,40.03266],[-75.23867,40.032683],[-75.238703,40.032705],[-75.238736,40.032728],[-75.238769,40.032751],[-75.238803,40.032773],[-75.238836,40.032796],[-75.238869,40.032819],[-75.238902,40.032841],[-75.238935,40.032864],[-75.238968,40.032887],[-75.239001,40.03291],[-75.239034,40.032932],[-75.239068,40.032955],[-75.239101,40.032978],[-75.239134,40.033001],[-75.239167,40.033023],[-75.2392,40.033046],[-75.239233,40.033069],[-75.239267,40.033091],[-75.2393,40.033114],[-75.239334,40.033136],[-75.239367,40.033159],[-75.239401,40.033181],[-75.239435,40.033204],[-75.239468,40.033226],[-75.239502,40.033248],[-75.239536,40.033271],[-75.23957,40.033293],[-75.239604,40.033316],[-75.239637,40.033338],[-75.239671,40.033361],[-75.239705,40.033383],[-75.239738,40.033406],[-75.239772,40.033429],[-75.239805,40.033451],[-75.239838,40.033474],[-75.239872,40.033497],[-75.239905,40.03352],[-75.239937,40.033543],[-75.23997,40.033566],[-75.240003,40.03359],[-75.240035,40.033613],[-75.240067,40.033637],[-75.240099,40.03366],[-75.24013,40.033684],[-75.240162,40.033708],[-75.240193,40.033732],[-75.240224,40.033757],[-75.240254,40.033781],[-75.240285,40.033806],[-75.240314,40.033831],[-75.240344,40.033856],[-75.240373,40.033882],[-75.240402,40.033907],[-75.240431,40.033933],[-75.240459,40.033959],[-75.240487,40.033986],[-75.240514,40.034012],[-75.240541,40.034039],[-75.240567,40.034066],[-75.240593,40.034094],[-75.240619,40.034121],[-75.240645,40.034149],[-75.24067,40.034177],[-75.240695,40.034205],[-75.240719,40.034234],[-75.240743,40.034262],[-75.240767,40.034291],[-75.240791,40.03432],[-75.240815,40.034349],[-75.240838,40.034378],[-75.240862,40.034407],[-75.240885,40.034436],[-75.240908,40.034466],[-75.240931,40.034495],[-75.240954,40.034524],[-75.240976,40.034554],[-75.240999,40.034584],[-75.241022,40.034613],[-75.241044,40.034643],[-75.241067,40.034672],[-75.24109,40.034702],[-75.241112,40.034732],[-75.241135,40.034761],[-75.241158,40.034791],[-75.241181,40.03482],[-75.241204,40.03485],[-75.241227,40.034879],[-75.24125,40.034908],[-75.241274,40.034937],[-75.241297,40.034966],[-75.241321,40.034995],[-75.241345,40.035024],[-75.24137,40.035052],[-75.241394,40.035081],[-75.241419,40.035109],[-75.241444,40.035137],[-75.24147,40.035165],[-75.241495,40.035192],[-75.241522,40.03522],[-75.241548,40.035247],[-75.241575,40.035274],[-75.241602,40.0353],[-75.24163,40.035327],[-75.241658,40.035353],[-75.241687,40.035379],[-75.241715,40.035405],[-75.241745,40.035431],[-75.241774,40.035456],[-75.241804,40.035481],[-75.241834,40.035507],[-75.241864,40.035532],[-75.241895,40.035556],[-75.241926,40.035581],[-75.241957,40.035605],[-75.241988,40.03563],[-75.24202,40.035654],[-75.242052,40.035678],[-75.242084,40.035702],[-75.242117,40.035725],[-75.242149,40.035749],[-75.242182,40.035772],[-75.242215,40.035795],[-75.242248,40.035818],[-75.242281,40.035841],[-75.242315,40.035864],[-75.242348,40.035886],[-75.242382,40.035909],[-75.242416,40.035931],[-75.24245,40.035953],[-75.242484,40.035975],[-75.242518,40.035997],[-75.242552,40.036019],[-75.242586,40.03604],[-75.24262,40.036062],[-75.242655,40.036083],[-75.242689,40.036104],[-75.242724,40.036125],[-75.242759,40.036146],[-75.242794,40.036167],[-75.242829,40.036188],[-75.242865,40.036209],[-75.2429,40.036229],[-75.242936,40.036249],[-75.242971,40.03627],[-75.243007,40.03629],[-75.243043,40.03631],[-75.243079,40.03633],[-75.243115,40.03635],[-75.243151,40.03637],[-75.243187,40.036389],[-75.243224,40.036409],[-75.24326,40.036429],[-75.243297,40.036448],[-75.243333,40.036468],[-75.24337,40.036487],[-75.243406,40.036506],[-75.243443,40.036526],[-75.24348,40.036545],[-75.243517,40.036564],[-75.243553,40.036583],[-75.24359,40.036602],[-75.243627,40.036622],[-75.243664,40.036641],[-75.243701,40.03666],[-75.243738,40.036679],[-75.243775,40.036698],[-75.243812,40.036717],[-75.243849,40.036736],[-75.243886,40.036755],[-75.243923,40.036774],[-75.24396,40.036793],[-75.243996,40.036812],[-75.244033,40.036831],[-75.24407,40.03685],[-75.244107,40.036869],[-75.244144,40.036888],[-75.244181,40.036906],[-75.244219,40.036925],[-75.244258,40.036942],[-75.244296,40.03696],[-75.244335,40.036977],[-75.244375,40.036994],[-75.244414,40.037011],[-75.244454,40.037028],[-75.244494,40.037044],[-75.244534,40.037061],[-75.244574,40.037077],[-75.244614,40.037094],[-75.244654,40.03711],[-75.244694,40.037126],[-75.244735,40.037142],[-75.244775,40.037159],[-75.244815,40.037175],[-75.244855,40.037191],[-75.244894,40.037208],[-75.244934,40.037225],[-75.244973,40.037242],[-75.245012,40.037259],[-75.24505,40.037276],[-75.245088,40.037294],[-75.245126,40.037312],[-75.245163,40.03733],[-75.2452,40.037349],[-75.245237,40.037368],[-75.245272,40.037388],[-75.245308,40.037408],[-75.245342,40.037428],[-75.245376,40.037449],[-75.245409,40.037471],[-75.245442,40.037493],[-75.245474,40.037515],[-75.245504,40.037539],[-75.245535,40.037563],[-75.245564,40.037587],[-75.245592,40.037612],[-75.245621,40.037637],[-75.245649,40.037663],[-75.245677,40.037688],[-75.245704,40.037714],[-75.245731,40.037741],[-75.245758,40.037767],[-75.245785,40.037794],[-75.245811,40.037821],[-75.245837,40.037848],[-75.245863,40.037875],[-75.245889,40.037903],[-75.245914,40.03793],[-75.245939,40.037958],[-75.245964,40.037986],[-75.245989,40.038014],[-75.246013,40.038043],[-75.246037,40.038071],[-75.246061,40.0381],[-75.246085,40.038129],[-75.246108,40.038158],[-75.246132,40.038187],[-75.246155,40.038216],[-75.246178,40.038246],[-75.246201,40.038275],[-75.246224,40.038305],[-75.246246,40.038335],[-75.246269,40.038365],[-75.246291,40.038395],[-75.246313,40.038425],[-75.246336,40.038455],[-75.246358,40.038485],[-75.246379,40.038515],[-75.246401,40.038545],[-75.246423,40.038576],[-75.246444,40.038606],[-75.246466,40.038637],[-75.246487,40.038667],[-75.246509,40.038697],[-75.24653,40.038728],[-75.246551,40.038759],[-75.246572,40.038789],[-75.246593,40.03882],[-75.246615,40.03885],[-75.246636,40.038881],[-75.246657,40.038911],[-75.246678,40.038942],[-75.246699,40.038972],[-75.24672,40.039003],[-75.246741,40.039033],[-75.246762,40.039063],[-75.246783,40.039094],[-75.246804,40.039124],[-75.246825,40.039154],[-75.246847,40.039184],[-75.246868,40.039214],[-75.246889,40.039244],[-75.246911,40.039274],[-75.246931,40.039304],[-75.246952,40.039334],[-75.246972,40.039365],[-75.246991,40.039396],[-75.24701,40.039426],[-75.247029,40.039457],[-75.247047,40.039489],[-75.247065,40.03952],[-75.247083,40.039551],[-75.2471,40.039583],[-75.247118,40.039615],[-75.247135,40.039646],[-75.247152,40.039678],[-75.247169,40.03971],[-75.247185,40.039742],[-75.247202,40.039774],[-75.247219,40.039806],[-75.247235,40.039838],[-75.247252,40.039869],[-75.247268,40.039901],[-75.247285,40.039933],[-75.247302,40.039965],[-75.247319,40.039997],[-75.247336,40.040028],[-75.247353,40.04006],[-75.247371,40.040091],[-75.247389,40.040123],[-75.247407,40.040154],[-75.247425,40.040185],[-75.247444,40.040216],[-75.247463,40.040246],[-75.247483,40.040277],[-75.247502,40.040307],[-75.247523,40.040337],[-75.247544,40.040367],[-75.247565,40.040397],[-75.247587,40.040426],[-75.24761,40.040455],[-75.247633,40.040484],[-75.247656,40.040513],[-75.247681,40.040541],[-75.247705,40.040569],[-75.24773,40.040597],[-75.247754,40.040625],[-75.247779,40.040653],[-75.247804,40.040682],[-75.24783,40.040709],[-75.247855,40.040737],[-75.24788,40.040765],[-75.247906,40.040793],[-75.247932,40.040821],[-75.247957,40.040848],[-75.247983,40.040876],[-75.24801,40.040904],[-75.248036,40.040931],[-75.248062,40.040959],[-75.248089,40.040986],[-75.248115,40.041013],[-75.248142,40.041041],[-75.248169,40.041068],[-75.248196,40.041095],[-75.248223,40.041122],[-75.24825,40.041149],[-75.248278,40.041176],[-75.248305,40.041203],[-75.248333,40.04123],[-75.24836,40.041257],[-75.248388,40.041284],[-75.248416,40.04131],[-75.248444,40.041337],[-75.248472,40.041364],[-75.2485,40.04139],[-75.248529,40.041417],[-75.248557,40.041443],[-75.248586,40.041469],[-75.248614,40.041496],[-75.248643,40.041522],[-75.248672,40.041548],[-75.248701,40.041574],[-75.24873,40.0416],[-75.248759,40.041626],[-75.248788,40.041652],[-75.248817,40.041678],[-75.248847,40.041704],[-75.248876,40.041729],[-75.248906,40.041755],[-75.248935,40.041781],[-75.248965,40.041806],[-75.248995,40.041832],[-75.249025,40.041857],[-75.249055,40.041882],[-75.249085,40.041908],[-75.249115,40.041933],[-75.249145,40.041958],[-75.249175,40.041983],[-75.249205,40.042008],[-75.249236,40.042033],[-75.249266,40.042058],[-75.249296,40.042083],[-75.249327,40.042107],[-75.249358,40.042132],[-75.249388,40.042157],[-75.249419,40.042181],[-75.24945,40.042206],[-75.24948,40.04223],[-75.249511,40.042255],[-75.249542,40.042279],[-75.249573,40.042304],[-75.249604,40.042328],[-75.249635,40.042352],[-75.249666,40.042377],[-75.249697,40.042401],[-75.249728,40.042426],[-75.249759,40.04245],[-75.24979,40.042474],[-75.249821,40.042498],[-75.249852,40.042523],[-75.249883,40.042547],[-75.249915,40.042571],[-75.249946,40.042595],[-75.249977,40.04262],[-75.250009,40.042644],[-75.25004,40.042668],[-75.250071,40.042692],[-75.250103,40.042716],[-75.250134,40.04274],[-75.250166,40.042764],[-75.250197,40.042788],[-75.250229,40.042812],[-75.25026,40.042836],[-75.250292,40.04286],[-75.250324,40.042884],[-75.250355,40.042908],[-75.250387,40.042932],[-75.250419,40.042956],[-75.250451,40.04298],[-75.250482,40.043004],[-75.250514,40.043027],[-75.250546,40.043051],[-75.250578,40.043075],[-75.25061,40.043099],[-75.250642,40.043122],[-75.250674,40.043146],[-75.250706,40.04317],[-75.250738,40.043193],[-75.25077,40.043217],[-75.250802,40.043241],[-75.250834,40.043264],[-75.250866,40.043288],[-75.250898,40.043312],[-75.25093,40.043335],[-75.250963,40.043359],[-75.250995,40.043382],[-75.251027,40.043406],[-75.251059,40.043429],[-75.251092,40.043453],[-75.251124,40.043476],[-75.251156,40.043499],[-75.251189,40.043523],[-75.251221,40.043546],[-75.251254,40.04357],[-75.251286,40.043593],[-75.251319,40.043616],[-75.251351,40.043639],[-75.251384,40.043663],[-75.251416,40.043686],[-75.251449,40.043709],[-75.251482,40.043732],[-75.251514,40.043756],[-75.251547,40.043779],[-75.25158,40.043802],[-75.251612,40.043825],[-75.251645,40.043848],[-75.251678,40.043871],[-75.25171,40.043894],[-75.251743,40.043917],[-75.251776,40.04394],[-75.251809,40.043963],[-75.251842,40.043986],[-75.251875,40.044009],[-75.251908,40.044032],[-75.25194,40.044055],[-75.251973,40.044078],[-75.252006,40.044101],[-75.252039,40.044124],[-75.252072,40.044147],[-75.252105,40.04417],[-75.252138,40.044193],[-75.252171,40.044215],[-75.252205,40.044238],[-75.252238,40.044261],[-75.252271,40.044284],[-75.252304,40.044306],[-75.252337,40.044329],[-75.25237,40.044352],[-75.252403,40.044374],[-75.252437,40.044397],[-75.25247,40.04442],[-75.252503,40.044442],[-75.252536,40.044465],[-75.25257,40.044487],[-75.252603,40.04451],[-75.252636,40.044533],[-75.25267,40.044555],[-75.252703,40.044578],[-75.252736,40.0446],[-75.25277,40.044623],[-75.252803,40.044645],[-75.252836,40.044667],[-75.25287,40.04469],[-75.252903,40.044712],[-75.252937,40.044734],[-75.252971,40.044757],[-75.253004,40.044779],[-75.253038,40.044801],[-75.253072,40.044823],[-75.253105,40.044845],[-75.253139,40.044867],[-75.253173,40.044889],[-75.253207,40.044911],[-75.253241,40.044933],[-75.253275,40.044955],[-75.253309,40.044977],[-75.253343,40.044999],[-75.253377,40.045021],[-75.253411,40.045043],[-75.253445,40.045064],[-75.25348,40.045086],[-75.253514,40.045108],[-75.253548,40.045129],[-75.253582,40.045151],[-75.253617,40.045173],[-75.253651,40.045194],[-75.253685,40.045216],[-75.25372,40.045237],[-75.253754,40.045259],[-75.253789,40.04528],[-75.253823,40.045302],[-75.253858,40.045323],[-75.253893,40.045344],[-75.253927,40.045366],[-75.253962,40.045387],[-75.253996,40.045409],[-75.254031,40.04543],[-75.254066,40.045451],[-75.254101,40.045472],[-75.254135,40.045494],[-75.25417,40.045515],[-75.254205,40.045536],[-75.25424,40.045557],[-75.254275,40.045578],[-75.254309,40.0456],[-75.254344,40.045621],[-75.254379,40.045642],[-75.254414,40.045663],[-75.254449,40.045684],[-75.254484,40.045705],[-75.254519,40.045726],[-75.254554,40.045747],[-75.254589,40.045768],[-75.254624,40.045789],[-75.254659,40.04581],[-75.254694,40.045831],[-75.254729,40.045852],[-75.254764,40.045873],[-75.254799,40.045894],[-75.254834,40.045915],[-75.254869,40.045936],[-75.254904,40.045957],[-75.254939,40.045978],[-75.254974,40.045999],[-75.255009,40.04602],[-75.255044,40.046041],[-75.255079,40.046062],[-75.255114,40.046083],[-75.255149,40.046104],[-75.255184,40.046125],[-75.25522,40.046146],[-75.255255,40.046167],[-75.25529,40.046188],[-75.255325,40.046209],[-75.25536,40.04623],[-75.255395,40.046251],[-75.25543,40.046272],[-75.255465,40.046293],[-75.2555,40.046314],[-75.255535,40.046335],[-75.25557,40.046356],[-75.255605,40.046377],[-75.25564,40.046398],[-75.255675,40.046419],[-75.25571,40.04644],[-75.255745,40.046461],[-75.25578,40.046482],[-75.255815,40.046503],[-75.25585,40.046524],[-75.255885,40.046545],[-75.25592,40.046566],[-75.255955,40.046587],[-75.25599,40.046608],[-75.256025,40.046629],[-75.256059,40.046651],[-75.256094,40.046672],[-75.256129,40.046693],[-75.256164,40.046714],[-75.256199,40.046735],[-75.256233,40.046757],[-75.256268,40.046778],[-75.256303,40.046799],[-75.256356,40.046832],[-75.256388,40.046856],[-75.25642,40.046879],[-75.256452,40.046903],[-75.256483,40.046927],[-75.256515,40.046951],[-75.256547,40.046974],[-75.256579,40.046998],[-75.256611,40.047022],[-75.256643,40.047045],[-75.256675,40.047069],[-75.256707,40.047093],[-75.256739,40.047116],[-75.256771,40.04714],[-75.256804,40.047164],[-75.256836,40.047187],[-75.256868,40.047211],[-75.2569,40.047234],[-75.256932,40.047258],[-75.256964,40.047281],[-75.256997,40.047305],[-75.257029,40.047328],[-75.257061,40.047352],[-75.257093,40.047375],[-75.257126,40.047399],[-75.257158,40.047422],[-75.25719,40.047446],[-75.257222,40.047469],[-75.257255,40.047493],[-75.257287,40.047516],[-75.257319,40.04754],[-75.257352,40.047563],[-75.257384,40.047587],[-75.257416,40.04761],[-75.257448,40.047634],[-75.257481,40.047657],[-75.257513,40.047681],[-75.257545,40.047704],[-75.257577,40.047728],[-75.25761,40.047751],[-75.257642,40.047775],[-75.257674,40.047798],[-75.257706,40.047822],[-75.257738,40.047845],[-75.25777,40.047869],[-75.257803,40.047892],[-75.257835,40.047916],[-75.257867,40.04794],[-75.257899,40.047963],[-75.257931,40.047987],[-75.257963,40.04801],[-75.257995,40.048034],[-75.258027,40.048058],[-75.258059,40.048081],[-75.258091,40.048105],[-75.258123,40.048129],[-75.258155,40.048153],[-75.258186,40.048176],[-75.258218,40.0482],[-75.25825,40.048224],[-75.258282,40.048248],[-75.258313,40.048272],[-75.258345,40.048296],[-75.258377,40.04832],[-75.258408,40.048344],[-75.25844,40.048368],[-75.258471,40.048392],[-75.258503,40.048416],[-75.258534,40.04844],[-75.258566,40.048464],[-75.258597,40.048488],[-75.258628,40.048512],[-75.258659,40.048537],[-75.258691,40.048561],[-75.258722,40.048585],[-75.258753,40.048609],[-75.258784,40.048634],[-75.258815,40.048658],[-75.258846,40.048683],[-75.258876,40.048707],[-75.258907,40.048732],[-75.258938,40.048756],[-75.258969,40.048781],[-75.258999,40.048806],[-75.25903,40.04883],[-75.25906,40.048855],[-75.259091,40.04888],[-75.259121,40.048905],[-75.259151,40.04893],[-75.259181,40.048955],[-75.259211,40.04898],[-75.259241,40.049005],[-75.259271,40.04903],[-75.259301,40.049055],[-75.259331,40.04908],[-75.259361,40.049106],[-75.25939,40.049131],[-75.25942,40.049156],[-75.259449,40.049182],[-75.259478,40.049208],[-75.259508,40.049233],[-75.259537,40.049259],[-75.259566,40.049284],[-75.259595,40.04931],[-75.259624,40.049336],[-75.259653,40.049362],[-75.259682,40.049388],[-75.259711,40.049414],[-75.25974,40.04944],[-75.259768,40.049466],[-75.259797,40.049492],[-75.259825,40.049518],[-75.259854,40.049544],[-75.259882,40.04957],[-75.259911,40.049597],[-75.259939,40.049623],[-75.259967,40.049649],[-75.259996,40.049676],[-75.260024,40.049702],[-75.260052,40.049728],[-75.26008,40.049755],[-75.260108,40.049781],[-75.260136,40.049808],[-75.260164,40.049834],[-75.260192,40.049861],[-75.26022,40.049887],[-75.260248,40.049914],[-75.260276,40.04994],[-75.260304,40.049967],[-75.260332,40.049994],[-75.260359,40.05002],[-75.260387,40.050047],[-75.260415,40.050074],[-75.260443,40.050101],[-75.26047,40.050127],[-75.260498,40.050154],[-75.260525,40.050181],[-75.260553,40.050208],[-75.260581,40.050234],[-75.260608,40.050261],[-75.260636,40.050288],[-75.260663,40.050315],[-75.260691,40.050342],[-75.260719,40.050368],[-75.260746,40.050395],[-75.260774,40.050422],[-75.260801,40.050449],[-75.260829,40.050476],[-75.260856,40.050502],[-75.260884,40.050529],[-75.260911,40.050556],[-75.260939,40.050583],[-75.260966,40.05061],[-75.260994,40.050636],[-75.261021,40.050663],[-75.261049,40.05069],[-75.261077,40.050717],[-75.261104,40.050743],[-75.261132,40.05077],[-75.261159,40.050797],[-75.261187,40.050824],[-75.261214,40.05085],[-75.261242,40.050877],[-75.261269,40.050904],[-75.261296,40.050931],[-75.261323,40.050958],[-75.26135,40.050985],[-75.261377,40.051012],[-75.261404,40.05104],[-75.261431,40.051067],[-75.261457,40.051094],[-75.261484,40.051121],[-75.26151,40.051149],[-75.261537,40.051176],[-75.261563,40.051203],[-75.26159,40.051231],[-75.261616,40.051258],[-75.261643,40.051286],[-75.261669,40.051313],[-75.261695,40.051341],[-75.261722,40.051368],[-75.261748,40.051396],[-75.261774,40.051423],[-75.2618,40.051451],[-75.261827,40.051479],[-75.261853,40.051506],[-75.261879,40.051534],[-75.261905,40.051561],[-75.261931,40.051589],[-75.261958,40.051616],[-75.261984,40.051644],[-75.26201,40.051671],[-75.262037,40.051699],[-75.262063,40.051726],[-75.26209,40.051754],[-75.262116,40.051781],[-75.262143,40.051808],[-75.262169,40.051836],[-75.262196,40.051863],[-75.262222,40.05189],[-75.262249,40.051917],[-75.262276,40.051945],[-75.262303,40.051972],[-75.26233,40.051999],[-75.262357,40.052026],[-75.262384,40.052053],[-75.262411,40.05208],[-75.262439,40.052107],[-75.262466,40.052134],[-75.262494,40.05216],[-75.262521,40.052187],[-75.262549,40.052214],[-75.262577,40.05224],[-75.262605,40.052267],[-75.262633,40.052293],[-75.262661,40.05232],[-75.262689,40.052346],[-75.262717,40.052373],[-75.262745,40.052399],[-75.262773,40.052426],[-75.262801,40.052452],[-75.262829,40.052479],[-75.262857,40.052505],[-75.262885,40.052531],[-75.262913,40.052558],[-75.262941,40.052584],[-75.262969,40.052611],[-75.262997,40.052637],[-75.263025,40.052664],[-75.263053,40.05269],[-75.263081,40.052716],[-75.263109,40.052743],[-75.263138,40.052769],[-75.263166,40.052796],[-75.263194,40.052822],[-75.263222,40.052848],[-75.26325,40.052875],[-75.263278,40.052901],[-75.263307,40.052927],[-75.263335,40.052954],[-75.263363,40.05298],[-75.263391,40.053006],[-75.263419,40.053033],[-75.263448,40.053059],[-75.263476,40.053085],[-75.263504,40.053112],[-75.263532,40.053138],[-75.263561,40.053164],[-75.263589,40.053191],[-75.263617,40.053217],[-75.263645,40.053243],[-75.263674,40.05327],[-75.263702,40.053296],[-75.26373,40.053322],[-75.263759,40.053348],[-75.263787,40.053375],[-75.263815,40.053401],[-75.263844,40.053427],[-75.263872,40.053453],[-75.2639,40.05348],[-75.263929,40.053506],[-75.263957,40.053532],[-75.263985,40.053558],[-75.264014,40.053585],[-75.264042,40.053611],[-75.264071,40.053637],[-75.264099,40.053663],[-75.264127,40.05369],[-75.264156,40.053716],[-75.264184,40.053742],[-75.264212,40.053768],[-75.264241,40.053795],[-75.264269,40.053821],[-75.264298,40.053847],[-75.264326,40.053873],[-75.264355,40.053899],[-75.264383,40.053926],[-75.264411,40.053952],[-75.26444,40.053978],[-75.264468,40.054004],[-75.264497,40.05403],[-75.264509,40.054042],[-75.263871,40.054559],[-75.263642,40.054769],[-75.263521,40.054881],[-75.24346,40.073344],[-75.243291,40.073503],[-75.243069,40.073714],[-75.242117,40.074655],[-75.230562,40.086068],[-75.228602,40.084884],[-75.228406,40.084716],[-75.227987,40.084364]]]},"properties":{"ward_num":"21"}},{"type":"Feature","geometry":{"type":"Polygon","coordinates":[[[-75.18167,40.025666],[-75.179846,40.024095],[-75.179036,40.023338],[-75.178143,40.022604],[-75.176863,40.021511],[-75.174965,40.019901],[-75.17325,40.018421],[-75.172963,40.018126],[-75.17256,40.017789],[-75.172465,40.017712],[-75.172377,40.017641],[-75.172344,40.017614],[-75.172208,40.017503],[-75.170099,40.015732],[-75.16991,40.015259],[-75.169877,40.01514],[-75.169177,40.013055],[-75.169116,40.01289],[-75.169049,40.012772],[-75.167816,40.011144],[-75.167779,40.011096],[-75.167642,40.010914],[-75.167444,40.010626],[-75.166874,40.009911],[-75.167295,40.009705],[-75.167947,40.009388],[-75.169023,40.008911],[-75.169143,40.008842],[-75.169252,40.008779],[-75.169745,40.008595],[-75.170359,40.008416],[-75.172212,40.007908],[-75.171787,40.007433],[-75.171499,40.007079],[-75.170816,40.006179],[-75.170089,40.005195],[-75.169507,40.004408],[-75.169422,40.004313],[-75.168945,40.00367],[-75.169096,40.003681],[-75.169442,40.00211],[-75.169541,40.001692],[-75.169618,40.001319],[-75.16968,40.001057],[-75.169757,40.000631],[-75.170091,39.999126],[-75.170423,39.997628],[-75.170973,39.997705],[-75.171456,39.997761],[-75.172,39.997835],[-75.172564,39.997904],[-75.173043,39.997966],[-75.173604,39.998044],[-75.174157,39.998121],[-75.174626,39.998185],[-75.17519,39.998242],[-75.175866,39.998338],[-75.176603,39.998415],[-75.17716,39.998488],[-75.177244,39.998499],[-75.177647,39.998555],[-75.178239,39.99862],[-75.178987,39.998114],[-75.179321,39.997924],[-75.180109,39.997376],[-75.180192,39.997263],[-75.181794,39.997454],[-75.182344,39.997529],[-75.183398,39.997669],[-75.184398,39.997803],[-75.185032,39.997887],[-75.186548,39.998075],[-75.187608,39.998205],[-75.187612,39.996584],[-75.18761,39.996441],[-75.187586,39.996051],[-75.187559,39.995839],[-75.187263,39.994956],[-75.186978,39.994354],[-75.186488,39.993357],[-75.186151,39.992672],[-75.186374,39.991786],[-75.186716,39.990224],[-75.187062,39.988675],[-75.187174,39.988084],[-75.187276,39.987651],[-75.187385,39.98714],[-75.187493,39.986639],[-75.187599,39.986161],[-75.187707,39.985655],[-75.187953,39.98454],[-75.188035,39.984136],[-75.188205,39.983383],[-75.18837,39.982631],[-75.18854,39.98189],[-75.188663,39.981217],[-75.188988,39.979792],[-75.189064,39.979459],[-75.189164,39.979021],[-75.189235,39.97881],[-75.18931,39.978708],[-75.189433,39.978583],[-75.189663,39.978375],[-75.189884,39.977943],[-75.189785,39.977442],[-75.189718,39.977283],[-75.189676,39.977183],[-75.189545,39.976871],[-75.189267,39.976278],[-75.189217,39.976129],[-75.189217,39.976049],[-75.189238,39.975928],[-75.18927,39.975836],[-75.189322,39.975749],[-75.189388,39.97567],[-75.189484,39.975592],[-75.189579,39.975535],[-75.189963,39.975413],[-75.190625,39.975496],[-75.190998,39.97554],[-75.191337,39.975554],[-75.191819,39.975502],[-75.191963,39.975487],[-75.193064,39.975363],[-75.193071,39.975362],[-75.193086,39.97539],[-75.193103,39.975422],[-75.193121,39.975453],[-75.193139,39.975485],[-75.193157,39.975516],[-75.193176,39.975547],[-75.193195,39.975578],[-75.193214,39.975609],[-75.193233,39.97564],[-75.193253,39.975671],[-75.193273,39.975701],[-75.193294,39.975731],[-75.193314,39.975762],[-75.193335,39.975792],[-75.193357,39.975822],[-75.193378,39.975851],[-75.1934,39.975881],[-75.193422,39.97591],[-75.193445,39.975939],[-75.193468,39.975968],[-75.193492,39.975997],[-75.193517,39.976025],[-75.193542,39.976053],[-75.193569,39.97608],[-75.193596,39.976107],[-75.193623,39.976134],[-75.193651,39.976161],[-75.19368,39.976187],[-75.193709,39.976213],[-75.193739,39.976239],[-75.193769,39.976264],[-75.193799,39.976289],[-75.19383,39.976314],[-75.193861,39.976339],[-75.193865,39.976342],[-75.193892,39.976363],[-75.193924,39.976387],[-75.193955,39.976411],[-75.193987,39.976435],[-75.194018,39.976459],[-75.19405,39.976484],[-75.194081,39.976508],[-75.194112,39.976532],[-75.194144,39.976556],[-75.194175,39.976581],[-75.194206,39.976605],[-75.194237,39.976629],[-75.194269,39.976654],[-75.1943,39.976678],[-75.194331,39.976703],[-75.194363,39.976727],[-75.194394,39.976751],[-75.194426,39.976776],[-75.194457,39.9768],[-75.194489,39.976824],[-75.19452,39.976849],[-75.194552,39.976873],[-75.194583,39.976897],[-75.194615,39.976921],[-75.194647,39.976945],[-75.194679,39.976969],[-75.194711,39.976993],[-75.194743,39.977017],[-75.194776,39.97704],[-75.194808,39.977064],[-75.194841,39.977087],[-75.194873,39.97711],[-75.194906,39.977133],[-75.194939,39.977156],[-75.194972,39.977179],[-75.195005,39.977202],[-75.195039,39.977224],[-75.195072,39.977246],[-75.195106,39.977268],[-75.19514,39.97729],[-75.195174,39.977312],[-75.195208,39.977333],[-75.195243,39.977355],[-75.195278,39.977376],[-75.195313,39.977396],[-75.195348,39.977417],[-75.195383,39.977437],[-75.195419,39.977457],[-75.195454,39.977477],[-75.195491,39.977497],[-75.195527,39.977516],[-75.195563,39.977535],[-75.1956,39.977554],[-75.195637,39.977573],[-75.195674,39.977591],[-75.19571,39.97761],[-75.195748,39.977628],[-75.195785,39.977647],[-75.195822,39.977665],[-75.195859,39.977683],[-75.195897,39.977701],[-75.195934,39.977719],[-75.195972,39.977737],[-75.19601,39.977754],[-75.196047,39.977772],[-75.196085,39.97779],[-75.196123,39.977807],[-75.196161,39.977824],[-75.196199,39.977842],[-75.196238,39.977859],[-75.196276,39.977876],[-75.196314,39.977893],[-75.196353,39.97791],[-75.196391,39.977927],[-75.19643,39.977944],[-75.196468,39.977961],[-75.196507,39.977977],[-75.196546,39.977994],[-75.196585,39.978011],[-75.196623,39.978027],[-75.196662,39.978044],[-75.196701,39.97806],[-75.19674,39.978076],[-75.196779,39.978093],[-75.196818,39.978109],[-75.196857,39.978125],[-75.196896,39.978142],[-75.196935,39.978158],[-75.196975,39.978174],[-75.197014,39.97819],[-75.197053,39.978206],[-75.197092,39.978223],[-75.197131,39.978239],[-75.197171,39.978255],[-75.19721,39.978271],[-75.197249,39.978287],[-75.197288,39.978303],[-75.197328,39.978319],[-75.197367,39.978335],[-75.197406,39.978351],[-75.197446,39.978367],[-75.197485,39.978383],[-75.197524,39.978399],[-75.197563,39.978416],[-75.197603,39.978432],[-75.197642,39.978448],[-75.197681,39.978464],[-75.19772,39.97848],[-75.19776,39.978496],[-75.197799,39.978513],[-75.197838,39.978529],[-75.197877,39.978545],[-75.197916,39.978562],[-75.197955,39.978578],[-75.197994,39.978594],[-75.198033,39.978611],[-75.198072,39.978627],[-75.198111,39.978644],[-75.19815,39.978661],[-75.198189,39.978677],[-75.198227,39.978694],[-75.198266,39.978711],[-75.198305,39.978728],[-75.198343,39.978745],[-75.198382,39.978762],[-75.19842,39.978779],[-75.198458,39.978796],[-75.198497,39.978813],[-75.198535,39.97883],[-75.198573,39.978848],[-75.198611,39.978865],[-75.198649,39.978883],[-75.198687,39.9789],[-75.198725,39.978918],[-75.198763,39.978936],[-75.1988,39.978954],[-75.198838,39.978972],[-75.198876,39.97899],[-75.198914,39.979008],[-75.198952,39.979026],[-75.198989,39.979044],[-75.199027,39.979061],[-75.199065,39.979079],[-75.199103,39.979097],[-75.199141,39.979115],[-75.199179,39.979133],[-75.199217,39.979151],[-75.199255,39.979169],[-75.199293,39.979187],[-75.199331,39.979204],[-75.199369,39.979222],[-75.199407,39.97924],[-75.199445,39.979258],[-75.199483,39.979276],[-75.199521,39.979294],[-75.199559,39.979312],[-75.199597,39.97933],[-75.199635,39.979348],[-75.199673,39.979367],[-75.199711,39.979385],[-75.199749,39.979403],[-75.199786,39.979421],[-75.199824,39.979439],[-75.199862,39.979458],[-75.1999,39.979476],[-75.199937,39.979494],[-75.199975,39.979513],[-75.200012,39.979531],[-75.20005,39.97955],[-75.200087,39.979568],[-75.200125,39.979587],[-75.200162,39.979606],[-75.200199,39.979625],[-75.200236,39.979644],[-75.200273,39.979663],[-75.20031,39.979682],[-75.200347,39.979701],[-75.200384,39.97972],[-75.200421,39.979739],[-75.200458,39.979758],[-75.200494,39.979778],[-75.200531,39.979797],[-75.200567,39.979817],[-75.200603,39.979836],[-75.200639,39.979856],[-75.200675,39.979876],[-75.200711,39.979896],[-75.200747,39.979916],[-75.200783,39.979936],[-75.200818,39.979956],[-75.200854,39.979977],[-75.200889,39.979997],[-75.200924,39.980018],[-75.200959,39.980039],[-75.200994,39.980059],[-75.201029,39.98008],[-75.201064,39.980101],[-75.201098,39.980123],[-75.201133,39.980144],[-75.201167,39.980165],[-75.201201,39.980187],[-75.201235,39.980209],[-75.201268,39.98023],[-75.201302,39.980252],[-75.201335,39.980274],[-75.201369,39.980297],[-75.201402,39.980319],[-75.201435,39.980341],[-75.201468,39.980364],[-75.2015,39.980387],[-75.201533,39.980409],[-75.201566,39.980432],[-75.201599,39.980455],[-75.201632,39.980478],[-75.201665,39.980502],[-75.201697,39.980525],[-75.20173,39.980548],[-75.201762,39.980572],[-75.201795,39.980595],[-75.201827,39.980619],[-75.20186,39.980643],[-75.201892,39.980666],[-75.201924,39.98069],[-75.201956,39.980714],[-75.201988,39.980738],[-75.20202,39.980763],[-75.202052,39.980787],[-75.202084,39.980811],[-75.202116,39.980836],[-75.202147,39.98086],[-75.202179,39.980885],[-75.20221,39.98091],[-75.202242,39.980935],[-75.202273,39.980959],[-75.202304,39.980984],[-75.202335,39.98101],[-75.202365,39.981035],[-75.202396,39.98106],[-75.202427,39.981085],[-75.202457,39.981111],[-75.202487,39.981136],[-75.202517,39.981162],[-75.202547,39.981188],[-75.202577,39.981214],[-75.202607,39.981239],[-75.202636,39.981265],[-75.202666,39.981292],[-75.202695,39.981318],[-75.202724,39.981344],[-75.202753,39.98137],[-75.202781,39.981397],[-75.20281,39.981423],[-75.202838,39.98145],[-75.202866,39.981476],[-75.202894,39.981503],[-75.202922,39.98153],[-75.202949,39.981557],[-75.202977,39.981584],[-75.203004,39.981611],[-75.203031,39.981638],[-75.203058,39.981665],[-75.203084,39.981692],[-75.20311,39.98172],[-75.203137,39.981747],[-75.203162,39.981775],[-75.203188,39.981802],[-75.203213,39.98183],[-75.203239,39.981858],[-75.203264,39.981886],[-75.203288,39.981914],[-75.203313,39.981942],[-75.203337,39.98197],[-75.203361,39.981998],[-75.203385,39.982026],[-75.203408,39.982054],[-75.203431,39.982083],[-75.203454,39.982111],[-75.203477,39.98214],[-75.203499,39.982169],[-75.20352,39.982198],[-75.203542,39.982227],[-75.203562,39.982257],[-75.203583,39.982287],[-75.203603,39.982317],[-75.203622,39.982347],[-75.203641,39.982378],[-75.20366,39.982408],[-75.203678,39.982439],[-75.203696,39.98247],[-75.203714,39.982501],[-75.203731,39.982533],[-75.203748,39.982565],[-75.203764,39.982596],[-75.20378,39.982628],[-75.203796,39.98266],[-75.203811,39.982693],[-75.203827,39.982725],[-75.203841,39.982757],[-75.203856,39.98279],[-75.20387,39.982823],[-75.203884,39.982856],[-75.203898,39.982889],[-75.203911,39.982922],[-75.203924,39.982955],[-75.203937,39.982988],[-75.20395,39.983021],[-75.203962,39.983055],[-75.203974,39.983088],[-75.203986,39.983122],[-75.203998,39.983155],[-75.20401,39.983189],[-75.204021,39.983222],[-75.204032,39.983256],[-75.204043,39.98329],[-75.204054,39.983323],[-75.204064,39.983357],[-75.204075,39.983391],[-75.204085,39.983425],[-75.204095,39.983458],[-75.204105,39.983492],[-75.204115,39.983526],[-75.204125,39.983559],[-75.204134,39.983593],[-75.204144,39.983626],[-75.204153,39.98366],[-75.204163,39.983693],[-75.204172,39.983727],[-75.204181,39.98376],[-75.20419,39.983793],[-75.2042,39.983826],[-75.204209,39.983859],[-75.204218,39.983893],[-75.204226,39.983926],[-75.204235,39.98396],[-75.204244,39.983994],[-75.204252,39.984028],[-75.20426,39.984063],[-75.204268,39.984097],[-75.204276,39.984132],[-75.204284,39.984166],[-75.204291,39.984201],[-75.204298,39.984236],[-75.204305,39.984271],[-75.204311,39.984306],[-75.204317,39.984341],[-75.204323,39.984376],[-75.204328,39.984411],[-75.204333,39.984446],[-75.204337,39.984481],[-75.204341,39.984516],[-75.204345,39.984551],[-75.204348,39.984586],[-75.20435,39.984621],[-75.204353,39.984655],[-75.204354,39.98469],[-75.204355,39.984725],[-75.204355,39.984759],[-75.204355,39.984793],[-75.204354,39.984828],[-75.204353,39.984861],[-75.20435,39.984895],[-75.204347,39.984929],[-75.204344,39.984962],[-75.204339,39.984995],[-75.204334,39.985028],[-75.204329,39.985061],[-75.204322,39.985094],[-75.204314,39.985126],[-75.204306,39.985158],[-75.204297,39.985189],[-75.204287,39.98522],[-75.204274,39.985251],[-75.20426,39.985282],[-75.204245,39.985312],[-75.204227,39.985342],[-75.204209,39.985372],[-75.204189,39.985402],[-75.204167,39.985431],[-75.204144,39.98546],[-75.20412,39.985488],[-75.204096,39.985517],[-75.20407,39.985545],[-75.204043,39.985573],[-75.204015,39.985601],[-75.203987,39.985629],[-75.203958,39.985656],[-75.203928,39.985683],[-75.203923,39.985688],[-75.203898,39.98571],[-75.203867,39.985737],[-75.203836,39.985764],[-75.203805,39.98579],[-75.203774,39.985817],[-75.203743,39.985843],[-75.203711,39.985869],[-75.20368,39.985895],[-75.203649,39.985921],[-75.203618,39.985947],[-75.203588,39.985973],[-75.203558,39.985999],[-75.203528,39.986024],[-75.203499,39.98605],[-75.20347,39.986075],[-75.20344,39.986101],[-75.203411,39.986126],[-75.203381,39.986152],[-75.203352,39.986177],[-75.203322,39.986202],[-75.203292,39.986227],[-75.203262,39.986252],[-75.203232,39.986277],[-75.203202,39.986302],[-75.203172,39.986327],[-75.203141,39.986352],[-75.203111,39.986377],[-75.203081,39.986402],[-75.20305,39.986427],[-75.20302,39.986452],[-75.202989,39.986476],[-75.202958,39.986501],[-75.202928,39.986526],[-75.202897,39.98655],[-75.202866,39.986575],[-75.202835,39.986599],[-75.202805,39.986624],[-75.202774,39.986648],[-75.202743,39.986673],[-75.202712,39.986697],[-75.202681,39.986722],[-75.20265,39.986746],[-75.202619,39.986771],[-75.202588,39.986795],[-75.202556,39.986819],[-75.202525,39.986844],[-75.202494,39.986868],[-75.202463,39.986893],[-75.202432,39.986917],[-75.202401,39.986941],[-75.202369,39.986966],[-75.202338,39.98699],[-75.202307,39.987014],[-75.202276,39.987039],[-75.202245,39.987063],[-75.202213,39.987087],[-75.202182,39.987112],[-75.202151,39.987136],[-75.20212,39.98716],[-75.202089,39.987185],[-75.202058,39.987209],[-75.202027,39.987233],[-75.201996,39.987258],[-75.201965,39.987282],[-75.201933,39.987307],[-75.201903,39.987331],[-75.201872,39.987356],[-75.201841,39.98738],[-75.20181,39.987405],[-75.201779,39.987429],[-75.201748,39.987454],[-75.201717,39.987479],[-75.201687,39.987503],[-75.201656,39.987528],[-75.201626,39.987553],[-75.201595,39.987577],[-75.201565,39.987602],[-75.201534,39.987627],[-75.201504,39.987652],[-75.201474,39.987677],[-75.201443,39.987702],[-75.201413,39.987727],[-75.201383,39.987752],[-75.201353,39.987777],[-75.201323,39.987802],[-75.201294,39.987828],[-75.201264,39.987853],[-75.201234,39.987878],[-75.201205,39.987904],[-75.201175,39.987929],[-75.201146,39.987955],[-75.201117,39.98798],[-75.201088,39.988006],[-75.201059,39.988032],[-75.20103,39.988057],[-75.201001,39.988083],[-75.200972,39.988109],[-75.200943,39.988135],[-75.200915,39.988161],[-75.200887,39.988187],[-75.200858,39.988214],[-75.20083,39.98824],[-75.200802,39.988266],[-75.200774,39.988293],[-75.200746,39.988319],[-75.200718,39.988346],[-75.20069,39.988372],[-75.200663,39.988399],[-75.200635,39.988426],[-75.200608,39.988452],[-75.20058,39.988479],[-75.200553,39.988506],[-75.200526,39.988533],[-75.200498,39.98856],[-75.200471,39.988587],[-75.200444,39.988614],[-75.200417,39.988641],[-75.20039,39.988668],[-75.200364,39.988695],[-75.200337,39.988723],[-75.20031,39.98875],[-75.200283,39.988777],[-75.200257,39.988804],[-75.20023,39.988832],[-75.200204,39.988859],[-75.200177,39.988887],[-75.200151,39.988914],[-75.200125,39.988942],[-75.200098,39.988969],[-75.200072,39.988997],[-75.200046,39.989024],[-75.20002,39.989052],[-75.199993,39.989079],[-75.199967,39.989107],[-75.199941,39.989135],[-75.199915,39.989162],[-75.199889,39.98919],[-75.199863,39.989218],[-75.199837,39.989245],[-75.199811,39.989273],[-75.199785,39.989301],[-75.199759,39.989329],[-75.199733,39.989356],[-75.199708,39.989384],[-75.199682,39.989412],[-75.199656,39.98944],[-75.19963,39.989468],[-75.199604,39.989495],[-75.199578,39.989523],[-75.199553,39.989551],[-75.199527,39.989579],[-75.199501,39.989606],[-75.199475,39.989634],[-75.199449,39.989662],[-75.199424,39.98969],[-75.199398,39.989717],[-75.199372,39.989745],[-75.199346,39.989773],[-75.19932,39.989801],[-75.199294,39.989828],[-75.199269,39.989856],[-75.199243,39.989884],[-75.199217,39.989912],[-75.199192,39.98994],[-75.199166,39.989968],[-75.199141,39.989996],[-75.199115,39.990024],[-75.19909,39.990052],[-75.199065,39.99008],[-75.19904,39.990108],[-75.199014,39.990136],[-75.198989,39.990164],[-75.198964,39.990192],[-75.198939,39.99022],[-75.198914,39.990249],[-75.198889,39.990277],[-75.198864,39.990305],[-75.198839,39.990333],[-75.198814,39.990362],[-75.19879,39.99039],[-75.198765,39.990418],[-75.19874,39.990447],[-75.198715,39.990475],[-75.19869,39.990503],[-75.198666,39.990532],[-75.198641,39.99056],[-75.198616,39.990588],[-75.198592,39.990617],[-75.198567,39.990645],[-75.198542,39.990674],[-75.198518,39.990702],[-75.198493,39.990731],[-75.198469,39.990759],[-75.198444,39.990787],[-75.198419,39.990816],[-75.198395,39.990844],[-75.19837,39.990873],[-75.198346,39.990901],[-75.198321,39.99093],[-75.198296,39.990958],[-75.198272,39.990987],[-75.198247,39.991015],[-75.198223,39.991043],[-75.198198,39.991072],[-75.198173,39.9911],[-75.198149,39.991129],[-75.198124,39.991157],[-75.198099,39.991185],[-75.198074,39.991214],[-75.19805,39.991242],[-75.198025,39.99127],[-75.198,39.991299],[-75.197975,39.991327],[-75.19795,39.991355],[-75.197925,39.991383],[-75.1979,39.991412],[-75.197875,39.99144],[-75.19785,39.991468],[-75.197825,39.991496],[-75.1978,39.991524],[-75.197775,39.991552],[-75.19775,39.991581],[-75.197725,39.991609],[-75.197699,39.991637],[-75.197674,39.991665],[-75.197649,39.991693],[-75.197623,39.99172],[-75.197598,39.991748],[-75.197572,39.991776],[-75.197546,39.991804],[-75.197521,39.991832],[-75.197495,39.99186],[-75.197469,39.991887],[-75.197443,39.991915],[-75.197417,39.991943],[-75.197391,39.99197],[-75.197365,39.991998],[-75.197339,39.992025],[-75.197313,39.992053],[-75.197286,39.99208],[-75.19726,39.992107],[-75.197233,39.992135],[-75.197207,39.992162],[-75.19718,39.992189],[-75.197153,39.992216],[-75.197126,39.992243],[-75.197099,39.99227],[-75.197072,39.992297],[-75.197045,39.992324],[-75.197018,39.992351],[-75.196991,39.992378],[-75.196963,39.992404],[-75.196936,39.992431],[-75.196908,39.992458],[-75.19688,39.992484],[-75.196852,39.992511],[-75.196824,39.992537],[-75.196796,39.992563],[-75.196767,39.992589],[-75.196739,39.992616],[-75.19671,39.992642],[-75.196682,39.992668],[-75.196653,39.992694],[-75.196624,39.992719],[-75.196595,39.992745],[-75.196566,39.992771],[-75.196537,39.992797],[-75.196508,39.992823],[-75.196478,39.992848],[-75.196449,39.992874],[-75.19642,39.992899],[-75.19639,39.992925],[-75.196361,39.99295],[-75.196331,39.992976],[-75.196301,39.993001],[-75.196271,39.993026],[-75.196242,39.993052],[-75.196212,39.993077],[-75.196182,39.993102],[-75.196152,39.993128],[-75.196122,39.993153],[-75.196092,39.993178],[-75.196062,39.993203],[-75.196032,39.993228],[-75.196001,39.993253],[-75.195971,39.993278],[-75.195941,39.993304],[-75.195911,39.993329],[-75.195881,39.993354],[-75.19585,39.993379],[-75.19582,39.993404],[-75.19579,39.993429],[-75.19576,39.993454],[-75.195729,39.993479],[-75.195699,39.993504],[-75.195669,39.993529],[-75.195638,39.993554],[-75.195608,39.993579],[-75.195578,39.993604],[-75.195548,39.993629],[-75.195517,39.993654],[-75.195487,39.993679],[-75.195457,39.993704],[-75.195427,39.993729],[-75.195397,39.993755],[-75.195367,39.99378],[-75.195337,39.993805],[-75.195307,39.99383],[-75.195277,39.993855],[-75.195247,39.99388],[-75.195217,39.993906],[-75.195187,39.993931],[-75.195157,39.993956],[-75.195127,39.993982],[-75.195098,39.994007],[-75.195068,39.994033],[-75.195039,39.994058],[-75.195009,39.994084],[-75.19498,39.994109],[-75.19495,39.994135],[-75.194921,39.99416],[-75.194892,39.994186],[-75.194863,39.994212],[-75.194834,39.994238],[-75.194805,39.994263],[-75.194776,39.994289],[-75.194748,39.994315],[-75.194719,39.994341],[-75.194691,39.994367],[-75.194662,39.994394],[-75.194634,39.99442],[-75.194606,39.994446],[-75.194578,39.994472],[-75.19455,39.994499],[-75.194522,39.994525],[-75.194494,39.994552],[-75.194467,39.994579],[-75.194439,39.994605],[-75.194412,39.994632],[-75.194385,39.994659],[-75.194358,39.994686],[-75.194331,39.994713],[-75.194304,39.99474],[-75.194277,39.994767],[-75.19425,39.994794],[-75.194224,39.994822],[-75.194197,39.994849],[-75.194171,39.994877],[-75.194145,39.994904],[-75.194119,39.994932],[-75.194093,39.99496],[-75.194067,39.994988],[-75.194041,39.995015],[-75.194015,39.995043],[-75.193989,39.995071],[-75.193964,39.995099],[-75.193939,39.995128],[-75.193913,39.995156],[-75.193888,39.995184],[-75.193863,39.995212],[-75.193838,39.995241],[-75.193814,39.995269],[-75.193796,39.99529],[-75.193789,39.995298],[-75.193764,39.995327],[-75.19374,39.995355],[-75.193716,39.995384],[-75.193692,39.995413],[-75.193668,39.995442],[-75.193644,39.995471],[-75.19362,39.995499],[-75.193597,39.995529],[-75.193573,39.995558],[-75.19355,39.995587],[-75.193527,39.995616],[-75.193504,39.995645],[-75.193481,39.995675],[-75.193458,39.995704],[-75.193435,39.995733],[-75.193413,39.995763],[-75.193391,39.995792],[-75.193368,39.995822],[-75.193346,39.995852],[-75.193324,39.995881],[-75.193303,39.995911],[-75.193281,39.995941],[-75.19326,39.995971],[-75.193238,39.996],[-75.193217,39.99603],[-75.193196,39.99606],[-75.193176,39.99609],[-75.193155,39.99612],[-75.193134,39.99615],[-75.193114,39.996181],[-75.193094,39.996211],[-75.193074,39.996241],[-75.193055,39.996272],[-75.193036,39.996302],[-75.193017,39.996333],[-75.192999,39.996364],[-75.19298,39.996395],[-75.192962,39.996426],[-75.192945,39.996457],[-75.192927,39.996488],[-75.19291,39.99652],[-75.192893,39.996551],[-75.192876,39.996583],[-75.19286,39.996614],[-75.192843,39.996646],[-75.192827,39.996678],[-75.192811,39.99671],[-75.192795,39.996741],[-75.192779,39.996773],[-75.192764,39.996805],[-75.192748,39.996837],[-75.192733,39.996869],[-75.192718,39.996902],[-75.192702,39.996934],[-75.192687,39.996966],[-75.192672,39.996998],[-75.192657,39.99703],[-75.192643,39.997063],[-75.192628,39.997095],[-75.192613,39.997127],[-75.192598,39.99716],[-75.192584,39.997192],[-75.192569,39.997224],[-75.192554,39.997257],[-75.192539,39.997289],[-75.192525,39.997321],[-75.19251,39.997354],[-75.192495,39.997386],[-75.19248,39.997418],[-75.192465,39.99745],[-75.19245,39.997483],[-75.192435,39.997515],[-75.19242,39.997547],[-75.192404,39.997579],[-75.192389,39.997611],[-75.192373,39.997643],[-75.192357,39.997675],[-75.192342,39.997707],[-75.192325,39.997739],[-75.192317,39.997773],[-75.192308,39.997806],[-75.192299,39.99784],[-75.192291,39.997873],[-75.192282,39.997907],[-75.192273,39.99794],[-75.192264,39.997973],[-75.192255,39.998007],[-75.192247,39.99804],[-75.192238,39.998074],[-75.192229,39.998107],[-75.19222,39.998141],[-75.192211,39.998174],[-75.192202,39.998207],[-75.192193,39.998241],[-75.192183,39.998274],[-75.192174,39.998308],[-75.192165,39.998341],[-75.192156,39.998375],[-75.192147,39.998408],[-75.192138,39.998441],[-75.192129,39.998475],[-75.19212,39.998508],[-75.192111,39.998542],[-75.192101,39.998575],[-75.192092,39.998608],[-75.192083,39.998642],[-75.192074,39.998675],[-75.192065,39.998709],[-75.192056,39.998742],[-75.192047,39.998776],[-75.192038,39.998809],[-75.192029,39.998842],[-75.19202,39.998876],[-75.192011,39.998909],[-75.192002,39.998943],[-75.191993,39.998976],[-75.191984,39.999009],[-75.191975,39.999043],[-75.191966,39.999076],[-75.191957,39.99911],[-75.191948,39.999143],[-75.19194,39.999177],[-75.191931,39.99921],[-75.191922,39.999244],[-75.191914,39.999277],[-75.191905,39.999311],[-75.191896,39.999344],[-75.191888,39.999378],[-75.19188,39.999411],[-75.191871,39.999445],[-75.191863,39.999478],[-75.191855,39.999512],[-75.191846,39.999545],[-75.191838,39.999579],[-75.19183,39.999612],[-75.191822,39.999646],[-75.191814,39.999679],[-75.191806,39.999713],[-75.191798,39.999746],[-75.191791,39.99978],[-75.191783,39.999814],[-75.191776,39.999847],[-75.191768,39.999881],[-75.191761,39.999914],[-75.191753,39.999948],[-75.191746,39.999982],[-75.191739,40.000015],[-75.191732,40.000049],[-75.191725,40.000083],[-75.191718,40.000116],[-75.191711,40.00015],[-75.191704,40.000184],[-75.191698,40.000217],[-75.191691,40.000251],[-75.191684,40.000285],[-75.191677,40.000319],[-75.19167,40.000352],[-75.191663,40.000386],[-75.191656,40.00042],[-75.191649,40.000454],[-75.191642,40.000487],[-75.191636,40.000521],[-75.191629,40.000555],[-75.191622,40.000589],[-75.191615,40.000623],[-75.191608,40.000656],[-75.191601,40.00069],[-75.191595,40.000724],[-75.191588,40.000758],[-75.191581,40.000792],[-75.191575,40.000826],[-75.191568,40.000859],[-75.191561,40.000893],[-75.191555,40.000927],[-75.191548,40.000961],[-75.191542,40.000995],[-75.191535,40.001029],[-75.191529,40.001063],[-75.191523,40.001096],[-75.191516,40.00113],[-75.19151,40.001164],[-75.191504,40.001198],[-75.191498,40.001232],[-75.191492,40.001266],[-75.191486,40.0013],[-75.19148,40.001334],[-75.191474,40.001368],[-75.191468,40.001402],[-75.191463,40.001436],[-75.191457,40.001469],[-75.191451,40.001503],[-75.191446,40.001537],[-75.191441,40.001571],[-75.191435,40.001605],[-75.19143,40.001639],[-75.191425,40.001673],[-75.19142,40.001707],[-75.191415,40.001741],[-75.19141,40.001775],[-75.191406,40.001809],[-75.191401,40.001843],[-75.191397,40.001877],[-75.191392,40.001911],[-75.191388,40.001945],[-75.191384,40.001979],[-75.19138,40.002013],[-75.191376,40.002046],[-75.191372,40.00208],[-75.191368,40.002114],[-75.191365,40.002148],[-75.191362,40.002182],[-75.191358,40.002216],[-75.191355,40.00225],[-75.191352,40.002284],[-75.191349,40.002318],[-75.191347,40.002352],[-75.191344,40.002386],[-75.191342,40.00242],[-75.191339,40.002454],[-75.191337,40.002488],[-75.191335,40.002522],[-75.191333,40.002556],[-75.191332,40.00259],[-75.19133,40.002624],[-75.191329,40.002658],[-75.191328,40.002692],[-75.191327,40.002726],[-75.191326,40.002759],[-75.191326,40.002793],[-75.191326,40.002827],[-75.191326,40.002862],[-75.191326,40.002896],[-75.191327,40.00293],[-75.191327,40.002964],[-75.191328,40.002998],[-75.191329,40.003032],[-75.191331,40.003066],[-75.191332,40.0031],[-75.191334,40.003134],[-75.191336,40.003168],[-75.191338,40.003202],[-75.19134,40.003236],[-75.191342,40.00327],[-75.191345,40.003305],[-75.191347,40.003339],[-75.19135,40.003373],[-75.191353,40.003407],[-75.191357,40.003441],[-75.19136,40.003475],[-75.191363,40.003509],[-75.191367,40.003543],[-75.191371,40.003577],[-75.191375,40.003612],[-75.191379,40.003646],[-75.191383,40.00368],[-75.191387,40.003714],[-75.191392,40.003748],[-75.191396,40.003782],[-75.191401,40.003816],[-75.191406,40.00385],[-75.19141,40.003884],[-75.191415,40.003918],[-75.19142,40.003952],[-75.191426,40.003986],[-75.191431,40.00402],[-75.191436,40.004055],[-75.191441,40.004089],[-75.191447,40.004123],[-75.191452,40.004156],[-75.191458,40.00419],[-75.191464,40.004224],[-75.191469,40.004258],[-75.191475,40.004292],[-75.191481,40.004326],[-75.191487,40.00436],[-75.191493,40.004394],[-75.191499,40.004428],[-75.191505,40.004462],[-75.191511,40.004495],[-75.191517,40.004529],[-75.191523,40.004563],[-75.191529,40.004597],[-75.191535,40.004631],[-75.191541,40.004664],[-75.191547,40.004698],[-75.191554,40.004732],[-75.191561,40.004765],[-75.191568,40.004799],[-75.191576,40.004832],[-75.191584,40.004866],[-75.191592,40.004899],[-75.191601,40.004933],[-75.191611,40.004966],[-75.19162,40.005],[-75.19163,40.005033],[-75.191641,40.005066],[-75.191652,40.0051],[-75.191663,40.005133],[-75.191674,40.005166],[-75.191686,40.005199],[-75.191698,40.005232],[-75.19171,40.005265],[-75.191723,40.005298],[-75.191735,40.005331],[-75.191748,40.005364],[-75.191761,40.005396],[-75.191775,40.005429],[-75.191788,40.005461],[-75.191802,40.005494],[-75.191816,40.005526],[-75.19183,40.005559],[-75.191845,40.005591],[-75.191859,40.005623],[-75.191874,40.005655],[-75.191888,40.005687],[-75.191904,40.005719],[-75.191921,40.00575],[-75.191939,40.005782],[-75.191957,40.005813],[-75.191976,40.005843],[-75.191996,40.005874],[-75.192016,40.005904],[-75.192037,40.005935],[-75.192059,40.005965],[-75.192081,40.005995],[-75.192094,40.006012],[-75.192103,40.006024],[-75.192126,40.006054],[-75.192148,40.006084],[-75.192171,40.006113],[-75.192194,40.006142],[-75.192217,40.006171],[-75.19224,40.006201],[-75.192263,40.00623],[-75.192286,40.006259],[-75.192309,40.006289],[-75.192333,40.006318],[-75.192356,40.006347],[-75.19238,40.006377],[-75.192404,40.006406],[-75.192429,40.006434],[-75.192454,40.006463],[-75.19248,40.00649],[-75.192507,40.006518],[-75.192534,40.006545],[-75.192562,40.006572],[-75.19259,40.006597],[-75.19262,40.006622],[-75.19265,40.006646],[-75.192682,40.00667],[-75.192714,40.006692],[-75.192748,40.006714],[-75.192782,40.006736],[-75.192805,40.00675],[-75.192816,40.006757],[-75.192852,40.006777],[-75.192888,40.006798],[-75.192924,40.006817],[-75.192961,40.006837],[-75.192998,40.006856],[-75.193036,40.006874],[-75.193074,40.006893],[-75.193112,40.006911],[-75.19315,40.006929],[-75.193188,40.006948],[-75.193192,40.00695],[-75.193226,40.006966],[-75.193264,40.006984],[-75.193301,40.007002],[-75.193339,40.00702],[-75.193376,40.007039],[-75.193413,40.007057],[-75.193451,40.007076],[-75.193488,40.007094],[-75.193525,40.007113],[-75.193563,40.007132],[-75.1936,40.00715],[-75.193637,40.007169],[-75.193675,40.007188],[-75.193712,40.007207],[-75.193749,40.007225],[-75.193787,40.007244],[-75.193824,40.007262],[-75.193862,40.007281],[-75.193899,40.007299],[-75.193937,40.007317],[-75.193975,40.007336],[-75.194013,40.007354],[-75.194051,40.007371],[-75.194089,40.007389],[-75.194127,40.007406],[-75.194165,40.007424],[-75.194204,40.007441],[-75.194242,40.007457],[-75.194281,40.007474],[-75.19432,40.00749],[-75.194359,40.007506],[-75.194398,40.007522],[-75.194438,40.007537],[-75.194477,40.007552],[-75.194517,40.007567],[-75.194557,40.007582],[-75.194597,40.007596],[-75.194638,40.007609],[-75.194678,40.007623],[-75.194719,40.007636],[-75.19476,40.007649],[-75.194801,40.007663],[-75.194841,40.007676],[-75.194882,40.007688],[-75.194923,40.007701],[-75.194965,40.007714],[-75.195006,40.007726],[-75.195047,40.007739],[-75.195088,40.007751],[-75.19513,40.007763],[-75.195171,40.007775],[-75.195213,40.007787],[-75.195254,40.007799],[-75.195296,40.007811],[-75.195337,40.007823],[-75.195379,40.007834],[-75.195421,40.007846],[-75.195462,40.007857],[-75.195504,40.007869],[-75.195546,40.00788],[-75.195588,40.007892],[-75.19563,40.007903],[-75.195672,40.007914],[-75.195714,40.007925],[-75.195756,40.007936],[-75.195798,40.007948],[-75.19584,40.007959],[-75.195882,40.00797],[-75.195924,40.007981],[-75.195966,40.007992],[-75.196008,40.008003],[-75.19605,40.008014],[-75.196092,40.008025],[-75.196135,40.008036],[-75.196177,40.008047],[-75.196219,40.008058],[-75.196261,40.008069],[-75.196303,40.00808],[-75.196345,40.008091],[-75.196387,40.008102],[-75.196429,40.008113],[-75.196471,40.008124],[-75.196513,40.008135],[-75.196555,40.008146],[-75.196597,40.008158],[-75.196639,40.008169],[-75.196681,40.00818],[-75.196723,40.008192],[-75.196765,40.008203],[-75.196807,40.008215],[-75.196849,40.008226],[-75.19689,40.008238],[-75.196932,40.00825],[-75.196974,40.008261],[-75.197015,40.008273],[-75.197057,40.008285],[-75.197098,40.008297],[-75.19714,40.00831],[-75.197181,40.008322],[-75.197222,40.008334],[-75.197264,40.008347],[-75.197305,40.008359],[-75.197346,40.008372],[-75.197387,40.008385],[-75.197413,40.008393],[-75.197428,40.008398],[-75.197469,40.008411],[-75.19751,40.008424],[-75.197551,40.008438],[-75.197592,40.008451],[-75.197632,40.008464],[-75.197673,40.008478],[-75.197714,40.008492],[-75.197754,40.008505],[-75.197795,40.008519],[-75.197836,40.008533],[-75.197876,40.008547],[-75.197917,40.00856],[-75.197957,40.008574],[-75.197998,40.008588],[-75.198038,40.008602],[-75.198079,40.008616],[-75.198119,40.00863],[-75.19816,40.008644],[-75.1982,40.008658],[-75.198241,40.008672],[-75.198281,40.008686],[-75.198322,40.0087],[-75.198362,40.008714],[-75.198403,40.008728],[-75.198443,40.008742],[-75.198484,40.008756],[-75.198524,40.00877],[-75.198565,40.008784],[-75.198605,40.008798],[-75.198646,40.008812],[-75.198687,40.008825],[-75.198727,40.008839],[-75.198768,40.008852],[-75.198809,40.008866],[-75.19885,40.008879],[-75.19889,40.008893],[-75.198931,40.008906],[-75.198972,40.008919],[-75.199013,40.008932],[-75.199054,40.008945],[-75.199095,40.008958],[-75.199136,40.008971],[-75.199178,40.008984],[-75.199219,40.008996],[-75.19926,40.009009],[-75.199301,40.009021],[-75.199343,40.009034],[-75.199384,40.009046],[-75.199425,40.009058],[-75.199467,40.009071],[-75.199508,40.009083],[-75.19955,40.009095],[-75.199591,40.009107],[-75.199633,40.009119],[-75.199674,40.009131],[-75.199716,40.009144],[-75.199757,40.009156],[-75.199799,40.009168],[-75.19984,40.00918],[-75.199882,40.009192],[-75.199923,40.009203],[-75.199965,40.009215],[-75.200007,40.009227],[-75.200048,40.009239],[-75.20009,40.009251],[-75.200131,40.009263],[-75.200173,40.009275],[-75.200215,40.009287],[-75.200256,40.009299],[-75.200298,40.009311],[-75.200339,40.009323],[-75.200381,40.009335],[-75.200422,40.009347],[-75.200464,40.009359],[-75.200505,40.009371],[-75.200547,40.009383],[-75.200588,40.009395],[-75.20063,40.009407],[-75.200671,40.00942],[-75.200713,40.009432],[-75.200754,40.009444],[-75.200795,40.009457],[-75.200837,40.009469],[-75.200878,40.009482],[-75.200919,40.009494],[-75.20096,40.009507],[-75.201002,40.009519],[-75.201043,40.009532],[-75.201084,40.009545],[-75.201125,40.009558],[-75.201166,40.009571],[-75.201207,40.009584],[-75.201248,40.009597],[-75.201289,40.00961],[-75.201329,40.009624],[-75.20137,40.009637],[-75.201411,40.009651],[-75.201452,40.009664],[-75.201492,40.009678],[-75.201533,40.009691],[-75.201574,40.009705],[-75.201614,40.009719],[-75.201655,40.009733],[-75.201696,40.009746],[-75.201736,40.00976],[-75.201777,40.009774],[-75.201817,40.009788],[-75.201858,40.009802],[-75.201898,40.009816],[-75.201939,40.00983],[-75.201979,40.009844],[-75.202019,40.009859],[-75.20206,40.009873],[-75.2021,40.009887],[-75.20214,40.009902],[-75.20218,40.009916],[-75.202221,40.009931],[-75.202261,40.009945],[-75.202301,40.00996],[-75.202341,40.009975],[-75.202381,40.009989],[-75.202421,40.010004],[-75.202461,40.010019],[-75.202501,40.010034],[-75.202541,40.010049],[-75.202581,40.010064],[-75.20262,40.010079],[-75.20266,40.010095],[-75.2027,40.01011],[-75.202739,40.010125],[-75.202779,40.010141],[-75.202818,40.010156],[-75.202858,40.010172],[-75.202897,40.010187],[-75.202937,40.010203],[-75.202976,40.010219],[-75.203015,40.010235],[-75.203055,40.010251],[-75.203094,40.010267],[-75.203133,40.010283],[-75.203172,40.010299],[-75.203211,40.010315],[-75.20325,40.010331],[-75.203289,40.010348],[-75.203328,40.010364],[-75.203367,40.010381],[-75.203405,40.010397],[-75.203444,40.010414],[-75.203483,40.01043],[-75.203522,40.010447],[-75.20356,40.010464],[-75.203599,40.01048],[-75.203638,40.010497],[-75.203676,40.010514],[-75.203715,40.010531],[-75.203753,40.010548],[-75.203792,40.010565],[-75.20383,40.010582],[-75.203869,40.010599],[-75.203907,40.010617],[-75.203945,40.010634],[-75.203984,40.010651],[-75.204022,40.010669],[-75.20406,40.010686],[-75.204098,40.010704],[-75.204136,40.010721],[-75.204174,40.010739],[-75.204212,40.010757],[-75.20425,40.010775],[-75.204288,40.010792],[-75.204326,40.01081],[-75.204364,40.010828],[-75.204401,40.010846],[-75.204439,40.010864],[-75.204477,40.010883],[-75.204514,40.010901],[-75.204552,40.010919],[-75.204589,40.010937],[-75.204626,40.010956],[-75.204664,40.010974],[-75.204701,40.010993],[-75.204738,40.011011],[-75.204775,40.01103],[-75.204812,40.011049],[-75.204849,40.011068],[-75.204886,40.011086],[-75.204923,40.011105],[-75.20496,40.011124],[-75.204997,40.011143],[-75.205033,40.011163],[-75.20507,40.011182],[-75.205106,40.011201],[-75.205142,40.011221],[-75.205179,40.01124],[-75.205215,40.01126],[-75.205251,40.01128],[-75.205287,40.0113],[-75.205323,40.01132],[-75.205359,40.01134],[-75.205395,40.01136],[-75.205431,40.01138],[-75.205466,40.011401],[-75.205502,40.011421],[-75.205537,40.011441],[-75.205561,40.011455],[-75.205573,40.011462],[-75.205608,40.011482],[-75.205644,40.011503],[-75.205679,40.011524],[-75.205714,40.011545],[-75.205749,40.011565],[-75.205784,40.011586],[-75.20582,40.011607],[-75.205855,40.011628],[-75.20589,40.011649],[-75.205925,40.01167],[-75.205959,40.011692],[-75.205994,40.011713],[-75.206001,40.011717],[-75.206029,40.011734],[-75.206064,40.011755],[-75.206099,40.011777],[-75.206133,40.011798],[-75.206165,40.011817],[-75.206168,40.011819],[-75.206203,40.011841],[-75.206237,40.011862],[-75.206272,40.011883],[-75.206306,40.011905],[-75.206341,40.011926],[-75.206375,40.011948],[-75.20641,40.011969],[-75.206444,40.011991],[-75.206479,40.012012],[-75.206513,40.012034],[-75.206548,40.012055],[-75.206582,40.012077],[-75.206616,40.012099],[-75.20665,40.012121],[-75.206684,40.012142],[-75.206718,40.012164],[-75.206752,40.012186],[-75.206786,40.012208],[-75.20682,40.01223],[-75.206854,40.012252],[-75.206888,40.012274],[-75.206921,40.012297],[-75.206955,40.012319],[-75.206989,40.012341],[-75.207022,40.012363],[-75.207056,40.012386],[-75.20709,40.012408],[-75.207123,40.01243],[-75.207157,40.012453],[-75.20719,40.012475],[-75.207224,40.012497],[-75.207257,40.01252],[-75.207291,40.012542],[-75.207324,40.012565],[-75.207358,40.012587],[-75.207391,40.01261],[-75.207425,40.012632],[-75.207458,40.012654],[-75.207492,40.012677],[-75.207525,40.012699],[-75.207558,40.012722],[-75.207562,40.012725],[-75.20735,40.013214],[-75.207266,40.013423],[-75.207226,40.013566],[-75.20713,40.013824],[-75.207057,40.01401],[-75.206993,40.014219],[-75.206921,40.014392],[-75.206844,40.014546],[-75.206815,40.014787],[-75.206742,40.014921],[-75.206708,40.014911],[-75.206515,40.014855],[-75.20641,40.014831],[-75.206311,40.014816],[-75.206142,40.014763],[-75.20611,40.014753],[-75.206057,40.014736],[-75.20594,40.014723],[-75.205802,40.014691],[-75.204714,40.014359],[-75.204661,40.014341],[-75.204509,40.014288],[-75.203083,40.013805],[-75.202724,40.013679],[-75.202572,40.013633],[-75.202433,40.013559],[-75.20228,40.013443],[-75.202031,40.013343],[-75.201924,40.013294],[-75.201812,40.013227],[-75.201507,40.01304],[-75.201331,40.012962],[-75.201139,40.012968],[-75.200956,40.01307],[-75.20028,40.013717],[-75.20027,40.013727],[-75.199854,40.014068],[-75.198752,40.014935],[-75.198364,40.015279],[-75.19808,40.015479],[-75.197685,40.015801],[-75.19632,40.016908],[-75.194413,40.018658],[-75.193974,40.019038],[-75.192407,40.020505],[-75.191866,40.020984],[-75.191247,40.021555],[-75.190968,40.02179],[-75.190531,40.022192],[-75.190404,40.022304],[-75.190011,40.022534],[-75.18955,40.022711],[-75.188616,40.023066],[-75.188081,40.023252],[-75.187821,40.023348],[-75.184936,40.024409],[-75.183977,40.02479],[-75.181956,40.02554],[-75.18167,40.025666]]]},"properties":{"ward_num":"38"}},{"type":"Feature","geometry":{"type":"Polygon","coordinates":[[[-75.164375,39.943525],[-75.164133,39.943488],[-75.163357,39.943388],[-75.161786,39.943195],[-75.161381,39.943147],[-75.160207,39.943006],[-75.159781,39.942955],[-75.159106,39.942869],[-75.158633,39.94281],[-75.158046,39.942739],[-75.157575,39.942675],[-75.157061,39.942606],[-75.156677,39.942561],[-75.156273,39.942515],[-75.155491,39.942416],[-75.153919,39.942214],[-75.152336,39.942024],[-75.151563,39.941931],[-75.151191,39.941886],[-75.150759,39.941828],[-75.150409,39.941784],[-75.149677,39.941689],[-75.149621,39.941683],[-75.149182,39.941629],[-75.1481,39.941496],[-75.147607,39.941432],[-75.146745,39.94132],[-75.14579,39.941209],[-75.14567,39.94119],[-75.145554,39.941178],[-75.145034,39.941108],[-75.144063,39.940981],[-75.13571,39.939972],[-75.135716,39.939488],[-75.135949,39.933957],[-75.135931,39.932812],[-75.135895,39.932052],[-75.143696,39.933116],[-75.14485,39.933288],[-75.145132,39.933327],[-75.145148,39.933331],[-75.145347,39.933374],[-75.145396,39.933388],[-75.145539,39.933428],[-75.145705,39.933447],[-75.145759,39.933209],[-75.145841,39.932845],[-75.145913,39.932546],[-75.146005,39.932104],[-75.146083,39.931721],[-75.146173,39.93133],[-75.146707,39.931404],[-75.147316,39.931485],[-75.147794,39.931547],[-75.148282,39.931614],[-75.148731,39.931671],[-75.149332,39.931751],[-75.149732,39.931803],[-75.151312,39.932017],[-75.151857,39.932086],[-75.152361,39.932152],[-75.152897,39.932218],[-75.153489,39.932301],[-75.153959,39.932361],[-75.154457,39.932429],[-75.154957,39.932503],[-75.155574,39.93259],[-75.156027,39.932644],[-75.157581,39.932847],[-75.159144,39.933059],[-75.159519,39.93311],[-75.160716,39.933264],[-75.161234,39.933325],[-75.161678,39.933383],[-75.162229,39.933454],[-75.163866,39.933672],[-75.164934,39.933811],[-75.165434,39.93388],[-75.16593,39.933938],[-75.165983,39.933943],[-75.166378,39.933999],[-75.166617,39.934028],[-75.167321,39.93412],[-75.167519,39.934147],[-75.167171,39.935685],[-75.166957,39.936741],[-75.166865,39.937189],[-75.166715,39.937854],[-75.166437,39.939065],[-75.166227,39.940043],[-75.166136,39.94043],[-75.166062,39.940809],[-75.165834,39.941813],[-75.165719,39.942415],[-75.16563,39.942794],[-75.165538,39.94321],[-75.165423,39.943655],[-75.165394,39.943651],[-75.164375,39.943525]]]},"properties":{"ward_num":"2"}},{"type":"Feature","geometry":{"type":"Polygon","coordinates":[[[-75.134049,40.004942],[-75.134027,40.004947],[-75.133695,40.005013],[-75.133361,40.005071],[-75.133023,40.005114],[-75.132683,40.00514],[-75.132341,40.005156],[-75.131998,40.005164],[-75.13194,40.005165],[-75.132068,40.004568],[-75.132258,40.003641],[-75.13258,40.002144],[-75.132899,40.000652],[-75.133239,39.999067],[-75.133354,39.998547],[-75.133436,39.998144],[-75.13358,39.997471],[-75.133728,39.996828],[-75.1338,39.996517],[-75.133898,39.995977],[-75.13422,39.99449],[-75.134546,39.992994],[-75.134871,39.991417],[-75.134336,39.991339],[-75.133806,39.991269],[-75.13335,39.99121],[-75.132895,39.991153],[-75.132422,39.991093],[-75.131962,39.991039],[-75.13144,39.99097],[-75.130901,39.990899],[-75.131243,39.989305],[-75.131561,39.987808],[-75.131679,39.987239],[-75.131834,39.986528],[-75.131909,39.986316],[-75.13191,39.986151],[-75.13221,39.984751],[-75.13252,39.983283],[-75.132548,39.983176],[-75.132883,39.981641],[-75.133413,39.981707],[-75.133925,39.981779],[-75.134872,39.981897],[-75.135783,39.982019],[-75.136316,39.982086],[-75.136851,39.982156],[-75.137446,39.982232],[-75.138141,39.982322],[-75.138813,39.982409],[-75.13892,39.982421],[-75.139367,39.982482],[-75.13987,39.982546],[-75.140373,39.982611],[-75.14083,39.982669],[-75.141284,39.982729],[-75.141747,39.98279],[-75.142222,39.98285],[-75.142733,39.982917],[-75.143068,39.982959],[-75.143366,39.982997],[-75.143991,39.983079],[-75.144172,39.983102],[-75.144054,39.983731],[-75.143955,39.984219],[-75.143847,39.984692],[-75.143644,39.985642],[-75.143503,39.986285],[-75.143171,39.987776],[-75.14285,39.989266],[-75.142524,39.990764],[-75.142176,39.992352],[-75.141833,39.993939],[-75.141498,39.995431],[-75.141169,39.996924],[-75.140938,39.998041],[-75.140848,39.998416],[-75.1405,40.000003],[-75.14048,40.000103],[-75.140404,40.000486],[-75.140231,40.001259],[-75.140151,40.001592],[-75.14007,40.00198],[-75.139878,40.002855],[-75.139608,40.00295],[-75.139297,40.003061],[-75.138987,40.003172],[-75.138677,40.003283],[-75.138367,40.003396],[-75.138058,40.003509],[-75.137751,40.003624],[-75.137671,40.003654],[-75.137444,40.003741],[-75.137139,40.00386],[-75.136833,40.003979],[-75.136528,40.004099],[-75.136223,40.004218],[-75.135918,40.004336],[-75.135611,40.004453],[-75.135303,40.004568],[-75.134991,40.004678],[-75.134676,40.004779],[-75.134354,40.00487],[-75.134049,40.004942]]]},"properties":{"ward_num":"19"}},{"type":"Feature","geometry":{"type":"Polygon","coordinates":[[[-75.247197,39.962758],[-75.246756,39.962714],[-75.245991,39.962619],[-75.245407,39.962546],[-75.244712,39.96246],[-75.244034,39.962374],[-75.243429,39.962299],[-75.243358,39.96229],[-75.242738,39.962212],[-75.241997,39.962122],[-75.241408,39.962048],[-75.240764,39.961969],[-75.240025,39.96188],[-75.239449,39.961803],[-75.238787,39.961724],[-75.238949,39.960953],[-75.239103,39.960207],[-75.23926,39.959448],[-75.239421,39.958685],[-75.239577,39.957951],[-75.239661,39.957543],[-75.239742,39.957138],[-75.239826,39.956728],[-75.239912,39.956322],[-75.24001,39.955885],[-75.240027,39.955778],[-75.24014,39.955262],[-75.240254,39.954734],[-75.240349,39.954273],[-75.240452,39.953743],[-75.23848,39.953494],[-75.238587,39.952968],[-75.238686,39.952508],[-75.238798,39.951951],[-75.238917,39.951408],[-75.239012,39.950958],[-75.23912,39.950455],[-75.239234,39.949933],[-75.239276,39.949693],[-75.239325,39.949473],[-75.239433,39.94894],[-75.23955,39.948408],[-75.239644,39.947941],[-75.239749,39.94742],[-75.239856,39.946889],[-75.239962,39.94642],[-75.240055,39.945927],[-75.240269,39.945875],[-75.239699,39.945373],[-75.239189,39.944947],[-75.238879,39.94469],[-75.238478,39.944357],[-75.237824,39.943839],[-75.237135,39.943247],[-75.236427,39.942655],[-75.235728,39.942081],[-75.235036,39.941483],[-75.234537,39.941074],[-75.234335,39.940892],[-75.234128,39.940725],[-75.233635,39.940301],[-75.233574,39.940266],[-75.233019,39.939661],[-75.232423,39.939005],[-75.231768,39.93847],[-75.231119,39.937935],[-75.230637,39.937516],[-75.230227,39.937186],[-75.229729,39.936752],[-75.231099,39.935782],[-75.232726,39.934647],[-75.233073,39.934441],[-75.233169,39.934412],[-75.233287,39.934385],[-75.233418,39.93436],[-75.233579,39.934338],[-75.233697,39.934333],[-75.233864,39.934354],[-75.234143,39.934421],[-75.234298,39.934492],[-75.234533,39.934602],[-75.234585,39.93465],[-75.234878,39.934821],[-75.235252,39.935006],[-75.236113,39.935473],[-75.236106,39.935477],[-75.235947,39.935561],[-75.235706,39.935727],[-75.235552,39.935798],[-75.235364,39.935894],[-75.235191,39.936023],[-75.235071,39.936204],[-75.234877,39.936462],[-75.2348,39.936728],[-75.234796,39.936964],[-75.23477,39.937096],[-75.23479,39.937229],[-75.234804,39.937292],[-75.234815,39.937346],[-75.234861,39.937476],[-75.234934,39.937639],[-75.234988,39.937773],[-75.235001,39.937889],[-75.235022,39.938006],[-75.234997,39.938089],[-75.235032,39.938177],[-75.235113,39.938247],[-75.235262,39.938325],[-75.235382,39.93836],[-75.235548,39.938399],[-75.235703,39.938418],[-75.235846,39.938418],[-75.236004,39.938438],[-75.236138,39.938463],[-75.236272,39.93847],[-75.236461,39.938474],[-75.236658,39.938468],[-75.236852,39.93845],[-75.237016,39.938424],[-75.237194,39.938383],[-75.237532,39.938323],[-75.237706,39.938278],[-75.237871,39.938249],[-75.238035,39.93823],[-75.238199,39.938227],[-75.238359,39.938221],[-75.23851,39.938205],[-75.238691,39.938193],[-75.238885,39.938168],[-75.239254,39.938183],[-75.239473,39.938171],[-75.239695,39.938163],[-75.23995,39.938195],[-75.240115,39.938279],[-75.240296,39.93839],[-75.240435,39.938493],[-75.240581,39.938606],[-75.240695,39.938715],[-75.240782,39.938859],[-75.240764,39.938998],[-75.240666,39.93917],[-75.240374,39.939448],[-75.240269,39.939565],[-75.240122,39.939794],[-75.24003,39.939893],[-75.239968,39.939995],[-75.239918,39.940051],[-75.239889,39.940083],[-75.239815,39.940159],[-75.23972,39.940238],[-75.23964,39.940333],[-75.239553,39.940428],[-75.23955,39.940432],[-75.239483,39.940514],[-75.239446,39.9406],[-75.239407,39.940735],[-75.239411,39.940864],[-75.239491,39.941189],[-75.239542,39.941284],[-75.239584,39.941417],[-75.239668,39.941516],[-75.239789,39.941664],[-75.239863,39.941798],[-75.239968,39.941907],[-75.240094,39.94202],[-75.240242,39.942126],[-75.24037,39.942181],[-75.240553,39.942214],[-75.240729,39.942221],[-75.24093,39.942238],[-75.241185,39.942254],[-75.241462,39.94226],[-75.242075,39.942254],[-75.242372,39.942276],[-75.242611,39.942285],[-75.242796,39.942282],[-75.243001,39.94231],[-75.243177,39.94232],[-75.24329,39.942332],[-75.243429,39.9424],[-75.243442,39.942406],[-75.243625,39.942469],[-75.243767,39.942472],[-75.244298,39.942532],[-75.244833,39.942605],[-75.245017,39.942612],[-75.245184,39.942629],[-75.245382,39.94263],[-75.245852,39.942617],[-75.246074,39.942629],[-75.246288,39.942646],[-75.246495,39.942699],[-75.246619,39.942767],[-75.246733,39.94285],[-75.24678,39.942954],[-75.246854,39.943101],[-75.246929,39.943235],[-75.246967,39.943333],[-75.247032,39.943412],[-75.247035,39.943422],[-75.247058,39.943503],[-75.247058,39.9436],[-75.247088,39.943694],[-75.247147,39.943799],[-75.247223,39.94392],[-75.247303,39.944032],[-75.24737,39.944153],[-75.247428,39.944283],[-75.247483,39.944381],[-75.247555,39.94447],[-75.247653,39.944553],[-75.247762,39.944656],[-75.247839,39.944748],[-75.24799,39.944858],[-75.248071,39.944927],[-75.248139,39.945016],[-75.248173,39.945127],[-75.248263,39.945319],[-75.248352,39.945402],[-75.248552,39.945558],[-75.248683,39.945648],[-75.24889,39.94584],[-75.248975,39.945926],[-75.249093,39.946019],[-75.249202,39.946131],[-75.249287,39.946214],[-75.249372,39.946313],[-75.249566,39.946411],[-75.249718,39.946498],[-75.249857,39.946595],[-75.249945,39.946719],[-75.250044,39.94688],[-75.25011,39.94701],[-75.250167,39.947173],[-75.250207,39.947352],[-75.250335,39.947859],[-75.250348,39.947965],[-75.250395,39.948067],[-75.250544,39.948235],[-75.250804,39.948473],[-75.250922,39.948572],[-75.251027,39.948668],[-75.251185,39.94882],[-75.251279,39.948903],[-75.25136,39.948986],[-75.251442,39.949039],[-75.251523,39.949122],[-75.25156,39.949371],[-75.251563,39.949501],[-75.251538,39.949626],[-75.251475,39.949741],[-75.25139,39.949868],[-75.251332,39.949983],[-75.251195,39.950275],[-75.251165,39.950393],[-75.251148,39.950513],[-75.251135,39.950635],[-75.251156,39.950758],[-75.251203,39.950856],[-75.251354,39.951076],[-75.251481,39.951176],[-75.251594,39.951282],[-75.251603,39.951401],[-75.251593,39.951546],[-75.251675,39.9516],[-75.251611,39.951631],[-75.25162,39.951721],[-75.251638,39.951806],[-75.251643,39.95189],[-75.251636,39.951967],[-75.251612,39.952048],[-75.251576,39.952134],[-75.251543,39.952233],[-75.25149,39.952303],[-75.251424,39.952383],[-75.251297,39.952525],[-75.251248,39.952608],[-75.251191,39.952672],[-75.251159,39.952739],[-75.251144,39.952793],[-75.251142,39.952858],[-75.251148,39.952923],[-75.251183,39.952991],[-75.251202,39.95305],[-75.251187,39.953105],[-75.25116,39.953169],[-75.251075,39.953306],[-75.250985,39.953359],[-75.250716,39.953582],[-75.250531,39.953711],[-75.250453,39.953773],[-75.250388,39.95385],[-75.250313,39.953922],[-75.250153,39.954067],[-75.250079,39.954143],[-75.250021,39.954229],[-75.249971,39.954328],[-75.249889,39.954391],[-75.249832,39.954461],[-75.249792,39.954531],[-75.249756,39.954579],[-75.249763,39.954631],[-75.249751,39.954721],[-75.249747,39.954831],[-75.249735,39.954924],[-75.249694,39.95501],[-75.249652,39.955119],[-75.249602,39.955225],[-75.249557,39.955308],[-75.249462,39.955377],[-75.249301,39.955432],[-75.249233,39.955459],[-75.249189,39.955494],[-75.249158,39.955548],[-75.249119,39.955686],[-75.249154,39.955764],[-75.249167,39.955871],[-75.249229,39.956002],[-75.249263,39.956125],[-75.249229,39.956238],[-75.249168,39.956304],[-75.249056,39.956379],[-75.249007,39.956453],[-75.248959,39.956506],[-75.248935,39.95658],[-75.248953,39.956661],[-75.248966,39.956778],[-75.249,39.956879],[-75.249077,39.956961],[-75.249171,39.957015],[-75.249436,39.957131],[-75.249508,39.957196],[-75.249549,39.957233],[-75.249643,39.957326],[-75.249749,39.957399],[-75.249826,39.957478],[-75.249907,39.957551],[-75.250005,39.957624],[-75.250111,39.95772],[-75.250203,39.957836],[-75.250284,39.957925],[-75.250445,39.958119],[-75.25055,39.958221],[-75.250663,39.958337],[-75.250747,39.958452],[-75.250782,39.958546],[-75.250841,39.958651],[-75.250879,39.958752],[-75.250875,39.958858],[-75.25088,39.958946],[-75.250877,39.959026],[-75.250854,39.95909],[-75.250784,39.959163],[-75.250561,39.959281],[-75.250467,39.959334],[-75.250066,39.959509],[-75.249731,39.959612],[-75.249598,39.959664],[-75.2495,39.95972],[-75.249418,39.959776],[-75.249215,39.95993],[-75.249116,39.959993],[-75.249034,39.960065],[-75.248961,39.960089],[-75.248867,39.960139],[-75.248641,39.960234],[-75.248542,39.960293],[-75.248443,39.960359],[-75.248395,39.960426],[-75.248363,39.96049],[-75.248323,39.96056],[-75.248256,39.960665],[-75.248172,39.96078],[-75.24808,39.960884],[-75.247984,39.960982],[-75.24793,39.961088],[-75.247905,39.961181],[-75.247888,39.961294],[-75.247863,39.961523],[-75.247847,39.961622],[-75.247818,39.961722],[-75.24779,39.961805],[-75.247754,39.961879],[-75.247725,39.961962],[-75.247688,39.962055],[-75.247722,39.962175],[-75.247759,39.962296],[-75.247742,39.962534],[-75.247682,39.962826],[-75.247219,39.962767],[-75.247197,39.962758]]]},"properties":{"ward_num":"3"}},{"type":"Feature","geometry":{"type":"Polygon","coordinates":[[[-75.236811,39.96148],[-75.234872,39.96124],[-75.234144,39.961145],[-75.233556,39.961075],[-75.23286,39.960985],[-75.231877,39.960859],[-75.230805,39.960731],[-75.23025,39.960665],[-75.229818,39.960612],[-75.229761,39.960605],[-75.229298,39.960551],[-75.229238,39.960544],[-75.228648,39.960473],[-75.227978,39.960387],[-75.227446,39.96032],[-75.226853,39.960248],[-75.226211,39.960168],[-75.22487,39.960015],[-75.224774,39.959984],[-75.224215,39.959909],[-75.223886,39.959871],[-75.222903,39.959754],[-75.222399,39.95969],[-75.221911,39.959635],[-75.220923,39.959514],[-75.219985,39.959396],[-75.219179,39.959297],[-75.218957,39.959269],[-75.217004,39.959025],[-75.214022,39.958653],[-75.21302,39.958527],[-75.211043,39.958285],[-75.211209,39.957516],[-75.211344,39.956855],[-75.211359,39.95677],[-75.21146,39.956324],[-75.211522,39.95601],[-75.211594,39.955659],[-75.21168,39.95525],[-75.212774,39.955383],[-75.213658,39.955492],[-75.214647,39.955617],[-75.215635,39.955736],[-75.217648,39.955982],[-75.21863,39.956106],[-75.219589,39.956225],[-75.219671,39.955842],[-75.219712,39.955618],[-75.219825,39.955086],[-75.220083,39.953858],[-75.220155,39.953541],[-75.220224,39.953167],[-75.220297,39.952802],[-75.220456,39.952045],[-75.220619,39.951285],[-75.222592,39.951529],[-75.224569,39.951774],[-75.226542,39.95201],[-75.228513,39.952263],[-75.230326,39.952485],[-75.230953,39.952561],[-75.231577,39.952637],[-75.232479,39.952748],[-75.232884,39.952806],[-75.234155,39.952959],[-75.234534,39.95301],[-75.236546,39.953258],[-75.23848,39.953494],[-75.240452,39.953743],[-75.240349,39.954273],[-75.240254,39.954734],[-75.24014,39.955262],[-75.240027,39.955778],[-75.24001,39.955885],[-75.239912,39.956322],[-75.239826,39.956728],[-75.239742,39.957138],[-75.239661,39.957543],[-75.239577,39.957951],[-75.239421,39.958685],[-75.23926,39.959448],[-75.239103,39.960207],[-75.238949,39.960953],[-75.238787,39.961724],[-75.236811,39.96148]]]},"properties":{"ward_num":"60"}},{"type":"Feature","geometry":{"type":"Polygon","coordinates":[[[-74.982357,40.064682],[-74.981023,40.064948],[-74.980994,40.064817],[-74.98095,40.064646],[-74.980908,40.064429],[-74.980925,40.064207],[-74.98095,40.064025],[-74.980984,40.06381],[-74.981072,40.063544],[-74.981113,40.063355],[-74.98112,40.063198],[-74.981092,40.063034],[-74.981003,40.062941],[-74.980915,40.062801],[-74.980843,40.062669],[-74.980807,40.062524],[-74.980922,40.062206],[-74.981012,40.062071],[-74.981043,40.061948],[-74.980999,40.06177],[-74.98091,40.061454],[-74.980908,40.061297],[-74.980955,40.06118],[-74.980926,40.061055],[-74.980892,40.060845],[-74.980839,40.06068],[-74.98074,40.060606],[-74.980551,40.060451],[-74.980429,40.060317],[-74.980399,40.060206],[-74.980455,40.060083],[-74.980551,40.060026],[-74.980732,40.059985],[-74.980903,40.05995],[-74.981118,40.059896],[-74.981284,40.059808],[-74.981409,40.059654],[-74.981508,40.059519],[-74.981731,40.059283],[-74.981881,40.05913],[-74.981998,40.058982],[-74.982088,40.058853],[-74.98223,40.058732],[-74.982492,40.058562],[-74.982725,40.05847],[-74.982951,40.058371],[-74.983125,40.058277],[-74.983352,40.058125],[-74.983535,40.058038],[-74.983775,40.057985],[-74.984076,40.057907],[-74.984169,40.057882],[-74.984274,40.057853],[-74.984379,40.05779],[-74.984484,40.057708],[-74.984634,40.057574],[-74.985001,40.057347],[-74.985142,40.057227],[-74.985182,40.05709],[-74.985137,40.056932],[-74.985007,40.056792],[-74.984711,40.056516],[-74.984546,40.056388],[-74.984359,40.056187],[-74.984307,40.056003],[-74.984276,40.055868],[-74.984256,40.05578],[-74.984257,40.055564],[-74.984237,40.055455],[-74.984229,40.055413],[-74.984236,40.05523],[-74.984206,40.055124],[-74.984125,40.055037],[-74.983984,40.054956],[-74.983953,40.05494],[-74.98385,40.054887],[-74.983703,40.054733],[-74.983577,40.054501],[-74.983429,40.054354],[-74.983231,40.054212],[-74.983065,40.054116],[-74.982866,40.053974],[-74.982724,40.053918],[-74.98259,40.053856],[-74.982421,40.053839],[-74.982189,40.053805],[-74.98204,40.053784],[-74.981679,40.053671],[-74.981341,40.053617],[-74.981102,40.053617],[-74.980701,40.053647],[-74.9803,40.05367],[-74.979969,40.053649],[-74.979726,40.053565],[-74.97937,40.053321],[-74.978893,40.052904],[-74.978441,40.05252],[-74.974682,40.049449],[-74.975763,40.048158],[-74.976216,40.047708],[-74.976642,40.047416],[-74.97719,40.047174],[-74.978258,40.046866],[-74.9792,40.046602],[-74.979894,40.046349],[-74.980593,40.045952],[-74.981169,40.045536],[-74.981747,40.045073],[-74.98235,40.044483],[-74.983135,40.043515],[-74.98383,40.042721],[-74.984432,40.042163],[-74.984944,40.041777],[-74.985562,40.041363],[-74.986282,40.04095],[-74.987025,40.040491],[-74.987709,40.039967],[-74.992557,40.035772],[-74.994855,40.033727],[-74.997732,40.031171],[-74.998761,40.030289],[-74.999761,40.029613],[-75.000469,40.0292],[-75.000863,40.028971],[-75.006232,40.025679],[-75.009694,40.023471],[-75.010632,40.022793],[-75.012596,40.021281],[-75.013679,40.020607],[-75.014866,40.019903],[-75.01628,40.019221],[-75.018258,40.018393],[-75.019371,40.01799],[-75.020416,40.017713],[-75.02148,40.0175],[-75.022503,40.017285],[-75.023773,40.017077],[-75.026583,40.016666],[-75.029555,40.016273],[-75.03318,40.021034],[-75.033195,40.021053],[-75.033811,40.021915],[-75.034433,40.022735],[-75.034474,40.022817],[-75.034487,40.022892],[-75.034985,40.023506],[-75.03507,40.023566],[-75.035336,40.023927],[-75.035354,40.023976],[-75.035649,40.023845],[-75.0365,40.023467],[-75.037196,40.023133],[-75.037177,40.023793],[-75.036979,40.024194],[-75.036747,40.024537],[-75.036135,40.024956],[-75.036455,40.025369],[-75.03669,40.02566],[-75.037144,40.026174],[-75.037591,40.026689],[-75.03804,40.027198],[-75.038459,40.027681],[-75.038909,40.028195],[-75.037771,40.028788],[-75.036674,40.029354],[-75.035172,40.030126],[-75.033602,40.030933],[-75.033069,40.031218],[-75.032479,40.031523],[-75.031934,40.031806],[-75.031459,40.032046],[-75.03091,40.032327],[-75.031586,40.033098],[-75.032741,40.034416],[-75.03364,40.035447],[-75.03454,40.036474],[-75.035403,40.037457],[-75.035436,40.037504],[-75.036188,40.038358],[-75.03628,40.03845],[-75.035595,40.0387],[-75.035334,40.038798],[-75.035004,40.038918],[-75.034426,40.03913],[-75.033429,40.039483],[-75.032658,40.039768],[-75.032564,40.039801],[-75.03171,40.040116],[-75.031343,40.040246],[-75.030845,40.040427],[-75.029983,40.040745],[-75.028259,40.041373],[-75.025622,40.042331],[-75.023886,40.04296],[-75.021855,40.043686],[-75.021755,40.043678],[-75.021343,40.043644],[-75.020914,40.043597],[-75.020508,40.043552],[-75.020281,40.043527],[-75.019526,40.04363],[-75.018904,40.043844],[-75.018444,40.044128],[-75.017477,40.044858],[-75.01638,40.045682],[-75.015708,40.04619],[-75.014852,40.046846],[-75.014023,40.047481],[-75.013222,40.048128],[-75.012276,40.048894],[-75.011538,40.0495],[-75.010152,40.050617],[-75.009045,40.051481],[-75.008226,40.052123],[-75.007967,40.052325],[-75.007889,40.05239],[-75.006161,40.053722],[-75.004797,40.054757],[-75.002989,40.056006],[-75.001183,40.057242],[-75.001091,40.057283],[-74.999892,40.057641],[-74.999435,40.057768],[-74.998261,40.058089],[-74.996978,40.058426],[-74.99565,40.058765],[-74.994073,40.059169],[-74.992998,40.059449],[-74.992036,40.059691],[-74.991585,40.059838],[-74.991256,40.059958],[-74.990916,40.060114],[-74.990701,40.06024],[-74.990434,40.060405],[-74.988391,40.061641],[-74.987943,40.061922],[-74.987044,40.062463],[-74.985613,40.063326],[-74.98558,40.063355],[-74.984953,40.06367],[-74.984175,40.064085],[-74.983735,40.064269],[-74.983261,40.064425],[-74.982826,40.064558],[-74.982357,40.064682]]]},"properties":{"ward_num":"65"}},{"type":"Feature","geometry":{"type":"Polygon","coordinates":[[[-75.0496,40.040816],[-75.049113,40.041347],[-75.04903,40.041422],[-75.047426,40.040506],[-75.045921,40.039653],[-75.045809,40.039588],[-75.045281,40.039289],[-75.044195,40.03867],[-75.042538,40.037732],[-75.040862,40.036767],[-75.041686,40.036352],[-75.042436,40.035971],[-75.043202,40.035554],[-75.044056,40.035106],[-75.044674,40.03478],[-75.044018,40.034029],[-75.043436,40.033366],[-75.042988,40.03285],[-75.04254,40.032338],[-75.042091,40.031826],[-75.041638,40.031309],[-75.041191,40.030796],[-75.040745,40.030286],[-75.042861,40.029194],[-75.042968,40.029131],[-75.043817,40.0287],[-75.04341,40.028158],[-75.044441,40.027626],[-75.044498,40.027593],[-75.044903,40.028133],[-75.046557,40.027275],[-75.047619,40.026725],[-75.048093,40.026482],[-75.048327,40.026368],[-75.048383,40.026333],[-75.050205,40.025389],[-75.049761,40.024878],[-75.049308,40.02436],[-75.05095,40.023511],[-75.052705,40.022601],[-75.052934,40.022873],[-75.053155,40.023114],[-75.053376,40.023371],[-75.053607,40.023625],[-75.055566,40.022616],[-75.056164,40.022301],[-75.056798,40.02197],[-75.057515,40.021607],[-75.05862,40.021035],[-75.059462,40.020596],[-75.0603,40.020168],[-75.061132,40.019734],[-75.062497,40.019024],[-75.063548,40.018488],[-75.063671,40.018415],[-75.063622,40.018684],[-75.063422,40.020051],[-75.06319,40.021649],[-75.063152,40.022032],[-75.063084,40.022462],[-75.062968,40.023261],[-75.062944,40.02348],[-75.062805,40.024411],[-75.062692,40.025218],[-75.06264,40.02562],[-75.062563,40.026136],[-75.062421,40.027146],[-75.062397,40.027454],[-75.062465,40.02789],[-75.062428,40.027989],[-75.062556,40.028631],[-75.06268,40.029191],[-75.062831,40.02942],[-75.062938,40.030102],[-75.062907,40.03023],[-75.063192,40.031576],[-75.063595,40.033511],[-75.063737,40.033705],[-75.063785,40.033728],[-75.064253,40.035893],[-75.064329,40.036177],[-75.064365,40.036315],[-75.064447,40.036606],[-75.063528,40.036832],[-75.063226,40.036931],[-75.062938,40.037076],[-75.06289,40.037101],[-75.062847,40.037122],[-75.062579,40.037247],[-75.062212,40.037473],[-75.061942,40.037676],[-75.061542,40.038015],[-75.061399,40.038151],[-75.060139,40.039346],[-75.060038,40.039442],[-75.058879,40.040513],[-75.057726,40.041595],[-75.057605,40.041701],[-75.055058,40.040289],[-75.053448,40.039389],[-75.051802,40.038485],[-75.051518,40.038787],[-75.051223,40.0391],[-75.050619,40.039745],[-75.050095,40.040295],[-75.0496,40.040816]]]},"properties":{"ward_num":"55"}},{"type":"Feature","geometry":{"type":"Polygon","coordinates":[[[-75.166617,39.934028],[-75.166378,39.933999],[-75.165983,39.933943],[-75.16593,39.933938],[-75.165434,39.93388],[-75.164934,39.933811],[-75.163866,39.933672],[-75.162229,39.933454],[-75.161678,39.933383],[-75.161234,39.933325],[-75.160716,39.933264],[-75.159519,39.93311],[-75.159144,39.933059],[-75.157581,39.932847],[-75.156027,39.932644],[-75.155574,39.93259],[-75.154957,39.932503],[-75.154457,39.932429],[-75.153959,39.932361],[-75.153489,39.932301],[-75.152897,39.932218],[-75.152361,39.932152],[-75.151857,39.932086],[-75.151312,39.932017],[-75.149732,39.931803],[-75.149332,39.931751],[-75.148731,39.931671],[-75.148282,39.931614],[-75.147794,39.931547],[-75.147316,39.931485],[-75.146707,39.931404],[-75.146173,39.93133],[-75.146083,39.931721],[-75.146005,39.932104],[-75.145913,39.932546],[-75.145841,39.932845],[-75.145759,39.933209],[-75.145705,39.933447],[-75.145539,39.933428],[-75.145396,39.933388],[-75.145347,39.933374],[-75.145148,39.933331],[-75.145132,39.933327],[-75.14485,39.933288],[-75.143696,39.933116],[-75.135895,39.932052],[-75.135874,39.931601],[-75.135725,39.930659],[-75.135458,39.929524],[-75.13518,39.928706],[-75.134803,39.927759],[-75.134426,39.926812],[-75.134009,39.925832],[-75.133571,39.924867],[-75.132269,39.922011],[-75.144386,39.923562],[-75.145606,39.923703],[-75.146913,39.923896],[-75.147234,39.92394],[-75.147481,39.923975],[-75.147665,39.924],[-75.147845,39.924025],[-75.149407,39.924217],[-75.150104,39.924314],[-75.151345,39.924483],[-75.152078,39.924577],[-75.152942,39.924689],[-75.154528,39.924904],[-75.156098,39.925113],[-75.157669,39.925322],[-75.159207,39.925521],[-75.160767,39.925726],[-75.16234,39.925929],[-75.162903,39.925999],[-75.163,39.92602],[-75.163357,39.926065],[-75.16392,39.926139],[-75.163823,39.926568],[-75.163741,39.926926],[-75.163651,39.927359],[-75.163553,39.92778],[-75.163458,39.928182],[-75.163379,39.928587],[-75.163269,39.929005],[-75.163191,39.929374],[-75.163093,39.929802],[-75.163364,39.929844],[-75.163507,39.929839],[-75.163745,39.929892],[-75.164676,39.930007],[-75.165169,39.930077],[-75.165586,39.93013],[-75.166249,39.930217],[-75.166816,39.930295],[-75.16738,39.930368],[-75.167708,39.930404],[-75.168322,39.93049],[-75.168053,39.931722],[-75.167771,39.932931],[-75.167519,39.934147],[-75.167321,39.93412],[-75.166617,39.934028]]]},"properties":{"ward_num":"1"}},{"type":"Feature","geometry":{"type":"Polygon","coordinates":[[[-75.036868,40.038234],[-75.03628,40.03845],[-75.036188,40.038358],[-75.035436,40.037504],[-75.035403,40.037457],[-75.03454,40.036474],[-75.03364,40.035447],[-75.032741,40.034416],[-75.031586,40.033098],[-75.03091,40.032327],[-75.031459,40.032046],[-75.031934,40.031806],[-75.032479,40.031523],[-75.033069,40.031218],[-75.033602,40.030933],[-75.035172,40.030126],[-75.036674,40.029354],[-75.037771,40.028788],[-75.038909,40.028195],[-75.038459,40.027681],[-75.03804,40.027198],[-75.037591,40.026689],[-75.037144,40.026174],[-75.03669,40.02566],[-75.036455,40.025369],[-75.036135,40.024956],[-75.036747,40.024537],[-75.036979,40.024194],[-75.037177,40.023793],[-75.037196,40.023133],[-75.0365,40.023467],[-75.035649,40.023845],[-75.035354,40.023976],[-75.035336,40.023927],[-75.03507,40.023566],[-75.034985,40.023506],[-75.034487,40.022892],[-75.034474,40.022817],[-75.034433,40.022735],[-75.033811,40.021915],[-75.033195,40.021053],[-75.03318,40.021034],[-75.029555,40.016273],[-75.030972,40.016086],[-75.033055,40.015738],[-75.034784,40.015429],[-75.036582,40.014962],[-75.037881,40.014563],[-75.039183,40.014085],[-75.040381,40.01362],[-75.041665,40.013062],[-75.042636,40.012576],[-75.04319,40.012308],[-75.043733,40.012045],[-75.045952,40.010872],[-75.047009,40.010308],[-75.048025,40.009728],[-75.048833,40.00919],[-75.04994,40.008389],[-75.050922,40.007632],[-75.051713,40.006999],[-75.052357,40.006393],[-75.052736,40.005929],[-75.058449,40.012435],[-75.058643,40.012657],[-75.058783,40.012818],[-75.059287,40.013397],[-75.059405,40.01336],[-75.059721,40.01326],[-75.060037,40.013158],[-75.060354,40.013058],[-75.060672,40.01296],[-75.060992,40.012867],[-75.061315,40.01278],[-75.06164,40.012698],[-75.061966,40.012618],[-75.062293,40.012541],[-75.062621,40.012465],[-75.062949,40.01239],[-75.062995,40.012379],[-75.063277,40.012313],[-75.063604,40.012236],[-75.063931,40.012157],[-75.064258,40.012079],[-75.064585,40.012001],[-75.064912,40.011922],[-75.065238,40.011844],[-75.065565,40.011766],[-75.065892,40.011687],[-75.066219,40.011609],[-75.066546,40.011531],[-75.066873,40.011453],[-75.067199,40.011374],[-75.067526,40.011296],[-75.067853,40.011218],[-75.068356,40.011093],[-75.068682,40.011013],[-75.069008,40.010932],[-75.069334,40.010851],[-75.069511,40.010808],[-75.069659,40.010771],[-75.069985,40.01069],[-75.070311,40.01061],[-75.070584,40.010542],[-75.069789,40.011552],[-75.069291,40.012201],[-75.069072,40.01246],[-75.068871,40.012761],[-75.068673,40.013109],[-75.068583,40.013381],[-75.068506,40.013629],[-75.068355,40.014219],[-75.068205,40.014739],[-75.068073,40.015002],[-75.06775,40.015439],[-75.067268,40.016046],[-75.066755,40.016671],[-75.066197,40.016966],[-75.065695,40.01723],[-75.065117,40.017521],[-75.064552,40.017814],[-75.063812,40.018209],[-75.063671,40.018415],[-75.063548,40.018488],[-75.062497,40.019024],[-75.061132,40.019734],[-75.0603,40.020168],[-75.059462,40.020596],[-75.05862,40.021035],[-75.057515,40.021607],[-75.056798,40.02197],[-75.056164,40.022301],[-75.055566,40.022616],[-75.053607,40.023625],[-75.053376,40.023371],[-75.053155,40.023114],[-75.052934,40.022873],[-75.052705,40.022601],[-75.05095,40.023511],[-75.049308,40.02436],[-75.049761,40.024878],[-75.050205,40.025389],[-75.048383,40.026333],[-75.048327,40.026368],[-75.048093,40.026482],[-75.047619,40.026725],[-75.046557,40.027275],[-75.044903,40.028133],[-75.044498,40.027593],[-75.044441,40.027626],[-75.04341,40.028158],[-75.043817,40.0287],[-75.042968,40.029131],[-75.042861,40.029194],[-75.040745,40.030286],[-75.041191,40.030796],[-75.041638,40.031309],[-75.042091,40.031826],[-75.04254,40.032338],[-75.042988,40.03285],[-75.043436,40.033366],[-75.044018,40.034029],[-75.044674,40.03478],[-75.044056,40.035106],[-75.043202,40.035554],[-75.042436,40.035971],[-75.041686,40.036352],[-75.040862,40.036767],[-75.04067,40.036843],[-75.040597,40.036868],[-75.039885,40.037131],[-75.039726,40.037189],[-75.039581,40.037243],[-75.039291,40.03735],[-75.038958,40.037468],[-75.03886,40.037502],[-75.03869,40.03756],[-75.038348,40.037685],[-75.03799,40.037813],[-75.037392,40.038041],[-75.037141,40.038131],[-75.036868,40.038234]]]},"properties":{"ward_num":"41"}},{"type":"Feature","geometry":{"type":"Polygon","coordinates":[[[-75.199506,39.934517],[-75.199671,39.934538],[-75.200323,39.93462],[-75.200379,39.932356],[-75.200479,39.932109],[-75.202395,39.932515],[-75.203901,39.932854],[-75.207169,39.93348],[-75.207134,39.933521],[-75.207035,39.933637],[-75.206937,39.933754],[-75.206839,39.933872],[-75.206742,39.933989],[-75.206646,39.934107],[-75.206549,39.934225],[-75.206449,39.934342],[-75.206348,39.93446],[-75.206248,39.934578],[-75.206148,39.934696],[-75.206052,39.934815],[-75.205959,39.934935],[-75.20587,39.935057],[-75.205788,39.93518],[-75.205714,39.935305],[-75.205647,39.935432],[-75.205623,39.935487],[-75.20559,39.935562],[-75.205539,39.935695],[-75.205495,39.935829],[-75.205457,39.935966],[-75.205424,39.936104],[-75.205395,39.936242],[-75.20537,39.936382],[-75.205349,39.936522],[-75.205329,39.936662],[-75.205312,39.936801],[-75.205307,39.936845],[-75.205295,39.93694],[-75.20528,39.937079],[-75.205267,39.937217],[-75.205256,39.937356],[-75.205247,39.937495],[-75.205239,39.937634],[-75.205233,39.937773],[-75.205229,39.937913],[-75.205225,39.938052],[-75.205223,39.938192],[-75.205221,39.938331],[-75.205219,39.938471],[-75.205218,39.93861],[-75.205217,39.938749],[-75.205215,39.938889],[-75.205214,39.939028],[-75.205212,39.939168],[-75.205213,39.939307],[-75.205217,39.939446],[-75.205223,39.939586],[-75.20523,39.939726],[-75.205237,39.939865],[-75.205243,39.940005],[-75.205247,39.940144],[-75.205248,39.940283],[-75.205245,39.940422],[-75.205236,39.940561],[-75.205223,39.940699],[-75.205208,39.940839],[-75.205192,39.940979],[-75.205174,39.94112],[-75.205174,39.941124],[-75.205154,39.941261],[-75.205131,39.941401],[-75.205104,39.941541],[-75.205072,39.941679],[-75.205035,39.941815],[-75.204992,39.94195],[-75.204941,39.942081],[-75.204882,39.94221],[-75.204813,39.942335],[-75.20473,39.942459],[-75.204635,39.94258],[-75.20453,39.942697],[-75.204416,39.94281],[-75.204294,39.942918],[-75.204166,39.94302],[-75.204035,39.943116],[-75.2039,39.943204],[-75.203756,39.943285],[-75.203604,39.94336],[-75.203445,39.943428],[-75.203281,39.943491],[-75.203113,39.94355],[-75.202944,39.943605],[-75.202773,39.943657],[-75.202605,39.943707],[-75.202435,39.943755],[-75.202262,39.9438],[-75.202087,39.94384],[-75.201911,39.943876],[-75.201733,39.943907],[-75.201554,39.943933],[-75.201376,39.943952],[-75.201198,39.943964],[-75.201017,39.94397],[-75.200834,39.943968],[-75.200651,39.943958],[-75.200469,39.94394],[-75.20029,39.943915],[-75.200115,39.943881],[-75.199944,39.94384],[-75.199773,39.943796],[-75.199604,39.943749],[-75.199435,39.943698],[-75.199267,39.943645],[-75.1991,39.94359],[-75.198934,39.943533],[-75.198769,39.943474],[-75.198604,39.943415],[-75.19844,39.943355],[-75.198277,39.943294],[-75.198114,39.943233],[-75.197954,39.943168],[-75.197797,39.9431],[-75.19764,39.943029],[-75.197485,39.942957],[-75.197329,39.942885],[-75.197174,39.942814],[-75.197017,39.942745],[-75.196898,39.942695],[-75.196858,39.942678],[-75.196697,39.942615],[-75.196533,39.942557],[-75.196366,39.942502],[-75.196197,39.942451],[-75.196026,39.942404],[-75.195854,39.942361],[-75.19568,39.942321],[-75.195506,39.942286],[-75.195329,39.942253],[-75.195151,39.942224],[-75.194972,39.9422],[-75.194792,39.942181],[-75.194612,39.942169],[-75.194432,39.942164],[-75.194251,39.942165],[-75.194068,39.942172],[-75.193973,39.94218],[-75.193886,39.942187],[-75.193787,39.942199],[-75.193706,39.942209],[-75.193531,39.942238],[-75.192643,39.941658],[-75.192347,39.941464],[-75.190497,39.940338],[-75.189013,39.939433],[-75.188715,39.939577],[-75.188242,39.939888],[-75.187983,39.940066],[-75.187447,39.940374],[-75.186554,39.94024],[-75.186319,39.940203],[-75.185784,39.940141],[-75.185343,39.94009],[-75.184958,39.940093],[-75.183143,39.939905],[-75.181497,39.939697],[-75.179841,39.939488],[-75.178254,39.939277],[-75.176313,39.939031],[-75.174754,39.938835],[-75.174207,39.938781],[-75.173733,39.93873],[-75.173177,39.938651],[-75.172683,39.938596],[-75.17222,39.938541],[-75.171606,39.938457],[-75.171061,39.938398],[-75.170842,39.938372],[-75.17053,39.938336],[-75.170027,39.938272],[-75.168955,39.938154],[-75.168449,39.938094],[-75.166819,39.937878],[-75.166715,39.937854],[-75.166865,39.937189],[-75.166957,39.936741],[-75.167171,39.935685],[-75.167519,39.934147],[-75.167771,39.932931],[-75.168053,39.931722],[-75.168322,39.93049],[-75.16857,39.929262],[-75.168693,39.928652],[-75.16883,39.928043],[-75.16896,39.928045],[-75.169583,39.928142],[-75.170052,39.928196],[-75.170595,39.928275],[-75.17114,39.928338],[-75.171598,39.928397],[-75.172157,39.928472],[-75.172702,39.928529],[-75.173164,39.928597],[-75.173731,39.92867],[-75.175292,39.928876],[-75.175881,39.92895],[-75.176337,39.929009],[-75.176874,39.929071],[-75.178447,39.929281],[-75.18037,39.929531],[-75.181947,39.929739],[-75.183603,39.929937],[-75.183824,39.929965],[-75.185242,39.930156],[-75.185775,39.930215],[-75.186272,39.930284],[-75.187029,39.930391],[-75.187077,39.930397],[-75.188063,39.930519],[-75.188638,39.930592],[-75.190224,39.930788],[-75.191009,39.930884],[-75.191785,39.930992],[-75.192325,39.931064],[-75.192819,39.931126],[-75.193355,39.931195],[-75.193094,39.93242],[-75.19283,39.933637],[-75.193378,39.933711],[-75.193877,39.93378],[-75.194412,39.933832],[-75.194928,39.933913],[-75.19544,39.933982],[-75.195973,39.934046],[-75.196505,39.934119],[-75.197026,39.934185],[-75.19754,39.934241],[-75.199242,39.934473],[-75.199506,39.934517]]]},"properties":{"ward_num":"36"}},{"type":"Feature","geometry":{"type":"Polygon","coordinates":[[[-75.228361,39.93771],[-75.22716,39.93671],[-75.225889,39.935635],[-75.224492,39.934444],[-75.223222,39.933399],[-75.223728,39.933041],[-75.224121,39.932758],[-75.224596,39.93242],[-75.223305,39.931325],[-75.223292,39.931328],[-75.222965,39.931405],[-75.222638,39.931482],[-75.222311,39.931558],[-75.221984,39.931635],[-75.221657,39.931712],[-75.22133,39.931789],[-75.22129,39.931799],[-75.221003,39.931866],[-75.220676,39.931943],[-75.220349,39.93202],[-75.220022,39.932097],[-75.219695,39.932174],[-75.219368,39.93225],[-75.219041,39.932327],[-75.218986,39.93234],[-75.218714,39.932404],[-75.218387,39.932481],[-75.21806,39.932558],[-75.217733,39.932635],[-75.217406,39.932712],[-75.217079,39.932789],[-75.216752,39.932866],[-75.216425,39.932943],[-75.216098,39.933019],[-75.215861,39.933075],[-75.215771,39.933096],[-75.215444,39.933173],[-75.215117,39.93325],[-75.21479,39.933327],[-75.214463,39.933404],[-75.214136,39.933481],[-75.213809,39.933558],[-75.213482,39.933635],[-75.213155,39.933712],[-75.212828,39.933789],[-75.212501,39.933866],[-75.212174,39.933943],[-75.211847,39.93402],[-75.21152,39.934097],[-75.211193,39.934174],[-75.210866,39.934251],[-75.210539,39.934328],[-75.210212,39.934405],[-75.209885,39.934482],[-75.209558,39.934559],[-75.209231,39.934636],[-75.208904,39.934713],[-75.208577,39.93479],[-75.20825,39.934867],[-75.207923,39.934944],[-75.207596,39.935021],[-75.207269,39.935098],[-75.206942,39.935175],[-75.206616,39.935253],[-75.206289,39.93533],[-75.205962,39.935407],[-75.205623,39.935487],[-75.205647,39.935432],[-75.205714,39.935305],[-75.205788,39.93518],[-75.20587,39.935057],[-75.205959,39.934935],[-75.206052,39.934815],[-75.206148,39.934696],[-75.206248,39.934578],[-75.206348,39.93446],[-75.206449,39.934342],[-75.206549,39.934225],[-75.206646,39.934107],[-75.206742,39.933989],[-75.206839,39.933872],[-75.206937,39.933754],[-75.207035,39.933637],[-75.207134,39.933521],[-75.207169,39.93348],[-75.207233,39.933404],[-75.207333,39.933288],[-75.207432,39.933172],[-75.207532,39.933056],[-75.207632,39.93294],[-75.207732,39.932823],[-75.207832,39.932707],[-75.207932,39.932591],[-75.208031,39.932475],[-75.20813,39.932358],[-75.208229,39.932241],[-75.208327,39.932124],[-75.208424,39.932007],[-75.208521,39.931889],[-75.208617,39.931771],[-75.208712,39.931653],[-75.208808,39.931535],[-75.208904,39.931416],[-75.208999,39.931298],[-75.209095,39.93118],[-75.20919,39.931061],[-75.209285,39.930943],[-75.20938,39.930824],[-75.209475,39.930705],[-75.209569,39.930586],[-75.209663,39.930467],[-75.209757,39.930348],[-75.20985,39.930229],[-75.209943,39.930109],[-75.210035,39.929989],[-75.210127,39.929869],[-75.210218,39.929749],[-75.210309,39.929629],[-75.210399,39.929508],[-75.210489,39.929387],[-75.210578,39.929266],[-75.210666,39.929144],[-75.210754,39.929023],[-75.210841,39.9289],[-75.210928,39.928778],[-75.211014,39.928655],[-75.2111,39.928532],[-75.211184,39.928408],[-75.211267,39.928283],[-75.211348,39.928159],[-75.211428,39.928033],[-75.211505,39.927907],[-75.211581,39.92778],[-75.211654,39.927653],[-75.211724,39.927525],[-75.211791,39.927397],[-75.211856,39.927267],[-75.211916,39.927136],[-75.211972,39.927004],[-75.212024,39.926871],[-75.212073,39.926736],[-75.212118,39.926601],[-75.21216,39.926465],[-75.212199,39.926328],[-75.212235,39.926191],[-75.212269,39.926053],[-75.2123,39.925916],[-75.21233,39.925779],[-75.212358,39.925641],[-75.212384,39.925503],[-75.212408,39.925364],[-75.21243,39.925225],[-75.212449,39.925085],[-75.212465,39.924945],[-75.212477,39.924805],[-75.212485,39.924666],[-75.212488,39.924526],[-75.212485,39.924388],[-75.212477,39.92425],[-75.212462,39.924113],[-75.212439,39.923975],[-75.212406,39.923838],[-75.212365,39.9237],[-75.212317,39.923564],[-75.212263,39.92343],[-75.212202,39.923297],[-75.212137,39.923167],[-75.212067,39.923039],[-75.21199,39.922914],[-75.211907,39.92279],[-75.211818,39.922669],[-75.211724,39.922549],[-75.211624,39.922431],[-75.211521,39.922315],[-75.211415,39.922201],[-75.211307,39.922089],[-75.211196,39.92198],[-75.211081,39.921872],[-75.210961,39.921765],[-75.210834,39.921663],[-75.210702,39.921566],[-75.210564,39.921476],[-75.210419,39.921394],[-75.210268,39.921321],[-75.210111,39.921253],[-75.209949,39.921191],[-75.209782,39.921133],[-75.209612,39.921081],[-75.20944,39.921033],[-75.209267,39.920989],[-75.209093,39.92095],[-75.208919,39.920914],[-75.208743,39.920882],[-75.208564,39.920854],[-75.208384,39.920831],[-75.208203,39.920813],[-75.208021,39.920801],[-75.20784,39.920796],[-75.20766,39.920798],[-75.207481,39.920806],[-75.207302,39.920817],[-75.207122,39.920831],[-75.206943,39.920847],[-75.206763,39.920866],[-75.206584,39.920886],[-75.206404,39.920908],[-75.206225,39.92093],[-75.206045,39.920952],[-75.205866,39.920974],[-75.205686,39.920996],[-75.205507,39.921016],[-75.205327,39.921034],[-75.205148,39.92105],[-75.204968,39.921064],[-75.204789,39.921074],[-75.204607,39.921081],[-75.204423,39.921082],[-75.204239,39.921077],[-75.204056,39.921065],[-75.203876,39.921044],[-75.203702,39.921013],[-75.203533,39.920971],[-75.203367,39.920918],[-75.203202,39.920856],[-75.203042,39.920784],[-75.202889,39.920705],[-75.202744,39.920618],[-75.20261,39.920526],[-75.202485,39.920428],[-75.202366,39.920323],[-75.202252,39.920212],[-75.202146,39.920096],[-75.202046,39.919976],[-75.201954,39.919855],[-75.201919,39.919804],[-75.20187,39.919732],[-75.201796,39.919608],[-75.201755,39.919473],[-75.201745,39.91933],[-75.201755,39.919188],[-75.201778,39.91905],[-75.201812,39.918914],[-75.201855,39.918778],[-75.201906,39.918643],[-75.201962,39.91851],[-75.202023,39.918379],[-75.202087,39.918249],[-75.202154,39.918119],[-75.202223,39.917991],[-75.202293,39.917862],[-75.202365,39.917734],[-75.202437,39.917607],[-75.20251,39.917479],[-75.202582,39.917351],[-75.202653,39.917223],[-75.202724,39.917094],[-75.202793,39.916966],[-75.20286,39.916836],[-75.202927,39.916707],[-75.202994,39.916578],[-75.20306,39.916448],[-75.203127,39.916319],[-75.203193,39.916189],[-75.203258,39.916059],[-75.203324,39.915929],[-75.20339,39.9158],[-75.203455,39.91567],[-75.203521,39.91554],[-75.203586,39.91541],[-75.203652,39.91528],[-75.203717,39.915151],[-75.203783,39.915021],[-75.203849,39.914891],[-75.203915,39.914761],[-75.204857,39.913062],[-75.205545,39.91208],[-75.205952,39.911602],[-75.206293,39.911274],[-75.206672,39.91099],[-75.206962,39.910841],[-75.207471,39.91069],[-75.20802,39.910595],[-75.208737,39.910504],[-75.209463,39.910465],[-75.210367,39.910491],[-75.21197,39.910737],[-75.212509,39.91075],[-75.213253,39.910713],[-75.213793,39.910634],[-75.214284,39.910492],[-75.214588,39.91034],[-75.214993,39.910031],[-75.215277,39.909668],[-75.215463,39.909147],[-75.215556,39.908446],[-75.215619,39.90704],[-75.21562,39.906063],[-75.215558,39.905229],[-75.215408,39.90426],[-75.215194,39.903295],[-75.214899,39.902348],[-75.214449,39.901289],[-75.213894,39.900254],[-75.21324,39.899263],[-75.212621,39.898578],[-75.211719,39.897778],[-75.211667,39.897732],[-75.211031,39.897237],[-75.210211,39.896688],[-75.209066,39.896004],[-75.208022,39.895452],[-75.207241,39.895105],[-75.206414,39.894817],[-75.204868,39.89443],[-75.20046,39.893631],[-75.199435,39.893366],[-75.198418,39.893035],[-75.197633,39.892687],[-75.197388,39.892534],[-75.197083,39.892343],[-75.196592,39.891929],[-75.196069,39.891343],[-75.195666,39.890722],[-75.195314,39.889935],[-75.194989,39.888838],[-75.194767,39.887738],[-75.194513,39.884259],[-75.194166,39.877698],[-75.194231,39.877669],[-75.195429,39.877108],[-75.197009,39.876268],[-75.198187,39.87569],[-75.19943,39.875017],[-75.200651,39.874408],[-75.202104,39.873629],[-75.20299,39.873124],[-75.205098,39.871978],[-75.205794,39.87158],[-75.206659,39.87109],[-75.207314,39.870675],[-75.207948,39.870291],[-75.211987,39.867481],[-75.21604,39.871124],[-75.21579,39.875061],[-75.215729,39.876027],[-75.215725,39.876096],[-75.215724,39.876113],[-75.215902,39.876069],[-75.21605,39.876034],[-75.216206,39.876],[-75.216351,39.875967],[-75.216373,39.875962],[-75.216702,39.875886],[-75.216848,39.875852],[-75.217016,39.875816],[-75.217518,39.875755],[-75.217703,39.875729],[-75.217862,39.87571],[-75.218036,39.875692],[-75.218321,39.875688],[-75.218332,39.875688],[-75.218796,39.875682],[-75.218827,39.875681],[-75.218888,39.875683],[-75.218923,39.875679],[-75.219243,39.875601],[-75.219446,39.875553],[-75.219624,39.875512],[-75.21965,39.875501],[-75.219707,39.875485],[-75.219737,39.875483],[-75.219773,39.875489],[-75.220867,39.87558],[-75.221043,39.875595],[-75.221233,39.875611],[-75.221283,39.875616],[-75.222086,39.875684],[-75.222701,39.875739],[-75.222872,39.87576],[-75.223069,39.875783],[-75.223155,39.875794],[-75.223768,39.875867],[-75.224656,39.876032],[-75.224859,39.876069],[-75.22503,39.876103],[-75.225954,39.876276],[-75.226847,39.876412],[-75.226892,39.876414],[-75.227121,39.876445],[-75.228473,39.87664],[-75.228727,39.876677],[-75.228909,39.876702],[-75.229988,39.876856],[-75.230479,39.876898],[-75.230647,39.876911],[-75.230849,39.876928],[-75.230999,39.876942],[-75.231058,39.876948],[-75.231872,39.877019],[-75.231931,39.877026],[-75.232312,39.877066],[-75.232551,39.877091],[-75.23266,39.877102],[-75.232817,39.87712],[-75.232993,39.877138],[-75.233273,39.877164],[-75.233958,39.877187],[-75.234021,39.877189],[-75.234124,39.87719],[-75.234305,39.877145],[-75.234484,39.877104],[-75.234655,39.877063],[-75.234687,39.877055],[-75.235027,39.876974],[-75.235541,39.876761],[-75.235799,39.876588],[-75.23593,39.876497],[-75.236053,39.876413],[-75.236372,39.876197],[-75.236643,39.875746],[-75.236716,39.875623],[-75.236776,39.875484],[-75.236935,39.875126],[-75.237502,39.87509],[-75.237593,39.874991],[-75.237538,39.874921],[-75.237503,39.874876],[-75.237463,39.874813],[-75.238113,39.874602],[-75.238248,39.874456],[-75.238328,39.874372],[-75.238379,39.874311],[-75.238692,39.873968],[-75.238996,39.873846],[-75.239174,39.873618],[-75.239263,39.8735],[-75.23935,39.873381],[-75.239406,39.873309],[-75.240102,39.873039],[-75.240107,39.872868],[-75.240104,39.87274],[-75.240102,39.872639],[-75.240104,39.872607],[-75.240474,39.872391],[-75.2409,39.872409],[-75.24094,39.872414],[-75.241091,39.872447],[-75.241218,39.872475],[-75.241373,39.872511],[-75.241422,39.872521],[-75.241558,39.87255],[-75.241749,39.872595],[-75.242221,39.872786],[-75.242292,39.872818],[-75.24257,39.872964],[-75.242697,39.873031],[-75.242732,39.873049],[-75.246737,39.875078],[-75.246779,39.875112],[-75.246827,39.875153],[-75.248433,39.876495],[-75.251753,39.876019],[-75.252259,39.875947],[-75.252728,39.875975],[-75.253459,39.876019],[-75.253989,39.876052],[-75.25613,39.876182],[-75.257413,39.87626],[-75.259018,39.876357],[-75.259726,39.8764],[-75.261255,39.876493],[-75.262532,39.876571],[-75.262973,39.877354],[-75.264834,39.880655],[-75.265005,39.880991],[-75.265114,39.881665],[-75.264547,39.882122],[-75.2643,39.88225],[-75.263084,39.882364],[-75.262265,39.88258],[-75.261947,39.882897],[-75.261887,39.883077],[-75.261967,39.883248],[-75.262434,39.883642],[-75.264136,39.884142],[-75.264446,39.884323],[-75.26464,39.884742],[-75.264229,39.88501],[-75.263155,39.885309],[-75.262731,39.885562],[-75.262619,39.885813],[-75.262685,39.886034],[-75.262806,39.886091],[-75.263686,39.886153],[-75.263983,39.886105],[-75.264285,39.886201],[-75.264718,39.886413],[-75.264828,39.8866],[-75.26498,39.886791],[-75.26505,39.886959],[-75.265095,39.887142],[-75.265118,39.887352],[-75.265081,39.887533],[-75.265016,39.887749],[-75.264938,39.887917],[-75.264636,39.888183],[-75.264498,39.888315],[-75.264373,39.888379],[-75.2642,39.888458],[-75.264035,39.888486],[-75.263819,39.888513],[-75.263613,39.888517],[-75.263404,39.888488],[-75.263179,39.888452],[-75.262955,39.888408],[-75.262797,39.888388],[-75.262675,39.88835],[-75.262515,39.888378],[-75.262436,39.888428],[-75.262283,39.888539],[-75.262223,39.888657],[-75.262124,39.888816],[-75.262057,39.888977],[-75.262044,39.889198],[-75.262057,39.889396],[-75.262076,39.889574],[-75.2621,39.889753],[-75.262119,39.889947],[-75.262122,39.890133],[-75.262132,39.890295],[-75.262072,39.890665],[-75.261971,39.891047],[-75.261902,39.891235],[-75.26187,39.89142],[-75.261806,39.891616],[-75.261739,39.891777],[-75.261642,39.891889],[-75.261539,39.891919],[-75.261387,39.891998],[-75.261128,39.89206],[-75.260838,39.892125],[-75.260563,39.892206],[-75.260305,39.892252],[-75.260041,39.892321],[-75.259773,39.892355],[-75.259527,39.892349],[-75.259237,39.892402],[-75.259014,39.892465],[-75.258907,39.892585],[-75.258664,39.892777],[-75.258425,39.893001],[-75.25812,39.893266],[-75.257903,39.893467],[-75.257783,39.893654],[-75.257588,39.893854],[-75.257393,39.894085],[-75.257189,39.894285],[-75.257014,39.894486],[-75.256847,39.89463],[-75.256754,39.89473],[-75.256691,39.894842],[-75.256652,39.894963],[-75.256684,39.895043],[-75.256771,39.895223],[-75.256903,39.89537],[-75.257082,39.895465],[-75.257202,39.895524],[-75.257298,39.895606],[-75.257396,39.895748],[-75.257343,39.895853],[-75.257196,39.896092],[-75.256958,39.89628],[-75.25678,39.896443],[-75.256631,39.896614],[-75.256503,39.896752],[-75.256439,39.896898],[-75.256296,39.897043],[-75.256197,39.897188],[-75.256099,39.897326],[-75.255989,39.897491],[-75.255874,39.897681],[-75.255694,39.897882],[-75.255564,39.89808],[-75.255504,39.898242],[-75.255382,39.898353],[-75.25533,39.898427],[-75.255342,39.898499],[-75.25524,39.898607],[-75.255176,39.898735],[-75.255165,39.898789],[-75.255152,39.898855],[-75.255183,39.898951],[-75.255289,39.899135],[-75.255417,39.899285],[-75.255604,39.899422],[-75.25563,39.899451],[-75.251301,39.904411],[-75.253526,39.905607],[-75.252416,39.906651],[-75.252287,39.90667],[-75.25212,39.906685],[-75.251941,39.906719],[-75.251803,39.906739],[-75.251688,39.906778],[-75.251602,39.906848],[-75.25139,39.90698],[-75.251189,39.907119],[-75.251088,39.907182],[-75.250978,39.90724],[-75.250892,39.907291],[-75.250792,39.907338],[-75.250687,39.907393],[-75.250596,39.907444],[-75.250506,39.907499],[-75.25042,39.907561],[-75.250348,39.907628],[-75.250297,39.907691],[-75.250254,39.907774],[-75.250213,39.907954],[-75.250204,39.908068],[-75.250199,39.908217],[-75.250197,39.908272],[-75.250187,39.908397],[-75.250192,39.908534],[-75.250157,39.908669],[-75.250113,39.908812],[-75.250064,39.908933],[-75.249986,39.909041],[-75.249949,39.909135],[-75.249911,39.909217],[-75.249888,39.909296],[-75.249896,39.909346],[-75.249948,39.909415],[-75.25001,39.909458],[-75.250112,39.909513],[-75.250248,39.909543],[-75.250425,39.909569],[-75.250596,39.909588],[-75.250786,39.90963],[-75.250995,39.909711],[-75.25116,39.909779],[-75.251274,39.909891],[-75.251291,39.909963],[-75.251287,39.910054],[-75.25125,39.91014],[-75.251146,39.91029],[-75.250962,39.910487],[-75.25087,39.910572],[-75.250711,39.910754],[-75.250609,39.91085],[-75.250536,39.910943],[-75.25047,39.911021],[-75.250398,39.911099],[-75.250312,39.91117],[-75.250171,39.911235],[-75.250022,39.911292],[-75.249882,39.911334],[-75.249452,39.911526],[-75.249316,39.911606],[-75.249156,39.911682],[-75.24895,39.911795],[-75.248854,39.911869],[-75.248816,39.911955],[-75.248657,39.912422],[-75.248598,39.912545],[-75.248529,39.912669],[-75.24849,39.912793],[-75.248417,39.912909],[-75.24834,39.912998],[-75.248238,39.913098],[-75.248093,39.913175],[-75.247927,39.913258],[-75.247747,39.913345],[-75.247587,39.913414],[-75.247471,39.913476],[-75.247342,39.913522],[-75.247251,39.913588],[-75.247113,39.913718],[-75.247081,39.913797],[-75.247058,39.913887],[-75.247064,39.913974],[-75.247105,39.914062],[-75.247229,39.914179],[-75.247281,39.914237],[-75.247337,39.914325],[-75.247382,39.914425],[-75.247389,39.914436],[-75.247429,39.914509],[-75.247495,39.914571],[-75.247591,39.91463],[-75.247668,39.914673],[-75.247711,39.91472],[-75.247733,39.914796],[-75.247678,39.914958],[-75.247616,39.91504],[-75.247553,39.915144],[-75.247407,39.91535],[-75.247334,39.915465],[-75.247266,39.915581],[-75.247183,39.91569],[-75.247086,39.91579],[-75.247038,39.915899],[-75.246955,39.916007],[-75.246833,39.916114],[-75.24678,39.916207],[-75.246799,39.916367],[-75.246832,39.916534],[-75.246871,39.916698],[-75.246929,39.916858],[-75.246936,39.916883],[-75.246968,39.917],[-75.247092,39.917108],[-75.247209,39.917251],[-75.247253,39.917411],[-75.247273,39.917533],[-75.247317,39.917674],[-75.247341,39.917811],[-75.247362,39.91805],[-75.247352,39.918179],[-75.247357,39.918323],[-75.247356,39.918478],[-75.247345,39.918641],[-75.24734,39.918796],[-75.247353,39.918955],[-75.247417,39.919105],[-75.247495,39.919254],[-75.247563,39.919399],[-75.247617,39.919541],[-75.247622,39.919689],[-75.247617,39.919802],[-75.247583,39.919942],[-75.247519,39.920084],[-75.247489,39.92022],[-75.247465,39.920348],[-75.24746,39.920469],[-75.24745,39.920606],[-75.24745,39.920742],[-75.247465,39.920871],[-75.24746,39.921],[-75.24747,39.921137],[-75.24747,39.921409],[-75.247459,39.921561],[-75.247471,39.921712],[-75.247486,39.921902],[-75.247438,39.921992],[-75.247298,39.922194],[-75.247069,39.922405],[-75.246932,39.922511],[-75.246785,39.922637],[-75.246657,39.922759],[-75.246555,39.922859],[-75.246457,39.922975],[-75.246335,39.923093],[-75.246242,39.923224],[-75.246198,39.923344],[-75.246159,39.923461],[-75.246141,39.923555],[-75.246132,39.923653],[-75.246129,39.923752],[-75.24613,39.923858],[-75.24611,39.923979],[-75.246063,39.92419],[-75.24602,39.924295],[-75.245943,39.924521],[-75.245938,39.924527],[-75.245865,39.924621],[-75.245803,39.924715],[-75.245729,39.924842],[-75.245652,39.924946],[-75.24557,39.92502],[-75.245493,39.925109],[-75.245301,39.925378],[-75.245253,39.925479],[-75.245144,39.925636],[-75.245106,39.92573],[-75.245044,39.925816],[-75.244948,39.925889],[-75.244857,39.92594],[-75.244743,39.925976],[-75.244618,39.926022],[-75.244507,39.926088],[-75.244401,39.926165],[-75.244324,39.926243],[-75.24428,39.926371],[-75.244301,39.926463],[-75.244377,39.926559],[-75.244472,39.92665],[-75.244559,39.926787],[-75.244587,39.926943],[-75.244585,39.927108],[-75.244547,39.927252],[-75.244477,39.927441],[-75.244453,39.927484],[-75.244387,39.927604],[-75.244302,39.927741],[-75.244221,39.927898],[-75.244136,39.928032],[-75.244071,39.928198],[-75.244021,39.928407],[-75.243958,39.928648],[-75.243944,39.9289],[-75.243921,39.929093],[-75.243933,39.929219],[-75.243966,39.92934],[-75.243974,39.929459],[-75.243995,39.929586],[-75.243988,39.929617],[-75.243969,39.929708],[-75.244007,39.929816],[-75.244081,39.929869],[-75.244204,39.929943],[-75.244327,39.930029],[-75.244386,39.930118],[-75.244478,39.930262],[-75.244419,39.930383],[-75.24422,39.930528],[-75.244049,39.930624],[-75.24387,39.930704],[-75.243763,39.930774],[-75.243736,39.930792],[-75.243662,39.930877],[-75.243624,39.931003],[-75.243597,39.931151],[-75.243537,39.931301],[-75.243489,39.931452],[-75.243455,39.931597],[-75.243413,39.931699],[-75.24341,39.931783],[-75.243369,39.931876],[-75.243174,39.932052],[-75.243065,39.932147],[-75.242782,39.932528],[-75.24269,39.932659],[-75.242598,39.932757],[-75.242518,39.932872],[-75.242422,39.932973],[-75.242343,39.933078],[-75.242276,39.933173],[-75.242231,39.933263],[-75.242155,39.933377],[-75.242031,39.933443],[-75.241887,39.933494],[-75.24173,39.93352],[-75.241562,39.933526],[-75.24122,39.933593],[-75.241009,39.933611],[-75.240794,39.933638],[-75.240618,39.933625],[-75.240397,39.933594],[-75.240219,39.933519],[-75.240167,39.933501],[-75.240017,39.933447],[-75.239813,39.933394],[-75.239437,39.933224],[-75.239252,39.933114],[-75.239097,39.933007],[-75.238946,39.932894],[-75.238782,39.93279],[-75.23863,39.932703],[-75.23846,39.932631],[-75.238277,39.932598],[-75.238048,39.932548],[-75.237852,39.932501],[-75.237655,39.9325],[-75.237511,39.932536],[-75.23737,39.932614],[-75.237257,39.932708],[-75.237136,39.932815],[-75.237039,39.932929],[-75.236868,39.933145],[-75.236697,39.933436],[-75.236668,39.933548],[-75.236638,39.933683],[-75.236637,39.933815],[-75.23667,39.933891],[-75.236703,39.933966],[-75.236662,39.934049],[-75.236648,39.9342],[-75.236613,39.934358],[-75.236579,39.934473],[-75.236563,39.934563],[-75.236552,39.934654],[-75.236515,39.934737],[-75.236495,39.934814],[-75.236483,39.934911],[-75.236445,39.935039],[-75.236398,39.93517],[-75.236331,39.935282],[-75.23623,39.935399],[-75.236113,39.935473],[-75.235252,39.935006],[-75.234878,39.934821],[-75.234585,39.93465],[-75.234533,39.934602],[-75.234298,39.934492],[-75.234143,39.934421],[-75.233864,39.934354],[-75.233697,39.934333],[-75.233579,39.934338],[-75.233418,39.93436],[-75.233287,39.934385],[-75.233169,39.934412],[-75.233073,39.934441],[-75.232726,39.934647],[-75.231099,39.935782],[-75.229729,39.936752],[-75.22923,39.937101],[-75.228845,39.937368],[-75.228361,39.93771]]]},"properties":{"ward_num":"40"}},{"type":"Feature","geometry":{"type":"Polygon","coordinates":[[[-75.193094,39.93242],[-75.193355,39.931195],[-75.192819,39.931126],[-75.192325,39.931064],[-75.191785,39.930992],[-75.191009,39.930884],[-75.190224,39.930788],[-75.188638,39.930592],[-75.188063,39.930519],[-75.187077,39.930397],[-75.187029,39.930391],[-75.186272,39.930284],[-75.185775,39.930215],[-75.185242,39.930156],[-75.183824,39.929965],[-75.183603,39.929937],[-75.181947,39.929739],[-75.18037,39.929531],[-75.178447,39.929281],[-75.176874,39.929071],[-75.176337,39.929009],[-75.175881,39.92895],[-75.175292,39.928876],[-75.173731,39.92867],[-75.173164,39.928597],[-75.172702,39.928529],[-75.172157,39.928472],[-75.171598,39.928397],[-75.17114,39.928338],[-75.170595,39.928275],[-75.170052,39.928196],[-75.169583,39.928142],[-75.16896,39.928045],[-75.16883,39.928043],[-75.169098,39.926826],[-75.169365,39.9256],[-75.169502,39.925541],[-75.171259,39.925172],[-75.172947,39.924846],[-75.173577,39.924715],[-75.174046,39.924663],[-75.174632,39.924553],[-75.175339,39.92443],[-75.175536,39.92439],[-75.176299,39.92426],[-75.177401,39.924098],[-75.177985,39.923961],[-75.178579,39.923845],[-75.179057,39.923769],[-75.179655,39.923662],[-75.180315,39.92355],[-75.180904,39.923455],[-75.181428,39.923347],[-75.181707,39.9233],[-75.183437,39.922948],[-75.184046,39.922856],[-75.184581,39.92275],[-75.184839,39.922695],[-75.185015,39.92265],[-75.185205,39.922584],[-75.185659,39.922554],[-75.185962,39.922523],[-75.186191,39.92248],[-75.18694,39.922328],[-75.187272,39.922264],[-75.1889,39.921979],[-75.188903,39.921979],[-75.189302,39.921895],[-75.189655,39.921816],[-75.190062,39.921725],[-75.190064,39.921725],[-75.19016,39.92171],[-75.19032,39.921686],[-75.190391,39.921675],[-75.190467,39.921664],[-75.190478,39.921662],[-75.190603,39.921636],[-75.190818,39.921592],[-75.191056,39.921544],[-75.191097,39.921536],[-75.191224,39.921508],[-75.191822,39.921397],[-75.192497,39.921275],[-75.193866,39.921138],[-75.194487,39.921093],[-75.195048,39.921021],[-75.200064,39.920145],[-75.201793,39.919827],[-75.201919,39.919804],[-75.201954,39.919855],[-75.202046,39.919976],[-75.202146,39.920096],[-75.202252,39.920212],[-75.202366,39.920323],[-75.202485,39.920428],[-75.20261,39.920526],[-75.202744,39.920618],[-75.202889,39.920705],[-75.203042,39.920784],[-75.203202,39.920856],[-75.203367,39.920918],[-75.203533,39.920971],[-75.203702,39.921013],[-75.203876,39.921044],[-75.204056,39.921065],[-75.204239,39.921077],[-75.204423,39.921082],[-75.204607,39.921081],[-75.204789,39.921074],[-75.204968,39.921064],[-75.205148,39.92105],[-75.205327,39.921034],[-75.205507,39.921016],[-75.205686,39.920996],[-75.205866,39.920974],[-75.206045,39.920952],[-75.206225,39.92093],[-75.206404,39.920908],[-75.206584,39.920886],[-75.206763,39.920866],[-75.206943,39.920847],[-75.207122,39.920831],[-75.207302,39.920817],[-75.207481,39.920806],[-75.20766,39.920798],[-75.20784,39.920796],[-75.208021,39.920801],[-75.208203,39.920813],[-75.208384,39.920831],[-75.208564,39.920854],[-75.208743,39.920882],[-75.208919,39.920914],[-75.209093,39.92095],[-75.209267,39.920989],[-75.20944,39.921033],[-75.209612,39.921081],[-75.209782,39.921133],[-75.209949,39.921191],[-75.210111,39.921253],[-75.210268,39.921321],[-75.210419,39.921394],[-75.210564,39.921476],[-75.210702,39.921566],[-75.210834,39.921663],[-75.210961,39.921765],[-75.211081,39.921872],[-75.211196,39.92198],[-75.211307,39.922089],[-75.211415,39.922201],[-75.211521,39.922315],[-75.211624,39.922431],[-75.211724,39.922549],[-75.211818,39.922669],[-75.211907,39.92279],[-75.21199,39.922914],[-75.212067,39.923039],[-75.212137,39.923167],[-75.212202,39.923297],[-75.212263,39.92343],[-75.212317,39.923564],[-75.212365,39.9237],[-75.212406,39.923838],[-75.212439,39.923975],[-75.212462,39.924113],[-75.212477,39.92425],[-75.212485,39.924388],[-75.212488,39.924526],[-75.212485,39.924666],[-75.212477,39.924805],[-75.212465,39.924945],[-75.212449,39.925085],[-75.21243,39.925225],[-75.212408,39.925364],[-75.212384,39.925503],[-75.212358,39.925641],[-75.21233,39.925779],[-75.2123,39.925916],[-75.212269,39.926053],[-75.212235,39.926191],[-75.212199,39.926328],[-75.21216,39.926465],[-75.212118,39.926601],[-75.212073,39.926736],[-75.212024,39.926871],[-75.211972,39.927004],[-75.211916,39.927136],[-75.211856,39.927267],[-75.211791,39.927397],[-75.211724,39.927525],[-75.211654,39.927653],[-75.211581,39.92778],[-75.211505,39.927907],[-75.211428,39.928033],[-75.211348,39.928159],[-75.211267,39.928283],[-75.211184,39.928408],[-75.2111,39.928532],[-75.211014,39.928655],[-75.210928,39.928778],[-75.210841,39.9289],[-75.210754,39.929023],[-75.210666,39.929144],[-75.210578,39.929266],[-75.210489,39.929387],[-75.210399,39.929508],[-75.210309,39.929629],[-75.210218,39.929749],[-75.210127,39.929869],[-75.210035,39.929989],[-75.209943,39.930109],[-75.20985,39.930229],[-75.209757,39.930348],[-75.209663,39.930467],[-75.209569,39.930586],[-75.209475,39.930705],[-75.20938,39.930824],[-75.209285,39.930943],[-75.20919,39.931061],[-75.209095,39.93118],[-75.208999,39.931298],[-75.208904,39.931416],[-75.208808,39.931535],[-75.208712,39.931653],[-75.208617,39.931771],[-75.208521,39.931889],[-75.208424,39.932007],[-75.208327,39.932124],[-75.208229,39.932241],[-75.20813,39.932358],[-75.208031,39.932475],[-75.207932,39.932591],[-75.207832,39.932707],[-75.207732,39.932823],[-75.207632,39.93294],[-75.207532,39.933056],[-75.207432,39.933172],[-75.207333,39.933288],[-75.207233,39.933404],[-75.207169,39.93348],[-75.203901,39.932854],[-75.202395,39.932515],[-75.200479,39.932109],[-75.200379,39.932356],[-75.200323,39.93462],[-75.199671,39.934538],[-75.199506,39.934517],[-75.199242,39.934473],[-75.19754,39.934241],[-75.197026,39.934185],[-75.196505,39.934119],[-75.195973,39.934046],[-75.19544,39.933982],[-75.194928,39.933913],[-75.194412,39.933832],[-75.193877,39.93378],[-75.193378,39.933711],[-75.19283,39.933637],[-75.193094,39.93242]]]},"properties":{"ward_num":"48"}},{"type":"Feature","geometry":{"type":"Polygon","coordinates":[[[-75.059287,40.013397],[-75.058783,40.012818],[-75.058643,40.012657],[-75.058449,40.012435],[-75.052736,40.005929],[-75.052879,40.005753],[-75.054223,40.003701],[-75.054358,40.003515],[-75.055164,40.002403],[-75.056029,40.000928],[-75.056937,39.999422],[-75.057806,39.997851],[-75.058432,39.996673],[-75.058821,39.995727],[-75.059399,39.994198],[-75.059787,39.993268],[-75.060083,39.992575],[-75.060532,39.991679],[-75.061114,39.990563],[-75.062616,39.988164],[-75.063186,39.98735],[-75.063948,39.986366],[-75.064466,39.985821],[-75.06498,39.985372],[-75.06577,39.984786],[-75.065811,39.984755],[-75.065879,39.984706],[-75.06809,39.98309],[-75.069394,39.982007],[-75.07014,39.981452],[-75.071202,39.980745],[-75.072239,39.980133],[-75.073233,39.979567],[-75.074498,39.978945],[-75.075824,39.978355],[-75.077231,39.977831],[-75.0783,39.977458],[-75.079262,39.977179],[-75.080306,39.976916],[-75.081497,39.97661],[-75.086393,39.975674],[-75.091348,39.974818],[-75.093471,39.974454],[-75.093833,39.974383],[-75.09782,39.978862],[-75.099645,39.980954],[-75.100597,39.981981],[-75.100683,39.982075],[-75.100685,39.982077],[-75.100821,39.982225],[-75.101014,39.98247],[-75.101441,39.982983],[-75.101731,39.983307],[-75.10194,39.983548],[-75.10222,39.983863],[-75.1025,39.984187],[-75.103002,39.98473],[-75.103368,39.985139],[-75.103727,39.985555],[-75.104049,39.985916],[-75.104368,39.986283],[-75.104719,39.98668],[-75.105068,39.987083],[-75.105483,39.987562],[-75.105918,39.988046],[-75.106328,39.988533],[-75.106751,39.98899],[-75.10705,39.989322],[-75.107342,39.989654],[-75.107732,39.990089],[-75.108017,39.99041],[-75.108316,39.990741],[-75.108757,39.991247],[-75.10887,39.991377],[-75.109343,39.991919],[-75.10953,39.992133],[-75.109712,39.992344],[-75.110262,39.992966],[-75.111372,39.994221],[-75.112215,39.995182],[-75.11339,39.996503],[-75.113232,39.996589],[-75.112713,39.996869],[-75.112136,39.997168],[-75.111561,39.997484],[-75.110986,39.99781],[-75.110421,39.998134],[-75.10985,39.998446],[-75.109297,39.998754],[-75.108726,39.999042],[-75.108147,39.999367],[-75.107596,39.999672],[-75.106446,40.000332],[-75.105429,40.000883],[-75.104201,40.001535],[-75.103183,40.002105],[-75.103086,40.002159],[-75.101813,40.002873],[-75.1005,40.003588],[-75.099365,40.004212],[-75.097982,40.004959],[-75.096869,40.00557],[-75.09635,40.005861],[-75.094853,40.006687],[-75.094107,40.007106],[-75.0936,40.007386],[-75.092566,40.007949],[-75.092527,40.007918],[-75.092325,40.007675],[-75.092183,40.007428],[-75.092129,40.00728],[-75.092149,40.007118],[-75.092214,40.006972],[-75.09236,40.006783],[-75.092565,40.006595],[-75.092859,40.00618],[-75.09293,40.006055],[-75.09292,40.005982],[-75.092909,40.005902],[-75.09288,40.005805],[-75.092768,40.00564],[-75.092648,40.0055],[-75.092533,40.005394],[-75.092323,40.005199],[-75.092209,40.005064],[-75.092154,40.004951],[-75.091975,40.00481],[-75.091749,40.004698],[-75.091489,40.004596],[-75.091234,40.004524],[-75.09098,40.004442],[-75.090667,40.004353],[-75.090355,40.004214],[-75.090167,40.004149],[-75.089945,40.004073],[-75.089575,40.003917],[-75.08927,40.003773],[-75.089034,40.003747],[-75.088886,40.003657],[-75.088691,40.003561],[-75.088523,40.003471],[-75.088085,40.003045],[-75.087922,40.002823],[-75.087795,40.002531],[-75.087667,40.002264],[-75.08759,40.002029],[-75.087567,40.001784],[-75.087561,40.001414],[-75.0875,40.000966],[-75.087469,40.000559],[-75.087431,40.000198],[-75.087227,39.999838],[-75.087009,39.999518],[-75.086775,39.999244],[-75.086417,39.998946],[-75.086377,39.998903],[-75.083715,40.000296],[-75.081683,40.001358],[-75.079785,40.002347],[-75.07926,40.002736],[-75.078707,40.003171],[-75.077709,40.003993],[-75.077479,40.004148],[-75.077595,40.004707],[-75.077751,40.005392],[-75.077894,40.006071],[-75.078049,40.006742],[-75.078197,40.00742],[-75.078335,40.008076],[-75.07845,40.008595],[-75.078132,40.008674],[-75.077806,40.008755],[-75.07748,40.008835],[-75.077154,40.008916],[-75.076828,40.008997],[-75.076516,40.009074],[-75.076502,40.009077],[-75.076177,40.009158],[-75.075851,40.009239],[-75.075525,40.009319],[-75.075199,40.0094],[-75.074873,40.009481],[-75.074547,40.009561],[-75.074297,40.009623],[-75.074221,40.009642],[-75.073896,40.009723],[-75.07357,40.009803],[-75.073244,40.009884],[-75.072918,40.009964],[-75.072592,40.010045],[-75.072375,40.010099],[-75.072266,40.010126],[-75.07194,40.010206],[-75.071615,40.010287],[-75.071289,40.010368],[-75.070963,40.010448],[-75.070637,40.010529],[-75.070584,40.010542],[-75.070311,40.01061],[-75.069985,40.01069],[-75.069659,40.010771],[-75.069511,40.010808],[-75.069334,40.010851],[-75.069008,40.010932],[-75.068682,40.011013],[-75.068356,40.011093],[-75.067853,40.011218],[-75.067526,40.011296],[-75.067199,40.011374],[-75.066873,40.011453],[-75.066546,40.011531],[-75.066219,40.011609],[-75.065892,40.011687],[-75.065565,40.011766],[-75.065238,40.011844],[-75.064912,40.011922],[-75.064585,40.012001],[-75.064258,40.012079],[-75.063931,40.012157],[-75.063604,40.012236],[-75.063277,40.012313],[-75.062995,40.012379],[-75.062949,40.01239],[-75.062621,40.012465],[-75.062293,40.012541],[-75.061966,40.012618],[-75.06164,40.012698],[-75.061315,40.01278],[-75.060992,40.012867],[-75.060672,40.01296],[-75.060354,40.013058],[-75.060037,40.013158],[-75.059721,40.01326],[-75.059405,40.01336],[-75.059287,40.013397]]]},"properties":{"ward_num":"45"}},{"type":"Feature","geometry":{"type":"Polygon","coordinates":[[[-75.206001,40.011717],[-75.205994,40.011713],[-75.205959,40.011692],[-75.205925,40.01167],[-75.20589,40.011649],[-75.205855,40.011628],[-75.20582,40.011607],[-75.205784,40.011586],[-75.205749,40.011565],[-75.205714,40.011545],[-75.205679,40.011524],[-75.205644,40.011503],[-75.205608,40.011482],[-75.205573,40.011462],[-75.205561,40.011455],[-75.205537,40.011441],[-75.205502,40.011421],[-75.205466,40.011401],[-75.205431,40.01138],[-75.205395,40.01136],[-75.205359,40.01134],[-75.205323,40.01132],[-75.205287,40.0113],[-75.205251,40.01128],[-75.205215,40.01126],[-75.205179,40.01124],[-75.205142,40.011221],[-75.205106,40.011201],[-75.20507,40.011182],[-75.205033,40.011163],[-75.204997,40.011143],[-75.20496,40.011124],[-75.204923,40.011105],[-75.204886,40.011086],[-75.204849,40.011068],[-75.204812,40.011049],[-75.204775,40.01103],[-75.204738,40.011011],[-75.204701,40.010993],[-75.204664,40.010974],[-75.204626,40.010956],[-75.204589,40.010937],[-75.204552,40.010919],[-75.204514,40.010901],[-75.204477,40.010883],[-75.204439,40.010864],[-75.204401,40.010846],[-75.204364,40.010828],[-75.204326,40.01081],[-75.204288,40.010792],[-75.20425,40.010775],[-75.204212,40.010757],[-75.204174,40.010739],[-75.204136,40.010721],[-75.204098,40.010704],[-75.20406,40.010686],[-75.204022,40.010669],[-75.203984,40.010651],[-75.203945,40.010634],[-75.203907,40.010617],[-75.203869,40.010599],[-75.20383,40.010582],[-75.203792,40.010565],[-75.203753,40.010548],[-75.203715,40.010531],[-75.203676,40.010514],[-75.203638,40.010497],[-75.203599,40.01048],[-75.20356,40.010464],[-75.203522,40.010447],[-75.203483,40.01043],[-75.203444,40.010414],[-75.203405,40.010397],[-75.203367,40.010381],[-75.203328,40.010364],[-75.203289,40.010348],[-75.20325,40.010331],[-75.203211,40.010315],[-75.203172,40.010299],[-75.203133,40.010283],[-75.203094,40.010267],[-75.203055,40.010251],[-75.203015,40.010235],[-75.202976,40.010219],[-75.202937,40.010203],[-75.202897,40.010187],[-75.202858,40.010172],[-75.202818,40.010156],[-75.202779,40.010141],[-75.202739,40.010125],[-75.2027,40.01011],[-75.20266,40.010095],[-75.20262,40.010079],[-75.202581,40.010064],[-75.202541,40.010049],[-75.202501,40.010034],[-75.202461,40.010019],[-75.202421,40.010004],[-75.202381,40.009989],[-75.202341,40.009975],[-75.202301,40.00996],[-75.202261,40.009945],[-75.202221,40.009931],[-75.20218,40.009916],[-75.20214,40.009902],[-75.2021,40.009887],[-75.20206,40.009873],[-75.202019,40.009859],[-75.201979,40.009844],[-75.201939,40.00983],[-75.201898,40.009816],[-75.201858,40.009802],[-75.201817,40.009788],[-75.201777,40.009774],[-75.201736,40.00976],[-75.201696,40.009746],[-75.201655,40.009733],[-75.201614,40.009719],[-75.201574,40.009705],[-75.201533,40.009691],[-75.201492,40.009678],[-75.201452,40.009664],[-75.201411,40.009651],[-75.20137,40.009637],[-75.201329,40.009624],[-75.201289,40.00961],[-75.201248,40.009597],[-75.201207,40.009584],[-75.201166,40.009571],[-75.201125,40.009558],[-75.201084,40.009545],[-75.201043,40.009532],[-75.201002,40.009519],[-75.20096,40.009507],[-75.200919,40.009494],[-75.200878,40.009482],[-75.200837,40.009469],[-75.200795,40.009457],[-75.200754,40.009444],[-75.200713,40.009432],[-75.200671,40.00942],[-75.20063,40.009407],[-75.200588,40.009395],[-75.200547,40.009383],[-75.200505,40.009371],[-75.200464,40.009359],[-75.200422,40.009347],[-75.200381,40.009335],[-75.200339,40.009323],[-75.200298,40.009311],[-75.200256,40.009299],[-75.200215,40.009287],[-75.200173,40.009275],[-75.200131,40.009263],[-75.20009,40.009251],[-75.200048,40.009239],[-75.200007,40.009227],[-75.199965,40.009215],[-75.199923,40.009203],[-75.199882,40.009192],[-75.19984,40.00918],[-75.199799,40.009168],[-75.199757,40.009156],[-75.199716,40.009144],[-75.199674,40.009131],[-75.199633,40.009119],[-75.199591,40.009107],[-75.19955,40.009095],[-75.199508,40.009083],[-75.199467,40.009071],[-75.199425,40.009058],[-75.199384,40.009046],[-75.199343,40.009034],[-75.199301,40.009021],[-75.19926,40.009009],[-75.199219,40.008996],[-75.199178,40.008984],[-75.199136,40.008971],[-75.199095,40.008958],[-75.199054,40.008945],[-75.199013,40.008932],[-75.198972,40.008919],[-75.198931,40.008906],[-75.19889,40.008893],[-75.19885,40.008879],[-75.198809,40.008866],[-75.198768,40.008852],[-75.198727,40.008839],[-75.198687,40.008825],[-75.198646,40.008812],[-75.198605,40.008798],[-75.198565,40.008784],[-75.198524,40.00877],[-75.198484,40.008756],[-75.198443,40.008742],[-75.198403,40.008728],[-75.198362,40.008714],[-75.198322,40.0087],[-75.198281,40.008686],[-75.198241,40.008672],[-75.1982,40.008658],[-75.19816,40.008644],[-75.198119,40.00863],[-75.198079,40.008616],[-75.198038,40.008602],[-75.197998,40.008588],[-75.197957,40.008574],[-75.197917,40.00856],[-75.197876,40.008547],[-75.197836,40.008533],[-75.197795,40.008519],[-75.197754,40.008505],[-75.197714,40.008492],[-75.197673,40.008478],[-75.197632,40.008464],[-75.197592,40.008451],[-75.197551,40.008438],[-75.19751,40.008424],[-75.197469,40.008411],[-75.197428,40.008398],[-75.197413,40.008393],[-75.197387,40.008385],[-75.197346,40.008372],[-75.197305,40.008359],[-75.197264,40.008347],[-75.197222,40.008334],[-75.197181,40.008322],[-75.19714,40.00831],[-75.197098,40.008297],[-75.197057,40.008285],[-75.197015,40.008273],[-75.196974,40.008261],[-75.196932,40.00825],[-75.19689,40.008238],[-75.196849,40.008226],[-75.196807,40.008215],[-75.196765,40.008203],[-75.196723,40.008192],[-75.196681,40.00818],[-75.196639,40.008169],[-75.196597,40.008158],[-75.196555,40.008146],[-75.196513,40.008135],[-75.196471,40.008124],[-75.196429,40.008113],[-75.196387,40.008102],[-75.196345,40.008091],[-75.196303,40.00808],[-75.196261,40.008069],[-75.196219,40.008058],[-75.196177,40.008047],[-75.196135,40.008036],[-75.196092,40.008025],[-75.19605,40.008014],[-75.196008,40.008003],[-75.195966,40.007992],[-75.195924,40.007981],[-75.195882,40.00797],[-75.19584,40.007959],[-75.195798,40.007948],[-75.195756,40.007936],[-75.195714,40.007925],[-75.195672,40.007914],[-75.19563,40.007903],[-75.195588,40.007892],[-75.195546,40.00788],[-75.195504,40.007869],[-75.195462,40.007857],[-75.195421,40.007846],[-75.195379,40.007834],[-75.195337,40.007823],[-75.195296,40.007811],[-75.195254,40.007799],[-75.195213,40.007787],[-75.195171,40.007775],[-75.19513,40.007763],[-75.195088,40.007751],[-75.195047,40.007739],[-75.195006,40.007726],[-75.194965,40.007714],[-75.194923,40.007701],[-75.194882,40.007688],[-75.194841,40.007676],[-75.194801,40.007663],[-75.19476,40.007649],[-75.194719,40.007636],[-75.194678,40.007623],[-75.194638,40.007609],[-75.194597,40.007596],[-75.194557,40.007582],[-75.194517,40.007567],[-75.194477,40.007552],[-75.194438,40.007537],[-75.194398,40.007522],[-75.194359,40.007506],[-75.19432,40.00749],[-75.194281,40.007474],[-75.194242,40.007457],[-75.194204,40.007441],[-75.194165,40.007424],[-75.194127,40.007406],[-75.194089,40.007389],[-75.194051,40.007371],[-75.194013,40.007354],[-75.193975,40.007336],[-75.193937,40.007317],[-75.193899,40.007299],[-75.193862,40.007281],[-75.193824,40.007262],[-75.193787,40.007244],[-75.193749,40.007225],[-75.193712,40.007207],[-75.193675,40.007188],[-75.193637,40.007169],[-75.1936,40.00715],[-75.193563,40.007132],[-75.193525,40.007113],[-75.193488,40.007094],[-75.193451,40.007076],[-75.193413,40.007057],[-75.193376,40.007039],[-75.193339,40.00702],[-75.193301,40.007002],[-75.193264,40.006984],[-75.193226,40.006966],[-75.193192,40.00695],[-75.193188,40.006948],[-75.19315,40.006929],[-75.193112,40.006911],[-75.193074,40.006893],[-75.193036,40.006874],[-75.192998,40.006856],[-75.192961,40.006837],[-75.192924,40.006817],[-75.192888,40.006798],[-75.192852,40.006777],[-75.192816,40.006757],[-75.192805,40.00675],[-75.192782,40.006736],[-75.192748,40.006714],[-75.192714,40.006692],[-75.192682,40.00667],[-75.19265,40.006646],[-75.19262,40.006622],[-75.19259,40.006597],[-75.192562,40.006572],[-75.192534,40.006545],[-75.192507,40.006518],[-75.19248,40.00649],[-75.192454,40.006463],[-75.192429,40.006434],[-75.192404,40.006406],[-75.19238,40.006377],[-75.192356,40.006347],[-75.192333,40.006318],[-75.192309,40.006289],[-75.192286,40.006259],[-75.192263,40.00623],[-75.19224,40.006201],[-75.192217,40.006171],[-75.192194,40.006142],[-75.192171,40.006113],[-75.192148,40.006084],[-75.192126,40.006054],[-75.192103,40.006024],[-75.192094,40.006012],[-75.192081,40.005995],[-75.192059,40.005965],[-75.192037,40.005935],[-75.192016,40.005904],[-75.191996,40.005874],[-75.191976,40.005843],[-75.191957,40.005813],[-75.191939,40.005782],[-75.191921,40.00575],[-75.191904,40.005719],[-75.191888,40.005687],[-75.191874,40.005655],[-75.191859,40.005623],[-75.191845,40.005591],[-75.19183,40.005559],[-75.191816,40.005526],[-75.191802,40.005494],[-75.191788,40.005461],[-75.191775,40.005429],[-75.191761,40.005396],[-75.191748,40.005364],[-75.191735,40.005331],[-75.191723,40.005298],[-75.19171,40.005265],[-75.191698,40.005232],[-75.191686,40.005199],[-75.191674,40.005166],[-75.191663,40.005133],[-75.191652,40.0051],[-75.191641,40.005066],[-75.19163,40.005033],[-75.19162,40.005],[-75.191611,40.004966],[-75.191601,40.004933],[-75.191592,40.004899],[-75.191584,40.004866],[-75.191576,40.004832],[-75.191568,40.004799],[-75.191561,40.004765],[-75.191554,40.004732],[-75.191547,40.004698],[-75.191541,40.004664],[-75.191535,40.004631],[-75.191529,40.004597],[-75.191523,40.004563],[-75.191517,40.004529],[-75.191511,40.004495],[-75.191505,40.004462],[-75.191499,40.004428],[-75.191493,40.004394],[-75.191487,40.00436],[-75.191481,40.004326],[-75.191475,40.004292],[-75.191469,40.004258],[-75.191464,40.004224],[-75.191458,40.00419],[-75.191452,40.004156],[-75.191447,40.004123],[-75.191441,40.004089],[-75.191436,40.004055],[-75.191431,40.00402],[-75.191426,40.003986],[-75.19142,40.003952],[-75.191415,40.003918],[-75.19141,40.003884],[-75.191406,40.00385],[-75.191401,40.003816],[-75.191396,40.003782],[-75.191392,40.003748],[-75.191387,40.003714],[-75.191383,40.00368],[-75.191379,40.003646],[-75.191375,40.003612],[-75.191371,40.003577],[-75.191367,40.003543],[-75.191363,40.003509],[-75.19136,40.003475],[-75.191357,40.003441],[-75.191353,40.003407],[-75.19135,40.003373],[-75.191347,40.003339],[-75.191345,40.003305],[-75.191342,40.00327],[-75.19134,40.003236],[-75.191338,40.003202],[-75.191336,40.003168],[-75.191334,40.003134],[-75.191332,40.0031],[-75.191331,40.003066],[-75.191329,40.003032],[-75.191328,40.002998],[-75.191327,40.002964],[-75.191327,40.00293],[-75.191326,40.002896],[-75.191326,40.002862],[-75.191326,40.002827],[-75.191326,40.002793],[-75.191326,40.002759],[-75.191327,40.002726],[-75.191328,40.002692],[-75.191329,40.002658],[-75.19133,40.002624],[-75.191332,40.00259],[-75.191333,40.002556],[-75.191335,40.002522],[-75.191337,40.002488],[-75.191339,40.002454],[-75.191342,40.00242],[-75.191344,40.002386],[-75.191347,40.002352],[-75.191349,40.002318],[-75.191352,40.002284],[-75.191355,40.00225],[-75.191358,40.002216],[-75.191362,40.002182],[-75.191365,40.002148],[-75.191368,40.002114],[-75.191372,40.00208],[-75.191376,40.002046],[-75.19138,40.002013],[-75.191384,40.001979],[-75.191388,40.001945],[-75.191392,40.001911],[-75.191397,40.001877],[-75.191401,40.001843],[-75.191406,40.001809],[-75.19141,40.001775],[-75.191415,40.001741],[-75.19142,40.001707],[-75.191425,40.001673],[-75.19143,40.001639],[-75.191435,40.001605],[-75.191441,40.001571],[-75.191446,40.001537],[-75.191451,40.001503],[-75.191457,40.001469],[-75.191463,40.001436],[-75.191468,40.001402],[-75.191474,40.001368],[-75.19148,40.001334],[-75.191486,40.0013],[-75.191492,40.001266],[-75.191498,40.001232],[-75.191504,40.001198],[-75.19151,40.001164],[-75.191516,40.00113],[-75.191523,40.001096],[-75.191529,40.001063],[-75.191535,40.001029],[-75.191542,40.000995],[-75.191548,40.000961],[-75.191555,40.000927],[-75.191561,40.000893],[-75.191568,40.000859],[-75.191575,40.000826],[-75.191581,40.000792],[-75.191588,40.000758],[-75.191595,40.000724],[-75.191601,40.00069],[-75.191608,40.000656],[-75.191615,40.000623],[-75.191622,40.000589],[-75.191629,40.000555],[-75.191636,40.000521],[-75.191642,40.000487],[-75.191649,40.000454],[-75.191656,40.00042],[-75.191663,40.000386],[-75.19167,40.000352],[-75.191677,40.000319],[-75.191684,40.000285],[-75.191691,40.000251],[-75.191698,40.000217],[-75.191704,40.000184],[-75.191711,40.00015],[-75.191718,40.000116],[-75.191725,40.000083],[-75.191732,40.000049],[-75.191739,40.000015],[-75.191746,39.999982],[-75.191753,39.999948],[-75.191761,39.999914],[-75.191768,39.999881],[-75.191776,39.999847],[-75.191783,39.999814],[-75.191791,39.99978],[-75.191798,39.999746],[-75.191806,39.999713],[-75.191814,39.999679],[-75.191822,39.999646],[-75.19183,39.999612],[-75.191838,39.999579],[-75.191846,39.999545],[-75.191855,39.999512],[-75.191863,39.999478],[-75.191871,39.999445],[-75.19188,39.999411],[-75.191888,39.999378],[-75.191896,39.999344],[-75.191905,39.999311],[-75.191914,39.999277],[-75.191922,39.999244],[-75.191931,39.99921],[-75.19194,39.999177],[-75.191948,39.999143],[-75.191957,39.99911],[-75.191966,39.999076],[-75.191975,39.999043],[-75.191984,39.999009],[-75.191993,39.998976],[-75.192002,39.998943],[-75.192011,39.998909],[-75.19202,39.998876],[-75.192029,39.998842],[-75.192038,39.998809],[-75.192047,39.998776],[-75.192056,39.998742],[-75.192065,39.998709],[-75.192074,39.998675],[-75.192083,39.998642],[-75.192092,39.998608],[-75.192101,39.998575],[-75.192111,39.998542],[-75.19212,39.998508],[-75.192129,39.998475],[-75.192138,39.998441],[-75.192147,39.998408],[-75.192156,39.998375],[-75.192165,39.998341],[-75.192174,39.998308],[-75.192183,39.998274],[-75.192193,39.998241],[-75.192202,39.998207],[-75.192211,39.998174],[-75.19222,39.998141],[-75.192229,39.998107],[-75.192238,39.998074],[-75.192247,39.99804],[-75.192255,39.998007],[-75.192264,39.997973],[-75.192273,39.99794],[-75.192282,39.997907],[-75.192291,39.997873],[-75.192299,39.99784],[-75.192308,39.997806],[-75.192317,39.997773],[-75.192325,39.997739],[-75.192342,39.997707],[-75.192357,39.997675],[-75.192373,39.997643],[-75.192389,39.997611],[-75.192404,39.997579],[-75.19242,39.997547],[-75.192435,39.997515],[-75.19245,39.997483],[-75.192465,39.99745],[-75.19248,39.997418],[-75.192495,39.997386],[-75.19251,39.997354],[-75.192525,39.997321],[-75.192539,39.997289],[-75.192554,39.997257],[-75.192569,39.997224],[-75.192584,39.997192],[-75.192598,39.99716],[-75.192613,39.997127],[-75.192628,39.997095],[-75.192643,39.997063],[-75.192657,39.99703],[-75.192672,39.996998],[-75.192687,39.996966],[-75.192702,39.996934],[-75.192718,39.996902],[-75.192733,39.996869],[-75.192748,39.996837],[-75.192764,39.996805],[-75.192779,39.996773],[-75.192795,39.996741],[-75.192811,39.99671],[-75.192827,39.996678],[-75.192843,39.996646],[-75.19286,39.996614],[-75.192876,39.996583],[-75.192893,39.996551],[-75.19291,39.99652],[-75.192927,39.996488],[-75.192945,39.996457],[-75.192962,39.996426],[-75.19298,39.996395],[-75.192999,39.996364],[-75.193017,39.996333],[-75.193036,39.996302],[-75.193055,39.996272],[-75.193074,39.996241],[-75.193094,39.996211],[-75.193114,39.996181],[-75.193134,39.99615],[-75.193155,39.99612],[-75.193176,39.99609],[-75.193196,39.99606],[-75.193217,39.99603],[-75.193238,39.996],[-75.19326,39.995971],[-75.193281,39.995941],[-75.193303,39.995911],[-75.193324,39.995881],[-75.193346,39.995852],[-75.193368,39.995822],[-75.193391,39.995792],[-75.193413,39.995763],[-75.193435,39.995733],[-75.193458,39.995704],[-75.193481,39.995675],[-75.193504,39.995645],[-75.193527,39.995616],[-75.19355,39.995587],[-75.193573,39.995558],[-75.193597,39.995529],[-75.19362,39.995499],[-75.193644,39.995471],[-75.193668,39.995442],[-75.193692,39.995413],[-75.193716,39.995384],[-75.19374,39.995355],[-75.193764,39.995327],[-75.193789,39.995298],[-75.193796,39.99529],[-75.193814,39.995269],[-75.193838,39.995241],[-75.193863,39.995212],[-75.193888,39.995184],[-75.193913,39.995156],[-75.193939,39.995128],[-75.193964,39.995099],[-75.193989,39.995071],[-75.194015,39.995043],[-75.194041,39.995015],[-75.194067,39.994988],[-75.194093,39.99496],[-75.194119,39.994932],[-75.194145,39.994904],[-75.194171,39.994877],[-75.194197,39.994849],[-75.194224,39.994822],[-75.19425,39.994794],[-75.194277,39.994767],[-75.194304,39.99474],[-75.194331,39.994713],[-75.194358,39.994686],[-75.194385,39.994659],[-75.194412,39.994632],[-75.194439,39.994605],[-75.194467,39.994579],[-75.194494,39.994552],[-75.194522,39.994525],[-75.19455,39.994499],[-75.194578,39.994472],[-75.194606,39.994446],[-75.194634,39.99442],[-75.194662,39.994394],[-75.194691,39.994367],[-75.194719,39.994341],[-75.194748,39.994315],[-75.194776,39.994289],[-75.194805,39.994263],[-75.194834,39.994238],[-75.194863,39.994212],[-75.194892,39.994186],[-75.194921,39.99416],[-75.19495,39.994135],[-75.19498,39.994109],[-75.195009,39.994084],[-75.195039,39.994058],[-75.195068,39.994033],[-75.195098,39.994007],[-75.195127,39.993982],[-75.195157,39.993956],[-75.195187,39.993931],[-75.195217,39.993906],[-75.195247,39.99388],[-75.195277,39.993855],[-75.195307,39.99383],[-75.195337,39.993805],[-75.195367,39.99378],[-75.195397,39.993755],[-75.195427,39.993729],[-75.195457,39.993704],[-75.195487,39.993679],[-75.195517,39.993654],[-75.195548,39.993629],[-75.195578,39.993604],[-75.195608,39.993579],[-75.195638,39.993554],[-75.195669,39.993529],[-75.195699,39.993504],[-75.195729,39.993479],[-75.19576,39.993454],[-75.19579,39.993429],[-75.19582,39.993404],[-75.19585,39.993379],[-75.195881,39.993354],[-75.195911,39.993329],[-75.195941,39.993304],[-75.195971,39.993278],[-75.196001,39.993253],[-75.196032,39.993228],[-75.196062,39.993203],[-75.196092,39.993178],[-75.196122,39.993153],[-75.196152,39.993128],[-75.196182,39.993102],[-75.196212,39.993077],[-75.196242,39.993052],[-75.196271,39.993026],[-75.196301,39.993001],[-75.196331,39.992976],[-75.196361,39.99295],[-75.19639,39.992925],[-75.19642,39.992899],[-75.196449,39.992874],[-75.196478,39.992848],[-75.196508,39.992823],[-75.196537,39.992797],[-75.196566,39.992771],[-75.196595,39.992745],[-75.196624,39.992719],[-75.196653,39.992694],[-75.196682,39.992668],[-75.19671,39.992642],[-75.196739,39.992616],[-75.196767,39.992589],[-75.196796,39.992563],[-75.196824,39.992537],[-75.196852,39.992511],[-75.19688,39.992484],[-75.196908,39.992458],[-75.196936,39.992431],[-75.196963,39.992404],[-75.196991,39.992378],[-75.197018,39.992351],[-75.197045,39.992324],[-75.197072,39.992297],[-75.197099,39.99227],[-75.197126,39.992243],[-75.197153,39.992216],[-75.19718,39.992189],[-75.197207,39.992162],[-75.197233,39.992135],[-75.19726,39.992107],[-75.197286,39.99208],[-75.197313,39.992053],[-75.197339,39.992025],[-75.197365,39.991998],[-75.197391,39.99197],[-75.197417,39.991943],[-75.197443,39.991915],[-75.197469,39.991887],[-75.197495,39.99186],[-75.197521,39.991832],[-75.197546,39.991804],[-75.197572,39.991776],[-75.197598,39.991748],[-75.197623,39.99172],[-75.197649,39.991693],[-75.197674,39.991665],[-75.197699,39.991637],[-75.197725,39.991609],[-75.19775,39.991581],[-75.197775,39.991552],[-75.1978,39.991524],[-75.197825,39.991496],[-75.19785,39.991468],[-75.197875,39.99144],[-75.1979,39.991412],[-75.197925,39.991383],[-75.19795,39.991355],[-75.197975,39.991327],[-75.198,39.991299],[-75.198025,39.99127],[-75.19805,39.991242],[-75.198074,39.991214],[-75.198099,39.991185],[-75.198124,39.991157],[-75.198149,39.991129],[-75.198173,39.9911],[-75.198198,39.991072],[-75.198223,39.991043],[-75.198247,39.991015],[-75.198272,39.990987],[-75.198296,39.990958],[-75.198321,39.99093],[-75.198346,39.990901],[-75.19837,39.990873],[-75.198395,39.990844],[-75.198419,39.990816],[-75.198444,39.990787],[-75.198469,39.990759],[-75.198493,39.990731],[-75.198518,39.990702],[-75.198542,39.990674],[-75.198567,39.990645],[-75.198592,39.990617],[-75.198616,39.990588],[-75.198641,39.99056],[-75.198666,39.990532],[-75.19869,39.990503],[-75.198715,39.990475],[-75.19874,39.990447],[-75.198765,39.990418],[-75.19879,39.99039],[-75.198814,39.990362],[-75.198839,39.990333],[-75.198864,39.990305],[-75.198889,39.990277],[-75.198914,39.990249],[-75.198939,39.99022],[-75.198964,39.990192],[-75.198989,39.990164],[-75.199014,39.990136],[-75.19904,39.990108],[-75.199065,39.99008],[-75.19909,39.990052],[-75.199115,39.990024],[-75.199141,39.989996],[-75.199166,39.989968],[-75.199192,39.98994],[-75.199217,39.989912],[-75.199243,39.989884],[-75.199269,39.989856],[-75.199294,39.989828],[-75.19932,39.989801],[-75.199346,39.989773],[-75.199372,39.989745],[-75.199398,39.989717],[-75.199424,39.98969],[-75.199449,39.989662],[-75.199475,39.989634],[-75.199501,39.989606],[-75.199527,39.989579],[-75.199553,39.989551],[-75.199578,39.989523],[-75.199604,39.989495],[-75.19963,39.989468],[-75.199656,39.98944],[-75.199682,39.989412],[-75.199708,39.989384],[-75.199733,39.989356],[-75.199759,39.989329],[-75.199785,39.989301],[-75.199811,39.989273],[-75.199837,39.989245],[-75.199863,39.989218],[-75.199889,39.98919],[-75.199915,39.989162],[-75.199941,39.989135],[-75.199967,39.989107],[-75.199993,39.989079],[-75.20002,39.989052],[-75.200046,39.989024],[-75.200072,39.988997],[-75.200098,39.988969],[-75.200125,39.988942],[-75.200151,39.988914],[-75.200177,39.988887],[-75.200204,39.988859],[-75.20023,39.988832],[-75.200257,39.988804],[-75.200283,39.988777],[-75.20031,39.98875],[-75.200337,39.988723],[-75.200364,39.988695],[-75.20039,39.988668],[-75.200417,39.988641],[-75.200444,39.988614],[-75.200471,39.988587],[-75.200498,39.98856],[-75.200526,39.988533],[-75.200553,39.988506],[-75.20058,39.988479],[-75.200608,39.988452],[-75.200635,39.988426],[-75.200663,39.988399],[-75.20069,39.988372],[-75.200718,39.988346],[-75.200746,39.988319],[-75.200774,39.988293],[-75.200802,39.988266],[-75.20083,39.98824],[-75.200858,39.988214],[-75.200887,39.988187],[-75.200915,39.988161],[-75.200943,39.988135],[-75.200972,39.988109],[-75.201001,39.988083],[-75.20103,39.988057],[-75.201059,39.988032],[-75.201088,39.988006],[-75.201117,39.98798],[-75.201146,39.987955],[-75.201175,39.987929],[-75.201205,39.987904],[-75.201234,39.987878],[-75.201264,39.987853],[-75.201294,39.987828],[-75.201323,39.987802],[-75.201353,39.987777],[-75.201383,39.987752],[-75.201413,39.987727],[-75.201443,39.987702],[-75.201474,39.987677],[-75.201504,39.987652],[-75.201534,39.987627],[-75.201565,39.987602],[-75.201595,39.987577],[-75.201626,39.987553],[-75.201656,39.987528],[-75.201687,39.987503],[-75.201717,39.987479],[-75.201748,39.987454],[-75.201779,39.987429],[-75.20181,39.987405],[-75.201841,39.98738],[-75.201872,39.987356],[-75.201903,39.987331],[-75.201933,39.987307],[-75.201965,39.987282],[-75.201996,39.987258],[-75.202027,39.987233],[-75.202058,39.987209],[-75.202089,39.987185],[-75.20212,39.98716],[-75.202151,39.987136],[-75.202182,39.987112],[-75.202213,39.987087],[-75.202245,39.987063],[-75.202276,39.987039],[-75.202307,39.987014],[-75.202338,39.98699],[-75.202369,39.986966],[-75.202401,39.986941],[-75.202432,39.986917],[-75.202463,39.986893],[-75.202494,39.986868],[-75.202525,39.986844],[-75.202556,39.986819],[-75.202588,39.986795],[-75.202619,39.986771],[-75.20265,39.986746],[-75.202681,39.986722],[-75.202712,39.986697],[-75.202743,39.986673],[-75.202774,39.986648],[-75.202805,39.986624],[-75.202835,39.986599],[-75.202866,39.986575],[-75.202897,39.98655],[-75.202928,39.986526],[-75.202958,39.986501],[-75.202989,39.986476],[-75.20302,39.986452],[-75.20305,39.986427],[-75.203081,39.986402],[-75.203111,39.986377],[-75.203141,39.986352],[-75.203172,39.986327],[-75.203202,39.986302],[-75.203232,39.986277],[-75.203262,39.986252],[-75.203292,39.986227],[-75.203322,39.986202],[-75.203352,39.986177],[-75.203381,39.986152],[-75.203411,39.986126],[-75.20344,39.986101],[-75.20347,39.986075],[-75.203499,39.98605],[-75.203528,39.986024],[-75.203558,39.985999],[-75.203588,39.985973],[-75.203618,39.985947],[-75.203649,39.985921],[-75.20368,39.985895],[-75.203711,39.985869],[-75.203743,39.985843],[-75.203774,39.985817],[-75.203805,39.98579],[-75.203836,39.985764],[-75.203867,39.985737],[-75.203898,39.98571],[-75.203923,39.985688],[-75.203928,39.985683],[-75.203958,39.985656],[-75.203987,39.985629],[-75.204015,39.985601],[-75.204043,39.985573],[-75.20407,39.985545],[-75.204096,39.985517],[-75.20412,39.985488],[-75.204144,39.98546],[-75.204167,39.985431],[-75.204189,39.985402],[-75.204209,39.985372],[-75.204227,39.985342],[-75.204245,39.985312],[-75.20426,39.985282],[-75.204274,39.985251],[-75.204287,39.98522],[-75.204297,39.985189],[-75.204306,39.985158],[-75.204314,39.985126],[-75.204322,39.985094],[-75.204329,39.985061],[-75.204334,39.985028],[-75.204339,39.984995],[-75.204344,39.984962],[-75.204347,39.984929],[-75.20435,39.984895],[-75.204353,39.984861],[-75.204354,39.984828],[-75.204355,39.984793],[-75.204355,39.984759],[-75.204355,39.984725],[-75.204354,39.98469],[-75.204353,39.984655],[-75.20435,39.984621],[-75.204348,39.984586],[-75.204345,39.984551],[-75.204341,39.984516],[-75.204337,39.984481],[-75.204333,39.984446],[-75.204328,39.984411],[-75.204323,39.984376],[-75.204317,39.984341],[-75.204311,39.984306],[-75.204305,39.984271],[-75.204298,39.984236],[-75.204291,39.984201],[-75.204284,39.984166],[-75.204276,39.984132],[-75.204268,39.984097],[-75.20426,39.984063],[-75.204252,39.984028],[-75.204244,39.983994],[-75.204235,39.98396],[-75.204226,39.983926],[-75.204218,39.983893],[-75.204209,39.983859],[-75.2042,39.983826],[-75.20419,39.983793],[-75.204181,39.98376],[-75.204172,39.983727],[-75.204163,39.983693],[-75.204153,39.98366],[-75.204144,39.983626],[-75.204134,39.983593],[-75.204125,39.983559],[-75.204115,39.983526],[-75.204105,39.983492],[-75.204095,39.983458],[-75.204085,39.983425],[-75.204075,39.983391],[-75.204064,39.983357],[-75.204054,39.983323],[-75.204043,39.98329],[-75.204032,39.983256],[-75.204021,39.983222],[-75.20401,39.983189],[-75.203998,39.983155],[-75.203986,39.983122],[-75.203974,39.983088],[-75.203962,39.983055],[-75.20395,39.983021],[-75.203937,39.982988],[-75.203924,39.982955],[-75.203911,39.982922],[-75.203898,39.982889],[-75.203884,39.982856],[-75.20387,39.982823],[-75.203856,39.98279],[-75.203841,39.982757],[-75.203827,39.982725],[-75.203811,39.982693],[-75.203796,39.98266],[-75.20378,39.982628],[-75.203764,39.982596],[-75.203748,39.982565],[-75.203731,39.982533],[-75.203714,39.982501],[-75.203696,39.98247],[-75.203678,39.982439],[-75.20366,39.982408],[-75.203641,39.982378],[-75.203622,39.982347],[-75.203603,39.982317],[-75.203583,39.982287],[-75.203562,39.982257],[-75.203542,39.982227],[-75.20352,39.982198],[-75.203499,39.982169],[-75.203477,39.98214],[-75.203454,39.982111],[-75.203431,39.982083],[-75.203408,39.982054],[-75.203385,39.982026],[-75.203361,39.981998],[-75.203337,39.98197],[-75.203313,39.981942],[-75.203288,39.981914],[-75.203264,39.981886],[-75.203239,39.981858],[-75.203213,39.98183],[-75.203188,39.981802],[-75.203162,39.981775],[-75.203137,39.981747],[-75.20311,39.98172],[-75.203084,39.981692],[-75.203058,39.981665],[-75.203031,39.981638],[-75.203004,39.981611],[-75.202977,39.981584],[-75.202949,39.981557],[-75.202922,39.98153],[-75.202894,39.981503],[-75.202866,39.981476],[-75.202838,39.98145],[-75.20281,39.981423],[-75.202781,39.981397],[-75.202753,39.98137],[-75.202724,39.981344],[-75.202695,39.981318],[-75.202666,39.981292],[-75.202636,39.981265],[-75.202607,39.981239],[-75.202577,39.981214],[-75.202547,39.981188],[-75.202517,39.981162],[-75.202487,39.981136],[-75.202457,39.981111],[-75.202427,39.981085],[-75.202396,39.98106],[-75.202365,39.981035],[-75.202335,39.98101],[-75.202304,39.980984],[-75.202273,39.980959],[-75.202242,39.980935],[-75.20221,39.98091],[-75.202179,39.980885],[-75.202147,39.98086],[-75.202116,39.980836],[-75.202084,39.980811],[-75.202052,39.980787],[-75.20202,39.980763],[-75.201988,39.980738],[-75.201956,39.980714],[-75.201924,39.98069],[-75.201892,39.980666],[-75.20186,39.980643],[-75.201827,39.980619],[-75.201795,39.980595],[-75.201762,39.980572],[-75.20173,39.980548],[-75.201697,39.980525],[-75.201665,39.980502],[-75.201632,39.980478],[-75.201599,39.980455],[-75.201566,39.980432],[-75.201533,39.980409],[-75.2015,39.980387],[-75.201468,39.980364],[-75.201435,39.980341],[-75.201402,39.980319],[-75.201369,39.980297],[-75.201335,39.980274],[-75.201302,39.980252],[-75.201268,39.98023],[-75.201235,39.980209],[-75.201201,39.980187],[-75.201167,39.980165],[-75.201133,39.980144],[-75.201098,39.980123],[-75.201064,39.980101],[-75.201029,39.98008],[-75.200994,39.980059],[-75.200959,39.980039],[-75.200924,39.980018],[-75.200889,39.979997],[-75.200854,39.979977],[-75.200818,39.979956],[-75.200783,39.979936],[-75.200747,39.979916],[-75.200711,39.979896],[-75.200675,39.979876],[-75.200639,39.979856],[-75.200603,39.979836],[-75.200567,39.979817],[-75.200531,39.979797],[-75.200494,39.979778],[-75.200458,39.979758],[-75.200421,39.979739],[-75.200384,39.97972],[-75.200347,39.979701],[-75.20031,39.979682],[-75.200273,39.979663],[-75.200236,39.979644],[-75.200199,39.979625],[-75.200162,39.979606],[-75.200125,39.979587],[-75.200087,39.979568],[-75.20005,39.97955],[-75.200012,39.979531],[-75.199975,39.979513],[-75.199937,39.979494],[-75.1999,39.979476],[-75.199862,39.979458],[-75.199824,39.979439],[-75.199786,39.979421],[-75.199749,39.979403],[-75.199711,39.979385],[-75.199673,39.979367],[-75.199635,39.979348],[-75.199597,39.97933],[-75.199559,39.979312],[-75.199521,39.979294],[-75.199483,39.979276],[-75.199445,39.979258],[-75.199407,39.97924],[-75.199369,39.979222],[-75.199331,39.979204],[-75.199293,39.979187],[-75.199255,39.979169],[-75.199217,39.979151],[-75.199179,39.979133],[-75.199141,39.979115],[-75.199103,39.979097],[-75.199065,39.979079],[-75.199027,39.979061],[-75.198989,39.979044],[-75.198952,39.979026],[-75.198914,39.979008],[-75.198876,39.97899],[-75.198838,39.978972],[-75.1988,39.978954],[-75.198763,39.978936],[-75.198725,39.978918],[-75.198687,39.9789],[-75.198649,39.978883],[-75.198611,39.978865],[-75.198573,39.978848],[-75.198535,39.97883],[-75.198497,39.978813],[-75.198458,39.978796],[-75.19842,39.978779],[-75.198382,39.978762],[-75.198343,39.978745],[-75.198305,39.978728],[-75.198266,39.978711],[-75.198227,39.978694],[-75.198189,39.978677],[-75.19815,39.978661],[-75.198111,39.978644],[-75.198072,39.978627],[-75.198033,39.978611],[-75.197994,39.978594],[-75.197955,39.978578],[-75.197916,39.978562],[-75.197877,39.978545],[-75.197838,39.978529],[-75.197799,39.978513],[-75.19776,39.978496],[-75.19772,39.97848],[-75.197681,39.978464],[-75.197642,39.978448],[-75.197603,39.978432],[-75.197563,39.978416],[-75.197524,39.978399],[-75.197485,39.978383],[-75.197446,39.978367],[-75.197406,39.978351],[-75.197367,39.978335],[-75.197328,39.978319],[-75.197288,39.978303],[-75.197249,39.978287],[-75.19721,39.978271],[-75.197171,39.978255],[-75.197131,39.978239],[-75.197092,39.978223],[-75.197053,39.978206],[-75.197014,39.97819],[-75.196975,39.978174],[-75.196935,39.978158],[-75.196896,39.978142],[-75.196857,39.978125],[-75.196818,39.978109],[-75.196779,39.978093],[-75.19674,39.978076],[-75.196701,39.97806],[-75.196662,39.978044],[-75.196623,39.978027],[-75.196585,39.978011],[-75.196546,39.977994],[-75.196507,39.977977],[-75.196468,39.977961],[-75.19643,39.977944],[-75.196391,39.977927],[-75.196353,39.97791],[-75.196314,39.977893],[-75.196276,39.977876],[-75.196238,39.977859],[-75.196199,39.977842],[-75.196161,39.977824],[-75.196123,39.977807],[-75.196085,39.97779],[-75.196047,39.977772],[-75.19601,39.977754],[-75.195972,39.977737],[-75.195934,39.977719],[-75.195897,39.977701],[-75.195859,39.977683],[-75.195822,39.977665],[-75.195785,39.977647],[-75.195748,39.977628],[-75.19571,39.97761],[-75.195674,39.977591],[-75.195637,39.977573],[-75.1956,39.977554],[-75.195563,39.977535],[-75.195527,39.977516],[-75.195491,39.977497],[-75.195454,39.977477],[-75.195419,39.977457],[-75.195383,39.977437],[-75.195348,39.977417],[-75.195313,39.977396],[-75.195278,39.977376],[-75.195243,39.977355],[-75.195208,39.977333],[-75.195174,39.977312],[-75.19514,39.97729],[-75.195106,39.977268],[-75.195072,39.977246],[-75.195039,39.977224],[-75.195005,39.977202],[-75.194972,39.977179],[-75.194939,39.977156],[-75.194906,39.977133],[-75.194873,39.97711],[-75.194841,39.977087],[-75.194808,39.977064],[-75.194776,39.97704],[-75.194743,39.977017],[-75.194711,39.976993],[-75.194679,39.976969],[-75.194647,39.976945],[-75.194615,39.976921],[-75.194583,39.976897],[-75.194552,39.976873],[-75.19452,39.976849],[-75.194489,39.976824],[-75.194457,39.9768],[-75.194426,39.976776],[-75.194394,39.976751],[-75.194363,39.976727],[-75.194331,39.976703],[-75.1943,39.976678],[-75.194269,39.976654],[-75.194237,39.976629],[-75.194206,39.976605],[-75.194175,39.976581],[-75.194144,39.976556],[-75.194112,39.976532],[-75.194081,39.976508],[-75.19405,39.976484],[-75.194018,39.976459],[-75.193987,39.976435],[-75.193955,39.976411],[-75.193924,39.976387],[-75.193892,39.976363],[-75.193865,39.976342],[-75.193861,39.976339],[-75.19383,39.976314],[-75.193799,39.976289],[-75.193769,39.976264],[-75.193739,39.976239],[-75.193709,39.976213],[-75.19368,39.976187],[-75.193651,39.976161],[-75.193623,39.976134],[-75.193596,39.976107],[-75.193569,39.97608],[-75.193542,39.976053],[-75.193517,39.976025],[-75.193492,39.975997],[-75.193468,39.975968],[-75.193445,39.975939],[-75.193422,39.97591],[-75.1934,39.975881],[-75.193378,39.975851],[-75.193357,39.975822],[-75.193335,39.975792],[-75.193314,39.975762],[-75.193294,39.975731],[-75.193273,39.975701],[-75.193253,39.975671],[-75.193233,39.97564],[-75.193214,39.975609],[-75.193195,39.975578],[-75.193176,39.975547],[-75.193157,39.975516],[-75.193139,39.975485],[-75.193121,39.975453],[-75.193103,39.975422],[-75.193086,39.97539],[-75.193071,39.975362],[-75.193214,39.975347],[-75.194234,39.975241],[-75.194352,39.975229],[-75.194406,39.975223],[-75.194612,39.975201],[-75.194663,39.975196],[-75.1949,39.975171],[-75.195414,39.975112],[-75.195758,39.975073],[-75.19827,39.974791],[-75.1984,39.974778],[-75.198812,39.974731],[-75.198996,39.974711],[-75.199508,39.974656],[-75.201739,39.974404],[-75.203156,39.974254],[-75.203723,39.974191],[-75.204364,39.974427],[-75.206629,39.975257],[-75.20691,39.975363],[-75.207894,39.975727],[-75.208602,39.975991],[-75.209324,39.97626],[-75.210361,39.976645],[-75.211292,39.976992],[-75.213473,39.9778],[-75.213307,39.977226],[-75.213125,39.976555],[-75.213012,39.976147],[-75.212618,39.974731],[-75.212424,39.973993],[-75.212215,39.973252],[-75.212823,39.973183],[-75.21389,39.973063],[-75.216334,39.9728],[-75.21777,39.972636],[-75.21842,39.973033],[-75.219483,39.973674],[-75.219657,39.973779],[-75.22045,39.974255],[-75.220645,39.974367],[-75.221501,39.974764],[-75.222477,39.975221],[-75.223579,39.975732],[-75.224368,39.976102],[-75.226065,39.976894],[-75.226768,39.97722],[-75.227135,39.977389],[-75.230173,39.978804],[-75.230799,39.979101],[-75.2321,39.979703],[-75.232424,39.979807],[-75.232841,39.979973],[-75.233963,39.980383],[-75.234072,39.980335],[-75.235691,39.980813],[-75.236166,39.980979],[-75.239045,39.98196],[-75.238747,39.982391],[-75.238615,39.982611],[-75.23805,39.983552],[-75.237243,39.984849],[-75.237393,39.984863],[-75.237776,39.984987],[-75.238233,39.985042],[-75.239659,39.985168],[-75.240156,39.985223],[-75.241263,39.985325],[-75.242884,39.985498],[-75.24342,39.985555],[-75.243887,39.985594],[-75.244241,39.98564],[-75.244493,39.985676],[-75.244673,39.985729],[-75.24482,39.985804],[-75.244991,39.9859],[-75.245106,39.986],[-75.24518,39.986104],[-75.245481,39.986629],[-75.246333,39.988094],[-75.24642,39.988276],[-75.246742,39.988353],[-75.247048,39.988432],[-75.247407,39.988556],[-75.247679,39.988689],[-75.248119,39.988955],[-75.248494,39.989315],[-75.248691,39.989551],[-75.248872,39.989792],[-75.249098,39.990095],[-75.249164,39.990224],[-75.249174,39.99037],[-75.249191,39.990572],[-75.248013,39.991126],[-75.245686,39.992219],[-75.241653,39.994114],[-75.235288,39.997097],[-75.234311,39.997553],[-75.233231,39.998057],[-75.232153,39.998559],[-75.23089,39.999148],[-75.229455,39.99982],[-75.228378,40.000326],[-75.227508,40.000735],[-75.226416,40.001248],[-75.223632,40.002556],[-75.220698,40.003934],[-75.219226,40.004625],[-75.214572,40.006811],[-75.213757,40.007155],[-75.213048,40.007455],[-75.210769,40.008561],[-75.208922,40.009456],[-75.208301,40.009751],[-75.208029,40.009879],[-75.207317,40.010217],[-75.207311,40.010281],[-75.207299,40.010403],[-75.207287,40.010536],[-75.207264,40.010776],[-75.207254,40.010885],[-75.20724,40.011024],[-75.206994,40.011205],[-75.206165,40.011817],[-75.206133,40.011798],[-75.206099,40.011777],[-75.206064,40.011755],[-75.206029,40.011734],[-75.206001,40.011717]]]},"properties":{"ward_num":"52"}},{"type":"Feature","geometry":{"type":"Polygon","coordinates":[[[-75.114,39.996155],[-75.11339,39.996503],[-75.112215,39.995182],[-75.111372,39.994221],[-75.110262,39.992966],[-75.109712,39.992344],[-75.10953,39.992133],[-75.109343,39.991919],[-75.10887,39.991377],[-75.108757,39.991247],[-75.108316,39.990741],[-75.108017,39.99041],[-75.107732,39.990089],[-75.107342,39.989654],[-75.10705,39.989322],[-75.106751,39.98899],[-75.106328,39.988533],[-75.105918,39.988046],[-75.105483,39.987562],[-75.105068,39.987083],[-75.104719,39.98668],[-75.104368,39.986283],[-75.104049,39.985916],[-75.103727,39.985555],[-75.103368,39.985139],[-75.103002,39.98473],[-75.1025,39.984187],[-75.10222,39.983863],[-75.10194,39.983548],[-75.101731,39.983307],[-75.101441,39.982983],[-75.101014,39.98247],[-75.100821,39.982225],[-75.100685,39.982077],[-75.100683,39.982075],[-75.100597,39.981981],[-75.099645,39.980954],[-75.09782,39.978862],[-75.093833,39.974383],[-75.096076,39.973942],[-75.099183,39.973266],[-75.101354,39.972727],[-75.103173,39.972212],[-75.105078,39.971604],[-75.106157,39.9712],[-75.111538,39.977693],[-75.111599,39.97775],[-75.11165,39.977808],[-75.111762,39.977935],[-75.111791,39.977968],[-75.111976,39.978189],[-75.112157,39.978412],[-75.112336,39.978637],[-75.112514,39.978862],[-75.112751,39.979156],[-75.112924,39.979383],[-75.113011,39.979497],[-75.113097,39.979611],[-75.113269,39.979838],[-75.113442,39.980065],[-75.113615,39.980293],[-75.113666,39.980359],[-75.113789,39.980519],[-75.113964,39.980745],[-75.114141,39.98097],[-75.114253,39.98111],[-75.114321,39.981194],[-75.114507,39.981416],[-75.1147,39.981633],[-75.114902,39.981846],[-75.114958,39.981901],[-75.115112,39.982053],[-75.115327,39.982257],[-75.115547,39.98246],[-75.115767,39.982661],[-75.115987,39.982863],[-75.116077,39.982947],[-75.116205,39.983066],[-75.116424,39.983268],[-75.116644,39.98347],[-75.116863,39.983672],[-75.117084,39.983873],[-75.117303,39.984075],[-75.117523,39.984277],[-75.117559,39.98431],[-75.117744,39.984478],[-75.11797,39.984675],[-75.118201,39.984869],[-75.118436,39.985061],[-75.118672,39.985251],[-75.118931,39.98546],[-75.119005,39.98552],[-75.119242,39.98571],[-75.119478,39.985901],[-75.119714,39.986091],[-75.119952,39.986281],[-75.120192,39.986469],[-75.120435,39.986653],[-75.120685,39.986834],[-75.120938,39.987012],[-75.12119,39.987191],[-75.121438,39.987372],[-75.121679,39.987558],[-75.121707,39.987581],[-75.121911,39.987752],[-75.122137,39.987949],[-75.122361,39.988147],[-75.122583,39.988346],[-75.122805,39.988547],[-75.123026,39.988749],[-75.123245,39.988951],[-75.123463,39.989154],[-75.123681,39.989357],[-75.123899,39.98956],[-75.124117,39.989763],[-75.124335,39.989967],[-75.124553,39.99017],[-75.124683,39.99029],[-75.124523,39.990377],[-75.124362,39.990456],[-75.12369,39.990845],[-75.122562,39.991437],[-75.121554,39.992009],[-75.120312,39.992682],[-75.119697,39.993026],[-75.118275,39.993813],[-75.118046,39.993935],[-75.115781,39.995177],[-75.11489,39.995659],[-75.114441,39.995912],[-75.114,39.996155]]]},"properties":{"ward_num":"25"}},{"type":"Feature","geometry":{"type":"Polygon","coordinates":[[[-75.130901,39.990899],[-75.128977,39.99065],[-75.127033,39.990395],[-75.12595,39.990239],[-75.125835,39.990159],[-75.125494,39.989846],[-75.124683,39.99029],[-75.124553,39.99017],[-75.124335,39.989967],[-75.124117,39.989763],[-75.123899,39.98956],[-75.123681,39.989357],[-75.123463,39.989154],[-75.123245,39.988951],[-75.123026,39.988749],[-75.122805,39.988547],[-75.122583,39.988346],[-75.122361,39.988147],[-75.122137,39.987949],[-75.121911,39.987752],[-75.121707,39.987581],[-75.121679,39.987558],[-75.121438,39.987372],[-75.12119,39.987191],[-75.120938,39.987012],[-75.120685,39.986834],[-75.120435,39.986653],[-75.120192,39.986469],[-75.119952,39.986281],[-75.119714,39.986091],[-75.119478,39.985901],[-75.119242,39.98571],[-75.119005,39.98552],[-75.118931,39.98546],[-75.118672,39.985251],[-75.118436,39.985061],[-75.118201,39.984869],[-75.11797,39.984675],[-75.117744,39.984478],[-75.117559,39.98431],[-75.117523,39.984277],[-75.117303,39.984075],[-75.117084,39.983873],[-75.116863,39.983672],[-75.116644,39.98347],[-75.116424,39.983268],[-75.116205,39.983066],[-75.116077,39.982947],[-75.115987,39.982863],[-75.115767,39.982661],[-75.115547,39.98246],[-75.115327,39.982257],[-75.115112,39.982053],[-75.114958,39.981901],[-75.114902,39.981846],[-75.1147,39.981633],[-75.114507,39.981416],[-75.114321,39.981194],[-75.114253,39.98111],[-75.114141,39.98097],[-75.113964,39.980745],[-75.113789,39.980519],[-75.113666,39.980359],[-75.113615,39.980293],[-75.113442,39.980065],[-75.113269,39.979838],[-75.113097,39.979611],[-75.113011,39.979497],[-75.112924,39.979383],[-75.112751,39.979156],[-75.112514,39.978862],[-75.112336,39.978637],[-75.112157,39.978412],[-75.111976,39.978189],[-75.111791,39.977968],[-75.111762,39.977935],[-75.11165,39.977808],[-75.111599,39.97775],[-75.111538,39.977693],[-75.106157,39.9712],[-75.106757,39.970975],[-75.110514,39.969518],[-75.112889,39.968539],[-75.11945,39.965683],[-75.11967,39.965576],[-75.122223,39.970194],[-75.122035,39.970577],[-75.121809,39.970935],[-75.121438,39.971301],[-75.121212,39.971498],[-75.120233,39.972397],[-75.120763,39.972731],[-75.12269,39.973964],[-75.123393,39.974413],[-75.123845,39.974704],[-75.124323,39.975012],[-75.124713,39.975257],[-75.125205,39.975567],[-75.125302,39.975601],[-75.126138,39.976091],[-75.126544,39.976329],[-75.126963,39.976571],[-75.127071,39.976632],[-75.127404,39.976855],[-75.127571,39.976928],[-75.128631,39.977543],[-75.129512,39.978056],[-75.129954,39.978311],[-75.130451,39.978598],[-75.130923,39.978873],[-75.131779,39.979374],[-75.133031,39.980101],[-75.133192,39.980144],[-75.132882,39.981555],[-75.132883,39.981641],[-75.132548,39.983176],[-75.13252,39.983283],[-75.13221,39.984751],[-75.13191,39.986151],[-75.131909,39.986316],[-75.131834,39.986528],[-75.131679,39.987239],[-75.131561,39.987808],[-75.131243,39.989305],[-75.130901,39.990899]]]},"properties":{"ward_num":"31"}},{"type":"Feature","geometry":{"type":"Polygon","coordinates":[[[-75.143991,39.983079],[-75.143366,39.982997],[-75.143068,39.982959],[-75.142733,39.982917],[-75.142222,39.98285],[-75.141747,39.98279],[-75.141284,39.982729],[-75.14083,39.982669],[-75.140373,39.982611],[-75.13987,39.982546],[-75.139367,39.982482],[-75.13892,39.982421],[-75.138813,39.982409],[-75.138141,39.982322],[-75.137446,39.982232],[-75.136851,39.982156],[-75.136316,39.982086],[-75.135783,39.982019],[-75.134872,39.981897],[-75.133925,39.981779],[-75.133413,39.981707],[-75.132883,39.981641],[-75.132882,39.981555],[-75.133192,39.980144],[-75.133031,39.980101],[-75.131779,39.979374],[-75.130923,39.978873],[-75.130451,39.978598],[-75.129954,39.978311],[-75.129512,39.978056],[-75.128631,39.977543],[-75.127571,39.976928],[-75.127404,39.976855],[-75.127071,39.976632],[-75.126963,39.976571],[-75.126544,39.976329],[-75.126138,39.976091],[-75.125302,39.975601],[-75.125205,39.975567],[-75.124713,39.975257],[-75.124323,39.975012],[-75.123845,39.974704],[-75.123393,39.974413],[-75.12269,39.973964],[-75.120763,39.972731],[-75.120233,39.972397],[-75.121212,39.971498],[-75.121438,39.971301],[-75.121809,39.970935],[-75.122035,39.970577],[-75.122223,39.970194],[-75.11967,39.965576],[-75.123369,39.963784],[-75.126066,39.962405],[-75.1287,39.966987],[-75.129518,39.966647],[-75.129771,39.966592],[-75.131785,39.965794],[-75.13369,39.965041],[-75.13435,39.964487],[-75.134417,39.964777],[-75.134417,39.965346],[-75.134412,39.966103],[-75.134419,39.966733],[-75.134421,39.96692],[-75.134423,39.967029],[-75.134425,39.967604],[-75.134431,39.968801],[-75.135145,39.968697],[-75.135357,39.968736],[-75.135741,39.968805],[-75.136226,39.968891],[-75.136793,39.968999],[-75.137255,39.969084],[-75.137766,39.969178],[-75.138008,39.969227],[-75.1385,39.96932],[-75.138592,39.969339],[-75.139001,39.969415],[-75.139581,39.969524],[-75.140668,39.969662],[-75.14152,39.969767],[-75.142372,39.969875],[-75.143097,39.969964],[-75.143592,39.970021],[-75.144067,39.97008],[-75.14502,39.9702],[-75.145863,39.970309],[-75.146547,39.97039],[-75.146322,39.971573],[-75.146085,39.972843],[-75.145828,39.974222],[-75.145563,39.975648],[-75.145449,39.976237],[-75.145294,39.977079],[-75.145013,39.978607],[-75.144894,39.97924],[-75.14473,39.980107],[-75.144454,39.981606],[-75.144172,39.983102],[-75.143991,39.983079]]]},"properties":{"ward_num":"18"}},{"type":"Feature","geometry":{"type":"Polygon","coordinates":[[[-75.211292,39.976992],[-75.210361,39.976645],[-75.209324,39.97626],[-75.208602,39.975991],[-75.207894,39.975727],[-75.20691,39.975363],[-75.206629,39.975257],[-75.204364,39.974427],[-75.203723,39.974191],[-75.204317,39.974127],[-75.204179,39.973405],[-75.204059,39.972711],[-75.203968,39.972266],[-75.203921,39.972021],[-75.203874,39.97177],[-75.20374,39.971022],[-75.203724,39.970938],[-75.203604,39.97027],[-75.203453,39.9695],[-75.203261,39.968457],[-75.203162,39.967933],[-75.20306,39.967405],[-75.202856,39.966294],[-75.202643,39.965179],[-75.202541,39.964618],[-75.202438,39.964062],[-75.202336,39.963505],[-75.202259,39.963095],[-75.201931,39.962905],[-75.202364,39.962869],[-75.202303,39.962277],[-75.202297,39.962231],[-75.202268,39.961953],[-75.202237,39.961653],[-75.202198,39.961258],[-75.202105,39.960415],[-75.202014,39.959518],[-75.201974,39.959186],[-75.201836,39.957881],[-75.201826,39.957836],[-75.201956,39.957158],[-75.203407,39.957339],[-75.204148,39.957431],[-75.205039,39.957541],[-75.206078,39.957668],[-75.208131,39.957925],[-75.209424,39.958083],[-75.209593,39.958104],[-75.211043,39.958285],[-75.21302,39.958527],[-75.214022,39.958653],[-75.217004,39.959025],[-75.216194,39.962486],[-75.216183,39.962555],[-75.21629,39.963396],[-75.216317,39.96357],[-75.216337,39.96374],[-75.216379,39.964104],[-75.216446,39.964639],[-75.216519,39.965223],[-75.216612,39.965795],[-75.216661,39.966346],[-75.216802,39.967469],[-75.216922,39.968392],[-75.216998,39.968979],[-75.217174,39.97036],[-75.217439,39.972444],[-75.21777,39.972636],[-75.216334,39.9728],[-75.21389,39.973063],[-75.212823,39.973183],[-75.212215,39.973252],[-75.212424,39.973993],[-75.212618,39.974731],[-75.213012,39.976147],[-75.213125,39.976555],[-75.213307,39.977226],[-75.213473,39.9778],[-75.211292,39.976992]]]},"properties":{"ward_num":"6"}},{"type":"Feature","geometry":{"type":"Polygon","coordinates":[[[-75.193071,39.975362],[-75.193069,39.975359],[-75.193052,39.975327],[-75.193036,39.975295],[-75.193019,39.975263],[-75.193004,39.975231],[-75.192988,39.975199],[-75.192973,39.975167],[-75.192958,39.975135],[-75.192943,39.975103],[-75.192929,39.975071],[-75.192914,39.975039],[-75.192899,39.975006],[-75.192885,39.974974],[-75.192871,39.974942],[-75.192856,39.97491],[-75.192842,39.974878],[-75.192828,39.974845],[-75.192813,39.974813],[-75.192799,39.974781],[-75.192785,39.974748],[-75.192771,39.974716],[-75.192757,39.974684],[-75.192743,39.974651],[-75.192729,39.974619],[-75.192715,39.974587],[-75.192701,39.974554],[-75.192687,39.974522],[-75.192673,39.97449],[-75.192659,39.974457],[-75.192645,39.974425],[-75.192632,39.974392],[-75.192618,39.97436],[-75.192604,39.974327],[-75.19259,39.974295],[-75.192577,39.974263],[-75.192563,39.97423],[-75.19255,39.974198],[-75.192536,39.974165],[-75.192523,39.974133],[-75.192509,39.9741],[-75.192496,39.974068],[-75.192482,39.974035],[-75.192469,39.974003],[-75.192455,39.97397],[-75.192442,39.973937],[-75.192428,39.973905],[-75.192415,39.973872],[-75.192402,39.97384],[-75.192388,39.973807],[-75.192375,39.973775],[-75.192362,39.973742],[-75.192349,39.97371],[-75.192335,39.973677],[-75.192322,39.973644],[-75.192309,39.973612],[-75.192296,39.973579],[-75.192282,39.973547],[-75.192269,39.973514],[-75.192256,39.973482],[-75.192243,39.973449],[-75.19223,39.973416],[-75.192216,39.973384],[-75.192203,39.973351],[-75.19219,39.973319],[-75.192177,39.973286],[-75.192164,39.973253],[-75.192151,39.973221],[-75.192137,39.973188],[-75.192124,39.973156],[-75.192111,39.973123],[-75.192098,39.97309],[-75.192085,39.973058],[-75.192072,39.973025],[-75.192058,39.972992],[-75.192045,39.97296],[-75.192032,39.972927],[-75.192019,39.972895],[-75.192006,39.972862],[-75.191993,39.97283],[-75.191979,39.972797],[-75.191966,39.972764],[-75.191953,39.972732],[-75.19194,39.972699],[-75.191926,39.972667],[-75.191913,39.972634],[-75.1919,39.972601],[-75.191886,39.972569],[-75.191873,39.972536],[-75.19186,39.972504],[-75.191846,39.972471],[-75.191833,39.972439],[-75.19182,39.972406],[-75.191806,39.972374],[-75.191793,39.972341],[-75.191779,39.972309],[-75.191766,39.972276],[-75.191752,39.972244],[-75.191739,39.972211],[-75.191719,39.972153],[-75.191708,39.97212],[-75.191697,39.972086],[-75.191687,39.972053],[-75.191676,39.97202],[-75.191666,39.971986],[-75.191656,39.971953],[-75.191646,39.971919],[-75.191636,39.971886],[-75.191627,39.971852],[-75.191617,39.971818],[-75.191608,39.971784],[-75.191598,39.971751],[-75.191589,39.971717],[-75.19158,39.971683],[-75.191571,39.971649],[-75.191562,39.971615],[-75.191552,39.971581],[-75.191543,39.971547],[-75.191534,39.971513],[-75.191525,39.971479],[-75.191516,39.971445],[-75.191507,39.971411],[-75.191498,39.971377],[-75.191489,39.971344],[-75.19148,39.97131],[-75.191471,39.971276],[-75.191461,39.971242],[-75.191452,39.971208],[-75.191442,39.971174],[-75.191433,39.971141],[-75.191423,39.971107],[-75.191413,39.971073],[-75.191404,39.97104],[-75.191394,39.971006],[-75.191383,39.970973],[-75.191373,39.970939],[-75.191362,39.970906],[-75.191352,39.970873],[-75.191341,39.970839],[-75.19133,39.970806],[-75.191319,39.970773],[-75.191307,39.97074],[-75.191295,39.970708],[-75.191283,39.970675],[-75.191271,39.970642],[-75.191259,39.97061],[-75.191246,39.970577],[-75.191233,39.970545],[-75.191219,39.970513],[-75.191206,39.970481],[-75.191192,39.970449],[-75.191177,39.970417],[-75.191163,39.970385],[-75.191148,39.970354],[-75.191133,39.970323],[-75.191117,39.970291],[-75.191101,39.97026],[-75.191084,39.970229],[-75.191067,39.970199],[-75.19105,39.970168],[-75.191033,39.970138],[-75.191014,39.970108],[-75.190996,39.970078],[-75.190976,39.970048],[-75.190956,39.970018],[-75.190935,39.969989],[-75.190913,39.96996],[-75.190891,39.969931],[-75.190868,39.969902],[-75.190844,39.969874],[-75.190819,39.969845],[-75.190794,39.969817],[-75.190768,39.96979],[-75.190742,39.969762],[-75.190715,39.969735],[-75.190687,39.969707],[-75.190659,39.969681],[-75.19063,39.969654],[-75.190601,39.969627],[-75.190571,39.969601],[-75.190541,39.969575],[-75.190511,39.969549],[-75.19048,39.969524],[-75.190449,39.969498],[-75.190417,39.969473],[-75.190385,39.969448],[-75.190353,39.969424],[-75.19032,39.969399],[-75.190287,39.969375],[-75.190254,39.969351],[-75.190221,39.969327],[-75.190187,39.969303],[-75.190154,39.96928],[-75.19012,39.969257],[-75.190086,39.969234],[-75.190052,39.969212],[-75.190017,39.969189],[-75.189983,39.969167],[-75.189949,39.969145],[-75.189914,39.969123],[-75.18988,39.969102],[-75.189846,39.96908],[-75.189811,39.969059],[-75.189777,39.969039],[-75.189742,39.969018],[-75.189707,39.968998],[-75.189671,39.968979],[-75.189635,39.96896],[-75.189599,39.968941],[-75.189562,39.968923],[-75.189524,39.968905],[-75.189487,39.968888],[-75.189449,39.968871],[-75.18941,39.968854],[-75.189372,39.968838],[-75.189333,39.968821],[-75.189294,39.968805],[-75.189254,39.968789],[-75.189215,39.968774],[-75.189175,39.968759],[-75.189135,39.968743],[-75.189095,39.968728],[-75.189055,39.968713],[-75.189014,39.968699],[-75.188974,39.968684],[-75.188933,39.968669],[-75.188893,39.968655],[-75.188852,39.96864],[-75.188811,39.968626],[-75.188771,39.968611],[-75.18873,39.968596],[-75.188689,39.968582],[-75.188649,39.968567],[-75.188608,39.968552],[-75.188568,39.968537],[-75.188528,39.968523],[-75.188487,39.968507],[-75.188447,39.968492],[-75.188407,39.968477],[-75.188368,39.968461],[-75.188328,39.968445],[-75.188289,39.968429],[-75.18825,39.968412],[-75.188211,39.968396],[-75.188173,39.968379],[-75.188134,39.968362],[-75.188096,39.968345],[-75.188057,39.968329],[-75.188018,39.968312],[-75.187979,39.968296],[-75.187939,39.968279],[-75.1879,39.968263],[-75.187861,39.968247],[-75.187821,39.96823],[-75.187782,39.968214],[-75.187743,39.968198],[-75.187703,39.968181],[-75.187664,39.968165],[-75.187625,39.968149],[-75.187585,39.968132],[-75.187546,39.968116],[-75.187507,39.968099],[-75.187468,39.968082],[-75.187429,39.968066],[-75.18739,39.968049],[-75.187352,39.968032],[-75.187313,39.968014],[-75.187275,39.967997],[-75.187237,39.967979],[-75.187199,39.967962],[-75.187161,39.967944],[-75.187123,39.967926],[-75.187086,39.967907],[-75.187049,39.967889],[-75.187012,39.96787],[-75.186976,39.967851],[-75.186939,39.967831],[-75.186903,39.967812],[-75.186868,39.967792],[-75.186833,39.967771],[-75.186798,39.967751],[-75.186763,39.96773],[-75.186729,39.967709],[-75.186695,39.967687],[-75.186662,39.967665],[-75.186628,39.967643],[-75.186595,39.967621],[-75.186562,39.967598],[-75.186529,39.967576],[-75.186496,39.967553],[-75.186463,39.96753],[-75.186431,39.967507],[-75.186398,39.967484],[-75.186365,39.967461],[-75.186333,39.967438],[-75.186301,39.967415],[-75.186268,39.967391],[-75.186236,39.967368],[-75.186204,39.967344],[-75.186172,39.967321],[-75.18614,39.967297],[-75.186109,39.967273],[-75.186077,39.967249],[-75.186045,39.967225],[-75.186014,39.967201],[-75.185982,39.967176],[-75.185951,39.967152],[-75.18592,39.967127],[-75.185889,39.967103],[-75.185858,39.967078],[-75.185827,39.967054],[-75.185796,39.967029],[-75.185765,39.967004],[-75.185735,39.966979],[-75.185704,39.966954],[-75.185674,39.966929],[-75.185644,39.966904],[-75.185613,39.966878],[-75.185583,39.966853],[-75.185553,39.966828],[-75.185523,39.966802],[-75.185493,39.966777],[-75.185464,39.966751],[-75.185434,39.966725],[-75.185405,39.9667],[-75.185375,39.966674],[-75.185346,39.966648],[-75.185317,39.966622],[-75.185287,39.966596],[-75.185258,39.96657],[-75.185229,39.966544],[-75.185201,39.966518],[-75.185172,39.966492],[-75.185143,39.966466],[-75.185115,39.96644],[-75.185086,39.966414],[-75.185058,39.966387],[-75.18503,39.966361],[-75.185002,39.966335],[-75.184974,39.966308],[-75.184946,39.966282],[-75.184918,39.966255],[-75.18489,39.966229],[-75.184863,39.966202],[-75.184835,39.966176],[-75.184808,39.966149],[-75.184781,39.966122],[-75.184755,39.966095],[-75.184729,39.966068],[-75.184704,39.96604],[-75.18468,39.966012],[-75.184655,39.965983],[-75.184632,39.965955],[-75.184609,39.965926],[-75.184586,39.965897],[-75.184563,39.965867],[-75.184541,39.965838],[-75.184519,39.965808],[-75.184498,39.965778],[-75.184476,39.965748],[-75.184455,39.965718],[-75.184434,39.965688],[-75.184414,39.965657],[-75.184393,39.965627],[-75.184373,39.965596],[-75.184352,39.965566],[-75.184332,39.965535],[-75.184312,39.965505],[-75.184292,39.965474],[-75.184271,39.965443],[-75.184251,39.965413],[-75.184231,39.965382],[-75.18421,39.965352],[-75.18419,39.965321],[-75.184169,39.965291],[-75.184148,39.965261],[-75.184127,39.96523],[-75.184105,39.9652],[-75.184084,39.965171],[-75.184062,39.965141],[-75.18404,39.965111],[-75.184017,39.965082],[-75.183995,39.965052],[-75.183973,39.965023],[-75.183951,39.964993],[-75.183929,39.964963],[-75.183907,39.964934],[-75.183885,39.964904],[-75.183863,39.964874],[-75.183841,39.964845],[-75.183819,39.964815],[-75.183798,39.964785],[-75.183776,39.964756],[-75.183754,39.964726],[-75.183732,39.964696],[-75.18371,39.964666],[-75.183688,39.964637],[-75.183666,39.964607],[-75.183644,39.964578],[-75.183622,39.964548],[-75.183599,39.964518],[-75.183577,39.964489],[-75.183555,39.964459],[-75.183543,39.964444],[-75.183532,39.96443],[-75.18351,39.964401],[-75.183487,39.964371],[-75.183471,39.96435],[-75.183464,39.964342],[-75.183441,39.964313],[-75.183418,39.964284],[-75.183395,39.964255],[-75.183372,39.964226],[-75.183348,39.964197],[-75.183325,39.964168],[-75.183301,39.964139],[-75.183277,39.96411],[-75.183253,39.964082],[-75.183229,39.964053],[-75.183204,39.964025],[-75.183179,39.963997],[-75.183155,39.963968],[-75.18313,39.96394],[-75.183105,39.963912],[-75.18308,39.963884],[-75.183054,39.963856],[-75.183029,39.963828],[-75.183004,39.9638],[-75.182978,39.963772],[-75.182953,39.963744],[-75.182927,39.963716],[-75.182901,39.963688],[-75.182876,39.963661],[-75.18285,39.963633],[-75.182824,39.963605],[-75.182798,39.963578],[-75.182772,39.96355],[-75.182746,39.963522],[-75.18272,39.963495],[-75.182694,39.963467],[-75.182668,39.963439],[-75.182641,39.963412],[-75.182615,39.963384],[-75.182589,39.963357],[-75.182562,39.963329],[-75.182536,39.963302],[-75.18251,39.963274],[-75.182483,39.963247],[-75.182457,39.96322],[-75.182431,39.963192],[-75.182404,39.963165],[-75.182378,39.963137],[-75.182351,39.96311],[-75.182325,39.963082],[-75.182298,39.963055],[-75.182272,39.963027],[-75.182246,39.963],[-75.182219,39.962973],[-75.182193,39.962945],[-75.182167,39.962918],[-75.18214,39.96289],[-75.182114,39.962863],[-75.182088,39.962835],[-75.182062,39.962808],[-75.182035,39.96278],[-75.182009,39.962752],[-75.181983,39.962725],[-75.181957,39.962697],[-75.181931,39.962669],[-75.181905,39.962642],[-75.181879,39.962614],[-75.181854,39.962586],[-75.181828,39.962558],[-75.181802,39.962531],[-75.181777,39.962503],[-75.181751,39.962475],[-75.181726,39.962447],[-75.1817,39.962419],[-75.181675,39.962391],[-75.18165,39.962363],[-75.181625,39.962335],[-75.1816,39.962306],[-75.181575,39.962278],[-75.181551,39.96225],[-75.181526,39.962222],[-75.181501,39.962193],[-75.181477,39.962165],[-75.181453,39.962136],[-75.181429,39.962108],[-75.181405,39.962079],[-75.18138,39.96205],[-75.181356,39.962022],[-75.181332,39.961993],[-75.181308,39.961964],[-75.181284,39.961936],[-75.18126,39.961907],[-75.181236,39.961878],[-75.181212,39.96185],[-75.181188,39.961821],[-75.181164,39.961792],[-75.18114,39.961763],[-75.181116,39.961734],[-75.181093,39.961705],[-75.181069,39.961676],[-75.181045,39.961648],[-75.181021,39.961619],[-75.180997,39.96159],[-75.180974,39.961561],[-75.18095,39.961532],[-75.180927,39.961503],[-75.180903,39.961474],[-75.180879,39.961444],[-75.180856,39.961415],[-75.180833,39.961386],[-75.180809,39.961357],[-75.180786,39.961328],[-75.180763,39.961299],[-75.18074,39.961269],[-75.180716,39.96124],[-75.180693,39.961211],[-75.18067,39.961182],[-75.180647,39.961152],[-75.180624,39.961123],[-75.180602,39.961094],[-75.180579,39.961064],[-75.180556,39.961035],[-75.180534,39.961005],[-75.180511,39.960976],[-75.180489,39.960946],[-75.180466,39.960917],[-75.180444,39.960887],[-75.180422,39.960858],[-75.1804,39.960828],[-75.180378,39.960798],[-75.180356,39.960769],[-75.180334,39.960739],[-75.180312,39.960709],[-75.18029,39.960679],[-75.180269,39.96065],[-75.180247,39.96062],[-75.180226,39.96059],[-75.180205,39.96056],[-75.180183,39.96053],[-75.180162,39.9605],[-75.180141,39.96047],[-75.18012,39.96044],[-75.1801,39.96041],[-75.180079,39.96038],[-75.180058,39.96035],[-75.180038,39.96032],[-75.180018,39.96029],[-75.179997,39.96026],[-75.179977,39.96023],[-75.179957,39.960199],[-75.179938,39.960169],[-75.179918,39.960139],[-75.179917,39.960137],[-75.179902,39.960114],[-75.179898,39.960109],[-75.179879,39.960078],[-75.179861,39.960047],[-75.179849,39.960025],[-75.179844,39.960016],[-75.179828,39.959985],[-75.179823,39.959974],[-75.179813,39.959953],[-75.179799,39.959921],[-75.179786,39.959888],[-75.179773,39.959855],[-75.179762,39.959822],[-75.179751,39.959789],[-75.179741,39.959756],[-75.179731,39.959722],[-75.179722,39.959689],[-75.179713,39.959655],[-75.179704,39.959621],[-75.179696,39.959587],[-75.179688,39.959553],[-75.17968,39.959519],[-75.179672,39.959485],[-75.179664,39.959451],[-75.179656,39.959417],[-75.179648,39.959384],[-75.17964,39.95935],[-75.179631,39.959316],[-75.179622,39.959283],[-75.179613,39.959249],[-75.179604,39.959216],[-75.179595,39.959183],[-75.179585,39.959149],[-75.179576,39.959116],[-75.179566,39.959082],[-75.179557,39.959049],[-75.179547,39.959015],[-75.179538,39.958982],[-75.179528,39.958948],[-75.179519,39.958915],[-75.179509,39.958881],[-75.1795,39.958848],[-75.17949,39.958814],[-75.179481,39.958781],[-75.179472,39.958747],[-75.179462,39.958714],[-75.179453,39.95868],[-75.179444,39.958646],[-75.179436,39.958613],[-75.179427,39.958579],[-75.179419,39.958546],[-75.17941,39.958512],[-75.179402,39.958478],[-75.179394,39.958445],[-75.179387,39.958411],[-75.179379,39.958378],[-75.179372,39.958344],[-75.179365,39.95831],[-75.179358,39.958276],[-75.179352,39.958243],[-75.179346,39.958209],[-75.17934,39.958175],[-75.179335,39.958142],[-75.17933,39.958108],[-75.179325,39.958074],[-75.179321,39.95804],[-75.179317,39.958007],[-75.179313,39.957973],[-75.17931,39.957939],[-75.179307,39.957905],[-75.179305,39.957872],[-75.179303,39.957838],[-75.179302,39.957804],[-75.179302,39.95777],[-75.179301,39.957736],[-75.179302,39.957702],[-75.179302,39.957667],[-75.179304,39.957633],[-75.179305,39.957599],[-75.179307,39.957565],[-75.17931,39.957531],[-75.179312,39.957496],[-75.179316,39.957462],[-75.179319,39.957428],[-75.179323,39.957394],[-75.179327,39.95736],[-75.179332,39.957325],[-75.179337,39.957291],[-75.179342,39.957257],[-75.179348,39.957223],[-75.179353,39.957189],[-75.179359,39.957155],[-75.179366,39.957121],[-75.179372,39.957087],[-75.179379,39.957053],[-75.179386,39.957019],[-75.179393,39.956985],[-75.179401,39.956952],[-75.179408,39.956918],[-75.179416,39.956885],[-75.179424,39.956851],[-75.179432,39.956818],[-75.179441,39.956785],[-75.17945,39.956751],[-75.17946,39.956718],[-75.17947,39.956685],[-75.179481,39.956652],[-75.179492,39.956619],[-75.179503,39.956586],[-75.179514,39.956553],[-75.179526,39.95652],[-75.179538,39.956488],[-75.179551,39.956455],[-75.179563,39.956422],[-75.179576,39.956389],[-75.179589,39.956357],[-75.179602,39.956324],[-75.179615,39.956291],[-75.179629,39.956259],[-75.179642,39.956226],[-75.179655,39.956193],[-75.179669,39.956161],[-75.179669,39.956159],[-75.179682,39.956128],[-75.179696,39.956095],[-75.179709,39.956063],[-75.179722,39.95603],[-75.179735,39.955997],[-75.179748,39.955965],[-75.179761,39.955932],[-75.179773,39.955899],[-75.179786,39.955866],[-75.179798,39.955833],[-75.17981,39.9558],[-75.179821,39.955768],[-75.179832,39.955734],[-75.179843,39.955701],[-75.179854,39.955668],[-75.179864,39.955635],[-75.179874,39.955602],[-75.179884,39.955568],[-75.179893,39.955535],[-75.179897,39.955522],[-75.179902,39.955502],[-75.179911,39.955468],[-75.179916,39.955449],[-75.17992,39.955435],[-75.179929,39.955401],[-75.179938,39.955367],[-75.179946,39.955334],[-75.179955,39.9553],[-75.179963,39.955267],[-75.179972,39.955233],[-75.17998,39.955199],[-75.179989,39.955166],[-75.179998,39.955132],[-75.180006,39.955099],[-75.180015,39.955065],[-75.180024,39.955032],[-75.180034,39.954999],[-75.180043,39.954965],[-75.180053,39.954932],[-75.180063,39.954899],[-75.180074,39.954866],[-75.180084,39.954833],[-75.180095,39.9548],[-75.180107,39.954767],[-75.180119,39.954734],[-75.180131,39.954701],[-75.180144,39.954669],[-75.180157,39.954636],[-75.180171,39.954604],[-75.180185,39.954572],[-75.1802,39.95454],[-75.180214,39.954508],[-75.180226,39.954482],[-75.181007,39.954577],[-75.181095,39.954588],[-75.181107,39.954589],[-75.181164,39.954596],[-75.181221,39.954603],[-75.182189,39.954706],[-75.183284,39.954823],[-75.183414,39.954842],[-75.185165,39.955064],[-75.185361,39.955089],[-75.187067,39.955305],[-75.18723,39.955325],[-75.187962,39.955413],[-75.188269,39.955451],[-75.189491,39.955602],[-75.191467,39.955852],[-75.191736,39.955893],[-75.194156,39.956189],[-75.196123,39.956438],[-75.19801,39.956664],[-75.199625,39.95687],[-75.201956,39.957158],[-75.201826,39.957836],[-75.201836,39.957881],[-75.201974,39.959186],[-75.202014,39.959518],[-75.202105,39.960415],[-75.202198,39.961258],[-75.202237,39.961653],[-75.202268,39.961953],[-75.202297,39.962231],[-75.202303,39.962277],[-75.202364,39.962869],[-75.201931,39.962905],[-75.202259,39.963095],[-75.202336,39.963505],[-75.202438,39.964062],[-75.202541,39.964618],[-75.202643,39.965179],[-75.202856,39.966294],[-75.20306,39.967405],[-75.203162,39.967933],[-75.203261,39.968457],[-75.203453,39.9695],[-75.203604,39.97027],[-75.203724,39.970938],[-75.20374,39.971022],[-75.203874,39.97177],[-75.203921,39.972021],[-75.203968,39.972266],[-75.204059,39.972711],[-75.204179,39.973405],[-75.204317,39.974127],[-75.203723,39.974191],[-75.203156,39.974254],[-75.201739,39.974404],[-75.199508,39.974656],[-75.198996,39.974711],[-75.198812,39.974731],[-75.1984,39.974778],[-75.19827,39.974791],[-75.195758,39.975073],[-75.195414,39.975112],[-75.1949,39.975171],[-75.194663,39.975196],[-75.194612,39.975201],[-75.194406,39.975223],[-75.194352,39.975229],[-75.194234,39.975241],[-75.193214,39.975347],[-75.193071,39.975362]]]},"properties":{"ward_num":"24"}},{"type":"Feature","geometry":{"type":"Polygon","coordinates":[[[-75.185397,39.973426],[-75.184851,39.973359],[-75.183772,39.97323],[-75.18215,39.973019],[-75.181439,39.972931],[-75.180732,39.97285],[-75.180314,39.972796],[-75.179942,39.972751],[-75.179491,39.972691],[-75.179145,39.972652],[-75.178579,39.972583],[-75.17811,39.972519],[-75.177865,39.972489],[-75.177541,39.972447],[-75.177031,39.972384],[-75.176545,39.97232],[-75.17595,39.972241],[-75.17537,39.972166],[-75.174946,39.972111],[-75.174369,39.972044],[-75.173344,39.971906],[-75.172661,39.971833],[-75.171995,39.971743],[-75.17132,39.97166],[-75.170554,39.971579],[-75.169276,39.971416],[-75.168895,39.971364],[-75.168479,39.971319],[-75.167706,39.971221],[-75.166814,39.971106],[-75.166735,39.971094],[-75.165989,39.970999],[-75.165313,39.97092],[-75.164557,39.970826],[-75.162983,39.970632],[-75.161406,39.970438],[-75.160562,39.970329],[-75.159855,39.97023],[-75.159705,39.970211],[-75.159979,39.969004],[-75.160075,39.968609],[-75.160162,39.968186],[-75.160216,39.967898],[-75.160397,39.967074],[-75.16056,39.967077],[-75.160927,39.967083],[-75.162127,39.967096],[-75.163745,39.967135],[-75.165351,39.967158],[-75.165426,39.9668],[-75.165431,39.966761],[-75.165518,39.966377],[-75.165653,39.965758],[-75.165816,39.965084],[-75.165945,39.964398],[-75.166109,39.963744],[-75.16623,39.963122],[-75.167809,39.963315],[-75.169382,39.963508],[-75.170962,39.963701],[-75.172851,39.963932],[-75.174448,39.964128],[-75.17606,39.964376],[-75.176221,39.964419],[-75.17678,39.964832],[-75.177515,39.965392],[-75.178034,39.965914],[-75.178816,39.966637],[-75.179687,39.967425],[-75.180165,39.967802],[-75.181591,39.969034],[-75.181534,39.969076],[-75.181601,39.96919],[-75.182154,39.969631],[-75.182789,39.970152],[-75.183135,39.970446],[-75.183564,39.970787],[-75.184193,39.97132],[-75.184285,39.971381],[-75.184361,39.971444],[-75.184468,39.971537],[-75.184552,39.971612],[-75.184644,39.971687],[-75.184729,39.971762],[-75.184821,39.971831],[-75.184905,39.971906],[-75.185005,39.971981],[-75.185089,39.972062],[-75.185188,39.972134],[-75.185274,39.972209],[-75.185359,39.972284],[-75.185443,39.97236],[-75.185526,39.972437],[-75.185542,39.972464],[-75.186253,39.973532],[-75.185397,39.973426]]]},"properties":{"ward_num":"15"}},{"type":"Feature","geometry":{"type":"Polygon","coordinates":[[[-75.145863,39.970309],[-75.14502,39.9702],[-75.144067,39.97008],[-75.143592,39.970021],[-75.143097,39.969964],[-75.142372,39.969875],[-75.14152,39.969767],[-75.140668,39.969662],[-75.139581,39.969524],[-75.139001,39.969415],[-75.138592,39.969339],[-75.1385,39.96932],[-75.138008,39.969227],[-75.137766,39.969178],[-75.137255,39.969084],[-75.136793,39.968999],[-75.136226,39.968891],[-75.135741,39.968805],[-75.135357,39.968736],[-75.135145,39.968697],[-75.134431,39.968801],[-75.134425,39.967604],[-75.134423,39.967029],[-75.134421,39.96692],[-75.134419,39.966733],[-75.134412,39.966103],[-75.134417,39.965346],[-75.134417,39.964777],[-75.13435,39.964487],[-75.13369,39.965041],[-75.131785,39.965794],[-75.129771,39.966592],[-75.129518,39.966647],[-75.1287,39.966987],[-75.126066,39.962405],[-75.127777,39.96153],[-75.12909,39.960717],[-75.129832,39.960225],[-75.130497,39.959604],[-75.131082,39.958917],[-75.13154,39.958292],[-75.13227,39.957051],[-75.133824,39.954271],[-75.134484,39.952952],[-75.13454,39.95284],[-75.13488,39.952084],[-75.135321,39.950821],[-75.135743,39.949527],[-75.136039,39.948277],[-75.136173,39.947484],[-75.13629,39.946596],[-75.136318,39.945849],[-75.136229,39.94494],[-75.136027,39.943743],[-75.135862,39.942657],[-75.135765,39.941971],[-75.135698,39.941015],[-75.13571,39.939972],[-75.144063,39.940981],[-75.145034,39.941108],[-75.145554,39.941178],[-75.14567,39.94119],[-75.14579,39.941209],[-75.146745,39.94132],[-75.147607,39.941432],[-75.1481,39.941496],[-75.149182,39.941629],[-75.149621,39.941683],[-75.149677,39.941689],[-75.150409,39.941784],[-75.150759,39.941828],[-75.151191,39.941886],[-75.151563,39.941931],[-75.152336,39.942024],[-75.153919,39.942214],[-75.155491,39.942416],[-75.156273,39.942515],[-75.156677,39.942561],[-75.157061,39.942606],[-75.157575,39.942675],[-75.158046,39.942739],[-75.158633,39.94281],[-75.159106,39.942869],[-75.159781,39.942955],[-75.160207,39.943006],[-75.161381,39.943147],[-75.161786,39.943195],[-75.163357,39.943388],[-75.164133,39.943488],[-75.164375,39.943525],[-75.165394,39.943651],[-75.165423,39.943655],[-75.165332,39.944086],[-75.165204,39.944656],[-75.164999,39.945564],[-75.164865,39.94619],[-75.164775,39.946611],[-75.164713,39.94698],[-75.164617,39.947416],[-75.164442,39.948207],[-75.164195,39.949344],[-75.164026,39.950083],[-75.16386,39.950866],[-75.163711,39.951499],[-75.163689,39.951523],[-75.163645,39.951552],[-75.163519,39.9516],[-75.162984,39.951537],[-75.162783,39.951535],[-75.162721,39.951669],[-75.162626,39.952122],[-75.162591,39.952372],[-75.162546,39.95244],[-75.162442,39.952916],[-75.162382,39.953238],[-75.163206,39.953343],[-75.163331,39.953339],[-75.163195,39.953924],[-75.163096,39.954409],[-75.163094,39.954419],[-75.162889,39.955339],[-75.162691,39.956236],[-75.162378,39.957655],[-75.162342,39.957835],[-75.162321,39.95794],[-75.162296,39.958067],[-75.162292,39.958083],[-75.162178,39.958557],[-75.162121,39.958831],[-75.162061,39.95911],[-75.161963,39.95958],[-75.161775,39.960431],[-75.161649,39.961031],[-75.161556,39.961451],[-75.161508,39.961669],[-75.161479,39.961799],[-75.161415,39.962112],[-75.161447,39.962181],[-75.161386,39.962483],[-75.161062,39.962369],[-75.160862,39.962304],[-75.160687,39.962258],[-75.160501,39.962225],[-75.159289,39.962073],[-75.157709,39.961879],[-75.157568,39.961864],[-75.156118,39.961789],[-75.154515,39.96172],[-75.15376,39.961694],[-75.153305,39.961671],[-75.15293,39.961653],[-75.151785,39.961601],[-75.151346,39.961579],[-75.149812,39.961514],[-75.148188,39.961428],[-75.148184,39.961428],[-75.148124,39.961759],[-75.148031,39.962274],[-75.147793,39.963482],[-75.1478,39.963536],[-75.147816,39.963592],[-75.147643,39.964524],[-75.147388,39.965886],[-75.14715,39.967136],[-75.146745,39.969302],[-75.146547,39.97039],[-75.145863,39.970309]]]},"properties":{"ward_num":"5"}},{"type":"Feature","geometry":{"type":"Polygon","coordinates":[[[-75.160397,39.967074],[-75.160485,39.96668],[-75.160564,39.966303],[-75.16068,39.96578],[-75.160808,39.965168],[-75.160961,39.964479],[-75.161056,39.96405],[-75.161112,39.963798],[-75.161191,39.963432],[-75.161263,39.963136],[-75.161305,39.962903],[-75.161386,39.962483],[-75.161447,39.962181],[-75.161415,39.962112],[-75.161479,39.961799],[-75.161508,39.961669],[-75.161556,39.961451],[-75.161649,39.961031],[-75.161775,39.960431],[-75.161963,39.95958],[-75.162061,39.95911],[-75.162121,39.958831],[-75.162178,39.958557],[-75.162292,39.958083],[-75.162296,39.958067],[-75.162321,39.95794],[-75.162342,39.957835],[-75.162378,39.957655],[-75.162691,39.956236],[-75.162889,39.955339],[-75.163094,39.954419],[-75.163096,39.954409],[-75.163195,39.953924],[-75.163331,39.953339],[-75.163206,39.953343],[-75.162382,39.953238],[-75.162442,39.952916],[-75.162546,39.95244],[-75.162591,39.952372],[-75.162626,39.952122],[-75.162721,39.951669],[-75.162783,39.951535],[-75.162984,39.951537],[-75.163519,39.9516],[-75.163645,39.951552],[-75.163689,39.951523],[-75.163711,39.951499],[-75.16386,39.950866],[-75.164026,39.950083],[-75.164195,39.949344],[-75.164442,39.948207],[-75.164617,39.947416],[-75.164713,39.94698],[-75.164775,39.946611],[-75.164865,39.94619],[-75.164999,39.945564],[-75.165204,39.944656],[-75.165343,39.944674],[-75.166273,39.944798],[-75.166973,39.944886],[-75.167745,39.944982],[-75.168539,39.945065],[-75.170107,39.945277],[-75.171696,39.945466],[-75.173264,39.945651],[-75.174039,39.945759],[-75.174841,39.945852],[-75.17675,39.946099],[-75.177547,39.946183],[-75.178345,39.946284],[-75.178954,39.946362],[-75.179511,39.946436],[-75.180532,39.946558],[-75.181643,39.946706],[-75.182874,39.946859],[-75.183459,39.946929],[-75.184027,39.946995],[-75.186369,39.947272],[-75.186255,39.947351],[-75.186121,39.947445],[-75.185988,39.947539],[-75.185855,39.947634],[-75.185722,39.947728],[-75.18559,39.947823],[-75.185458,39.947919],[-75.185326,39.948015],[-75.185195,39.948111],[-75.185064,39.948207],[-75.184934,39.948304],[-75.184804,39.948401],[-75.184674,39.948498],[-75.184545,39.948596],[-75.184417,39.948694],[-75.184289,39.948792],[-75.184161,39.948891],[-75.184034,39.94899],[-75.183906,39.949089],[-75.183779,39.949189],[-75.183651,39.949289],[-75.183525,39.94939],[-75.1834,39.949492],[-75.183277,39.949596],[-75.183156,39.9497],[-75.183039,39.949806],[-75.182925,39.949914],[-75.182814,39.950024],[-75.182708,39.950136],[-75.182608,39.95025],[-75.182515,39.950368],[-75.182431,39.95049],[-75.182354,39.950615],[-75.182283,39.950744],[-75.182215,39.950874],[-75.18215,39.951005],[-75.182085,39.951136],[-75.182019,39.951267],[-75.181911,39.951466],[-75.181893,39.951497],[-75.181876,39.951529],[-75.181867,39.951544],[-75.181858,39.95156],[-75.18184,39.951591],[-75.181823,39.951623],[-75.181805,39.951654],[-75.181787,39.951685],[-75.18177,39.951716],[-75.181752,39.951748],[-75.181734,39.951779],[-75.181716,39.95181],[-75.181699,39.951841],[-75.181681,39.951873],[-75.181663,39.951904],[-75.181645,39.951935],[-75.181628,39.951967],[-75.18161,39.951998],[-75.181592,39.952029],[-75.181575,39.95206],[-75.181557,39.952092],[-75.181539,39.952123],[-75.181521,39.952154],[-75.181504,39.952185],[-75.181486,39.952217],[-75.181468,39.952248],[-75.18145,39.952279],[-75.181433,39.952311],[-75.181415,39.952342],[-75.181397,39.952373],[-75.18138,39.952404],[-75.181362,39.952436],[-75.181344,39.952467],[-75.181326,39.952498],[-75.181309,39.952529],[-75.181291,39.952561],[-75.181273,39.952592],[-75.181256,39.952623],[-75.181238,39.952655],[-75.181221,39.952686],[-75.181203,39.952717],[-75.181185,39.952749],[-75.181168,39.95278],[-75.18115,39.952811],[-75.181133,39.952843],[-75.181115,39.952874],[-75.181098,39.952905],[-75.18108,39.952937],[-75.181062,39.952968],[-75.181045,39.952999],[-75.18104,39.953008],[-75.181028,39.953031],[-75.18101,39.953062],[-75.180993,39.953093],[-75.180975,39.953125],[-75.180958,39.953156],[-75.18094,39.953187],[-75.180923,39.953219],[-75.180905,39.95325],[-75.180887,39.953281],[-75.180869,39.953313],[-75.180852,39.953344],[-75.180834,39.953375],[-75.180816,39.953406],[-75.180798,39.953438],[-75.18078,39.953469],[-75.180761,39.9535],[-75.180743,39.953531],[-75.180725,39.953563],[-75.180707,39.953594],[-75.180689,39.953625],[-75.180671,39.953656],[-75.180653,39.953688],[-75.180635,39.953719],[-75.180617,39.95375],[-75.180599,39.953781],[-75.180581,39.953813],[-75.180563,39.953844],[-75.180545,39.953875],[-75.180527,39.953906],[-75.18051,39.953938],[-75.180492,39.953969],[-75.180475,39.954001],[-75.180457,39.954032],[-75.18044,39.954063],[-75.180423,39.954095],[-75.180406,39.954126],[-75.180389,39.954158],[-75.180372,39.95419],[-75.180356,39.954221],[-75.180339,39.954253],[-75.180323,39.954285],[-75.180307,39.954316],[-75.180291,39.954348],[-75.180275,39.95438],[-75.18026,39.954412],[-75.180244,39.954444],[-75.180229,39.954476],[-75.180226,39.954482],[-75.180214,39.954508],[-75.1802,39.95454],[-75.180185,39.954572],[-75.180171,39.954604],[-75.180157,39.954636],[-75.180144,39.954669],[-75.180131,39.954701],[-75.180119,39.954734],[-75.180107,39.954767],[-75.180095,39.9548],[-75.180084,39.954833],[-75.180074,39.954866],[-75.180063,39.954899],[-75.180053,39.954932],[-75.180043,39.954965],[-75.180034,39.954999],[-75.180024,39.955032],[-75.180015,39.955065],[-75.180006,39.955099],[-75.179998,39.955132],[-75.179989,39.955166],[-75.17998,39.955199],[-75.179972,39.955233],[-75.179963,39.955267],[-75.179955,39.9553],[-75.179946,39.955334],[-75.179938,39.955367],[-75.179929,39.955401],[-75.17992,39.955435],[-75.179916,39.955449],[-75.179911,39.955468],[-75.179902,39.955502],[-75.179897,39.955522],[-75.179893,39.955535],[-75.179884,39.955568],[-75.179874,39.955602],[-75.179864,39.955635],[-75.179854,39.955668],[-75.179843,39.955701],[-75.179832,39.955734],[-75.179821,39.955768],[-75.17981,39.9558],[-75.179798,39.955833],[-75.179786,39.955866],[-75.179773,39.955899],[-75.179761,39.955932],[-75.179748,39.955965],[-75.179735,39.955997],[-75.179722,39.95603],[-75.179709,39.956063],[-75.179696,39.956095],[-75.179682,39.956128],[-75.179669,39.956159],[-75.179669,39.956161],[-75.179655,39.956193],[-75.179642,39.956226],[-75.179629,39.956259],[-75.179615,39.956291],[-75.179602,39.956324],[-75.179589,39.956357],[-75.179576,39.956389],[-75.179563,39.956422],[-75.179551,39.956455],[-75.179538,39.956488],[-75.179526,39.95652],[-75.179514,39.956553],[-75.179503,39.956586],[-75.179492,39.956619],[-75.179481,39.956652],[-75.17947,39.956685],[-75.17946,39.956718],[-75.17945,39.956751],[-75.179441,39.956785],[-75.179432,39.956818],[-75.179424,39.956851],[-75.179416,39.956885],[-75.179408,39.956918],[-75.179401,39.956952],[-75.179393,39.956985],[-75.179386,39.957019],[-75.179379,39.957053],[-75.179372,39.957087],[-75.179366,39.957121],[-75.179359,39.957155],[-75.179353,39.957189],[-75.179348,39.957223],[-75.179342,39.957257],[-75.179337,39.957291],[-75.179332,39.957325],[-75.179327,39.95736],[-75.179323,39.957394],[-75.179319,39.957428],[-75.179316,39.957462],[-75.179312,39.957496],[-75.17931,39.957531],[-75.179307,39.957565],[-75.179305,39.957599],[-75.179304,39.957633],[-75.179302,39.957667],[-75.179302,39.957702],[-75.179301,39.957736],[-75.179302,39.95777],[-75.179302,39.957804],[-75.179303,39.957838],[-75.179305,39.957872],[-75.179307,39.957905],[-75.17931,39.957939],[-75.179313,39.957973],[-75.179317,39.958007],[-75.179321,39.95804],[-75.179325,39.958074],[-75.17933,39.958108],[-75.179335,39.958142],[-75.17934,39.958175],[-75.179346,39.958209],[-75.179352,39.958243],[-75.179358,39.958276],[-75.179365,39.95831],[-75.179372,39.958344],[-75.179379,39.958378],[-75.179387,39.958411],[-75.179394,39.958445],[-75.179402,39.958478],[-75.17941,39.958512],[-75.179419,39.958546],[-75.179427,39.958579],[-75.179436,39.958613],[-75.179444,39.958646],[-75.179453,39.95868],[-75.179462,39.958714],[-75.179472,39.958747],[-75.179481,39.958781],[-75.17949,39.958814],[-75.1795,39.958848],[-75.179509,39.958881],[-75.179519,39.958915],[-75.179528,39.958948],[-75.179538,39.958982],[-75.179547,39.959015],[-75.179557,39.959049],[-75.179566,39.959082],[-75.179576,39.959116],[-75.179585,39.959149],[-75.179595,39.959183],[-75.179604,39.959216],[-75.179613,39.959249],[-75.179622,39.959283],[-75.179631,39.959316],[-75.17964,39.95935],[-75.179648,39.959384],[-75.179656,39.959417],[-75.179664,39.959451],[-75.179672,39.959485],[-75.17968,39.959519],[-75.179688,39.959553],[-75.179696,39.959587],[-75.179704,39.959621],[-75.179713,39.959655],[-75.179722,39.959689],[-75.179731,39.959722],[-75.179741,39.959756],[-75.179751,39.959789],[-75.179762,39.959822],[-75.179773,39.959855],[-75.179786,39.959888],[-75.179799,39.959921],[-75.179813,39.959953],[-75.179823,39.959974],[-75.179828,39.959985],[-75.179844,39.960016],[-75.179849,39.960025],[-75.179861,39.960047],[-75.179879,39.960078],[-75.179898,39.960109],[-75.179902,39.960114],[-75.179917,39.960137],[-75.179918,39.960139],[-75.179938,39.960169],[-75.179957,39.960199],[-75.179977,39.96023],[-75.179997,39.96026],[-75.180018,39.96029],[-75.180038,39.96032],[-75.180058,39.96035],[-75.180079,39.96038],[-75.1801,39.96041],[-75.18012,39.96044],[-75.180141,39.96047],[-75.180162,39.9605],[-75.180183,39.96053],[-75.180205,39.96056],[-75.180226,39.96059],[-75.180247,39.96062],[-75.180269,39.96065],[-75.18029,39.960679],[-75.180312,39.960709],[-75.180334,39.960739],[-75.180356,39.960769],[-75.180378,39.960798],[-75.1804,39.960828],[-75.180422,39.960858],[-75.180444,39.960887],[-75.180466,39.960917],[-75.180489,39.960946],[-75.180511,39.960976],[-75.180534,39.961005],[-75.180556,39.961035],[-75.180579,39.961064],[-75.180602,39.961094],[-75.180624,39.961123],[-75.180647,39.961152],[-75.18067,39.961182],[-75.180693,39.961211],[-75.180716,39.96124],[-75.18074,39.961269],[-75.180763,39.961299],[-75.180786,39.961328],[-75.180809,39.961357],[-75.180833,39.961386],[-75.180856,39.961415],[-75.180879,39.961444],[-75.180903,39.961474],[-75.180927,39.961503],[-75.18095,39.961532],[-75.180974,39.961561],[-75.180997,39.96159],[-75.181021,39.961619],[-75.181045,39.961648],[-75.181069,39.961676],[-75.181093,39.961705],[-75.181116,39.961734],[-75.18114,39.961763],[-75.181164,39.961792],[-75.181188,39.961821],[-75.181212,39.96185],[-75.181236,39.961878],[-75.18126,39.961907],[-75.181284,39.961936],[-75.181308,39.961964],[-75.181332,39.961993],[-75.181356,39.962022],[-75.18138,39.96205],[-75.181405,39.962079],[-75.181429,39.962108],[-75.181453,39.962136],[-75.181477,39.962165],[-75.181501,39.962193],[-75.181526,39.962222],[-75.181551,39.96225],[-75.181575,39.962278],[-75.1816,39.962306],[-75.181625,39.962335],[-75.18165,39.962363],[-75.181675,39.962391],[-75.1817,39.962419],[-75.181726,39.962447],[-75.181751,39.962475],[-75.181777,39.962503],[-75.181802,39.962531],[-75.181828,39.962558],[-75.181854,39.962586],[-75.181879,39.962614],[-75.181905,39.962642],[-75.181931,39.962669],[-75.181957,39.962697],[-75.181983,39.962725],[-75.182009,39.962752],[-75.182035,39.96278],[-75.182062,39.962808],[-75.182088,39.962835],[-75.182114,39.962863],[-75.18214,39.96289],[-75.182167,39.962918],[-75.182193,39.962945],[-75.182219,39.962973],[-75.182246,39.963],[-75.182272,39.963027],[-75.182298,39.963055],[-75.182325,39.963082],[-75.182351,39.96311],[-75.182378,39.963137],[-75.182404,39.963165],[-75.182431,39.963192],[-75.182457,39.96322],[-75.182483,39.963247],[-75.18251,39.963274],[-75.182536,39.963302],[-75.182562,39.963329],[-75.182589,39.963357],[-75.182615,39.963384],[-75.182641,39.963412],[-75.182668,39.963439],[-75.182694,39.963467],[-75.18272,39.963495],[-75.182746,39.963522],[-75.182772,39.96355],[-75.182798,39.963578],[-75.182824,39.963605],[-75.18285,39.963633],[-75.182876,39.963661],[-75.182901,39.963688],[-75.182927,39.963716],[-75.182953,39.963744],[-75.182978,39.963772],[-75.183004,39.9638],[-75.183029,39.963828],[-75.183054,39.963856],[-75.18308,39.963884],[-75.183105,39.963912],[-75.18313,39.96394],[-75.183155,39.963968],[-75.183179,39.963997],[-75.183204,39.964025],[-75.183229,39.964053],[-75.183253,39.964082],[-75.183277,39.96411],[-75.183301,39.964139],[-75.183325,39.964168],[-75.183348,39.964197],[-75.183372,39.964226],[-75.183395,39.964255],[-75.183418,39.964284],[-75.183441,39.964313],[-75.183464,39.964342],[-75.183471,39.96435],[-75.183327,39.964383],[-75.183308,39.964387],[-75.183125,39.964414],[-75.182824,39.964456],[-75.182517,39.96449],[-75.182157,39.964526],[-75.181991,39.964534],[-75.181762,39.964512],[-75.181646,39.964453],[-75.181419,39.964388],[-75.17943,39.964532],[-75.179404,39.964534],[-75.17813,39.964668],[-75.178072,39.964681],[-75.177974,39.964703],[-75.177867,39.964727],[-75.177628,39.964734],[-75.17733,39.964708],[-75.177056,39.96466],[-75.176221,39.964419],[-75.17606,39.964376],[-75.174448,39.964128],[-75.172851,39.963932],[-75.170962,39.963701],[-75.169382,39.963508],[-75.167809,39.963315],[-75.16623,39.963122],[-75.166109,39.963744],[-75.165945,39.964398],[-75.165816,39.965084],[-75.165653,39.965758],[-75.165518,39.966377],[-75.165431,39.966761],[-75.165426,39.9668],[-75.165351,39.967158],[-75.163745,39.967135],[-75.162127,39.967096],[-75.160927,39.967083],[-75.16056,39.967077],[-75.160397,39.967074]]]},"properties":{"ward_num":"8"}},{"type":"Feature","geometry":{"type":"Polygon","coordinates":[[[-75.221239,39.94817],[-75.220884,39.947847],[-75.220395,39.947441],[-75.219779,39.946929],[-75.219113,39.946363],[-75.218426,39.945795],[-75.217735,39.945192],[-75.217164,39.944728],[-75.216692,39.944311],[-75.216522,39.94418],[-75.21586,39.943619],[-75.215618,39.943412],[-75.215484,39.943382],[-75.215155,39.943309],[-75.215001,39.943275],[-75.215249,39.943096],[-75.21571,39.942782],[-75.216062,39.942529],[-75.21651,39.942204],[-75.217766,39.941353],[-75.218322,39.940946],[-75.218903,39.940542],[-75.218404,39.940126],[-75.217993,39.939783],[-75.217505,39.939364],[-75.21624,39.938312],[-75.215889,39.93801],[-75.215057,39.937313],[-75.214273,39.936685],[-75.21424,39.936708],[-75.213987,39.936884],[-75.213733,39.937061],[-75.21348,39.937237],[-75.213226,39.937414],[-75.213153,39.937465],[-75.212973,39.937591],[-75.212719,39.937767],[-75.212466,39.937944],[-75.212212,39.938121],[-75.211959,39.938298],[-75.211705,39.938474],[-75.211452,39.938651],[-75.211199,39.938828],[-75.210945,39.939005],[-75.210692,39.939181],[-75.210653,39.939208],[-75.210023,39.938657],[-75.20982,39.93862],[-75.209625,39.938573],[-75.206723,39.937361],[-75.205307,39.936845],[-75.205312,39.936801],[-75.205329,39.936662],[-75.205349,39.936522],[-75.20537,39.936382],[-75.205395,39.936242],[-75.205424,39.936104],[-75.205457,39.935966],[-75.205495,39.935829],[-75.205539,39.935695],[-75.20559,39.935562],[-75.205623,39.935487],[-75.205962,39.935407],[-75.206289,39.93533],[-75.206616,39.935253],[-75.206942,39.935175],[-75.207269,39.935098],[-75.207596,39.935021],[-75.207923,39.934944],[-75.20825,39.934867],[-75.208577,39.93479],[-75.208904,39.934713],[-75.209231,39.934636],[-75.209558,39.934559],[-75.209885,39.934482],[-75.210212,39.934405],[-75.210539,39.934328],[-75.210866,39.934251],[-75.211193,39.934174],[-75.21152,39.934097],[-75.211847,39.93402],[-75.212174,39.933943],[-75.212501,39.933866],[-75.212828,39.933789],[-75.213155,39.933712],[-75.213482,39.933635],[-75.213809,39.933558],[-75.214136,39.933481],[-75.214463,39.933404],[-75.21479,39.933327],[-75.215117,39.93325],[-75.215444,39.933173],[-75.215771,39.933096],[-75.215861,39.933075],[-75.216098,39.933019],[-75.216425,39.932943],[-75.216752,39.932866],[-75.217079,39.932789],[-75.217406,39.932712],[-75.217733,39.932635],[-75.21806,39.932558],[-75.218387,39.932481],[-75.218714,39.932404],[-75.218986,39.93234],[-75.219041,39.932327],[-75.219368,39.93225],[-75.219695,39.932174],[-75.220022,39.932097],[-75.220349,39.93202],[-75.220676,39.931943],[-75.221003,39.931866],[-75.22129,39.931799],[-75.22133,39.931789],[-75.221657,39.931712],[-75.221984,39.931635],[-75.222311,39.931558],[-75.222638,39.931482],[-75.222965,39.931405],[-75.223292,39.931328],[-75.223305,39.931325],[-75.224596,39.93242],[-75.224121,39.932758],[-75.223728,39.933041],[-75.223222,39.933399],[-75.224492,39.934444],[-75.225889,39.935635],[-75.22716,39.93671],[-75.228361,39.93771],[-75.228845,39.937368],[-75.22923,39.937101],[-75.229729,39.936752],[-75.230227,39.937186],[-75.230637,39.937516],[-75.231119,39.937935],[-75.231768,39.93847],[-75.232423,39.939005],[-75.233019,39.939661],[-75.233574,39.940266],[-75.233635,39.940301],[-75.234128,39.940725],[-75.234335,39.940892],[-75.234537,39.941074],[-75.235036,39.941483],[-75.235728,39.942081],[-75.236427,39.942655],[-75.237135,39.943247],[-75.237824,39.943839],[-75.238478,39.944357],[-75.238879,39.94469],[-75.239189,39.944947],[-75.239699,39.945373],[-75.240269,39.945875],[-75.240055,39.945927],[-75.239342,39.946085],[-75.238731,39.946195],[-75.237983,39.946341],[-75.237273,39.946472],[-75.23614,39.946743],[-75.235873,39.946815],[-75.23581,39.946845],[-75.235753,39.94686],[-75.235051,39.947002],[-75.234365,39.947183],[-75.233607,39.94736],[-75.231273,39.947918],[-75.230305,39.947811],[-75.229451,39.947789],[-75.227629,39.947779],[-75.227422,39.94778],[-75.226117,39.947769],[-75.225402,39.947767],[-75.225239,39.947753],[-75.22495,39.947754],[-75.223318,39.947935],[-75.222645,39.948002],[-75.221239,39.94817]]]},"properties":{"ward_num":"51"}},{"type":"Feature","geometry":{"type":"Polygon","coordinates":[[[-75.209593,39.958104],[-75.209424,39.958083],[-75.208131,39.957925],[-75.206078,39.957668],[-75.205039,39.957541],[-75.204148,39.957431],[-75.203407,39.957339],[-75.201956,39.957158],[-75.199625,39.95687],[-75.19801,39.956664],[-75.196123,39.956438],[-75.194156,39.956189],[-75.191736,39.955893],[-75.191467,39.955852],[-75.189491,39.955602],[-75.188269,39.955451],[-75.187962,39.955413],[-75.18723,39.955325],[-75.187067,39.955305],[-75.185361,39.955089],[-75.185165,39.955064],[-75.183414,39.954842],[-75.183284,39.954823],[-75.182189,39.954706],[-75.181221,39.954603],[-75.181164,39.954596],[-75.181107,39.954589],[-75.181095,39.954588],[-75.181007,39.954577],[-75.180226,39.954482],[-75.180229,39.954476],[-75.180244,39.954444],[-75.18026,39.954412],[-75.180275,39.95438],[-75.180291,39.954348],[-75.180307,39.954316],[-75.180323,39.954285],[-75.180339,39.954253],[-75.180356,39.954221],[-75.180372,39.95419],[-75.180389,39.954158],[-75.180406,39.954126],[-75.180423,39.954095],[-75.18044,39.954063],[-75.180457,39.954032],[-75.180475,39.954001],[-75.180492,39.953969],[-75.18051,39.953938],[-75.180527,39.953906],[-75.180545,39.953875],[-75.180563,39.953844],[-75.180581,39.953813],[-75.180599,39.953781],[-75.180617,39.95375],[-75.180635,39.953719],[-75.180653,39.953688],[-75.180671,39.953656],[-75.180689,39.953625],[-75.180707,39.953594],[-75.180725,39.953563],[-75.180743,39.953531],[-75.180761,39.9535],[-75.18078,39.953469],[-75.180798,39.953438],[-75.180816,39.953406],[-75.180834,39.953375],[-75.180852,39.953344],[-75.180869,39.953313],[-75.180887,39.953281],[-75.180905,39.95325],[-75.180923,39.953219],[-75.18094,39.953187],[-75.180958,39.953156],[-75.180975,39.953125],[-75.180993,39.953093],[-75.18101,39.953062],[-75.181028,39.953031],[-75.18104,39.953008],[-75.181045,39.952999],[-75.181062,39.952968],[-75.18108,39.952937],[-75.181098,39.952905],[-75.181115,39.952874],[-75.181133,39.952843],[-75.18115,39.952811],[-75.181168,39.95278],[-75.181185,39.952749],[-75.181203,39.952717],[-75.181221,39.952686],[-75.181238,39.952655],[-75.181256,39.952623],[-75.181273,39.952592],[-75.181291,39.952561],[-75.181309,39.952529],[-75.181326,39.952498],[-75.181344,39.952467],[-75.181362,39.952436],[-75.18138,39.952404],[-75.181397,39.952373],[-75.181415,39.952342],[-75.181433,39.952311],[-75.18145,39.952279],[-75.181468,39.952248],[-75.181486,39.952217],[-75.181504,39.952185],[-75.181521,39.952154],[-75.181539,39.952123],[-75.181557,39.952092],[-75.181575,39.95206],[-75.181592,39.952029],[-75.18161,39.951998],[-75.181628,39.951967],[-75.181645,39.951935],[-75.181663,39.951904],[-75.181681,39.951873],[-75.181699,39.951841],[-75.181716,39.95181],[-75.181734,39.951779],[-75.181752,39.951748],[-75.18177,39.951716],[-75.181787,39.951685],[-75.181805,39.951654],[-75.181823,39.951623],[-75.18184,39.951591],[-75.181858,39.95156],[-75.181867,39.951544],[-75.181876,39.951529],[-75.181893,39.951497],[-75.181911,39.951466],[-75.182019,39.951267],[-75.182085,39.951136],[-75.18215,39.951005],[-75.182215,39.950874],[-75.182283,39.950744],[-75.182354,39.950615],[-75.182431,39.95049],[-75.182515,39.950368],[-75.182608,39.95025],[-75.182708,39.950136],[-75.182814,39.950024],[-75.182925,39.949914],[-75.183039,39.949806],[-75.183156,39.9497],[-75.183277,39.949596],[-75.1834,39.949492],[-75.183525,39.94939],[-75.183651,39.949289],[-75.183779,39.949189],[-75.183906,39.949089],[-75.184034,39.94899],[-75.184161,39.948891],[-75.184289,39.948792],[-75.184417,39.948694],[-75.184545,39.948596],[-75.184674,39.948498],[-75.184804,39.948401],[-75.184934,39.948304],[-75.185064,39.948207],[-75.185195,39.948111],[-75.185326,39.948015],[-75.185458,39.947919],[-75.18559,39.947823],[-75.185722,39.947728],[-75.185855,39.947634],[-75.185988,39.947539],[-75.186121,39.947445],[-75.186255,39.947351],[-75.186369,39.947272],[-75.186389,39.947258],[-75.186524,39.947165],[-75.186659,39.947072],[-75.186794,39.94698],[-75.186875,39.946925],[-75.18693,39.946888],[-75.187069,39.946799],[-75.187211,39.946712],[-75.187355,39.946628],[-75.1875,39.946544],[-75.187647,39.946462],[-75.187793,39.94638],[-75.18794,39.946297],[-75.188085,39.946214],[-75.188229,39.946129],[-75.18837,39.946043],[-75.188509,39.945954],[-75.188644,39.945862],[-75.188776,39.945767],[-75.188907,39.945671],[-75.189036,39.945573],[-75.189163,39.945474],[-75.189289,39.945374],[-75.189413,39.945272],[-75.189536,39.94517],[-75.189658,39.945067],[-75.189779,39.944963],[-75.1899,39.944859],[-75.19002,39.944755],[-75.190139,39.94465],[-75.190257,39.944544],[-75.190373,39.944438],[-75.190489,39.94433],[-75.190603,39.944222],[-75.190717,39.944114],[-75.19083,39.944005],[-75.190943,39.943897],[-75.191057,39.943788],[-75.19117,39.94368],[-75.191285,39.943571],[-75.1914,39.943464],[-75.191516,39.943357],[-75.191633,39.943251],[-75.19164,39.943245],[-75.191751,39.943145],[-75.191869,39.943037],[-75.191989,39.942931],[-75.192113,39.942828],[-75.192243,39.942732],[-75.192382,39.942645],[-75.19253,39.942568],[-75.192686,39.942497],[-75.192848,39.942433],[-75.193016,39.942375],[-75.193186,39.942323],[-75.193358,39.942278],[-75.193531,39.942238],[-75.193706,39.942209],[-75.193787,39.942199],[-75.193886,39.942187],[-75.193973,39.94218],[-75.194068,39.942172],[-75.194251,39.942165],[-75.194432,39.942164],[-75.194612,39.942169],[-75.194792,39.942181],[-75.194972,39.9422],[-75.195151,39.942224],[-75.195329,39.942253],[-75.195506,39.942286],[-75.19568,39.942321],[-75.195854,39.942361],[-75.196026,39.942404],[-75.196197,39.942451],[-75.196366,39.942502],[-75.196533,39.942557],[-75.196697,39.942615],[-75.196858,39.942678],[-75.196898,39.942695],[-75.197017,39.942745],[-75.197174,39.942814],[-75.197329,39.942885],[-75.197485,39.942957],[-75.19764,39.943029],[-75.197797,39.9431],[-75.197954,39.943168],[-75.198114,39.943233],[-75.198277,39.943294],[-75.19844,39.943355],[-75.198604,39.943415],[-75.198769,39.943474],[-75.198934,39.943533],[-75.1991,39.94359],[-75.199267,39.943645],[-75.199435,39.943698],[-75.199604,39.943749],[-75.199773,39.943796],[-75.199944,39.94384],[-75.200115,39.943881],[-75.20029,39.943915],[-75.200469,39.94394],[-75.200651,39.943958],[-75.200834,39.943968],[-75.201017,39.94397],[-75.201198,39.943964],[-75.201376,39.943952],[-75.201554,39.943933],[-75.201733,39.943907],[-75.201911,39.943876],[-75.202087,39.94384],[-75.202262,39.9438],[-75.202435,39.943755],[-75.202605,39.943707],[-75.202773,39.943657],[-75.202944,39.943605],[-75.203113,39.94355],[-75.203281,39.943491],[-75.203445,39.943428],[-75.203604,39.94336],[-75.203756,39.943285],[-75.2039,39.943204],[-75.204035,39.943116],[-75.204166,39.94302],[-75.204294,39.942918],[-75.204416,39.94281],[-75.20453,39.942697],[-75.204635,39.94258],[-75.20473,39.942459],[-75.204813,39.942335],[-75.204882,39.94221],[-75.204941,39.942081],[-75.204992,39.94195],[-75.205035,39.941815],[-75.205072,39.941679],[-75.205104,39.941541],[-75.205131,39.941401],[-75.205154,39.941261],[-75.205174,39.941124],[-75.205174,39.94112],[-75.205192,39.940979],[-75.205208,39.940839],[-75.205223,39.940699],[-75.205236,39.940561],[-75.205245,39.940422],[-75.205248,39.940283],[-75.205247,39.940144],[-75.205243,39.940005],[-75.205237,39.939865],[-75.20523,39.939726],[-75.205223,39.939586],[-75.205217,39.939446],[-75.205213,39.939307],[-75.205212,39.939168],[-75.205214,39.939028],[-75.205215,39.938889],[-75.205217,39.938749],[-75.205218,39.93861],[-75.205219,39.938471],[-75.205221,39.938331],[-75.205223,39.938192],[-75.205225,39.938052],[-75.205229,39.937913],[-75.205233,39.937773],[-75.205239,39.937634],[-75.205247,39.937495],[-75.205256,39.937356],[-75.205267,39.937217],[-75.20528,39.937079],[-75.205295,39.93694],[-75.205307,39.936845],[-75.206723,39.937361],[-75.209625,39.938573],[-75.20982,39.93862],[-75.210023,39.938657],[-75.210653,39.939208],[-75.210692,39.939181],[-75.210945,39.939005],[-75.211199,39.938828],[-75.211452,39.938651],[-75.211705,39.938474],[-75.211959,39.938298],[-75.212212,39.938121],[-75.212466,39.937944],[-75.212719,39.937767],[-75.212973,39.937591],[-75.213153,39.937465],[-75.213226,39.937414],[-75.21348,39.937237],[-75.213733,39.937061],[-75.213987,39.936884],[-75.21424,39.936708],[-75.214273,39.936685],[-75.215057,39.937313],[-75.215889,39.93801],[-75.21624,39.938312],[-75.217505,39.939364],[-75.217993,39.939783],[-75.218404,39.940126],[-75.218903,39.940542],[-75.218322,39.940946],[-75.217766,39.941353],[-75.21651,39.942204],[-75.216062,39.942529],[-75.21571,39.942782],[-75.215249,39.943096],[-75.215001,39.943275],[-75.214003,39.943993],[-75.212689,39.944895],[-75.211403,39.945812],[-75.210903,39.946162],[-75.210105,39.946707],[-75.210747,39.947259],[-75.211392,39.947805],[-75.212581,39.948808],[-75.212922,39.949074],[-75.21295,39.949139],[-75.212718,39.950302],[-75.212559,39.951064],[-75.212397,39.95182],[-75.21224,39.952561],[-75.212173,39.952884],[-75.212162,39.952962],[-75.212044,39.953508],[-75.21192,39.954105],[-75.21168,39.95525],[-75.211594,39.955659],[-75.211522,39.95601],[-75.21146,39.956324],[-75.211359,39.95677],[-75.211344,39.956855],[-75.211209,39.957516],[-75.211043,39.958285],[-75.209593,39.958104]]]},"properties":{"ward_num":"27"}},{"type":"Feature","geometry":{"type":"Polygon","coordinates":[[[-75.184027,39.946995],[-75.183459,39.946929],[-75.182874,39.946859],[-75.181643,39.946706],[-75.180532,39.946558],[-75.179511,39.946436],[-75.178954,39.946362],[-75.178345,39.946284],[-75.177547,39.946183],[-75.17675,39.946099],[-75.174841,39.945852],[-75.174039,39.945759],[-75.173264,39.945651],[-75.171696,39.945466],[-75.170107,39.945277],[-75.168539,39.945065],[-75.167745,39.944982],[-75.166973,39.944886],[-75.166273,39.944798],[-75.165343,39.944674],[-75.165204,39.944656],[-75.165332,39.944086],[-75.165423,39.943655],[-75.165538,39.94321],[-75.16563,39.942794],[-75.165719,39.942415],[-75.165834,39.941813],[-75.166062,39.940809],[-75.166136,39.94043],[-75.166227,39.940043],[-75.166437,39.939065],[-75.166715,39.937854],[-75.166819,39.937878],[-75.168449,39.938094],[-75.168955,39.938154],[-75.170027,39.938272],[-75.17053,39.938336],[-75.170842,39.938372],[-75.171061,39.938398],[-75.171606,39.938457],[-75.17222,39.938541],[-75.172683,39.938596],[-75.173177,39.938651],[-75.173733,39.93873],[-75.174207,39.938781],[-75.174754,39.938835],[-75.176313,39.939031],[-75.178254,39.939277],[-75.179841,39.939488],[-75.181497,39.939697],[-75.183143,39.939905],[-75.184958,39.940093],[-75.185343,39.94009],[-75.185784,39.940141],[-75.186319,39.940203],[-75.186554,39.94024],[-75.187447,39.940374],[-75.187983,39.940066],[-75.188242,39.939888],[-75.188715,39.939577],[-75.189013,39.939433],[-75.190497,39.940338],[-75.192347,39.941464],[-75.192643,39.941658],[-75.193531,39.942238],[-75.193358,39.942278],[-75.193186,39.942323],[-75.193016,39.942375],[-75.192848,39.942433],[-75.192686,39.942497],[-75.19253,39.942568],[-75.192382,39.942645],[-75.192243,39.942732],[-75.192113,39.942828],[-75.191989,39.942931],[-75.191869,39.943037],[-75.191751,39.943145],[-75.19164,39.943245],[-75.191633,39.943251],[-75.191516,39.943357],[-75.1914,39.943464],[-75.191285,39.943571],[-75.19117,39.94368],[-75.191057,39.943788],[-75.190943,39.943897],[-75.19083,39.944005],[-75.190717,39.944114],[-75.190603,39.944222],[-75.190489,39.94433],[-75.190373,39.944438],[-75.190257,39.944544],[-75.190139,39.94465],[-75.19002,39.944755],[-75.1899,39.944859],[-75.189779,39.944963],[-75.189658,39.945067],[-75.189536,39.94517],[-75.189413,39.945272],[-75.189289,39.945374],[-75.189163,39.945474],[-75.189036,39.945573],[-75.188907,39.945671],[-75.188776,39.945767],[-75.188644,39.945862],[-75.188509,39.945954],[-75.18837,39.946043],[-75.188229,39.946129],[-75.188085,39.946214],[-75.18794,39.946297],[-75.187793,39.94638],[-75.187647,39.946462],[-75.1875,39.946544],[-75.187355,39.946628],[-75.187211,39.946712],[-75.187069,39.946799],[-75.18693,39.946888],[-75.186875,39.946925],[-75.186794,39.94698],[-75.186659,39.947072],[-75.186524,39.947165],[-75.186389,39.947258],[-75.186369,39.947272],[-75.184027,39.946995]]]},"properties":{"ward_num":"30"}},{"type":"Feature","geometry":{"type":"Polygon","coordinates":[[[-75.129523,40.036319],[-75.128658,40.036204],[-75.127643,40.036073],[-75.126535,40.035939],[-75.125404,40.035783],[-75.12486,40.035718],[-75.123863,40.035572],[-75.121424,40.03529],[-75.120077,40.035121],[-75.117554,40.034803],[-75.117165,40.034744],[-75.116853,40.034703],[-75.116507,40.034665],[-75.116155,40.034625],[-75.115835,40.034578],[-75.115476,40.034527],[-75.115137,40.034488],[-75.1149,40.034456],[-75.114615,40.034805],[-75.114033,40.035481],[-75.113154,40.036523],[-75.113078,40.036463],[-75.112778,40.036217],[-75.112524,40.035948],[-75.112349,40.03569],[-75.112202,40.035412],[-75.112111,40.035187],[-75.112014,40.034977],[-75.111862,40.034811],[-75.111669,40.034684],[-75.111489,40.034543],[-75.111322,40.034433],[-75.111267,40.034362],[-75.111083,40.034123],[-75.110926,40.033744],[-75.110795,40.033548],[-75.110783,40.033345],[-75.110735,40.033232],[-75.110753,40.033105],[-75.110783,40.032999],[-75.110872,40.032768],[-75.11087,40.032646],[-75.110903,40.032474],[-75.11097,40.032263],[-75.111013,40.032015],[-75.111036,40.031762],[-75.111045,40.031534],[-75.111079,40.031337],[-75.111125,40.03117],[-75.11114,40.03105],[-75.111145,40.031013],[-75.111152,40.030821],[-75.111121,40.030586],[-75.11111,40.030363],[-75.11111,40.030206],[-75.110991,40.029863],[-75.110932,40.029699],[-75.110899,40.029505],[-75.110898,40.029363],[-75.110923,40.029232],[-75.110962,40.029091],[-75.110987,40.028939],[-75.111038,40.028818],[-75.11117,40.028654],[-75.11135,40.02844],[-75.11149,40.028235],[-75.111608,40.028101],[-75.111796,40.028014],[-75.111955,40.027997],[-75.11208,40.028005],[-75.11222,40.027983],[-75.112381,40.027915],[-75.112581,40.027864],[-75.112735,40.027812],[-75.112741,40.027807],[-75.11285,40.027728],[-75.112885,40.027668],[-75.112884,40.027526],[-75.112872,40.027469],[-75.112856,40.027393],[-75.112849,40.027346],[-75.112835,40.027256],[-75.11286,40.027125],[-75.112846,40.027034],[-75.112839,40.026987],[-75.112807,40.026899],[-75.112786,40.026839],[-75.112767,40.02663],[-75.112769,40.026417],[-75.112728,40.026274],[-75.112668,40.026125],[-75.112587,40.026002],[-75.112484,40.025933],[-75.11227,40.025842],[-75.112002,40.025765],[-75.11176,40.025714],[-75.111622,40.025695],[-75.111518,40.025642],[-75.111377,40.025543],[-75.111353,40.025481],[-75.111402,40.025239],[-75.111425,40.024996],[-75.111484,40.024819],[-75.111562,40.024694],[-75.111555,40.024537],[-75.111497,40.024317],[-75.111435,40.024052],[-75.111393,40.023767],[-75.111317,40.023516],[-75.111188,40.023265],[-75.111188,40.023263],[-75.111059,40.023023],[-75.110993,40.022844],[-75.110954,40.022676],[-75.110892,40.022568],[-75.110777,40.022469],[-75.110602,40.022383],[-75.110314,40.022321],[-75.110028,40.022275],[-75.110019,40.022273],[-75.109725,40.022201],[-75.109456,40.022154],[-75.109171,40.022168],[-75.108905,40.022222],[-75.10857,40.022347],[-75.108347,40.022499],[-75.10817,40.022627],[-75.108101,40.022711],[-75.108129,40.022839],[-75.108079,40.022924],[-75.107978,40.022978],[-75.107717,40.023073],[-75.10759,40.023111],[-75.107451,40.023128],[-75.107127,40.023293],[-75.10698,40.023361],[-75.106874,40.023358],[-75.106691,40.023313],[-75.106548,40.023254],[-75.106367,40.023159],[-75.106187,40.023023],[-75.106058,40.022954],[-75.105873,40.022955],[-75.105675,40.02296],[-75.105509,40.022992],[-75.105442,40.023021],[-75.105354,40.023075],[-75.105231,40.023346],[-75.105154,40.023446],[-75.105098,40.02353],[-75.105016,40.023605],[-75.104937,40.023613],[-75.104818,40.023615],[-75.1047,40.023587],[-75.104556,40.023543],[-75.104454,40.02347],[-75.104313,40.023345],[-75.104251,40.023252],[-75.104202,40.023139],[-75.104164,40.022941],[-75.104111,40.022787],[-75.103996,40.022668],[-75.103855,40.022558],[-75.10376,40.022474],[-75.103671,40.022371],[-75.103572,40.022206],[-75.103493,40.022027],[-75.103388,40.021842],[-75.103296,40.021657],[-75.103224,40.021488],[-75.103183,40.021345],[-75.103156,40.021187],[-75.103134,40.02109],[-75.103156,40.021029],[-75.103197,40.020985],[-75.103265,40.020935],[-75.103385,40.020859],[-75.103387,40.020857],[-75.10343,40.020762],[-75.10347,40.02059],[-75.103558,40.020364],[-75.103621,40.020111],[-75.103669,40.019889],[-75.103702,40.019717],[-75.103721,40.019571],[-75.103784,40.019486],[-75.103886,40.019417],[-75.104031,40.0194],[-75.104423,40.019348],[-75.104872,40.019343],[-75.105196,40.019325],[-75.105431,40.0192],[-75.105452,40.019189],[-75.105601,40.019086],[-75.105685,40.018966],[-75.10575,40.018836],[-75.105878,40.018758],[-75.106087,40.018646],[-75.106335,40.018545],[-75.106864,40.018369],[-75.107106,40.018248],[-75.107277,40.018094],[-75.107369,40.017944],[-75.107469,40.017749],[-75.107527,40.017608],[-75.107534,40.01742],[-75.107515,40.017237],[-75.107457,40.017033],[-75.107319,40.016857],[-75.107267,40.016819],[-75.107747,40.01659],[-75.107958,40.016501],[-75.109027,40.016296],[-75.111362,40.015876],[-75.1115,40.015178],[-75.111814,40.013672],[-75.112164,40.012095],[-75.114143,40.012336],[-75.119442,40.013035],[-75.122363,40.013405],[-75.12599,40.013872],[-75.125334,40.01697],[-75.125025,40.018444],[-75.12599,40.018583],[-75.127172,40.018728],[-75.128414,40.018896],[-75.130139,40.019111],[-75.130742,40.019192],[-75.131334,40.019256],[-75.13183,40.019325],[-75.132331,40.019398],[-75.133258,40.01951],[-75.134197,40.019628],[-75.134018,40.020382],[-75.133941,40.020763],[-75.133862,40.021125],[-75.133693,40.021902],[-75.13352,40.022708],[-75.133335,40.023538],[-75.13329,40.023793],[-75.133255,40.023906],[-75.13321,40.024154],[-75.13317,40.024308],[-75.133013,40.025006],[-75.132841,40.025792],[-75.132512,40.027283],[-75.132355,40.028029],[-75.132177,40.028781],[-75.131832,40.03033],[-75.131611,40.031362],[-75.13151,40.031876],[-75.131396,40.032361],[-75.131292,40.032828],[-75.131165,40.033401],[-75.130883,40.034754],[-75.13052,40.036446],[-75.129523,40.036319]]]},"properties":{"ward_num":"42"}},{"type":"Feature","geometry":{"type":"Polygon","coordinates":[[[-75.084678,40.03178],[-75.084797,40.031233],[-75.085043,40.030317],[-75.08519,40.029569],[-75.085378,40.028564],[-75.08539,40.028552],[-75.08524,40.027821],[-75.084933,40.026386],[-75.08473,40.025468],[-75.084623,40.025051],[-75.084459,40.02416],[-75.084457,40.023647],[-75.084466,40.02333],[-75.084427,40.022659],[-75.084429,40.022426],[-75.084273,40.022341],[-75.08355,40.021958],[-75.082199,40.021241],[-75.082128,40.021209],[-75.081312,40.02077],[-75.080428,40.020312],[-75.079092,40.019606],[-75.077665,40.018862],[-75.076923,40.018461],[-75.076167,40.018058],[-75.075433,40.017674],[-75.075132,40.017501],[-75.075052,40.017169],[-75.074713,40.016317],[-75.074383,40.015413],[-75.074322,40.015291],[-75.074156,40.014839],[-75.07375,40.013726],[-75.073298,40.012553],[-75.072869,40.011404],[-75.072626,40.010742],[-75.072375,40.010099],[-75.072592,40.010045],[-75.072918,40.009964],[-75.073244,40.009884],[-75.07357,40.009803],[-75.073896,40.009723],[-75.074221,40.009642],[-75.074297,40.009623],[-75.074547,40.009561],[-75.074873,40.009481],[-75.075199,40.0094],[-75.075525,40.009319],[-75.075851,40.009239],[-75.076177,40.009158],[-75.076502,40.009077],[-75.076516,40.009074],[-75.076828,40.008997],[-75.077154,40.008916],[-75.07748,40.008835],[-75.077806,40.008755],[-75.078132,40.008674],[-75.07845,40.008595],[-75.078335,40.008076],[-75.078197,40.00742],[-75.078049,40.006742],[-75.077894,40.006071],[-75.077751,40.005392],[-75.077595,40.004707],[-75.077479,40.004148],[-75.077709,40.003993],[-75.078707,40.003171],[-75.07926,40.002736],[-75.079785,40.002347],[-75.081683,40.001358],[-75.083715,40.000296],[-75.086377,39.998903],[-75.086417,39.998946],[-75.086775,39.999244],[-75.087009,39.999518],[-75.087227,39.999838],[-75.087431,40.000198],[-75.087469,40.000559],[-75.0875,40.000966],[-75.087561,40.001414],[-75.087567,40.001784],[-75.08759,40.002029],[-75.087667,40.002264],[-75.087795,40.002531],[-75.087922,40.002823],[-75.088085,40.003045],[-75.088523,40.003471],[-75.088691,40.003561],[-75.088886,40.003657],[-75.089034,40.003747],[-75.08927,40.003773],[-75.089575,40.003917],[-75.089945,40.004073],[-75.090167,40.004149],[-75.090355,40.004214],[-75.090667,40.004353],[-75.09098,40.004442],[-75.091234,40.004524],[-75.091489,40.004596],[-75.091749,40.004698],[-75.091975,40.00481],[-75.092154,40.004951],[-75.092209,40.005064],[-75.092323,40.005199],[-75.092533,40.005394],[-75.092648,40.0055],[-75.092768,40.00564],[-75.09288,40.005805],[-75.092909,40.005902],[-75.09292,40.005982],[-75.09293,40.006055],[-75.092859,40.00618],[-75.092565,40.006595],[-75.09236,40.006783],[-75.092214,40.006972],[-75.092149,40.007118],[-75.092129,40.00728],[-75.092183,40.007428],[-75.092325,40.007675],[-75.092527,40.007918],[-75.092566,40.007949],[-75.092866,40.008185],[-75.093278,40.008443],[-75.094412,40.009145],[-75.094619,40.009266],[-75.094996,40.009891],[-75.095074,40.010217],[-75.09506,40.010262],[-75.094979,40.010513],[-75.094468,40.011257],[-75.094378,40.011395],[-75.094272,40.011557],[-75.094063,40.011847],[-75.093832,40.012176],[-75.093648,40.012476],[-75.09354,40.012718],[-75.093482,40.013016],[-75.093523,40.013326],[-75.093637,40.013618],[-75.093785,40.013885],[-75.093946,40.014148],[-75.094102,40.01439],[-75.094277,40.014643],[-75.094416,40.014791],[-75.094492,40.014871],[-75.094767,40.015091],[-75.095024,40.015269],[-75.095243,40.015406],[-75.095495,40.015559],[-75.095785,40.015723],[-75.096057,40.015856],[-75.096331,40.015939],[-75.096541,40.015969],[-75.096798,40.01599],[-75.097043,40.015996],[-75.097049,40.015996],[-75.097168,40.015989],[-75.097281,40.015966],[-75.097491,40.016006],[-75.097812,40.016064],[-75.098066,40.016141],[-75.09832,40.016239],[-75.098626,40.016332],[-75.098772,40.016343],[-75.098922,40.016354],[-75.099161,40.016329],[-75.099419,40.016325],[-75.099586,40.016263],[-75.099931,40.016215],[-75.100245,40.016121],[-75.100631,40.016053],[-75.101054,40.016017],[-75.101464,40.016012],[-75.101724,40.016027],[-75.101892,40.016037],[-75.102322,40.016001],[-75.102713,40.01598],[-75.103028,40.016007],[-75.10346,40.016101],[-75.103848,40.016148],[-75.104112,40.016154],[-75.104369,40.016165],[-75.104381,40.016165],[-75.10462,40.016166],[-75.104825,40.016145],[-75.105016,40.016149],[-75.105094,40.016197],[-75.10523,40.016256],[-75.105459,40.016297],[-75.10567,40.016296],[-75.105876,40.016286],[-75.106079,40.016306],[-75.106299,40.016423],[-75.106643,40.01642],[-75.106918,40.016472],[-75.107062,40.016679],[-75.107165,40.016742],[-75.107267,40.016819],[-75.107319,40.016857],[-75.107457,40.017033],[-75.107515,40.017237],[-75.107534,40.01742],[-75.107527,40.017608],[-75.107469,40.017749],[-75.107369,40.017944],[-75.107277,40.018094],[-75.107106,40.018248],[-75.106864,40.018369],[-75.106335,40.018545],[-75.106087,40.018646],[-75.105878,40.018758],[-75.10575,40.018836],[-75.105685,40.018966],[-75.105601,40.019086],[-75.105452,40.019189],[-75.105431,40.0192],[-75.105196,40.019325],[-75.104872,40.019343],[-75.104423,40.019348],[-75.104031,40.0194],[-75.103886,40.019417],[-75.103784,40.019486],[-75.103721,40.019571],[-75.103702,40.019717],[-75.103669,40.019889],[-75.103621,40.020111],[-75.103558,40.020364],[-75.10347,40.02059],[-75.10343,40.020762],[-75.103387,40.020857],[-75.103385,40.020859],[-75.103265,40.020935],[-75.103197,40.020985],[-75.103156,40.021029],[-75.103134,40.02109],[-75.103156,40.021187],[-75.103183,40.021345],[-75.103224,40.021488],[-75.103296,40.021657],[-75.103388,40.021842],[-75.103493,40.022027],[-75.103572,40.022206],[-75.103671,40.022371],[-75.10376,40.022474],[-75.103855,40.022558],[-75.103996,40.022668],[-75.104111,40.022787],[-75.104164,40.022941],[-75.104202,40.023139],[-75.104251,40.023252],[-75.104313,40.023345],[-75.104454,40.02347],[-75.104556,40.023543],[-75.1047,40.023587],[-75.104818,40.023615],[-75.104937,40.023613],[-75.105016,40.023605],[-75.105098,40.02353],[-75.105154,40.023446],[-75.105231,40.023346],[-75.105354,40.023075],[-75.105442,40.023021],[-75.105509,40.022992],[-75.105675,40.02296],[-75.105873,40.022955],[-75.106058,40.022954],[-75.106187,40.023023],[-75.106367,40.023159],[-75.106548,40.023254],[-75.106691,40.023313],[-75.106874,40.023358],[-75.10698,40.023361],[-75.107127,40.023293],[-75.107451,40.023128],[-75.10759,40.023111],[-75.107717,40.023073],[-75.107978,40.022978],[-75.108079,40.022924],[-75.108129,40.022839],[-75.108101,40.022711],[-75.10817,40.022627],[-75.108347,40.022499],[-75.10857,40.022347],[-75.108905,40.022222],[-75.109171,40.022168],[-75.109456,40.022154],[-75.109725,40.022201],[-75.110019,40.022273],[-75.110028,40.022275],[-75.110314,40.022321],[-75.110602,40.022383],[-75.110777,40.022469],[-75.110892,40.022568],[-75.110954,40.022676],[-75.110993,40.022844],[-75.111059,40.023023],[-75.111188,40.023263],[-75.111188,40.023265],[-75.111317,40.023516],[-75.111393,40.023767],[-75.111435,40.024052],[-75.111497,40.024317],[-75.111555,40.024537],[-75.111562,40.024694],[-75.111484,40.024819],[-75.111425,40.024996],[-75.111402,40.025239],[-75.111353,40.025481],[-75.111377,40.025543],[-75.111518,40.025642],[-75.111622,40.025695],[-75.11176,40.025714],[-75.112002,40.025765],[-75.11227,40.025842],[-75.112484,40.025933],[-75.112587,40.026002],[-75.112668,40.026125],[-75.112728,40.026274],[-75.112769,40.026417],[-75.112767,40.02663],[-75.112786,40.026839],[-75.112807,40.026899],[-75.112839,40.026987],[-75.112846,40.027034],[-75.11286,40.027125],[-75.112835,40.027256],[-75.112849,40.027346],[-75.112394,40.027414],[-75.111901,40.027508],[-75.11138,40.027629],[-75.110042,40.028057],[-75.107255,40.02895],[-75.106466,40.029197],[-75.106227,40.029271],[-75.106135,40.0293],[-75.105135,40.029629],[-75.104605,40.02979],[-75.104309,40.029855],[-75.103966,40.029908],[-75.103598,40.02994],[-75.103071,40.029904],[-75.103033,40.0299],[-75.102538,40.029847],[-75.102526,40.029844],[-75.10216,40.029757],[-75.101808,40.029628],[-75.101284,40.029371],[-75.100593,40.028916],[-75.098811,40.027749],[-75.097464,40.026861],[-75.096736,40.02657],[-75.096309,40.026481],[-75.095881,40.026441],[-75.095437,40.026447],[-75.095036,40.026515],[-75.094625,40.02661],[-75.09413,40.026812],[-75.093195,40.02733],[-75.091319,40.028365],[-75.090763,40.028673],[-75.090348,40.028902],[-75.089874,40.029151],[-75.089166,40.029556],[-75.088133,40.030095],[-75.086724,40.030884],[-75.086385,40.031047],[-75.086197,40.031138],[-75.085852,40.031297],[-75.085384,40.0315],[-75.0852,40.03158],[-75.084728,40.031762],[-75.084678,40.03178]]]},"properties":{"ward_num":"23"}},{"type":"Feature","geometry":{"type":"Polygon","coordinates":[[[-75.146853,40.029491],[-75.14692,40.029122],[-75.147221,40.027653],[-75.147558,40.026148],[-75.147897,40.024563],[-75.148248,40.022969],[-75.148569,40.021485],[-75.148694,40.020962],[-75.148741,40.02072],[-75.148852,40.02021],[-75.148872,40.020137],[-75.148938,40.019838],[-75.148939,40.019835],[-75.148956,40.019753],[-75.148956,40.019751],[-75.148996,40.019582],[-75.149233,40.018512],[-75.149349,40.017967],[-75.149589,40.016942],[-75.149729,40.016224],[-75.149772,40.016031],[-75.149842,40.015681],[-75.149934,40.015335],[-75.150041,40.014828],[-75.150073,40.01469],[-75.150098,40.014577],[-75.150216,40.013925],[-75.150247,40.013771],[-75.150397,40.013175],[-75.150529,40.012465],[-75.150588,40.012293],[-75.150886,40.010846],[-75.151093,40.009944],[-75.151249,40.009288],[-75.151371,40.008737],[-75.151456,40.008313],[-75.151605,40.007675],[-75.152438,40.007778],[-75.153232,40.007884],[-75.154015,40.007983],[-75.154803,40.00809],[-75.155579,40.00819],[-75.156379,40.008294],[-75.157042,40.00838],[-75.157947,40.008496],[-75.158727,40.0086],[-75.159522,40.008693],[-75.161097,40.008893],[-75.161752,40.008977],[-75.162971,40.009134],[-75.164579,40.009347],[-75.166181,40.00955],[-75.16661,40.009609],[-75.166735,40.009611],[-75.166891,40.009635],[-75.167295,40.009705],[-75.166874,40.009911],[-75.167444,40.010626],[-75.167642,40.010914],[-75.167779,40.011096],[-75.167816,40.011144],[-75.169049,40.012772],[-75.169116,40.01289],[-75.169177,40.013055],[-75.169877,40.01514],[-75.16991,40.015259],[-75.170099,40.015732],[-75.172208,40.017503],[-75.172344,40.017614],[-75.172377,40.017641],[-75.172465,40.017712],[-75.17256,40.017789],[-75.172963,40.018126],[-75.17325,40.018421],[-75.174965,40.019901],[-75.174683,40.020205],[-75.174555,40.020354],[-75.174408,40.020493],[-75.173785,40.021193],[-75.173117,40.021905],[-75.17198,40.023154],[-75.171658,40.023533],[-75.170586,40.024676],[-75.170025,40.0253],[-75.16994,40.025397],[-75.169537,40.025831],[-75.169192,40.02622],[-75.167647,40.025382],[-75.166995,40.025022],[-75.16613,40.024553],[-75.166117,40.024546],[-75.165277,40.024097],[-75.16462,40.023728],[-75.163927,40.023354],[-75.163216,40.022956],[-75.162605,40.022622],[-75.162027,40.022296],[-75.160733,40.021603],[-75.160643,40.021711],[-75.160454,40.02193],[-75.160264,40.02215],[-75.160074,40.022369],[-75.159886,40.022589],[-75.159639,40.022817],[-75.15942,40.02302],[-75.159216,40.023201],[-75.159197,40.023219],[-75.158964,40.023412],[-75.158727,40.023602],[-75.158482,40.023787],[-75.158228,40.023963],[-75.157962,40.024127],[-75.157686,40.024283],[-75.157405,40.024434],[-75.157123,40.024585],[-75.156843,40.024736],[-75.156561,40.024885],[-75.156278,40.025033],[-75.155995,40.025182],[-75.155712,40.02533],[-75.155431,40.02548],[-75.155149,40.02563],[-75.154868,40.02578],[-75.154587,40.02593],[-75.154305,40.02608],[-75.154066,40.026208],[-75.154024,40.02623],[-75.153743,40.026381],[-75.153462,40.026531],[-75.15318,40.026681],[-75.152899,40.026831],[-75.152618,40.026981],[-75.152337,40.027131],[-75.152055,40.027281],[-75.151774,40.027431],[-75.151522,40.027566],[-75.151493,40.027581],[-75.151212,40.027732],[-75.15093,40.027882],[-75.150649,40.028032],[-75.150368,40.028182],[-75.150087,40.028332],[-75.149805,40.028482],[-75.149524,40.028632],[-75.149243,40.028783],[-75.148962,40.028933],[-75.14868,40.029083],[-75.148642,40.029104],[-75.148399,40.029233],[-75.148118,40.029383],[-75.147837,40.029533],[-75.147556,40.029684],[-75.147274,40.029834],[-75.146993,40.029984],[-75.146712,40.030134],[-75.146708,40.030136],[-75.14683,40.029612],[-75.146853,40.029491]]]},"properties":{"ward_num":"13"}},{"type":"Feature","geometry":{"type":"Polygon","coordinates":[[[-75.14203,40.020645],[-75.140952,40.020506],[-75.140108,40.0204],[-75.139102,40.020271],[-75.138466,40.020181],[-75.137814,40.020098],[-75.137267,40.020032],[-75.136742,40.019968],[-75.135436,40.019791],[-75.134872,40.019719],[-75.134197,40.019628],[-75.13427,40.019261],[-75.134348,40.018897],[-75.134431,40.018546],[-75.134515,40.018146],[-75.134614,40.017688],[-75.134696,40.017291],[-75.134846,40.016647],[-75.135192,40.015066],[-75.135536,40.013473],[-75.13586,40.011991],[-75.136179,40.010488],[-75.136269,40.010086],[-75.136509,40.008991],[-75.136612,40.008501],[-75.136716,40.00803],[-75.136861,40.007403],[-75.137211,40.005816],[-75.137452,40.00467],[-75.137532,40.004314],[-75.137671,40.003654],[-75.137751,40.003624],[-75.138058,40.003509],[-75.138367,40.003396],[-75.138677,40.003283],[-75.138987,40.003172],[-75.139297,40.003061],[-75.139608,40.00295],[-75.139878,40.002855],[-75.139919,40.00284],[-75.14023,40.00273],[-75.140541,40.002621],[-75.140852,40.002511],[-75.141164,40.002402],[-75.141475,40.002292],[-75.141786,40.002183],[-75.142097,40.002073],[-75.142408,40.001963],[-75.142418,40.001959],[-75.142719,40.001853],[-75.14303,40.001742],[-75.14334,40.001631],[-75.14365,40.001519],[-75.143801,40.001465],[-75.14396,40.001407],[-75.144269,40.001294],[-75.144578,40.001181],[-75.144886,40.001066],[-75.145194,40.000951],[-75.145501,40.000835],[-75.145808,40.000719],[-75.146114,40.000602],[-75.146421,40.000484],[-75.146727,40.000367],[-75.147033,40.000249],[-75.147339,40.000131],[-75.147645,40.000013],[-75.14772,39.999984],[-75.147951,39.999895],[-75.148257,39.999777],[-75.148563,39.999659],[-75.14887,39.999542],[-75.149176,39.999425],[-75.149483,39.999309],[-75.149791,39.999193],[-75.150023,39.999106],[-75.150098,39.999078],[-75.150407,39.998963],[-75.150715,39.998849],[-75.151024,39.998735],[-75.151332,39.998622],[-75.151641,39.998508],[-75.15195,39.998395],[-75.152259,39.998282],[-75.152569,39.998169],[-75.152878,39.998057],[-75.153187,39.997944],[-75.153497,39.997832],[-75.153784,39.997728],[-75.153611,39.998525],[-75.153568,39.998733],[-75.153519,39.998952],[-75.153432,39.999331],[-75.153377,39.999544],[-75.153274,40.000014],[-75.152928,40.001602],[-75.152553,40.003191],[-75.152238,40.004699],[-75.151923,40.006177],[-75.151605,40.007675],[-75.151456,40.008313],[-75.151371,40.008737],[-75.151249,40.009288],[-75.151093,40.009944],[-75.150886,40.010846],[-75.150588,40.012293],[-75.150529,40.012465],[-75.150397,40.013175],[-75.150247,40.013771],[-75.150216,40.013925],[-75.150098,40.014577],[-75.150073,40.01469],[-75.150041,40.014828],[-75.149934,40.015335],[-75.149842,40.015681],[-75.149772,40.016031],[-75.149729,40.016224],[-75.149589,40.016942],[-75.149349,40.017967],[-75.149092,40.018119],[-75.14847,40.018416],[-75.147146,40.01902],[-75.147061,40.019103],[-75.146397,40.019416],[-75.146378,40.019425],[-75.146224,40.019496],[-75.145924,40.019636],[-75.145594,40.01978],[-75.145369,40.019875],[-75.14511,40.019961],[-75.144589,40.020089],[-75.142366,40.02056],[-75.14203,40.020645]]]},"properties":{"ward_num":"43"}},{"type":"Feature","geometry":{"type":"Polygon","coordinates":[[[-75.133258,40.01951],[-75.132331,40.019398],[-75.13183,40.019325],[-75.131334,40.019256],[-75.130742,40.019192],[-75.130139,40.019111],[-75.128414,40.018896],[-75.127172,40.018728],[-75.12599,40.018583],[-75.125025,40.018444],[-75.125334,40.01697],[-75.12599,40.013872],[-75.122363,40.013405],[-75.119442,40.013035],[-75.114143,40.012336],[-75.112164,40.012095],[-75.112499,40.010499],[-75.112824,40.009017],[-75.113485,40.005937],[-75.113743,40.00473],[-75.113989,40.003569],[-75.114014,40.003453],[-75.114163,40.002821],[-75.114279,40.002315],[-75.114318,40.002079],[-75.114372,40.00183],[-75.114468,40.001379],[-75.115124,40.001464],[-75.115764,40.001553],[-75.116414,40.001633],[-75.11696,40.0017],[-75.117416,40.001759],[-75.117849,40.001826],[-75.118346,40.001887],[-75.118688,40.000346],[-75.118766,39.99996],[-75.118833,39.999636],[-75.11891,39.999284],[-75.118997,39.998862],[-75.119087,39.998413],[-75.11917,39.998],[-75.119331,39.997264],[-75.119431,39.996778],[-75.119509,39.996426],[-75.119582,39.996072],[-75.119668,39.995681],[-75.119991,39.994178],[-75.120312,39.992682],[-75.121554,39.992009],[-75.122562,39.991437],[-75.12369,39.990845],[-75.124362,39.990456],[-75.124523,39.990377],[-75.124683,39.99029],[-75.125494,39.989846],[-75.125835,39.990159],[-75.12595,39.990239],[-75.127033,39.990395],[-75.128977,39.99065],[-75.130901,39.990899],[-75.13144,39.99097],[-75.131962,39.991039],[-75.132422,39.991093],[-75.132895,39.991153],[-75.13335,39.99121],[-75.133806,39.991269],[-75.134336,39.991339],[-75.134871,39.991417],[-75.134546,39.992994],[-75.13422,39.99449],[-75.133898,39.995977],[-75.1338,39.996517],[-75.133728,39.996828],[-75.13358,39.997471],[-75.133436,39.998144],[-75.133354,39.998547],[-75.133239,39.999067],[-75.132899,40.000652],[-75.13258,40.002144],[-75.132258,40.003641],[-75.132068,40.004568],[-75.13194,40.005165],[-75.131998,40.005164],[-75.132341,40.005156],[-75.132683,40.00514],[-75.133023,40.005114],[-75.133361,40.005071],[-75.133695,40.005013],[-75.134027,40.004947],[-75.134049,40.004942],[-75.134354,40.00487],[-75.134676,40.004779],[-75.134991,40.004678],[-75.135303,40.004568],[-75.135611,40.004453],[-75.135918,40.004336],[-75.136223,40.004218],[-75.136528,40.004099],[-75.136833,40.003979],[-75.137139,40.00386],[-75.137444,40.003741],[-75.137671,40.003654],[-75.137532,40.004314],[-75.137452,40.00467],[-75.137211,40.005816],[-75.136861,40.007403],[-75.136716,40.00803],[-75.136612,40.008501],[-75.136509,40.008991],[-75.136269,40.010086],[-75.136179,40.010488],[-75.13586,40.011991],[-75.135536,40.013473],[-75.135192,40.015066],[-75.134846,40.016647],[-75.134696,40.017291],[-75.134614,40.017688],[-75.134515,40.018146],[-75.134431,40.018546],[-75.134348,40.018897],[-75.13427,40.019261],[-75.134197,40.019628],[-75.133258,40.01951]]]},"properties":{"ward_num":"7"}},{"type":"Feature","geometry":{"type":"Polygon","coordinates":[[[-75.107747,40.01659],[-75.107267,40.016819],[-75.107165,40.016742],[-75.107062,40.016679],[-75.106918,40.016472],[-75.106643,40.01642],[-75.106299,40.016423],[-75.106079,40.016306],[-75.105876,40.016286],[-75.10567,40.016296],[-75.105459,40.016297],[-75.10523,40.016256],[-75.105094,40.016197],[-75.105016,40.016149],[-75.104825,40.016145],[-75.10462,40.016166],[-75.104381,40.016165],[-75.104369,40.016165],[-75.104112,40.016154],[-75.103848,40.016148],[-75.10346,40.016101],[-75.103028,40.016007],[-75.102713,40.01598],[-75.102322,40.016001],[-75.101892,40.016037],[-75.101724,40.016027],[-75.101464,40.016012],[-75.101054,40.016017],[-75.100631,40.016053],[-75.100245,40.016121],[-75.099931,40.016215],[-75.099586,40.016263],[-75.099419,40.016325],[-75.099161,40.016329],[-75.098922,40.016354],[-75.098772,40.016343],[-75.098626,40.016332],[-75.09832,40.016239],[-75.098066,40.016141],[-75.097812,40.016064],[-75.097491,40.016006],[-75.097281,40.015966],[-75.097168,40.015989],[-75.097049,40.015996],[-75.097043,40.015996],[-75.096798,40.01599],[-75.096541,40.015969],[-75.096331,40.015939],[-75.096057,40.015856],[-75.095785,40.015723],[-75.095495,40.015559],[-75.095243,40.015406],[-75.095024,40.015269],[-75.094767,40.015091],[-75.094492,40.014871],[-75.094416,40.014791],[-75.094277,40.014643],[-75.094102,40.01439],[-75.093946,40.014148],[-75.093785,40.013885],[-75.093637,40.013618],[-75.093523,40.013326],[-75.093482,40.013016],[-75.09354,40.012718],[-75.093648,40.012476],[-75.093832,40.012176],[-75.094063,40.011847],[-75.094272,40.011557],[-75.094378,40.011395],[-75.094468,40.011257],[-75.094979,40.010513],[-75.09506,40.010262],[-75.095074,40.010217],[-75.094996,40.009891],[-75.094619,40.009266],[-75.094412,40.009145],[-75.093278,40.008443],[-75.092866,40.008185],[-75.092566,40.007949],[-75.0936,40.007386],[-75.094107,40.007106],[-75.094853,40.006687],[-75.09635,40.005861],[-75.096869,40.00557],[-75.097982,40.004959],[-75.099365,40.004212],[-75.1005,40.003588],[-75.101813,40.002873],[-75.103086,40.002159],[-75.103183,40.002105],[-75.104201,40.001535],[-75.105429,40.000883],[-75.106446,40.000332],[-75.107596,39.999672],[-75.108147,39.999367],[-75.108726,39.999042],[-75.109297,39.998754],[-75.10985,39.998446],[-75.110421,39.998134],[-75.110986,39.99781],[-75.111561,39.997484],[-75.112136,39.997168],[-75.112713,39.996869],[-75.113232,39.996589],[-75.11339,39.996503],[-75.114,39.996155],[-75.114441,39.995912],[-75.11489,39.995659],[-75.115781,39.995177],[-75.118046,39.993935],[-75.118275,39.993813],[-75.119697,39.993026],[-75.120312,39.992682],[-75.119991,39.994178],[-75.119668,39.995681],[-75.119582,39.996072],[-75.119509,39.996426],[-75.119431,39.996778],[-75.119331,39.997264],[-75.11917,39.998],[-75.119087,39.998413],[-75.118997,39.998862],[-75.11891,39.999284],[-75.118833,39.999636],[-75.118766,39.99996],[-75.118688,40.000346],[-75.118346,40.001887],[-75.117849,40.001826],[-75.117416,40.001759],[-75.11696,40.0017],[-75.116414,40.001633],[-75.115764,40.001553],[-75.115124,40.001464],[-75.114468,40.001379],[-75.114372,40.00183],[-75.114318,40.002079],[-75.114279,40.002315],[-75.114163,40.002821],[-75.114014,40.003453],[-75.113989,40.003569],[-75.113743,40.00473],[-75.113485,40.005937],[-75.112824,40.009017],[-75.112499,40.010499],[-75.112164,40.012095],[-75.111814,40.013672],[-75.1115,40.015178],[-75.111362,40.015876],[-75.109027,40.016296],[-75.107958,40.016501],[-75.107747,40.01659]]]},"properties":{"ward_num":"33"}},{"type":"Feature","geometry":{"type":"Polygon","coordinates":[[[-75.16661,40.009609],[-75.166181,40.00955],[-75.164579,40.009347],[-75.162971,40.009134],[-75.161752,40.008977],[-75.161097,40.008893],[-75.159522,40.008693],[-75.158727,40.0086],[-75.157947,40.008496],[-75.157042,40.00838],[-75.156379,40.008294],[-75.155579,40.00819],[-75.154803,40.00809],[-75.154015,40.007983],[-75.153232,40.007884],[-75.152438,40.007778],[-75.151605,40.007675],[-75.151923,40.006177],[-75.152238,40.004699],[-75.152553,40.003191],[-75.152928,40.001602],[-75.153274,40.000014],[-75.153377,39.999544],[-75.153432,39.999331],[-75.153519,39.998952],[-75.153568,39.998733],[-75.153611,39.998525],[-75.153784,39.997728],[-75.153987,39.996791],[-75.154144,39.996001],[-75.154256,39.995535],[-75.154321,39.995231],[-75.154394,39.99488],[-75.15459,39.993948],[-75.154824,39.993976],[-75.154834,39.993978],[-75.155055,39.994005],[-75.156231,39.994158],[-75.156789,39.994235],[-75.15725,39.994287],[-75.157794,39.994352],[-75.158361,39.994392],[-75.15881,39.99444],[-75.15937,39.994534],[-75.159921,39.994601],[-75.159989,39.99461],[-75.160949,39.994746],[-75.161352,39.994821],[-75.161634,39.994858],[-75.161861,39.994887],[-75.162545,39.994977],[-75.163196,39.995071],[-75.163543,39.995122],[-75.164098,39.995178],[-75.165967,39.995422],[-75.16757,39.995631],[-75.168142,39.995704],[-75.168609,39.995771],[-75.169179,39.995836],[-75.169734,39.995914],[-75.170204,39.995977],[-75.17077,39.996045],[-75.170423,39.997628],[-75.170091,39.999126],[-75.169757,40.000631],[-75.16968,40.001057],[-75.169618,40.001319],[-75.169541,40.001692],[-75.169442,40.00211],[-75.169096,40.003681],[-75.168945,40.00367],[-75.169422,40.004313],[-75.169507,40.004408],[-75.170089,40.005195],[-75.170816,40.006179],[-75.171499,40.007079],[-75.171787,40.007433],[-75.172212,40.007908],[-75.170359,40.008416],[-75.169745,40.008595],[-75.169252,40.008779],[-75.169143,40.008842],[-75.169023,40.008911],[-75.167947,40.009388],[-75.167295,40.009705],[-75.166891,40.009635],[-75.166735,40.009611],[-75.16661,40.009609]]]},"properties":{"ward_num":"11"}},{"type":"Feature","geometry":{"type":"Polygon","coordinates":[[[-75.167708,39.930404],[-75.16738,39.930368],[-75.166816,39.930295],[-75.166249,39.930217],[-75.165586,39.93013],[-75.165169,39.930077],[-75.164676,39.930007],[-75.163745,39.929892],[-75.163507,39.929839],[-75.163364,39.929844],[-75.163093,39.929802],[-75.163191,39.929374],[-75.163269,39.929005],[-75.163379,39.928587],[-75.163458,39.928182],[-75.163553,39.92778],[-75.163651,39.927359],[-75.163741,39.926926],[-75.163823,39.926568],[-75.16392,39.926139],[-75.163357,39.926065],[-75.163,39.92602],[-75.162903,39.925999],[-75.16234,39.925929],[-75.160767,39.925726],[-75.159207,39.925521],[-75.157669,39.925322],[-75.156098,39.925113],[-75.154528,39.924904],[-75.152942,39.924689],[-75.152078,39.924577],[-75.151345,39.924483],[-75.150104,39.924314],[-75.149407,39.924217],[-75.147845,39.924025],[-75.147665,39.924],[-75.147481,39.923975],[-75.147234,39.92394],[-75.146913,39.923896],[-75.145606,39.923703],[-75.144386,39.923562],[-75.132269,39.922011],[-75.13138,39.920061],[-75.130759,39.918488],[-75.130443,39.917574],[-75.130188,39.916677],[-75.129991,39.915893],[-75.129701,39.914328],[-75.129516,39.913226],[-75.129385,39.912332],[-75.1293,39.911312],[-75.129241,39.910181],[-75.129199,39.90913],[-75.129233,39.908224],[-75.129286,39.907398],[-75.129398,39.906637],[-75.129651,39.905434],[-75.129693,39.905262],[-75.129847,39.904643],[-75.130129,39.903743],[-75.13041,39.902874],[-75.131234,39.900793],[-75.131757,39.899548],[-75.133205,39.896272],[-75.135523,39.891855],[-75.135855,39.891274],[-75.136288,39.890759],[-75.136892,39.890089],[-75.137732,39.889185],[-75.139556,39.887382],[-75.140391,39.886621],[-75.141119,39.885938],[-75.142345,39.885218],[-75.143308,39.884858],[-75.144608,39.884347],[-75.146166,39.884112],[-75.149249,39.883943],[-75.152374,39.88376],[-75.157633,39.883385],[-75.159973,39.8832],[-75.162173,39.882915],[-75.164189,39.882579],[-75.166997,39.882038],[-75.169657,39.881589],[-75.172146,39.881295],[-75.173368,39.881179],[-75.174671,39.88106],[-75.175524,39.887438],[-75.17566,39.888555],[-75.175666,39.888578],[-75.175713,39.888769],[-75.175739,39.888872],[-75.175845,39.889814],[-75.175876,39.890051],[-75.17603,39.891229],[-75.176042,39.891337],[-75.176346,39.893958],[-75.176344,39.894006],[-75.176336,39.894048],[-75.175889,39.896162],[-75.175402,39.897352],[-75.175207,39.897819],[-75.174962,39.898498],[-75.174921,39.898613],[-75.17486,39.89891],[-75.174836,39.899045],[-75.174822,39.899125],[-75.174811,39.899188],[-75.174783,39.899343],[-75.174663,39.89991],[-75.174592,39.900264],[-75.174396,39.901234],[-75.174356,39.901538],[-75.174008,39.90292],[-75.173915,39.903489],[-75.173771,39.904044],[-75.17356,39.905057],[-75.173545,39.905236],[-75.173459,39.905388],[-75.173569,39.905403],[-75.173536,39.905604],[-75.173496,39.906712],[-75.173489,39.906764],[-75.173483,39.906951],[-75.173451,39.907168],[-75.173237,39.908012],[-75.173076,39.908727],[-75.173039,39.908922],[-75.172994,39.909156],[-75.17302,39.90926],[-75.172955,39.909361],[-75.172689,39.910585],[-75.172459,39.91175],[-75.172327,39.912262],[-75.17232,39.912297],[-75.172307,39.912357],[-75.172298,39.912402],[-75.172175,39.913],[-75.171951,39.913916],[-75.171932,39.914094],[-75.171879,39.914265],[-75.1718,39.914355],[-75.171274,39.916788],[-75.171255,39.91688],[-75.171132,39.917432],[-75.170987,39.918158],[-75.170713,39.919403],[-75.17045,39.920649],[-75.170182,39.921894],[-75.169883,39.923141],[-75.16963,39.924381],[-75.169365,39.9256],[-75.169098,39.926826],[-75.16883,39.928043],[-75.168693,39.928652],[-75.16857,39.929262],[-75.168322,39.93049],[-75.167708,39.930404]]]},"properties":{"ward_num":"39"}},{"type":"Feature","geometry":{"type":"Polygon","coordinates":[[[-75.169365,39.9256],[-75.16963,39.924381],[-75.169883,39.923141],[-75.170182,39.921894],[-75.17045,39.920649],[-75.170713,39.919403],[-75.170987,39.918158],[-75.171132,39.917432],[-75.171255,39.91688],[-75.171274,39.916788],[-75.1718,39.914355],[-75.171879,39.914265],[-75.171932,39.914094],[-75.171951,39.913916],[-75.172175,39.913],[-75.172298,39.912402],[-75.172307,39.912357],[-75.17232,39.912297],[-75.172327,39.912262],[-75.172459,39.91175],[-75.172689,39.910585],[-75.172955,39.909361],[-75.17302,39.90926],[-75.172994,39.909156],[-75.173039,39.908922],[-75.173076,39.908727],[-75.173237,39.908012],[-75.173451,39.907168],[-75.173483,39.906951],[-75.173489,39.906764],[-75.173496,39.906712],[-75.173536,39.905604],[-75.173569,39.905403],[-75.173459,39.905388],[-75.173545,39.905236],[-75.17356,39.905057],[-75.173771,39.904044],[-75.173915,39.903489],[-75.174008,39.90292],[-75.174356,39.901538],[-75.174396,39.901234],[-75.174592,39.900264],[-75.174663,39.89991],[-75.174783,39.899343],[-75.174811,39.899188],[-75.174822,39.899125],[-75.174836,39.899045],[-75.17486,39.89891],[-75.174921,39.898613],[-75.174962,39.898498],[-75.175207,39.897819],[-75.175402,39.897352],[-75.175889,39.896162],[-75.176336,39.894048],[-75.176344,39.894006],[-75.176346,39.893958],[-75.176042,39.891337],[-75.17603,39.891229],[-75.175876,39.890051],[-75.175845,39.889814],[-75.175739,39.888872],[-75.175713,39.888769],[-75.175666,39.888578],[-75.17566,39.888555],[-75.175524,39.887438],[-75.174671,39.88106],[-75.175047,39.881026],[-75.176889,39.880908],[-75.178235,39.880811],[-75.179289,39.880771],[-75.184569,39.880921],[-75.185418,39.880861],[-75.186268,39.880784],[-75.187037,39.880643],[-75.187663,39.880466],[-75.188332,39.880242],[-75.188981,39.880002],[-75.190137,39.879471],[-75.194166,39.877698],[-75.194513,39.884259],[-75.194767,39.887738],[-75.194989,39.888838],[-75.195314,39.889935],[-75.195666,39.890722],[-75.196069,39.891343],[-75.196592,39.891929],[-75.197083,39.892343],[-75.197388,39.892534],[-75.197633,39.892687],[-75.198418,39.893035],[-75.199435,39.893366],[-75.20046,39.893631],[-75.204868,39.89443],[-75.206414,39.894817],[-75.207241,39.895105],[-75.208022,39.895452],[-75.209066,39.896004],[-75.210211,39.896688],[-75.211031,39.897237],[-75.211667,39.897732],[-75.211719,39.897778],[-75.212621,39.898578],[-75.21324,39.899263],[-75.213894,39.900254],[-75.214449,39.901289],[-75.214899,39.902348],[-75.215194,39.903295],[-75.215408,39.90426],[-75.215558,39.905229],[-75.21562,39.906063],[-75.215619,39.90704],[-75.215556,39.908446],[-75.215463,39.909147],[-75.215277,39.909668],[-75.214993,39.910031],[-75.214588,39.91034],[-75.214284,39.910492],[-75.213793,39.910634],[-75.213253,39.910713],[-75.212509,39.91075],[-75.21197,39.910737],[-75.210367,39.910491],[-75.209463,39.910465],[-75.208737,39.910504],[-75.20802,39.910595],[-75.207471,39.91069],[-75.206962,39.910841],[-75.206672,39.91099],[-75.206293,39.911274],[-75.205952,39.911602],[-75.205545,39.91208],[-75.204857,39.913062],[-75.203915,39.914761],[-75.203849,39.914891],[-75.203783,39.915021],[-75.203717,39.915151],[-75.203652,39.91528],[-75.203586,39.91541],[-75.203521,39.91554],[-75.203455,39.91567],[-75.20339,39.9158],[-75.203324,39.915929],[-75.203258,39.916059],[-75.203193,39.916189],[-75.203127,39.916319],[-75.20306,39.916448],[-75.202994,39.916578],[-75.202927,39.916707],[-75.20286,39.916836],[-75.202793,39.916966],[-75.202724,39.917094],[-75.202653,39.917223],[-75.202582,39.917351],[-75.20251,39.917479],[-75.202437,39.917607],[-75.202365,39.917734],[-75.202293,39.917862],[-75.202223,39.917991],[-75.202154,39.918119],[-75.202087,39.918249],[-75.202023,39.918379],[-75.201962,39.91851],[-75.201906,39.918643],[-75.201855,39.918778],[-75.201812,39.918914],[-75.201778,39.91905],[-75.201755,39.919188],[-75.201745,39.91933],[-75.201755,39.919473],[-75.201796,39.919608],[-75.20187,39.919732],[-75.201919,39.919804],[-75.201793,39.919827],[-75.200064,39.920145],[-75.195048,39.921021],[-75.194487,39.921093],[-75.193866,39.921138],[-75.192497,39.921275],[-75.191822,39.921397],[-75.191224,39.921508],[-75.191097,39.921536],[-75.191056,39.921544],[-75.190818,39.921592],[-75.190603,39.921636],[-75.190478,39.921662],[-75.190467,39.921664],[-75.190391,39.921675],[-75.19032,39.921686],[-75.19016,39.92171],[-75.190064,39.921725],[-75.190062,39.921725],[-75.189655,39.921816],[-75.189302,39.921895],[-75.188903,39.921979],[-75.1889,39.921979],[-75.187272,39.922264],[-75.18694,39.922328],[-75.186191,39.92248],[-75.185962,39.922523],[-75.185659,39.922554],[-75.185205,39.922584],[-75.185015,39.92265],[-75.184839,39.922695],[-75.184581,39.92275],[-75.184046,39.922856],[-75.183437,39.922948],[-75.181707,39.9233],[-75.181428,39.923347],[-75.180904,39.923455],[-75.180315,39.92355],[-75.179655,39.923662],[-75.179057,39.923769],[-75.178579,39.923845],[-75.177985,39.923961],[-75.177401,39.924098],[-75.176299,39.92426],[-75.175536,39.92439],[-75.175339,39.92443],[-75.174632,39.924553],[-75.174046,39.924663],[-75.173577,39.924715],[-75.172947,39.924846],[-75.171259,39.925172],[-75.169502,39.925541],[-75.169365,39.9256]]]},"properties":{"ward_num":"26"}}]}