{
"type": "FeatureCollection",
"name": "police_divisions",
"crs": { "type": "name", "properties": { "name": "urn:ogc:def:crs:OGC:1.3:CRS84" } },
"xy_coordinate_resolution": 1e-06,
"features": [
{ "type": "Feature", "properties": { "division": "Central", "districts": "9, 22" }, "geometry": { "type": "Polygon", "coordinates": [ [ [ -75.204351, 39.985146 ], [ -75.204351, 39.985146 ], [ -75.204092, 39.985616 ], [ -75.204092, 39.985616 ], [ -75.204092, 39.985616 ], [ -75.204044, 39.985658 ], [ -75.204044, 39.985658 ], [ -75.203869, 39.985815 ], [ -75.203869, 39.985815 ], [ -75.202059, 39.98734 ], [ -75.202058, 39.98734 ], [ -75.200528, 39.988875 ], [ -75.200528, 39.988875 ], [ -75.199113, 39.990155 ], [ -75.199113, 39.990155 ], [ -75.198639, 39.990567 ], [ -75.198638, 39.990568 ], [ -75.198182, 39.991033 ], [ -75.197039, 39.992192 ], [ -75.197038, 39.992192 ], [ -75.196939, 39.992271 ], [ -75.196939, 39.992271 ], [ -75.195952, 39.993212 ], [ -75.194215, 39.994867 ], [ -75.194215, 39.994867 ], [ -75.194215, 39.994867 ], [ -75.194215, 39.994868 ], [ -75.194214, 39.994868 ], [ -75.194214, 39.994868 ], [ -75.194213, 39.994868 ], [ -75.194213, 39.994869 ], [ -75.194212, 39.994869 ], [ -75.194212, 39.99487 ], [ -75.193948, 39.995192 ], [ -75.193948, 39.995192 ], [ -75.193787, 39.995391 ], [ -75.192891, 39.996484 ], [ -75.19289, 39.996484 ], [ -75.19289, 39.996485 ], [ -75.192217, 39.99774 ], [ -75.192216, 39.997741 ], [ -75.192216, 39.997741 ], [ -75.19172, 39.999364 ], [ -75.19172, 39.999364 ], [ -75.19172, 39.999364 ], [ -75.190422, 39.999677 ], [ -75.190422, 39.999677 ], [ -75.18958, 39.999905 ], [ -75.18958, 39.999905 ], [ -75.188819, 40.000213 ], [ -75.188818, 40.000214 ], [ -75.188818, 40.000214 ], [ -75.188563, 40.000264 ], [ -75.188563, 40.000264 ], [ -75.18845, 40.000281 ], [ -75.18845, 40.000281 ], [ -75.18845, 40.000281 ], [ -75.188291, 40.000281 ], [ -75.188291, 40.000281 ], [ -75.188114, 40.00028 ], [ -75.188114, 40.00028 ], [ -75.187745, 40.000262 ], [ -75.187745, 40.000262 ], [ -75.187514, 40.000259 ], [ -75.187513, 40.000259 ], [ -75.187344, 40.00027 ], [ -75.187343, 40.00027 ], [ -75.187198, 40.000295 ], [ -75.187198, 40.000295 ], [ -75.187197, 40.000296 ], [ -75.186953, 40.000372 ], [ -75.186952, 40.000372 ], [ -75.186951, 40.000373 ], [ -75.186863, 40.000418 ], [ -75.186863, 40.000418 ], [ -75.186863, 40.000418 ], [ -75.186955, 40.000194 ], [ -75.186955, 40.000194 ], [ -75.187035, 39.999983 ], [ -75.187035, 39.999983 ], [ -75.18756, 39.998653 ], [ -75.18756, 39.998653 ], [ -75.187591, 39.998571 ], [ -75.187591, 39.99857 ], [ -75.187591, 39.99857 ], [ -75.187591, 39.998569 ], [ -75.187608, 39.99821 ], [ -75.187608, 39.998209 ], [ -75.187608, 39.998209 ], [ -75.187608, 39.998208 ], [ -75.187608, 39.998208 ], [ -75.187608, 39.998207 ], [ -75.187607, 39.998207 ], [ -75.187607, 39.998206 ], [ -75.187607, 39.998206 ], [ -75.187606, 39.998206 ], [ -75.187606, 39.998205 ], [ -75.187605, 39.998205 ], [ -75.187604, 39.998205 ], [ -75.187604, 39.998205 ], [ -75.187603, 39.998204 ], [ -75.187602, 39.998204 ], [ -75.186548, 39.998074 ], [ -75.185032, 39.997887 ], [ -75.185032, 39.997887 ], [ -75.184398, 39.997802 ], [ -75.182344, 39.997529 ], [ -75.181794, 39.997455 ], [ -75.181793, 39.997454 ], [ -75.180192, 39.997263 ], [ -75.180192, 39.997263 ], [ -75.179206, 39.997127 ], [ -75.179206, 39.997127 ], [ -75.178579, 39.997049 ], [ -75.177991, 39.996973 ], [ -75.177991, 39.996973 ], [ -75.177504, 39.99692 ], [ -75.177504, 39.99692 ], [ -75.176952, 39.996842 ], [ -75.176952, 39.996842 ], [ -75.176719, 39.996809 ], [ -75.176719, 39.996809 ], [ -75.176001, 39.996711 ], [ -75.176001, 39.996711 ], [ -75.175541, 39.996648 ], [ -75.175541, 39.996648 ], [ -75.174422, 39.996508 ], [ -75.174422, 39.996508 ], [ -75.173951, 39.996443 ], [ -75.173951, 39.996443 ], [ -75.172359, 39.99625 ], [ -75.17179, 39.99618 ], [ -75.171328, 39.996123 ], [ -75.171328, 39.996123 ], [ -75.170771, 39.996046 ], [ -75.17077, 39.996046 ], [ -75.170204, 39.995977 ], [ -75.170204, 39.995977 ], [ -75.169735, 39.995914 ], [ -75.169179, 39.995836 ], [ -75.169179, 39.995835 ], [ -75.168608, 39.995771 ], [ -75.168608, 39.99577 ], [ -75.168141, 39.995704 ], [ -75.168141, 39.995704 ], [ -75.167571, 39.99563 ], [ -75.165967, 39.995421 ], [ -75.164098, 39.995177 ], [ -75.164098, 39.995177 ], [ -75.163543, 39.995122 ], [ -75.163543, 39.995122 ], [ -75.163197, 39.995071 ], [ -75.163197, 39.995071 ], [ -75.162545, 39.994978 ], [ -75.162545, 39.994978 ], [ -75.161861, 39.994887 ], [ -75.161861, 39.994887 ], [ -75.161351, 39.994822 ], [ -75.161351, 39.994822 ], [ -75.160949, 39.994747 ], [ -75.160949, 39.994747 ], [ -75.159921, 39.994601 ], [ -75.159921, 39.994601 ], [ -75.15937, 39.994534 ], [ -75.15937, 39.994534 ], [ -75.158809, 39.99444 ], [ -75.158809, 39.99444 ], [ -75.158361, 39.994392 ], [ -75.158361, 39.994392 ], [ -75.157793, 39.994351 ], [ -75.157793, 39.994351 ], [ -75.157249, 39.994287 ], [ -75.157249, 39.994287 ], [ -75.156789, 39.994235 ], [ -75.156789, 39.994235 ], [ -75.156231, 39.994158 ], [ -75.156231, 39.994158 ], [ -75.155491, 39.994062 ], [ -75.15549, 39.994062 ], [ -75.155443, 39.994057 ], [ -75.155442, 39.994057 ], [ -75.155311, 39.994038 ], [ -75.155311, 39.994038 ], [ -75.155055, 39.994005 ], [ -75.155055, 39.994005 ], [ -75.154824, 39.993977 ], [ -75.154824, 39.993977 ], [ -75.15459, 39.993948 ], [ -75.15459, 39.993948 ], [ -75.154533, 39.993939 ], [ -75.154533, 39.993938 ], [ -75.153296, 39.993783 ], [ -75.152392, 39.993668 ], [ -75.152392, 39.993668 ], [ -75.150816, 39.993469 ], [ -75.14924, 39.993263 ], [ -75.148475, 39.993163 ], [ -75.148475, 39.993163 ], [ -75.147889, 39.993088 ], [ -75.147888, 39.993088 ], [ -75.147888, 39.993088 ], [ -75.148083, 39.992384 ], [ -75.148083, 39.992384 ], [ -75.148309, 39.991513 ], [ -75.148309, 39.991513 ], [ -75.148379, 39.991227 ], [ -75.148379, 39.991226 ], [ -75.148379, 39.991226 ], [ -75.148379, 39.991225 ], [ -75.148379, 39.991225 ], [ -75.148348, 39.991079 ], [ -75.148347, 39.991078 ], [ -75.148309, 39.990979 ], [ -75.148308, 39.990979 ], [ -75.148308, 39.990978 ], [ -75.148155, 39.990733 ], [ -75.148155, 39.990733 ], [ -75.148155, 39.990733 ], [ -75.148212, 39.990562 ], [ -75.148212, 39.990561 ], [ -75.148343, 39.98998 ], [ -75.148343, 39.98998 ], [ -75.148548, 39.989018 ], [ -75.148666, 39.988486 ], [ -75.148788, 39.987958 ], [ -75.148788, 39.987957 ], [ -75.148878, 39.987521 ], [ -75.148878, 39.987521 ], [ -75.148999, 39.986991 ], [ -75.148999, 39.986991 ], [ -75.149113, 39.986463 ], [ -75.149113, 39.986463 ], [ -75.149201, 39.986031 ], [ -75.149201, 39.986031 ], [ -75.149343, 39.985402 ], [ -75.149343, 39.985402 ], [ -75.149435, 39.98497 ], [ -75.149506, 39.984638 ], [ -75.149688, 39.983817 ], [ -75.149688, 39.983817 ], [ -75.150014, 39.982324 ], [ -75.150339, 39.98083 ], [ -75.150339, 39.98083 ], [ -75.150663, 39.979335 ], [ -75.150879, 39.978356 ], [ -75.150879, 39.978356 ], [ -75.151004, 39.977778 ], [ -75.151004, 39.977778 ], [ -75.151139, 39.97715 ], [ -75.151309, 39.976392 ], [ -75.151309, 39.976392 ], [ -75.151619, 39.974968 ], [ -75.151917, 39.973598 ], [ -75.152025, 39.973114 ], [ -75.152025, 39.973114 ], [ -75.152191, 39.972328 ], [ -75.152452, 39.971153 ], [ -75.152452, 39.971153 ], [ -75.152575, 39.970579 ], [ -75.152693, 39.970064 ], [ -75.152693, 39.970064 ], [ -75.152785, 39.969633 ], [ -75.152909, 39.969075 ], [ -75.152909, 39.969075 ], [ -75.153019, 39.968563 ], [ -75.153019, 39.968562 ], [ -75.153019, 39.968562 ], [ -75.153019, 39.968561 ], [ -75.153019, 39.968561 ], [ -75.153019, 39.96856 ], [ -75.153019, 39.96856 ], [ -75.153019, 39.968559 ], [ -75.153018, 39.968559 ], [ -75.153018, 39.968558 ], [ -75.153017, 39.968558 ], [ -75.153017, 39.968558 ], [ -75.153016, 39.968557 ], [ -75.153016, 39.968557 ], [ -75.153015, 39.968557 ], [ -75.153014, 39.968557 ], [ -75.152543, 39.968441 ], [ -75.152099, 39.96833 ], [ -75.152099, 39.96833 ], [ -75.152002, 39.968308 ], [ -75.152002, 39.968308 ], [ -75.151503, 39.968192 ], [ -75.151503, 39.968192 ], [ -75.150975, 39.968087 ], [ -75.150975, 39.968087 ], [ -75.150517, 39.96798 ], [ -75.150517, 39.96798 ], [ -75.149561, 39.967741 ], [ -75.148693, 39.967525 ], [ -75.148693, 39.967525 ], [ -75.147911, 39.967333 ], [ -75.147911, 39.967333 ], [ -75.14715, 39.967136 ], [ -75.14715, 39.967136 ], [ -75.14715, 39.967136 ], [ -75.146507, 39.966851 ], [ -75.146507, 39.966851 ], [ -75.145893, 39.966556 ], [ -75.145892, 39.966556 ], [ -75.145761, 39.966502 ], [ -75.14576, 39.966502 ], [ -75.144909, 39.966105 ], [ -75.144588, 39.965953 ], [ -75.144588, 39.965953 ], [ -75.144004, 39.965679 ], [ -75.144004, 39.965679 ], [ -75.14338, 39.965389 ], [ -75.142531, 39.964995 ], [ -75.142531, 39.964995 ], [ -75.141633, 39.964582 ], [ -75.140708, 39.964147 ], [ -75.140708, 39.964147 ], [ -75.139935, 39.963787 ], [ -75.139935, 39.963787 ], [ -75.139758, 39.9637 ], [ -75.139758, 39.9637 ], [ -75.139453, 39.963561 ], [ -75.138438, 39.963093 ], [ -75.138437, 39.963093 ], [ -75.138085, 39.962947 ], [ -75.138085, 39.962947 ], [ -75.138084, 39.962947 ], [ -75.138083, 39.962946 ], [ -75.137173, 39.962828 ], [ -75.137173, 39.962828 ], [ -75.13676, 39.962776 ], [ -75.13676, 39.962776 ], [ -75.13676, 39.962776 ], [ -75.136297, 39.962461 ], [ -75.136102, 39.962328 ], [ -75.136102, 39.962328 ], [ -75.135704, 39.962056 ], [ -75.135704, 39.962056 ], [ -75.130706, 39.959087 ], [ -75.130706, 39.959087 ], [ -75.130706, 39.959087 ], [ -75.131518, 39.958539 ], [ -75.132256, 39.958042 ], [ -75.132257, 39.958041 ], [ -75.132257, 39.958041 ], [ -75.132258, 39.95804 ], [ -75.132258, 39.95804 ], [ -75.132258, 39.958039 ], [ -75.133701, 39.95463 ], [ -75.133701, 39.95463 ], [ -75.13524, 39.950687 ], [ -75.135241, 39.950687 ], [ -75.135241, 39.950686 ], [ -75.135959, 39.946072 ], [ -75.135959, 39.946071 ], [ -75.136271, 39.943291 ], [ -75.136311, 39.942934 ], [ -75.136311, 39.942933 ], [ -75.136383, 39.941079 ], [ -75.136383, 39.941079 ], [ -75.136383, 39.941079 ], [ -75.14145, 39.941565 ], [ -75.14145, 39.941565 ], [ -75.141671, 39.941575 ], [ -75.141671, 39.941575 ], [ -75.142015, 39.941585 ], [ -75.142578, 39.941603 ], [ -75.142578, 39.941603 ], [ -75.142578, 39.941603 ], [ -75.143985, 39.94196 ], [ -75.143986, 39.94196 ], [ -75.143986, 39.94196 ], [ -75.145255, 39.942125 ], [ -75.145255, 39.942125 ], [ -75.145451, 39.942169 ], [ -75.145452, 39.942169 ], [ -75.145645, 39.942227 ], [ -75.145645, 39.942227 ], [ -75.145646, 39.942227 ], [ -75.146357, 39.942313 ], [ -75.146358, 39.942313 ], [ -75.147385, 39.942447 ], [ -75.147385, 39.942447 ], [ -75.148415, 39.942572 ], [ -75.150281, 39.942799 ], [ -75.150541, 39.942833 ], [ -75.150963, 39.942888 ], [ -75.150963, 39.942888 ], [ -75.151333, 39.94293 ], [ -75.151333, 39.94293 ], [ -75.152121, 39.943035 ], [ -75.152121, 39.943035 ], [ -75.153697, 39.943228 ], [ -75.154576, 39.943337 ], [ -75.155271, 39.943424 ], [ -75.155828, 39.943495 ], [ -75.156843, 39.943625 ], [ -75.157049, 39.943651 ], [ -75.15772, 39.943739 ], [ -75.15772, 39.943739 ], [ -75.158416, 39.943824 ], [ -75.159986, 39.944019 ], [ -75.159986, 39.944019 ], [ -75.160396, 39.944063 ], [ -75.160397, 39.944063 ], [ -75.160773, 39.944115 ], [ -75.160773, 39.944115 ], [ -75.161558, 39.944205 ], [ -75.161558, 39.944205 ], [ -75.162351, 39.944308 ], [ -75.162688, 39.944354 ], [ -75.162689, 39.944354 ], [ -75.163138, 39.944399 ], [ -75.163138, 39.944399 ], [ -75.163316, 39.94442 ], [ -75.163316, 39.94442 ], [ -75.163626, 39.944462 ], [ -75.163626, 39.944462 ], [ -75.164157, 39.944531 ], [ -75.164157, 39.944531 ], [ -75.164526, 39.94458 ], [ -75.164527, 39.94458 ], [ -75.165184, 39.944653 ], [ -75.165184, 39.944653 ], [ -75.165203, 39.944657 ], [ -75.165203, 39.944657 ], [ -75.165343, 39.944674 ], [ -75.165344, 39.944674 ], [ -75.166274, 39.944797 ], [ -75.166274, 39.944797 ], [ -75.166973, 39.944886 ], [ -75.166973, 39.944886 ], [ -75.167289, 39.944925 ], [ -75.167289, 39.944925 ], [ -75.168129, 39.945022 ], [ -75.168129, 39.945022 ], [ -75.16854, 39.945065 ], [ -75.16854, 39.945065 ], [ -75.170107, 39.945276 ], [ -75.170107, 39.945276 ], [ -75.171697, 39.945466 ], [ -75.171697, 39.945466 ], [ -75.172732, 39.945588 ], [ -75.173517, 39.945685 ], [ -75.173517, 39.945685 ], [ -75.174039, 39.945759 ], [ -75.174039, 39.945759 ], [ -75.174841, 39.945852 ], [ -75.174841, 39.945852 ], [ -75.17675, 39.946099 ], [ -75.17675, 39.946099 ], [ -75.177548, 39.946182 ], [ -75.177548, 39.946182 ], [ -75.178345, 39.946284 ], [ -75.178954, 39.946362 ], [ -75.179511, 39.946436 ], [ -75.179511, 39.946436 ], [ -75.180533, 39.946558 ], [ -75.180533, 39.946558 ], [ -75.181644, 39.946707 ], [ -75.181644, 39.946707 ], [ -75.182874, 39.946859 ], [ -75.182874, 39.946859 ], [ -75.183075, 39.946883 ], [ -75.183441, 39.946927 ], [ -75.183441, 39.946927 ], [ -75.183453, 39.946928 ], [ -75.183454, 39.946928 ], [ -75.183454, 39.946928 ], [ -75.183455, 39.946928 ], [ -75.183456, 39.946928 ], [ -75.183457, 39.946928 ], [ -75.183457, 39.946927 ], [ -75.183458, 39.946927 ], [ -75.183458, 39.946927 ], [ -75.183459, 39.946926 ], [ -75.183459, 39.946926 ], [ -75.18346, 39.946926 ], [ -75.18346, 39.946925 ], [ -75.183461, 39.946925 ], [ -75.183461, 39.946924 ], [ -75.183461, 39.946924 ], [ -75.183469, 39.946926 ], [ -75.18347, 39.946926 ], [ -75.183516, 39.946933 ], [ -75.183516, 39.946933 ], [ -75.183746, 39.946961 ], [ -75.183746, 39.946961 ], [ -75.184027, 39.946995 ], [ -75.184027, 39.946995 ], [ -75.186434, 39.94731 ], [ -75.186434, 39.94731 ], [ -75.186434, 39.94731 ], [ -75.185416, 39.947955 ], [ -75.185416, 39.947956 ], [ -75.18331, 39.949508 ], [ -75.18331, 39.949508 ], [ -75.183309, 39.949509 ], [ -75.182406, 39.950528 ], [ -75.182406, 39.950529 ], [ -75.182405, 39.950529 ], [ -75.181834, 39.951446 ], [ -75.181726, 39.951619 ], [ -75.181726, 39.951619 ], [ -75.181428, 39.952099 ], [ -75.181427, 39.9521 ], [ -75.180473, 39.954308 ], [ -75.18034, 39.954613 ], [ -75.18034, 39.954613 ], [ -75.180329, 39.954643 ], [ -75.180329, 39.954643 ], [ -75.180217, 39.954909 ], [ -75.180217, 39.954909 ], [ -75.180153, 39.955042 ], [ -75.180153, 39.955043 ], [ -75.180021, 39.955358 ], [ -75.180021, 39.955358 ], [ -75.179933, 39.955576 ], [ -75.179754, 39.956003 ], [ -75.179754, 39.956003 ], [ -75.179626, 39.956316 ], [ -75.179562, 39.956472 ], [ -75.179562, 39.956473 ], [ -75.179514, 39.956658 ], [ -75.179514, 39.956658 ], [ -75.179408, 39.957195 ], [ -75.179408, 39.957196 ], [ -75.179366, 39.957639 ], [ -75.179366, 39.957639 ], [ -75.179345, 39.958004 ], [ -75.179345, 39.958004 ], [ -75.179363, 39.958387 ], [ -75.179363, 39.958388 ], [ -75.179394, 39.958543 ], [ -75.179394, 39.958544 ], [ -75.17957, 39.959093 ], [ -75.17957, 39.959093 ], [ -75.179771, 39.959609 ], [ -75.179771, 39.95961 ], [ -75.179935, 39.959947 ], [ -75.180074, 39.960235 ], [ -75.180125, 39.960342 ], [ -75.180126, 39.960343 ], [ -75.180449, 39.960804 ], [ -75.180449, 39.960804 ], [ -75.180504, 39.960897 ], [ -75.180504, 39.960897 ], [ -75.18074, 39.961307 ], [ -75.18074, 39.961308 ], [ -75.180741, 39.961308 ], [ -75.181442, 39.962039 ], [ -75.181442, 39.962039 ], [ -75.182968, 39.96373 ], [ -75.182969, 39.96373 ], [ -75.183388, 39.964292 ], [ -75.183554, 39.964515 ], [ -75.183555, 39.964515 ], [ -75.184305, 39.965394 ], [ -75.184305, 39.965394 ], [ -75.185917, 39.967127 ], [ -75.185917, 39.967128 ], [ -75.18593, 39.96714 ], [ -75.185931, 39.96714 ], [ -75.185982, 39.967198 ], [ -75.185982, 39.967198 ], [ -75.186472, 39.967723 ], [ -75.186473, 39.967724 ], [ -75.186637, 39.967883 ], [ -75.186638, 39.967884 ], [ -75.186638, 39.967884 ], [ -75.186638, 39.967884 ], [ -75.187325, 39.968279 ], [ -75.187326, 39.968279 ], [ -75.187327, 39.96828 ], [ -75.187912, 39.968486 ], [ -75.187912, 39.968486 ], [ -75.188648, 39.968744 ], [ -75.188649, 39.968744 ], [ -75.188649, 39.968744 ], [ -75.189318, 39.968887 ], [ -75.189318, 39.968887 ], [ -75.189318, 39.968887 ], [ -75.189971, 39.969224 ], [ -75.189971, 39.969224 ], [ -75.190475, 39.969537 ], [ -75.190475, 39.969538 ], [ -75.190475, 39.969538 ], [ -75.190784, 39.969848 ], [ -75.190784, 39.969848 ], [ -75.190784, 39.969848 ], [ -75.191039, 39.970276 ], [ -75.191039, 39.970276 ], [ -75.191039, 39.970277 ], [ -75.191484, 39.971635 ], [ -75.191484, 39.971635 ], [ -75.192178, 39.973497 ], [ -75.192178, 39.973497 ], [ -75.192229, 39.973668 ], [ -75.192229, 39.973669 ], [ -75.192541, 39.974367 ], [ -75.192542, 39.974368 ], [ -75.193011, 39.975206 ], [ -75.193012, 39.975206 ], [ -75.193023, 39.975232 ], [ -75.193023, 39.975232 ], [ -75.193077, 39.975363 ], [ -75.193139, 39.975512 ], [ -75.193139, 39.975513 ], [ -75.193295, 39.975777 ], [ -75.193295, 39.975777 ], [ -75.193298, 39.975783 ], [ -75.193298, 39.975783 ], [ -75.193299, 39.975784 ], [ -75.193299, 39.975784 ], [ -75.193587, 39.976074 ], [ -75.193588, 39.976075 ], [ -75.194342, 39.976644 ], [ -75.194343, 39.976645 ], [ -75.196192, 39.977769 ], [ -75.196192, 39.977769 ], [ -75.196193, 39.977769 ], [ -75.198954, 39.978924 ], [ -75.198955, 39.978924 ], [ -75.200084, 39.979556 ], [ -75.200084, 39.979556 ], [ -75.201585, 39.980556 ], [ -75.201585, 39.980556 ], [ -75.203978, 39.982664 ], [ -75.203978, 39.982664 ], [ -75.203978, 39.982664 ], [ -75.204252, 39.983647 ], [ -75.204252, 39.983647 ], [ -75.204252, 39.983647 ], [ -75.204351, 39.985146 ], [ -75.204351, 39.985146 ] ] ] } },
{ "type": "Feature", "properties": { "division": "East", "districts": "24, 25, 26" }, "geometry": { "type": "Polygon", "coordinates": [ [ [ -75.15459, 39.993948 ], [ -75.15459, 39.993948 ], [ -75.154393, 39.99488 ], [ -75.154393, 39.99488 ], [ -75.154371, 39.994989 ], [ -75.154345, 39.995112 ], [ -75.154345, 39.995112 ], [ -75.154321, 39.995231 ], [ -75.154256, 39.995535 ], [ -75.154256, 39.995535 ], [ -75.154143, 39.996 ], [ -75.154143, 39.996001 ], [ -75.153986, 39.996791 ], [ -75.153986, 39.996791 ], [ -75.153611, 39.998525 ], [ -75.153611, 39.998525 ], [ -75.153568, 39.998732 ], [ -75.153568, 39.998732 ], [ -75.153518, 39.998952 ], [ -75.153432, 39.999331 ], [ -75.153432, 39.999331 ], [ -75.153378, 39.999544 ], [ -75.153378, 39.999544 ], [ -75.153274, 40.000014 ], [ -75.153274, 40.000014 ], [ -75.152928, 40.001601 ], [ -75.152928, 40.001601 ], [ -75.152787, 40.002202 ], [ -75.152787, 40.002203 ], [ -75.15278, 40.002231 ], [ -75.152553, 40.003191 ], [ -75.152553, 40.003191 ], [ -75.152238, 40.004699 ], [ -75.151922, 40.006177 ], [ -75.151604, 40.007675 ], [ -75.151604, 40.007675 ], [ -75.151457, 40.008313 ], [ -75.151457, 40.008313 ], [ -75.151371, 40.008737 ], [ -75.151371, 40.008737 ], [ -75.15125, 40.009287 ], [ -75.15125, 40.009288 ], [ -75.151092, 40.009944 ], [ -75.151092, 40.009944 ], [ -75.150886, 40.010846 ], [ -75.150886, 40.010846 ], [ -75.150576, 40.01238 ], [ -75.150576, 40.01238 ], [ -75.150397, 40.013175 ], [ -75.150397, 40.013175 ], [ -75.150248, 40.013771 ], [ -75.150248, 40.013772 ], [ -75.150205, 40.013996 ], [ -75.150205, 40.013996 ], [ -75.150099, 40.014577 ], [ -75.150099, 40.014577 ], [ -75.150041, 40.014828 ], [ -75.150041, 40.014828 ], [ -75.149934, 40.015335 ], [ -75.149934, 40.015335 ], [ -75.149842, 40.015681 ], [ -75.149842, 40.015681 ], [ -75.149772, 40.016031 ], [ -75.149772, 40.016031 ], [ -75.149729, 40.016225 ], [ -75.149729, 40.016225 ], [ -75.149589, 40.016942 ], [ -75.149589, 40.016942 ], [ -75.149349, 40.017967 ], [ -75.149349, 40.017967 ], [ -75.149234, 40.018512 ], [ -75.149044, 40.019365 ], [ -75.149044, 40.019365 ], [ -75.14904, 40.019385 ], [ -75.148996, 40.019582 ], [ -75.148996, 40.019582 ], [ -75.148956, 40.019751 ], [ -75.148956, 40.019751 ], [ -75.148956, 40.019752 ], [ -75.148956, 40.019752 ], [ -75.148956, 40.019753 ], [ -75.148938, 40.019834 ], [ -75.148938, 40.019835 ], [ -75.148938, 40.019835 ], [ -75.147147, 40.019603 ], [ -75.147147, 40.019603 ], [ -75.14708, 40.019593 ], [ -75.147079, 40.019593 ], [ -75.146948, 40.019577 ], [ -75.146445, 40.019513 ], [ -75.146445, 40.019513 ], [ -75.146263, 40.019499 ], [ -75.146263, 40.019499 ], [ -75.146205, 40.019494 ], [ -75.146204, 40.019494 ], [ -75.145952, 40.019483 ], [ -75.145951, 40.019483 ], [ -75.145672, 40.019474 ], [ -75.145671, 40.019474 ], [ -75.145081, 40.019497 ], [ -75.145081, 40.019497 ], [ -75.144736, 40.019529 ], [ -75.144735, 40.019529 ], [ -75.144341, 40.019609 ], [ -75.144341, 40.019609 ], [ -75.14401, 40.01968 ], [ -75.14401, 40.01968 ], [ -75.143656, 40.019766 ], [ -75.143343, 40.019839 ], [ -75.143343, 40.01984 ], [ -75.143342, 40.01984 ], [ -75.14291, 40.020005 ], [ -75.142909, 40.020006 ], [ -75.14237, 40.020243 ], [ -75.14237, 40.020243 ], [ -75.141532, 40.020674 ], [ -75.141532, 40.020674 ], [ -75.139813, 40.021524 ], [ -75.139813, 40.021524 ], [ -75.138613, 40.022136 ], [ -75.138445, 40.02222 ], [ -75.138445, 40.022221 ], [ -75.138172, 40.02236 ], [ -75.138172, 40.02236 ], [ -75.137007, 40.022931 ], [ -75.137007, 40.022931 ], [ -75.136437, 40.023174 ], [ -75.136436, 40.023175 ], [ -75.135867, 40.02335 ], [ -75.135867, 40.02335 ], [ -75.135427, 40.023449 ], [ -75.135427, 40.023449 ], [ -75.133263, 40.023905 ], [ -75.133263, 40.023906 ], [ -75.133256, 40.023907 ], [ -75.133256, 40.023907 ], [ -75.132245, 40.024136 ], [ -75.132245, 40.024136 ], [ -75.131461, 40.024379 ], [ -75.13146, 40.024379 ], [ -75.130568, 40.024591 ], [ -75.130568, 40.024591 ], [ -75.128883, 40.024932 ], [ -75.128883, 40.024932 ], [ -75.127936, 40.025132 ], [ -75.127936, 40.025132 ], [ -75.127673, 40.025174 ], [ -75.126899, 40.025295 ], [ -75.126791, 40.025312 ], [ -75.126791, 40.025312 ], [ -75.126676, 40.025329 ], [ -75.126676, 40.025329 ], [ -75.125415, 40.025514 ], [ -75.125415, 40.025514 ], [ -75.124551, 40.025644 ], [ -75.124551, 40.025644 ], [ -75.123456, 40.025794 ], [ -75.123456, 40.025794 ], [ -75.121988, 40.025999 ], [ -75.121988, 40.025999 ], [ -75.119819, 40.026343 ], [ -75.119819, 40.026343 ], [ -75.119819, 40.026343 ], [ -75.119762, 40.026337 ], [ -75.119761, 40.026337 ], [ -75.11976, 40.026337 ], [ -75.11976, 40.026337 ], [ -75.119759, 40.026337 ], [ -75.119725, 40.026343 ], [ -75.119724, 40.026343 ], [ -75.119678, 40.026348 ], [ -75.119678, 40.026348 ], [ -75.118338, 40.026532 ], [ -75.117236, 40.02668 ], [ -75.117236, 40.02668 ], [ -75.11361, 40.027232 ], [ -75.11295, 40.02733 ], [ -75.11295, 40.02733 ], [ -75.112818, 40.02735 ], [ -75.112818, 40.02735 ], [ -75.112818, 40.02735 ], [ -75.112818, 40.027345 ], [ -75.112818, 40.027344 ], [ -75.112752, 40.026823 ], [ -75.112752, 40.026822 ], [ -75.112753, 40.02649 ], [ -75.112753, 40.02649 ], [ -75.112755, 40.026418 ], [ -75.112755, 40.026417 ], [ -75.112754, 40.026367 ], [ -75.112754, 40.026366 ], [ -75.112749, 40.02632 ], [ -75.112749, 40.02632 ], [ -75.112741, 40.026275 ], [ -75.112741, 40.026274 ], [ -75.112734, 40.02624 ], [ -75.112734, 40.02624 ], [ -75.112721, 40.026208 ], [ -75.112721, 40.026208 ], [ -75.112694, 40.026157 ], [ -75.112694, 40.026157 ], [ -75.112673, 40.026112 ], [ -75.112673, 40.026112 ], [ -75.112656, 40.026086 ], [ -75.112656, 40.026086 ], [ -75.112624, 40.02604 ], [ -75.112624, 40.02604 ], [ -75.112623, 40.026039 ], [ -75.11259, 40.026005 ], [ -75.112589, 40.026004 ], [ -75.112567, 40.025986 ], [ -75.112567, 40.025986 ], [ -75.112541, 40.025968 ], [ -75.11254, 40.025967 ], [ -75.112462, 40.025923 ], [ -75.112462, 40.025923 ], [ -75.112403, 40.025895 ], [ -75.112402, 40.025894 ], [ -75.112324, 40.025861 ], [ -75.112323, 40.025861 ], [ -75.112241, 40.02583 ], [ -75.11224, 40.02583 ], [ -75.112144, 40.025801 ], [ -75.112144, 40.025801 ], [ -75.112122, 40.025795 ], [ -75.112122, 40.025795 ], [ -75.112039, 40.025772 ], [ -75.112039, 40.025772 ], [ -75.111953, 40.025752 ], [ -75.111952, 40.025752 ], [ -75.111887, 40.025738 ], [ -75.111887, 40.025738 ], [ -75.111734, 40.025714 ], [ -75.111734, 40.025714 ], [ -75.111671, 40.025702 ], [ -75.111577, 40.025683 ], [ -75.111577, 40.025683 ], [ -75.111541, 40.025676 ], [ -75.111541, 40.025676 ], [ -75.111541, 40.025676 ], [ -75.111506, 40.025662 ], [ -75.111506, 40.025662 ], [ -75.111506, 40.025662 ], [ -75.111478, 40.025647 ], [ -75.111478, 40.025647 ], [ -75.111459, 40.025633 ], [ -75.111459, 40.025632 ], [ -75.11143, 40.025605 ], [ -75.111429, 40.025604 ], [ -75.111378, 40.025562 ], [ -75.111378, 40.025562 ], [ -75.111378, 40.025562 ], [ -75.111366, 40.025548 ], [ -75.111366, 40.025548 ], [ -75.111357, 40.025536 ], [ -75.111357, 40.025535 ], [ -75.111357, 40.025535 ], [ -75.111354, 40.025522 ], [ -75.111354, 40.025522 ], [ -75.111351, 40.025505 ], [ -75.111351, 40.025505 ], [ -75.111351, 40.025505 ], [ -75.111355, 40.02545 ], [ -75.111355, 40.02545 ], [ -75.111363, 40.025376 ], [ -75.111364, 40.025376 ], [ -75.111382, 40.025304 ], [ -75.111382, 40.025304 ], [ -75.111394, 40.025236 ], [ -75.111394, 40.025235 ], [ -75.111395, 40.025212 ], [ -75.111395, 40.025212 ], [ -75.111413, 40.025077 ], [ -75.111413, 40.025077 ], [ -75.111413, 40.025077 ], [ -75.111531, 40.024726 ], [ -75.111532, 40.024725 ], [ -75.111532, 40.024724 ], [ -75.111532, 40.024723 ], [ -75.111532, 40.024722 ], [ -75.111554, 40.02461 ], [ -75.111554, 40.02461 ], [ -75.111558, 40.024595 ], [ -75.111558, 40.024594 ], [ -75.111558, 40.024593 ], [ -75.111552, 40.024488 ], [ -75.111552, 40.024488 ], [ -75.111552, 40.024482 ], [ -75.111552, 40.024481 ], [ -75.111552, 40.024481 ], [ -75.111466, 40.024163 ], [ -75.111393, 40.023889 ], [ -75.111393, 40.023888 ], [ -75.111376, 40.023714 ], [ -75.111376, 40.023714 ], [ -75.111376, 40.023713 ], [ -75.111376, 40.023713 ], [ -75.11123, 40.0234 ], [ -75.111229, 40.0234 ], [ -75.111077, 40.023156 ], [ -75.111076, 40.023156 ], [ -75.111001, 40.022975 ], [ -75.111001, 40.022974 ], [ -75.111001, 40.022974 ], [ -75.110991, 40.022924 ], [ -75.110991, 40.022923 ], [ -75.110991, 40.022923 ], [ -75.111, 40.022881 ], [ -75.111, 40.02288 ], [ -75.111, 40.022879 ], [ -75.111, 40.022879 ], [ -75.11098, 40.022779 ], [ -75.11098, 40.022779 ], [ -75.110936, 40.022636 ], [ -75.110936, 40.022636 ], [ -75.110936, 40.022635 ], [ -75.110936, 40.022635 ], [ -75.110935, 40.022635 ], [ -75.110935, 40.022634 ], [ -75.110853, 40.022557 ], [ -75.110853, 40.022556 ], [ -75.110853, 40.022556 ], [ -75.110852, 40.022554 ], [ -75.110852, 40.022554 ], [ -75.110851, 40.022553 ], [ -75.110766, 40.022471 ], [ -75.110766, 40.022471 ], [ -75.110765, 40.02247 ], [ -75.110765, 40.02247 ], [ -75.110612, 40.022388 ], [ -75.110612, 40.022387 ], [ -75.110611, 40.022387 ], [ -75.110467, 40.022344 ], [ -75.110467, 40.022344 ], [ -75.110466, 40.022344 ], [ -75.110073, 40.022276 ], [ -75.110073, 40.022276 ], [ -75.109949, 40.022255 ], [ -75.109949, 40.022255 ], [ -75.109639, 40.022182 ], [ -75.109639, 40.022182 ], [ -75.109515, 40.02216 ], [ -75.109515, 40.02216 ], [ -75.109438, 40.022148 ], [ -75.109437, 40.022148 ], [ -75.109436, 40.022148 ], [ -75.109436, 40.022148 ], [ -75.109315, 40.022152 ], [ -75.109315, 40.022152 ], [ -75.109251, 40.022152 ], [ -75.109251, 40.022152 ], [ -75.10925, 40.022152 ], [ -75.109176, 40.022161 ], [ -75.109175, 40.022161 ], [ -75.109159, 40.022165 ], [ -75.109159, 40.022165 ], [ -75.108782, 40.022241 ], [ -75.108781, 40.022241 ], [ -75.108781, 40.022241 ], [ -75.10869, 40.022273 ], [ -75.108689, 40.022273 ], [ -75.108688, 40.022274 ], [ -75.108642, 40.022299 ], [ -75.108641, 40.0223 ], [ -75.108487, 40.022409 ], [ -75.108487, 40.022409 ], [ -75.108109, 40.022661 ], [ -75.108109, 40.022661 ], [ -75.107886, 40.022793 ], [ -75.107886, 40.022793 ], [ -75.107693, 40.022909 ], [ -75.107692, 40.022909 ], [ -75.107176, 40.023205 ], [ -75.107175, 40.023205 ], [ -75.107015, 40.023295 ], [ -75.107015, 40.023295 ], [ -75.106961, 40.023317 ], [ -75.10696, 40.023317 ], [ -75.10693, 40.023331 ], [ -75.106929, 40.023331 ], [ -75.106929, 40.023331 ], [ -75.106874, 40.02334 ], [ -75.106874, 40.02334 ], [ -75.106874, 40.02334 ], [ -75.106767, 40.023329 ], [ -75.106767, 40.023329 ], [ -75.106767, 40.023329 ], [ -75.106631, 40.023289 ], [ -75.106631, 40.023289 ], [ -75.106631, 40.023289 ], [ -75.106556, 40.023253 ], [ -75.106556, 40.023253 ], [ -75.10637, 40.023148 ], [ -75.10637, 40.023148 ], [ -75.106072, 40.022988 ], [ -75.106072, 40.022988 ], [ -75.106071, 40.022987 ], [ -75.10607, 40.022987 ], [ -75.105955, 40.022959 ], [ -75.105954, 40.022959 ], [ -75.105898, 40.022951 ], [ -75.105897, 40.02295 ], [ -75.105839, 40.022946 ], [ -75.105839, 40.022946 ], [ -75.105778, 40.022945 ], [ -75.105778, 40.022945 ], [ -75.105721, 40.022946 ], [ -75.105721, 40.022946 ], [ -75.10565, 40.022953 ], [ -75.105649, 40.022953 ], [ -75.105589, 40.022962 ], [ -75.105588, 40.022963 ], [ -75.105509, 40.022983 ], [ -75.105509, 40.022983 ], [ -75.105453, 40.023 ], [ -75.105453, 40.023001 ], [ -75.105452, 40.023001 ], [ -75.105437, 40.023008 ], [ -75.105436, 40.023009 ], [ -75.105422, 40.023016 ], [ -75.105422, 40.023016 ], [ -75.105421, 40.023017 ], [ -75.1054, 40.023035 ], [ -75.105399, 40.023035 ], [ -75.105366, 40.023068 ], [ -75.105366, 40.023069 ], [ -75.105333, 40.023109 ], [ -75.105332, 40.023109 ], [ -75.105304, 40.023148 ], [ -75.105304, 40.023148 ], [ -75.105236, 40.023251 ], [ -75.105236, 40.023251 ], [ -75.105202, 40.023301 ], [ -75.105202, 40.023301 ], [ -75.105145, 40.023392 ], [ -75.105145, 40.023392 ], [ -75.105107, 40.023444 ], [ -75.105107, 40.023444 ], [ -75.10505, 40.023521 ], [ -75.10505, 40.023522 ], [ -75.10503, 40.023544 ], [ -75.10503, 40.023544 ], [ -75.10503, 40.023544 ], [ -75.105008, 40.02356 ], [ -75.105008, 40.02356 ], [ -75.104984, 40.023576 ], [ -75.104984, 40.023576 ], [ -75.104957, 40.023591 ], [ -75.104956, 40.023591 ], [ -75.104928, 40.023602 ], [ -75.104927, 40.023602 ], [ -75.1049, 40.023611 ], [ -75.1049, 40.023611 ], [ -75.104897, 40.023613 ], [ -75.104897, 40.023613 ], [ -75.104896, 40.023613 ], [ -75.104872, 40.023616 ], [ -75.104871, 40.023616 ], [ -75.104871, 40.023616 ], [ -75.104834, 40.023617 ], [ -75.104834, 40.023617 ], [ -75.104804, 40.023616 ], [ -75.104804, 40.023616 ], [ -75.104779, 40.023614 ], [ -75.104778, 40.023614 ], [ -75.104754, 40.023609 ], [ -75.104754, 40.023609 ], [ -75.104691, 40.023591 ], [ -75.10469, 40.023591 ], [ -75.104652, 40.023575 ], [ -75.104652, 40.023575 ], [ -75.104611, 40.023559 ], [ -75.104611, 40.023559 ], [ -75.104611, 40.023559 ], [ -75.104576, 40.023539 ], [ -75.104576, 40.023539 ], [ -75.104541, 40.023518 ], [ -75.104541, 40.023518 ], [ -75.104508, 40.023493 ], [ -75.104508, 40.023492 ], [ -75.104477, 40.023466 ], [ -75.104477, 40.023465 ], [ -75.10445, 40.023435 ], [ -75.10445, 40.023435 ], [ -75.104423, 40.023403 ], [ -75.104422, 40.023402 ], [ -75.104264, 40.02326 ], [ -75.104264, 40.02326 ], [ -75.104264, 40.02326 ], [ -75.10423, 40.023209 ], [ -75.10423, 40.023208 ], [ -75.104219, 40.023184 ], [ -75.104219, 40.023184 ], [ -75.104219, 40.023184 ], [ -75.1042, 40.0231 ], [ -75.1042, 40.023099 ], [ -75.104198, 40.023013 ], [ -75.104198, 40.023013 ], [ -75.104198, 40.023012 ], [ -75.10417, 40.022915 ], [ -75.10417, 40.022915 ], [ -75.104141, 40.022846 ], [ -75.104141, 40.022846 ], [ -75.10414, 40.022845 ], [ -75.10414, 40.022845 ], [ -75.104008, 40.022683 ], [ -75.104007, 40.022683 ], [ -75.103898, 40.022583 ], [ -75.103897, 40.022583 ], [ -75.103751, 40.022481 ], [ -75.103751, 40.022481 ], [ -75.103751, 40.022481 ], [ -75.103685, 40.022407 ], [ -75.103684, 40.022407 ], [ -75.103684, 40.022406 ], [ -75.103647, 40.022325 ], [ -75.103646, 40.022324 ], [ -75.103555, 40.022156 ], [ -75.103555, 40.022156 ], [ -75.10345, 40.021923 ], [ -75.10345, 40.021923 ], [ -75.103326, 40.021699 ], [ -75.103326, 40.021699 ], [ -75.103274, 40.021586 ], [ -75.103273, 40.021585 ], [ -75.103249, 40.021525 ], [ -75.103249, 40.021524 ], [ -75.103148, 40.021285 ], [ -75.103148, 40.021284 ], [ -75.103115, 40.021166 ], [ -75.103115, 40.021166 ], [ -75.103115, 40.021166 ], [ -75.103116, 40.021099 ], [ -75.103116, 40.021098 ], [ -75.103116, 40.021098 ], [ -75.103141, 40.021041 ], [ -75.103141, 40.021041 ], [ -75.103149, 40.021025 ], [ -75.103149, 40.021025 ], [ -75.103149, 40.021025 ], [ -75.103169, 40.021004 ], [ -75.10317, 40.021003 ], [ -75.103243, 40.020946 ], [ -75.103243, 40.020946 ], [ -75.103243, 40.020946 ], [ -75.10333, 40.020917 ], [ -75.103331, 40.020917 ], [ -75.103332, 40.020917 ], [ -75.103332, 40.020916 ], [ -75.103333, 40.020916 ], [ -75.103359, 40.020893 ], [ -75.103359, 40.020893 ], [ -75.10336, 40.020892 ], [ -75.10336, 40.020892 ], [ -75.103411, 40.020807 ], [ -75.103411, 40.020806 ], [ -75.103411, 40.020806 ], [ -75.103411, 40.020805 ], [ -75.103429, 40.020679 ], [ -75.103429, 40.020679 ], [ -75.103429, 40.020679 ], [ -75.10349, 40.020524 ], [ -75.10349, 40.020523 ], [ -75.103574, 40.020327 ], [ -75.103574, 40.020326 ], [ -75.103575, 40.020326 ], [ -75.103597, 40.020194 ], [ -75.103597, 40.020194 ], [ -75.103627, 40.020066 ], [ -75.103628, 40.020065 ], [ -75.103684, 40.019589 ], [ -75.103684, 40.019589 ], [ -75.103684, 40.019589 ], [ -75.103731, 40.019508 ], [ -75.103731, 40.019507 ], [ -75.103732, 40.019507 ], [ -75.103794, 40.019451 ], [ -75.103794, 40.019451 ], [ -75.103794, 40.019451 ], [ -75.103869, 40.01942 ], [ -75.103869, 40.01942 ], [ -75.103869, 40.01942 ], [ -75.103986, 40.019397 ], [ -75.103986, 40.019397 ], [ -75.104251, 40.019355 ], [ -75.104252, 40.019355 ], [ -75.104452, 40.019346 ], [ -75.104452, 40.019346 ], [ -75.104539, 40.019349 ], [ -75.10454, 40.019349 ], [ -75.104872, 40.01937 ], [ -75.104873, 40.01937 ], [ -75.105149, 40.019359 ], [ -75.10515, 40.019359 ], [ -75.105151, 40.019359 ], [ -75.105187, 40.019352 ], [ -75.105188, 40.019351 ], [ -75.105188, 40.019351 ], [ -75.105261, 40.019325 ], [ -75.105262, 40.019324 ], [ -75.105262, 40.019324 ], [ -75.105342, 40.019281 ], [ -75.105342, 40.019281 ], [ -75.105453, 40.01923 ], [ -75.105454, 40.01923 ], [ -75.10549, 40.019207 ], [ -75.10549, 40.019207 ], [ -75.105502, 40.0192 ], [ -75.105502, 40.0192 ], [ -75.105503, 40.019199 ], [ -75.105503, 40.019199 ], [ -75.105577, 40.019115 ], [ -75.105578, 40.019114 ], [ -75.10563, 40.019035 ], [ -75.105631, 40.019035 ], [ -75.105708, 40.01891 ], [ -75.105709, 40.01891 ], [ -75.105716, 40.018901 ], [ -75.105716, 40.018901 ], [ -75.105768, 40.018842 ], [ -75.105768, 40.018842 ], [ -75.105785, 40.018824 ], [ -75.105785, 40.018824 ], [ -75.105785, 40.018824 ], [ -75.105896, 40.018762 ], [ -75.105897, 40.018762 ], [ -75.105997, 40.018697 ], [ -75.105997, 40.018697 ], [ -75.105997, 40.018697 ], [ -75.106413, 40.018532 ], [ -75.106413, 40.018532 ], [ -75.106854, 40.018379 ], [ -75.106854, 40.018379 ], [ -75.106855, 40.018379 ], [ -75.10713, 40.018228 ], [ -75.10713, 40.018228 ], [ -75.107157, 40.018212 ], [ -75.107157, 40.018212 ], [ -75.107158, 40.018212 ], [ -75.107158, 40.018211 ], [ -75.107291, 40.01807 ], [ -75.107292, 40.018069 ], [ -75.107384, 40.017936 ], [ -75.107384, 40.017936 ], [ -75.107384, 40.017935 ], [ -75.107481, 40.017707 ], [ -75.107481, 40.017707 ], [ -75.107534, 40.01753 ], [ -75.107534, 40.01753 ], [ -75.107534, 40.017529 ], [ -75.107536, 40.017337 ], [ -75.107536, 40.017336 ], [ -75.107536, 40.017336 ], [ -75.107482, 40.017158 ], [ -75.107482, 40.017158 ], [ -75.107409, 40.016981 ], [ -75.107409, 40.01698 ], [ -75.107409, 40.01698 ], [ -75.10734, 40.016883 ], [ -75.10734, 40.016883 ], [ -75.107339, 40.016882 ], [ -75.107339, 40.016882 ], [ -75.107079, 40.016682 ], [ -75.107079, 40.016682 ], [ -75.106972, 40.016594 ], [ -75.106972, 40.016594 ], [ -75.106884, 40.016529 ], [ -75.106884, 40.016529 ], [ -75.106883, 40.016529 ], [ -75.106883, 40.016528 ], [ -75.106694, 40.016453 ], [ -75.106694, 40.016453 ], [ -75.106693, 40.016453 ], [ -75.106494, 40.016409 ], [ -75.106494, 40.016409 ], [ -75.106493, 40.016409 ], [ -75.106257, 40.016389 ], [ -75.106257, 40.016389 ], [ -75.106078, 40.016361 ], [ -75.106077, 40.016361 ], [ -75.105436, 40.016285 ], [ -75.105436, 40.016285 ], [ -75.105287, 40.016259 ], [ -75.105287, 40.016259 ], [ -75.104977, 40.016197 ], [ -75.104977, 40.016197 ], [ -75.104976, 40.016197 ], [ -75.104688, 40.016182 ], [ -75.104456, 40.016169 ], [ -75.104456, 40.016169 ], [ -75.104278, 40.016165 ], [ -75.104278, 40.016165 ], [ -75.104114, 40.016151 ], [ -75.104114, 40.016151 ], [ -75.103763, 40.016125 ], [ -75.103763, 40.016125 ], [ -75.103224, 40.016044 ], [ -75.103223, 40.016044 ], [ -75.103007, 40.015991 ], [ -75.103006, 40.015991 ], [ -75.103005, 40.01599 ], [ -75.102774, 40.015967 ], [ -75.102773, 40.015967 ], [ -75.102772, 40.015967 ], [ -75.102759, 40.015968 ], [ -75.102758, 40.015968 ], [ -75.102559, 40.015961 ], [ -75.102559, 40.015961 ], [ -75.102558, 40.015961 ], [ -75.102091, 40.016012 ], [ -75.102058, 40.016015 ], [ -75.102058, 40.016015 ], [ -75.102008, 40.016021 ], [ -75.102008, 40.016021 ], [ -75.101831, 40.016039 ], [ -75.10183, 40.016039 ], [ -75.10157, 40.016041 ], [ -75.10157, 40.016041 ], [ -75.101397, 40.016032 ], [ -75.101397, 40.016032 ], [ -75.101023, 40.016018 ], [ -75.101022, 40.016018 ], [ -75.100613, 40.016037 ], [ -75.100613, 40.016037 ], [ -75.100612, 40.016037 ], [ -75.100261, 40.016099 ], [ -75.10026, 40.016099 ], [ -75.100016, 40.016171 ], [ -75.100016, 40.016171 ], [ -75.099709, 40.016265 ], [ -75.099709, 40.016265 ], [ -75.099709, 40.016265 ], [ -75.099571, 40.016289 ], [ -75.099571, 40.016289 ], [ -75.099497, 40.0163 ], [ -75.099422, 40.01631 ], [ -75.099422, 40.01631 ], [ -75.099325, 40.016324 ], [ -75.099324, 40.016324 ], [ -75.099206, 40.016335 ], [ -75.099206, 40.016335 ], [ -75.099206, 40.016335 ], [ -75.099171, 40.016335 ], [ -75.099171, 40.016335 ], [ -75.09917, 40.016335 ], [ -75.099013, 40.016352 ], [ -75.099013, 40.016352 ], [ -75.098795, 40.016362 ], [ -75.098795, 40.016362 ], [ -75.098794, 40.016362 ], [ -75.098589, 40.016336 ], [ -75.098588, 40.016336 ], [ -75.098378, 40.016286 ], [ -75.098378, 40.016286 ], [ -75.098163, 40.01621 ], [ -75.098163, 40.01621 ], [ -75.098131, 40.016194 ], [ -75.098131, 40.016194 ], [ -75.097893, 40.016084 ], [ -75.097893, 40.016084 ], [ -75.097892, 40.016084 ], [ -75.09764, 40.016021 ], [ -75.09764, 40.01602 ], [ -75.097639, 40.01602 ], [ -75.097413, 40.015996 ], [ -75.097412, 40.015996 ], [ -75.097412, 40.015996 ], [ -75.09715, 40.016001 ], [ -75.097149, 40.016001 ], [ -75.096919, 40.015996 ], [ -75.096718, 40.01599 ], [ -75.096718, 40.01599 ], [ -75.09644, 40.015967 ], [ -75.09644, 40.015967 ], [ -75.09644, 40.015967 ], [ -75.096178, 40.015913 ], [ -75.096178, 40.015913 ], [ -75.096178, 40.015912 ], [ -75.095971, 40.015825 ], [ -75.09597, 40.015825 ], [ -75.095684, 40.015673 ], [ -75.095683, 40.015673 ], [ -75.095434, 40.015525 ], [ -75.095073, 40.015308 ], [ -75.095073, 40.015307 ], [ -75.094666, 40.01503 ], [ -75.094666, 40.01503 ], [ -75.094628, 40.014997 ], [ -75.094628, 40.014996 ], [ -75.094455, 40.014857 ], [ -75.094455, 40.014857 ], [ -75.094455, 40.014856 ], [ -75.09433, 40.014705 ], [ -75.09433, 40.014705 ], [ -75.094126, 40.014405 ], [ -75.094126, 40.014405 ], [ -75.093706, 40.013727 ], [ -75.093706, 40.013727 ], [ -75.093599, 40.013529 ], [ -75.093599, 40.013529 ], [ -75.093551, 40.013436 ], [ -75.093551, 40.013436 ], [ -75.093509, 40.01333 ], [ -75.093509, 40.013329 ], [ -75.093472, 40.013175 ], [ -75.093472, 40.013175 ], [ -75.093472, 40.013175 ], [ -75.093466, 40.013005 ], [ -75.093466, 40.013005 ], [ -75.093466, 40.012964 ], [ -75.093466, 40.012963 ], [ -75.093491, 40.01279 ], [ -75.093491, 40.012789 ], [ -75.093535, 40.012652 ], [ -75.093535, 40.012652 ], [ -75.093536, 40.012652 ], [ -75.09365, 40.012461 ], [ -75.09365, 40.012461 ], [ -75.093709, 40.012361 ], [ -75.093709, 40.012361 ], [ -75.09429, 40.011499 ], [ -75.09429, 40.011499 ], [ -75.094616, 40.011014 ], [ -75.094616, 40.011014 ], [ -75.094858, 40.010668 ], [ -75.094858, 40.010668 ], [ -75.094953, 40.01051 ], [ -75.094953, 40.010509 ], [ -75.094991, 40.01046 ], [ -75.094991, 40.010459 ], [ -75.09502, 40.010406 ], [ -75.09502, 40.010405 ], [ -75.095032, 40.010371 ], [ -75.095032, 40.010371 ], [ -75.095042, 40.010339 ], [ -75.095042, 40.010338 ], [ -75.095047, 40.010298 ], [ -75.095047, 40.010297 ], [ -75.095051, 40.010243 ], [ -75.095051, 40.010243 ], [ -75.09505, 40.010171 ], [ -75.09505, 40.010171 ], [ -75.09504, 40.010074 ], [ -75.09504, 40.010073 ], [ -75.095029, 40.010002 ], [ -75.095028, 40.010002 ], [ -75.095018, 40.009959 ], [ -75.095018, 40.009959 ], [ -75.094999, 40.009898 ], [ -75.094999, 40.009898 ], [ -75.094961, 40.009803 ], [ -75.094961, 40.009802 ], [ -75.094901, 40.009665 ], [ -75.094901, 40.009665 ], [ -75.094846, 40.009547 ], [ -75.094846, 40.009547 ], [ -75.094828, 40.009513 ], [ -75.094828, 40.009512 ], [ -75.09481, 40.009481 ], [ -75.094809, 40.00948 ], [ -75.094764, 40.009418 ], [ -75.094764, 40.009417 ], [ -75.094731, 40.009381 ], [ -75.094731, 40.009381 ], [ -75.094695, 40.009345 ], [ -75.094695, 40.009345 ], [ -75.094656, 40.00931 ], [ -75.094655, 40.009309 ], [ -75.094612, 40.009277 ], [ -75.094612, 40.009277 ], [ -75.093595, 40.008656 ], [ -75.093119, 40.008363 ], [ -75.093119, 40.008363 ], [ -75.092954, 40.008264 ], [ -75.092954, 40.008263 ], [ -75.092943, 40.008256 ], [ -75.092943, 40.008256 ], [ -75.092743, 40.00813 ], [ -75.092743, 40.00813 ], [ -75.092743, 40.008129 ], [ -75.092644, 40.008017 ], [ -75.092644, 40.008017 ], [ -75.092627, 40.007999 ], [ -75.092626, 40.007999 ], [ -75.092501, 40.007874 ], [ -75.092501, 40.007874 ], [ -75.092224, 40.007553 ], [ -75.092224, 40.007553 ], [ -75.092207, 40.007531 ], [ -75.092207, 40.007531 ], [ -75.092207, 40.007531 ], [ -75.092148, 40.007414 ], [ -75.092148, 40.007414 ], [ -75.09212, 40.007339 ], [ -75.09212, 40.007339 ], [ -75.09212, 40.007339 ], [ -75.092113, 40.007291 ], [ -75.092113, 40.007291 ], [ -75.092113, 40.007291 ], [ -75.092117, 40.007228 ], [ -75.092117, 40.007228 ], [ -75.092141, 40.007135 ], [ -75.092158, 40.007068 ], [ -75.092158, 40.007068 ], [ -75.09216, 40.007062 ], [ -75.09216, 40.007061 ], [ -75.092193, 40.006994 ], [ -75.092193, 40.006993 ], [ -75.092229, 40.006933 ], [ -75.092229, 40.006933 ], [ -75.092254, 40.006895 ], [ -75.092254, 40.006895 ], [ -75.092254, 40.006895 ], [ -75.092276, 40.006872 ], [ -75.092276, 40.006872 ], [ -75.092549, 40.006608 ], [ -75.092549, 40.006608 ], [ -75.092781, 40.006361 ], [ -75.092782, 40.00636 ], [ -75.0928, 40.006336 ], [ -75.0928, 40.006336 ], [ -75.092819, 40.006313 ], [ -75.092819, 40.006313 ], [ -75.092832, 40.006299 ], [ -75.092832, 40.006299 ], [ -75.092832, 40.006298 ], [ -75.092833, 40.006298 ], [ -75.092865, 40.006224 ], [ -75.092866, 40.006224 ], [ -75.092866, 40.006223 ], [ -75.09288, 40.00616 ], [ -75.092881, 40.006159 ], [ -75.092881, 40.006159 ], [ -75.092882, 40.006081 ], [ -75.092882, 40.006081 ], [ -75.092858, 40.005878 ], [ -75.092858, 40.005877 ], [ -75.092858, 40.005877 ], [ -75.092814, 40.005753 ], [ -75.092814, 40.005753 ], [ -75.092798, 40.00572 ], [ -75.092798, 40.00572 ], [ -75.092798, 40.005719 ], [ -75.092759, 40.005668 ], [ -75.092759, 40.005668 ], [ -75.092758, 40.005667 ], [ -75.092704, 40.005616 ], [ -75.092704, 40.005616 ], [ -75.092578, 40.005499 ], [ -75.092578, 40.005499 ], [ -75.092441, 40.00535 ], [ -75.092441, 40.00535 ], [ -75.092183, 40.005111 ], [ -75.092182, 40.005111 ], [ -75.091994, 40.004954 ], [ -75.091994, 40.004954 ], [ -75.091925, 40.004903 ], [ -75.091924, 40.004903 ], [ -75.091699, 40.004743 ], [ -75.091699, 40.004742 ], [ -75.091698, 40.004742 ], [ -75.091486, 40.004646 ], [ -75.091406, 40.004608 ], [ -75.091405, 40.004608 ], [ -75.090364, 40.004256 ], [ -75.090273, 40.004225 ], [ -75.090272, 40.004225 ], [ -75.090032, 40.004122 ], [ -75.090032, 40.004122 ], [ -75.089419, 40.003871 ], [ -75.089419, 40.003871 ], [ -75.08925, 40.003796 ], [ -75.08925, 40.003796 ], [ -75.089176, 40.003764 ], [ -75.089069, 40.003718 ], [ -75.089069, 40.003718 ], [ -75.089069, 40.003717 ], [ -75.088599, 40.003428 ], [ -75.088598, 40.003428 ], [ -75.088581, 40.003418 ], [ -75.088581, 40.003418 ], [ -75.088581, 40.003418 ], [ -75.088382, 40.003253 ], [ -75.088382, 40.003253 ], [ -75.088249, 40.003134 ], [ -75.088249, 40.003134 ], [ -75.088249, 40.003134 ], [ -75.088197, 40.003064 ], [ -75.08811, 40.002948 ], [ -75.08811, 40.002948 ], [ -75.08807, 40.002882 ], [ -75.08807, 40.002881 ], [ -75.087964, 40.002725 ], [ -75.087964, 40.002725 ], [ -75.087767, 40.002312 ], [ -75.087767, 40.002311 ], [ -75.087706, 40.002151 ], [ -75.087706, 40.002151 ], [ -75.08769, 40.002104 ], [ -75.08769, 40.002104 ], [ -75.087646, 40.001982 ], [ -75.087646, 40.001982 ], [ -75.087609, 40.001846 ], [ -75.087609, 40.001846 ], [ -75.08757, 40.001659 ], [ -75.08757, 40.001659 ], [ -75.087528, 40.001272 ], [ -75.087528, 40.001272 ], [ -75.087528, 40.001087 ], [ -75.087528, 40.001086 ], [ -75.087492, 40.00063 ], [ -75.087492, 40.000629 ], [ -75.087429, 40.000365 ], [ -75.087429, 40.000364 ], [ -75.087369, 40.00018 ], [ -75.087369, 40.000179 ], [ -75.087369, 40.000179 ], [ -75.087317, 40.0001 ], [ -75.087254, 40.000004 ], [ -75.087254, 40.000004 ], [ -75.087224, 39.999955 ], [ -75.087224, 39.999955 ], [ -75.087204, 39.999924 ], [ -75.08714, 39.999825 ], [ -75.08714, 39.999825 ], [ -75.086941, 39.999567 ], [ -75.086941, 39.999566 ], [ -75.086801, 39.999399 ], [ -75.086801, 39.999398 ], [ -75.086595, 39.999188 ], [ -75.086595, 39.999188 ], [ -75.08647, 39.99907 ], [ -75.08647, 39.999069 ], [ -75.086278, 39.998847 ], [ -75.086055, 39.998584 ], [ -75.086055, 39.998583 ], [ -75.085907, 39.998448 ], [ -75.085906, 39.998448 ], [ -75.085287, 39.997942 ], [ -75.085287, 39.997942 ], [ -75.08521, 39.997883 ], [ -75.085209, 39.997882 ], [ -75.085181, 39.997866 ], [ -75.085181, 39.997865 ], [ -75.084333, 39.997253 ], [ -75.084332, 39.997252 ], [ -75.084219, 39.997187 ], [ -75.084219, 39.997187 ], [ -75.083964, 39.997004 ], [ -75.083917, 39.99697 ], [ -75.083917, 39.99697 ], [ -75.083813, 39.996877 ], [ -75.083813, 39.996877 ], [ -75.083269, 39.996364 ], [ -75.083269, 39.996364 ], [ -75.08322, 39.996314 ], [ -75.083219, 39.996313 ], [ -75.083099, 39.996204 ], [ -75.083099, 39.996204 ], [ -75.082745, 39.995852 ], [ -75.082745, 39.995852 ], [ -75.082488, 39.995539 ], [ -75.082487, 39.995538 ], [ -75.082395, 39.995412 ], [ -75.082394, 39.995411 ], [ -75.082394, 39.995411 ], [ -75.082341, 39.995364 ], [ -75.082341, 39.995363 ], [ -75.082271, 39.995288 ], [ -75.08227, 39.995288 ], [ -75.081918, 39.99494 ], [ -75.081918, 39.99494 ], [ -75.081918, 39.99494 ], [ -75.081848, 39.994825 ], [ -75.081848, 39.994825 ], [ -75.081818, 39.99478 ], [ -75.081817, 39.99478 ], [ -75.080845, 39.99367 ], [ -75.080845, 39.99367 ], [ -75.080703, 39.993524 ], [ -75.080703, 39.993524 ], [ -75.080422, 39.993206 ], [ -75.080041, 39.992772 ], [ -75.079543, 39.9922 ], [ -75.079543, 39.9922 ], [ -75.079397, 39.992035 ], [ -75.079397, 39.992035 ], [ -75.079382, 39.99202 ], [ -75.079382, 39.99202 ], [ -75.079003, 39.991628 ], [ -75.079003, 39.991628 ], [ -75.078848, 39.991483 ], [ -75.078848, 39.991483 ], [ -75.078462, 39.991126 ], [ -75.078462, 39.991126 ], [ -75.078265, 39.990946 ], [ -75.078265, 39.990946 ], [ -75.078235, 39.990917 ], [ -75.078234, 39.990916 ], [ -75.077445, 39.990296 ], [ -75.07682, 39.989805 ], [ -75.076406, 39.98948 ], [ -75.075369, 39.988665 ], [ -75.075368, 39.988665 ], [ -75.075275, 39.988593 ], [ -75.073963, 39.987561 ], [ -75.073962, 39.987561 ], [ -75.073881, 39.987503 ], [ -75.073881, 39.987503 ], [ -75.073825, 39.987464 ], [ -75.073825, 39.987464 ], [ -75.072826, 39.986684 ], [ -75.072327, 39.986295 ], [ -75.071828, 39.985905 ], [ -75.071828, 39.985905 ], [ -75.071794, 39.985878 ], [ -75.071794, 39.985878 ], [ -75.071446, 39.985637 ], [ -75.071231, 39.985487 ], [ -75.071231, 39.985487 ], [ -75.070781, 39.985165 ], [ -75.070781, 39.985165 ], [ -75.070722, 39.985123 ], [ -75.070722, 39.985123 ], [ -75.068134, 39.983271 ], [ -75.068134, 39.983271 ], [ -75.068133, 39.983271 ], [ -75.067688, 39.983044 ], [ -75.067687, 39.983044 ], [ -75.067688, 39.983043 ], [ -75.067788, 39.982972 ], [ -75.071267, 39.980503 ], [ -75.071267, 39.980503 ], [ -75.075608, 39.978052 ], [ -75.075608, 39.978052 ], [ -75.075608, 39.978051 ], [ -75.080201, 39.977028 ], [ -75.080202, 39.977028 ], [ -75.085835, 39.975112 ], [ -75.085835, 39.975112 ], [ -75.085835, 39.975112 ], [ -75.090864, 39.974753 ], [ -75.090865, 39.974753 ], [ -75.092366, 39.974545 ], [ -75.096373, 39.97399 ], [ -75.096374, 39.97399 ], [ -75.102295, 39.972524 ], [ -75.102296, 39.972524 ], [ -75.107273, 39.97065 ], [ -75.108092, 39.970342 ], [ -75.108092, 39.970342 ], [ -75.108371, 39.970225 ], [ -75.112308, 39.968582 ], [ -75.114289, 39.967752 ], [ -75.114289, 39.967752 ], [ -75.119544, 39.965558 ], [ -75.119544, 39.965558 ], [ -75.124117, 39.963049 ], [ -75.124117, 39.963049 ], [ -75.128297, 39.96071 ], [ -75.128297, 39.96071 ], [ -75.130706, 39.959087 ], [ -75.130706, 39.959087 ], [ -75.130706, 39.959087 ], [ -75.135704, 39.962056 ], [ -75.135704, 39.962056 ], [ -75.136102, 39.962328 ], [ -75.136297, 39.962461 ], [ -75.136297, 39.962461 ], [ -75.136758, 39.962775 ], [ -75.136759, 39.962776 ], [ -75.136759, 39.962776 ], [ -75.13676, 39.962776 ], [ -75.13676, 39.962776 ], [ -75.136761, 39.962777 ], [ -75.136762, 39.962777 ], [ -75.137173, 39.962828 ], [ -75.138084, 39.962947 ], [ -75.138084, 39.962947 ], [ -75.138085, 39.962947 ], [ -75.138437, 39.963093 ], [ -75.138437, 39.963093 ], [ -75.139453, 39.963561 ], [ -75.139453, 39.963561 ], [ -75.139758, 39.9637 ], [ -75.139758, 39.9637 ], [ -75.139935, 39.963787 ], [ -75.139935, 39.963787 ], [ -75.140708, 39.964147 ], [ -75.141633, 39.964582 ], [ -75.141633, 39.964582 ], [ -75.142531, 39.964995 ], [ -75.14338, 39.965389 ], [ -75.144004, 39.965679 ], [ -75.144588, 39.965953 ], [ -75.144908, 39.966105 ], [ -75.144909, 39.966105 ], [ -75.14576, 39.966502 ], [ -75.145761, 39.966502 ], [ -75.145892, 39.966556 ], [ -75.145892, 39.966556 ], [ -75.146507, 39.966851 ], [ -75.146508, 39.966851 ], [ -75.147149, 39.967136 ], [ -75.14715, 39.967136 ], [ -75.14715, 39.967136 ], [ -75.147911, 39.967333 ], [ -75.147911, 39.967333 ], [ -75.148693, 39.967525 ], [ -75.149561, 39.967741 ], [ -75.150517, 39.96798 ], [ -75.150517, 39.96798 ], [ -75.150975, 39.968087 ], [ -75.150975, 39.968087 ], [ -75.151503, 39.968192 ], [ -75.151503, 39.968192 ], [ -75.152002, 39.968308 ], [ -75.152099, 39.96833 ], [ -75.152099, 39.96833 ], [ -75.152543, 39.968441 ], [ -75.152543, 39.968441 ], [ -75.15302, 39.968559 ], [ -75.15302, 39.968559 ], [ -75.15302, 39.968559 ], [ -75.152909, 39.969075 ], [ -75.152785, 39.969633 ], [ -75.152785, 39.969633 ], [ -75.152693, 39.970064 ], [ -75.152693, 39.970064 ], [ -75.152575, 39.970579 ], [ -75.152575, 39.970579 ], [ -75.152452, 39.971153 ], [ -75.152191, 39.972328 ], [ -75.152191, 39.972328 ], [ -75.152025, 39.973114 ], [ -75.151917, 39.973598 ], [ -75.151917, 39.973598 ], [ -75.151619, 39.974968 ], [ -75.151309, 39.976392 ], [ -75.151139, 39.97715 ], [ -75.151139, 39.97715 ], [ -75.151004, 39.977778 ], [ -75.150879, 39.978356 ], [ -75.150663, 39.979335 ], [ -75.150663, 39.979335 ], [ -75.150339, 39.98083 ], [ -75.150014, 39.982324 ], [ -75.149688, 39.983817 ], [ -75.149506, 39.984638 ], [ -75.149506, 39.984638 ], [ -75.149435, 39.98497 ], [ -75.149435, 39.98497 ], [ -75.149343, 39.985402 ], [ -75.149343, 39.985402 ], [ -75.149201, 39.986031 ], [ -75.149201, 39.986031 ], [ -75.149113, 39.986463 ], [ -75.149113, 39.986463 ], [ -75.148999, 39.986991 ], [ -75.148878, 39.987521 ], [ -75.148878, 39.987521 ], [ -75.148788, 39.987957 ], [ -75.148788, 39.987957 ], [ -75.148666, 39.988486 ], [ -75.148666, 39.988486 ], [ -75.148548, 39.989018 ], [ -75.148548, 39.989018 ], [ -75.148343, 39.98998 ], [ -75.148212, 39.990562 ], [ -75.148212, 39.990562 ], [ -75.148156, 39.990731 ], [ -75.148156, 39.990732 ], [ -75.148156, 39.990733 ], [ -75.148156, 39.990733 ], [ -75.148156, 39.990734 ], [ -75.148156, 39.990734 ], [ -75.148156, 39.990735 ], [ -75.148157, 39.990735 ], [ -75.148308, 39.990978 ], [ -75.148308, 39.990979 ], [ -75.148309, 39.990979 ], [ -75.148347, 39.991078 ], [ -75.148348, 39.991078 ], [ -75.148379, 39.991226 ], [ -75.148379, 39.991226 ], [ -75.148379, 39.991226 ], [ -75.148309, 39.991513 ], [ -75.148309, 39.991513 ], [ -75.148083, 39.992384 ], [ -75.148083, 39.992384 ], [ -75.14789, 39.993082 ], [ -75.14789, 39.993083 ], [ -75.14789, 39.993083 ], [ -75.14789, 39.993084 ], [ -75.14789, 39.993084 ], [ -75.14789, 39.993085 ], [ -75.14789, 39.993085 ], [ -75.147891, 39.993086 ], [ -75.147891, 39.993086 ], [ -75.147891, 39.993087 ], [ -75.147892, 39.993087 ], [ -75.147892, 39.993088 ], [ -75.147893, 39.993088 ], [ -75.147894, 39.993088 ], [ -75.147894, 39.993088 ], [ -75.147895, 39.993089 ], [ -75.147896, 39.993089 ], [ -75.147911, 39.993091 ], [ -75.147912, 39.993091 ], [ -75.148475, 39.993163 ], [ -75.14924, 39.993263 ], [ -75.150816, 39.993469 ], [ -75.150816, 39.993469 ], [ -75.152392, 39.993668 ], [ -75.153296, 39.993783 ], [ -75.153296, 39.993783 ], [ -75.154533, 39.993939 ], [ -75.154533, 39.993939 ], [ -75.154589, 39.993948 ], [ -75.15459, 39.993948 ] ] ] } },
{ "type": "Feature", "properties": { "division": "Northeast", "districts": "2, 7, 8, 15" }, "geometry": { "type": "Polygon", "coordinates": [ [ [ -75.113932, 40.037527 ], [ -75.113941, 40.037565 ], [ -75.113974, 40.037681 ], [ -75.113978, 40.037701 ], [ -75.113978, 40.037702 ], [ -75.113989, 40.037759 ], [ -75.113991, 40.037779 ], [ -75.114018, 40.03793 ], [ -75.114018, 40.037931 ], [ -75.114068, 40.038073 ], [ -75.114121, 40.038226 ], [ -75.114121, 40.038227 ], [ -75.114168, 40.038529 ], [ -75.114168, 40.03853 ], [ -75.11422, 40.03866 ], [ -75.114242, 40.038725 ], [ -75.114243, 40.038789 ], [ -75.114243, 40.03879 ], [ -75.114235, 40.038871 ], [ -75.114235, 40.038872 ], [ -75.114235, 40.038873 ], [ -75.114269, 40.038963 ], [ -75.114324, 40.039103 ], [ -75.114324, 40.039104 ], [ -75.114381, 40.039195 ], [ -75.114449, 40.039346 ], [ -75.114503, 40.039514 ], [ -75.114517, 40.039556 ], [ -75.114517, 40.039557 ], [ -75.114543, 40.039716 ], [ -75.114543, 40.039717 ], [ -75.114539, 40.039782 ], [ -75.114516, 40.039863 ], [ -75.114501, 40.039895 ], [ -75.114477, 40.03994 ], [ -75.11443, 40.040006 ], [ -75.11443, 40.040007 ], [ -75.114341, 40.040107 ], [ -75.11434, 40.040107 ], [ -75.114211, 40.040241 ], [ -75.11421, 40.040242 ], [ -75.114052, 40.040462 ], [ -75.113989, 40.040549 ], [ -75.113989, 40.04055 ], [ -75.113959, 40.040602 ], [ -75.113959, 40.040603 ], [ -75.113945, 40.040624 ], [ -75.113918, 40.04067 ], [ -75.11389, 40.040723 ], [ -75.113823, 40.040835 ], [ -75.113823, 40.040836 ], [ -75.113815, 40.04085 ], [ -75.113815, 40.040851 ], [ -75.113776, 40.040922 ], [ -75.113753, 40.040966 ], [ -75.113614, 40.041254 ], [ -75.113613, 40.041254 ], [ -75.113572, 40.041319 ], [ -75.113426, 40.041532 ], [ -75.11334, 40.041631 ], [ -75.113286, 40.041694 ], [ -75.113272, 40.041709 ], [ -75.113217, 40.041768 ], [ -75.113216, 40.041768 ], [ -75.113038, 40.041913 ], [ -75.112995, 40.041945 ], [ -75.112968, 40.041964 ], [ -75.112926, 40.04199 ], [ -75.112925, 40.041991 ], [ -75.112809, 40.0421 ], [ -75.112749, 40.042163 ], [ -75.112749, 40.042164 ], [ -75.112723, 40.042197 ], [ -75.112723, 40.042198 ], [ -75.112715, 40.042217 ], [ -75.112715, 40.042218 ], [ -75.112656, 40.042441 ], [ -75.112656, 40.042442 ], [ -75.112628, 40.042489 ], [ -75.112613, 40.042514 ], [ -75.112612, 40.042515 ], [ -75.112466, 40.042956 ], [ -75.112423, 40.043054 ], [ -75.112359, 40.043243 ], [ -75.112359, 40.043244 ], [ -75.112349, 40.043258 ], [ -75.112222, 40.043467 ], [ -75.112221, 40.043467 ], [ -75.112129, 40.043607 ], [ -75.112128, 40.043608 ], [ -75.111954, 40.043787 ], [ -75.111953, 40.043788 ], [ -75.11179, 40.043918 ], [ -75.111789, 40.043918 ], [ -75.111339, 40.044218 ], [ -75.111338, 40.044219 ], [ -75.111264, 40.044283 ], [ -75.1112, 40.044337 ], [ -75.111199, 40.044338 ], [ -75.111136, 40.044426 ], [ -75.111135, 40.044427 ], [ -75.111108, 40.044498 ], [ -75.111108, 40.044499 ], [ -75.111094, 40.044675 ], [ -75.111094, 40.044676 ], [ -75.111136, 40.044818 ], [ -75.111152, 40.044879 ], [ -75.111158, 40.044912 ], [ -75.111167, 40.04495 ], [ -75.11117, 40.044966 ], [ -75.111218, 40.045186 ], [ -75.111229, 40.045269 ], [ -75.11123, 40.045269 ], [ -75.111234, 40.045297 ], [ -75.111268, 40.045606 ], [ -75.111273, 40.045852 ], [ -75.111274, 40.045878 ], [ -75.111276, 40.045959 ], [ -75.11128, 40.046043 ], [ -75.111281, 40.046102 ], [ -75.111286, 40.046248 ], [ -75.111286, 40.046253 ], [ -75.111286, 40.046254 ], [ -75.111274, 40.046367 ], [ -75.111216, 40.046632 ], [ -75.111213, 40.046647 ], [ -75.111203, 40.046675 ], [ -75.111197, 40.046692 ], [ -75.11118, 40.046737 ], [ -75.111179, 40.046737 ], [ -75.111073, 40.046827 ], [ -75.111072, 40.046827 ], [ -75.109271, 40.04579 ], [ -75.10927, 40.04579 ], [ -75.109269, 40.045789 ], [ -75.109268, 40.045789 ], [ -75.109267, 40.045789 ], [ -75.109266, 40.045789 ], [ -75.109265, 40.045789 ], [ -75.109264, 40.045789 ], [ -75.109264, 40.04579 ], [ -75.109263, 40.04579 ], [ -75.109262, 40.04579 ], [ -75.109262, 40.045791 ], [ -75.109261, 40.045791 ], [ -75.108912, 40.046131 ], [ -75.108911, 40.046132 ], [ -75.10891, 40.046133 ], [ -75.10891, 40.046134 ], [ -75.10891, 40.046135 ], [ -75.10891, 40.046136 ], [ -75.108911, 40.046137 ], [ -75.108911, 40.046138 ], [ -75.108912, 40.046138 ], [ -75.108912, 40.046139 ], [ -75.108913, 40.046139 ], [ -75.109047, 40.046218 ], [ -75.109047, 40.046219 ], [ -75.10811, 40.047172 ], [ -75.108109, 40.047172 ], [ -75.108109, 40.047173 ], [ -75.108108, 40.047174 ], [ -75.108108, 40.047175 ], [ -75.108108, 40.047176 ], [ -75.108109, 40.047177 ], [ -75.108109, 40.047178 ], [ -75.10811, 40.047178 ], [ -75.10811, 40.047179 ], [ -75.108111, 40.047179 ], [ -75.108214, 40.047239 ], [ -75.107433, 40.048026 ], [ -75.107433, 40.048027 ], [ -75.107432, 40.048028 ], [ -75.107432, 40.048029 ], [ -75.107432, 40.04803 ], [ -75.107432, 40.048031 ], [ -75.107432, 40.048032 ], [ -75.107433, 40.048032 ], [ -75.107433, 40.048033 ], [ -75.107434, 40.048034 ], [ -75.107435, 40.048034 ], [ -75.107647, 40.048149 ], [ -75.107494, 40.048337 ], [ -75.106313, 40.0493 ], [ -75.100752, 40.052597 ], [ -75.100166, 40.052955 ], [ -75.099831, 40.053162 ], [ -75.099379, 40.053307 ], [ -75.099378, 40.053308 ], [ -75.099377, 40.053308 ], [ -75.099376, 40.053309 ], [ -75.099111, 40.053572 ], [ -75.098803, 40.053723 ], [ -75.098464, 40.053897 ], [ -75.097666, 40.054375 ], [ -75.097489, 40.054488 ], [ -75.097488, 40.054488 ], [ -75.096507, 40.055181 ], [ -75.095759, 40.055638 ], [ -75.095758, 40.055639 ], [ -75.095122, 40.055946 ], [ -75.095121, 40.055947 ], [ -75.09512, 40.055947 ], [ -75.093617, 40.05743 ], [ -75.092077, 40.058975 ], [ -75.089765, 40.061293 ], [ -75.087715, 40.06335 ], [ -75.08747, 40.063588 ], [ -75.08747, 40.063589 ], [ -75.087469, 40.063589 ], [ -75.087469, 40.06359 ], [ -75.087469, 40.063591 ], [ -75.087469, 40.063592 ], [ -75.087469, 40.063593 ], [ -75.087469, 40.063594 ], [ -75.08747, 40.063594 ], [ -75.08747, 40.063595 ], [ -75.087471, 40.063595 ], [ -75.087472, 40.063596 ], [ -75.087899, 40.063845 ], [ -75.088768, 40.06435 ], [ -75.08954, 40.064799 ], [ -75.090372, 40.065284 ], [ -75.096739, 40.068989 ], [ -75.094044, 40.07164 ], [ -75.093823, 40.07186 ], [ -75.089522, 40.076104 ], [ -75.08794, 40.077607 ], [ -75.086949, 40.078669 ], [ -75.086883, 40.078619 ], [ -75.086882, 40.078619 ], [ -75.086882, 40.078618 ], [ -75.086881, 40.078618 ], [ -75.08688, 40.078618 ], [ -75.086879, 40.078618 ], [ -75.086878, 40.078618 ], [ -75.086877, 40.078618 ], [ -75.086876, 40.078618 ], [ -75.086875, 40.078618 ], [ -75.086874, 40.078619 ], [ -75.086873, 40.078619 ], [ -75.086873, 40.07862 ], [ -75.083418, 40.081964 ], [ -75.081191, 40.084125 ], [ -75.081191, 40.084126 ], [ -75.077805, 40.085778 ], [ -75.077804, 40.085778 ], [ -75.077804, 40.085779 ], [ -75.077803, 40.085779 ], [ -75.076287, 40.08735 ], [ -75.076212, 40.087428 ], [ -75.07071, 40.093123 ], [ -75.069459, 40.094421 ], [ -75.067177, 40.096781 ], [ -75.065672, 40.098339 ], [ -75.064936, 40.099102 ], [ -75.063746, 40.100331 ], [ -75.061419, 40.102738 ], [ -75.060317, 40.103877 ], [ -75.05923, 40.105001 ], [ -75.058426, 40.105831 ], [ -75.058294, 40.105925 ], [ -75.055341, 40.107991 ], [ -75.054274, 40.108737 ], [ -75.052976, 40.109645 ], [ -75.048544, 40.11274 ], [ -75.039045, 40.119366 ], [ -75.038339, 40.119879 ], [ -75.037911, 40.120176 ], [ -75.025789, 40.12858 ], [ -75.025358, 40.128898 ], [ -75.024894, 40.129226 ], [ -75.020574, 40.132284 ], [ -75.020573, 40.132285 ], [ -75.017953, 40.134857 ], [ -75.014968, 40.137935 ], [ -75.014562, 40.137689 ], [ -75.014014, 40.137356 ], [ -75.013869, 40.137266 ], [ -75.012237, 40.136266 ], [ -75.011462, 40.135792 ], [ -75.010624, 40.135279 ], [ -75.01043, 40.13516 ], [ -75.009466, 40.134579 ], [ -75.009095, 40.134364 ], [ -75.008338, 40.133923 ], [ -75.006903, 40.133089 ], [ -75.003271, 40.130976 ], [ -75.000952, 40.129619 ], [ -74.998535, 40.128205 ], [ -74.997893, 40.127829 ], [ -74.997892, 40.127829 ], [ -74.997891, 40.127829 ], [ -74.99789, 40.127828 ], [ -74.997889, 40.127828 ], [ -74.997888, 40.127828 ], [ -74.997887, 40.127828 ], [ -74.997886, 40.127829 ], [ -74.997885, 40.127829 ], [ -74.997884, 40.127829 ], [ -74.997884, 40.12783 ], [ -74.997883, 40.12783 ], [ -74.997803, 40.127912 ], [ -74.997575, 40.128127 ], [ -74.997574, 40.128128 ], [ -74.997451, 40.128259 ], [ -74.994197, 40.131518 ], [ -74.993848, 40.131863 ], [ -74.993773, 40.13181 ], [ -74.993674, 40.131742 ], [ -74.993509, 40.131624 ], [ -74.993433, 40.13156 ], [ -74.993356, 40.131469 ], [ -74.993212, 40.131328 ], [ -74.993211, 40.131328 ], [ -74.993103, 40.131193 ], [ -74.992999, 40.13106 ], [ -74.992923, 40.130955 ], [ -74.992842, 40.130824 ], [ -74.992781, 40.130735 ], [ -74.992781, 40.130734 ], [ -74.992752, 40.130616 ], [ -74.992752, 40.130615 ], [ -74.992746, 40.130513 ], [ -74.992746, 40.130512 ], [ -74.992772, 40.130432 ], [ -74.992815, 40.13031 ], [ -74.992815, 40.130309 ], [ -74.992866, 40.130234 ], [ -74.992942, 40.130206 ], [ -74.992942, 40.130205 ], [ -74.992943, 40.130205 ], [ -74.993044, 40.130196 ], [ -74.993045, 40.130196 ], [ -74.993046, 40.130196 ], [ -74.993047, 40.130195 ], [ -74.993048, 40.130195 ], [ -74.993049, 40.130194 ], [ -74.99305, 40.130193 ], [ -74.993105, 40.130102 ], [ -74.993106, 40.130101 ], [ -74.993106, 40.1301 ], [ -74.993114, 40.130026 ], [ -74.993114, 40.130025 ], [ -74.993101, 40.129902 ], [ -74.993136, 40.129804 ], [ -74.993187, 40.129771 ], [ -74.99328, 40.129743 ], [ -74.993391, 40.129714 ], [ -74.993392, 40.129714 ], [ -74.993481, 40.129681 ], [ -74.993482, 40.12968 ], [ -74.993483, 40.12968 ], [ -74.993484, 40.129679 ], [ -74.993523, 40.12964 ], [ -74.993524, 40.12964 ], [ -74.993525, 40.129639 ], [ -74.993525, 40.129638 ], [ -74.993525, 40.129637 ], [ -74.993525, 40.129636 ], [ -74.993503, 40.129522 ], [ -74.993503, 40.129521 ], [ -74.993451, 40.129436 ], [ -74.993419, 40.129184 ], [ -74.993424, 40.129011 ], [ -74.993508, 40.128781 ], [ -74.993509, 40.128781 ], [ -74.993657, 40.128762 ], [ -74.993658, 40.128762 ], [ -74.993659, 40.128762 ], [ -74.99366, 40.128761 ], [ -74.993661, 40.128761 ], [ -74.993661, 40.12876 ], [ -74.993662, 40.12876 ], [ -74.993662, 40.128759 ], [ -74.993663, 40.128758 ], [ -74.993693, 40.128684 ], [ -74.993783, 40.128623 ], [ -74.993784, 40.128623 ], [ -74.993784, 40.128622 ], [ -74.993785, 40.128621 ], [ -74.993785, 40.12862 ], [ -74.993814, 40.128517 ], [ -74.993814, 40.128516 ], [ -74.993814, 40.128515 ], [ -74.993814, 40.128514 ], [ -74.993797, 40.128471 ], [ -74.993797, 40.12847 ], [ -74.993796, 40.12847 ], [ -74.993796, 40.128469 ], [ -74.993795, 40.128469 ], [ -74.993662, 40.128391 ], [ -74.993689, 40.128219 ], [ -74.993689, 40.128218 ], [ -74.993669, 40.128122 ], [ -74.993754, 40.127921 ], [ -74.993755, 40.127921 ], [ -74.993895, 40.127759 ], [ -74.994006, 40.127684 ], [ -74.994101, 40.127615 ], [ -74.994102, 40.127614 ], [ -74.994238, 40.127508 ], [ -74.994239, 40.127507 ], [ -74.994408, 40.127286 ], [ -74.994408, 40.127285 ], [ -74.994474, 40.12712 ], [ -74.994474, 40.127119 ], [ -74.994529, 40.126962 ], [ -74.994529, 40.126961 ], [ -74.994545, 40.126691 ], [ -74.994545, 40.12669 ], [ -74.994545, 40.126689 ], [ -74.994482, 40.126529 ], [ -74.994427, 40.126424 ], [ -74.994427, 40.126423 ], [ -74.994353, 40.126228 ], [ -74.994353, 40.126227 ], [ -74.994352, 40.126226 ], [ -74.994278, 40.12615 ], [ -74.994277, 40.12615 ], [ -74.994277, 40.126149 ], [ -74.994276, 40.126149 ], [ -74.994155, 40.126097 ], [ -74.994154, 40.126097 ], [ -74.994153, 40.126097 ], [ -74.993925, 40.126056 ], [ -74.993484, 40.126007 ], [ -74.993483, 40.126007 ], [ -74.99315, 40.125947 ], [ -74.993149, 40.125947 ], [ -74.992878, 40.125914 ], [ -74.992877, 40.125914 ], [ -74.992638, 40.125919 ], [ -74.992637, 40.125919 ], [ -74.992365, 40.125941 ], [ -74.992364, 40.125942 ], [ -74.992046, 40.125996 ], [ -74.992045, 40.125996 ], [ -74.991704, 40.126079 ], [ -74.991455, 40.126143 ], [ -74.991455, 40.126144 ], [ -74.991067, 40.126212 ], [ -74.991067, 40.126213 ], [ -74.990784, 40.126276 ], [ -74.990622, 40.126303 ], [ -74.990296, 40.126238 ], [ -74.990295, 40.126238 ], [ -74.990294, 40.126238 ], [ -74.990082, 40.126238 ], [ -74.989742, 40.126243 ], [ -74.989562, 40.126244 ], [ -74.989561, 40.126244 ], [ -74.98934, 40.126204 ], [ -74.989157, 40.126171 ], [ -74.989061, 40.126118 ], [ -74.98906, 40.126118 ], [ -74.989043, 40.126021 ], [ -74.989013, 40.125915 ], [ -74.988978, 40.125805 ], [ -74.988994, 40.125733 ], [ -74.989066, 40.125644 ], [ -74.989067, 40.125643 ], [ -74.989067, 40.125642 ], [ -74.989067, 40.125641 ], [ -74.989073, 40.125577 ], [ -74.989073, 40.125576 ], [ -74.989073, 40.125575 ], [ -74.989073, 40.125574 ], [ -74.989015, 40.125488 ], [ -74.989014, 40.125487 ], [ -74.98894, 40.125427 ], [ -74.9888, 40.125316 ], [ -74.988715, 40.125162 ], [ -74.988696, 40.125104 ], [ -74.988696, 40.125103 ], [ -74.988503, 40.124701 ], [ -74.988485, 40.124574 ], [ -74.988391, 40.124279 ], [ -74.988363, 40.124182 ], [ -74.988363, 40.124181 ], [ -74.988362, 40.12418 ], [ -74.988276, 40.124079 ], [ -74.988275, 40.124078 ], [ -74.988209, 40.124026 ], [ -74.988209, 40.124025 ], [ -74.988208, 40.124025 ], [ -74.988207, 40.124025 ], [ -74.98806, 40.123967 ], [ -74.988059, 40.123967 ], [ -74.988058, 40.123966 ], [ -74.988057, 40.123966 ], [ -74.987841, 40.123949 ], [ -74.987709, 40.123905 ], [ -74.987709, 40.123904 ], [ -74.987543, 40.123798 ], [ -74.987543, 40.123797 ], [ -74.987387, 40.123673 ], [ -74.987316, 40.123595 ], [ -74.987315, 40.123594 ], [ -74.987198, 40.123521 ], [ -74.987197, 40.12352 ], [ -74.987196, 40.12352 ], [ -74.987195, 40.12352 ], [ -74.987048, 40.123486 ], [ -74.986847, 40.123335 ], [ -74.986846, 40.123334 ], [ -74.986671, 40.12317 ], [ -74.986551, 40.123067 ], [ -74.98655, 40.123067 ], [ -74.986549, 40.123066 ], [ -74.986548, 40.123066 ], [ -74.986495, 40.123049 ], [ -74.986494, 40.123049 ], [ -74.986493, 40.123049 ], [ -74.986492, 40.123049 ], [ -74.986491, 40.123049 ], [ -74.986428, 40.123056 ], [ -74.986428, 40.123057 ], [ -74.986427, 40.123057 ], [ -74.986426, 40.123057 ], [ -74.986245, 40.123143 ], [ -74.986244, 40.123143 ], [ -74.986038, 40.123257 ], [ -74.986037, 40.123258 ], [ -74.985922, 40.12334 ], [ -74.985921, 40.12334 ], [ -74.985676, 40.12349 ], [ -74.985675, 40.123491 ], [ -74.98553, 40.123612 ], [ -74.985529, 40.123612 ], [ -74.985134, 40.123838 ], [ -74.985134, 40.123839 ], [ -74.985, 40.123909 ], [ -74.985, 40.12391 ], [ -74.984867, 40.123941 ], [ -74.984866, 40.123941 ], [ -74.9847, 40.123943 ], [ -74.984553, 40.123906 ], [ -74.984553, 40.123905 ], [ -74.984456, 40.123848 ], [ -74.984455, 40.123848 ], [ -74.984387, 40.123766 ], [ -74.984387, 40.123765 ], [ -74.984359, 40.123672 ], [ -74.984359, 40.123671 ], [ -74.984358, 40.123671 ], [ -74.984309, 40.123603 ], [ -74.984308, 40.123602 ], [ -74.984307, 40.123602 ], [ -74.984307, 40.123601 ], [ -74.984306, 40.123601 ], [ -74.984216, 40.12357 ], [ -74.984215, 40.12357 ], [ -74.984215, 40.123569 ], [ -74.984214, 40.123569 ], [ -74.984213, 40.123569 ], [ -74.984082, 40.123569 ], [ -74.984081, 40.123569 ], [ -74.98408, 40.123569 ], [ -74.984079, 40.123569 ], [ -74.983977, 40.123603 ], [ -74.983678, 40.123617 ], [ -74.983677, 40.123617 ], [ -74.983545, 40.12364 ], [ -74.983544, 40.12364 ], [ -74.98344, 40.123629 ], [ -74.983439, 40.123629 ], [ -74.983139, 40.123457 ], [ -74.982908, 40.123336 ], [ -74.982907, 40.123336 ], [ -74.98282, 40.12328 ], [ -74.982682, 40.123158 ], [ -74.982682, 40.123157 ], [ -74.982612, 40.12303 ], [ -74.982612, 40.123029 ], [ -74.982586, 40.122925 ], [ -74.982586, 40.122924 ], [ -74.982586, 40.122798 ], [ -74.982602, 40.122745 ], [ -74.982603, 40.122745 ], [ -74.982739, 40.122546 ], [ -74.982739, 40.122545 ], [ -74.98274, 40.122544 ], [ -74.982757, 40.122459 ], [ -74.982757, 40.122458 ], [ -74.982757, 40.122457 ], [ -74.982757, 40.122456 ], [ -74.982724, 40.122361 ], [ -74.982723, 40.12236 ], [ -74.982635, 40.122223 ], [ -74.982635, 40.122222 ], [ -74.982508, 40.12196 ], [ -74.982508, 40.121959 ], [ -74.982507, 40.121958 ], [ -74.982451, 40.12191 ], [ -74.982451, 40.121909 ], [ -74.98245, 40.121909 ], [ -74.982449, 40.121908 ], [ -74.982448, 40.121908 ], [ -74.982447, 40.121908 ], [ -74.982446, 40.121908 ], [ -74.982445, 40.121908 ], [ -74.982327, 40.121913 ], [ -74.982259, 40.121909 ], [ -74.982192, 40.121848 ], [ -74.982195, 40.12178 ], [ -74.982195, 40.121779 ], [ -74.982254, 40.121696 ], [ -74.982379, 40.12153 ], [ -74.98238, 40.121529 ], [ -74.98238, 40.121528 ], [ -74.98238, 40.121527 ], [ -74.98239, 40.121427 ], [ -74.982414, 40.121307 ], [ -74.982457, 40.121237 ], [ -74.982457, 40.121236 ], [ -74.982601, 40.121191 ], [ -74.982602, 40.12119 ], [ -74.98277, 40.121159 ], [ -74.982771, 40.121159 ], [ -74.982772, 40.121159 ], [ -74.982931, 40.121103 ], [ -74.982932, 40.121102 ], [ -74.982933, 40.121102 ], [ -74.982933, 40.121101 ], [ -74.982934, 40.121101 ], [ -74.983004, 40.121017 ], [ -74.983004, 40.121016 ], [ -74.983069, 40.1209 ], [ -74.98307, 40.120899 ], [ -74.983082, 40.120805 ], [ -74.98308, 40.120649 ], [ -74.98308, 40.120648 ], [ -74.983036, 40.120464 ], [ -74.983036, 40.120463 ], [ -74.983035, 40.120463 ], [ -74.982985, 40.120357 ], [ -74.982984, 40.120356 ], [ -74.982924, 40.120291 ], [ -74.982923, 40.120291 ], [ -74.982922, 40.12029 ], [ -74.982921, 40.12029 ], [ -74.982789, 40.12023 ], [ -74.982716, 40.120178 ], [ -74.982676, 40.120117 ], [ -74.98262, 40.120056 ], [ -74.98262, 40.120055 ], [ -74.982619, 40.120055 ], [ -74.982618, 40.120055 ], [ -74.982517, 40.119997 ], [ -74.982516, 40.119996 ], [ -74.982515, 40.119996 ], [ -74.982374, 40.119951 ], [ -74.982373, 40.11995 ], [ -74.982372, 40.11995 ], [ -74.982167, 40.119924 ], [ -74.982166, 40.119923 ], [ -74.981983, 40.119918 ], [ -74.981982, 40.119918 ], [ -74.981837, 40.119926 ], [ -74.981836, 40.119927 ], [ -74.981835, 40.119927 ], [ -74.981701, 40.119968 ], [ -74.9817, 40.119969 ], [ -74.981699, 40.119969 ], [ -74.981589, 40.12003 ], [ -74.981588, 40.120031 ], [ -74.981509, 40.120087 ], [ -74.981509, 40.120088 ], [ -74.98136, 40.120151 ], [ -74.981205, 40.12018 ], [ -74.981054, 40.120189 ], [ -74.980871, 40.120175 ], [ -74.98087, 40.120175 ], [ -74.980727, 40.120146 ], [ -74.980413, 40.120085 ], [ -74.980413, 40.120084 ], [ -74.980412, 40.120084 ], [ -74.980292, 40.120013 ], [ -74.980123, 40.119873 ], [ -74.979853, 40.119647 ], [ -74.979763, 40.119573 ], [ -74.979714, 40.119508 ], [ -74.979713, 40.119507 ], [ -74.979601, 40.11943 ], [ -74.979601, 40.119429 ], [ -74.9796, 40.119429 ], [ -74.979599, 40.119429 ], [ -74.97947, 40.119388 ], [ -74.979469, 40.119387 ], [ -74.979286, 40.119352 ], [ -74.979285, 40.119352 ], [ -74.979284, 40.119351 ], [ -74.979134, 40.119351 ], [ -74.979133, 40.119351 ], [ -74.979132, 40.119351 ], [ -74.979009, 40.11938 ], [ -74.979009, 40.119381 ], [ -74.979008, 40.119381 ], [ -74.978893, 40.119427 ], [ -74.978892, 40.119427 ], [ -74.978892, 40.119428 ], [ -74.978802, 40.119494 ], [ -74.978689, 40.119542 ], [ -74.978605, 40.119548 ], [ -74.978479, 40.119508 ], [ -74.978371, 40.119465 ], [ -74.97837, 40.119465 ], [ -74.978369, 40.119464 ], [ -74.978368, 40.119464 ], [ -74.978367, 40.119464 ], [ -74.978366, 40.119464 ], [ -74.978366, 40.119465 ], [ -74.978245, 40.11949 ], [ -74.978244, 40.11949 ], [ -74.978243, 40.11949 ], [ -74.977977, 40.119601 ], [ -74.977976, 40.119601 ], [ -74.977976, 40.119602 ], [ -74.977739, 40.119661 ], [ -74.977738, 40.119662 ], [ -74.977737, 40.119662 ], [ -74.97765, 40.119703 ], [ -74.977649, 40.119703 ], [ -74.977649, 40.119704 ], [ -74.977648, 40.119704 ], [ -74.977589, 40.119767 ], [ -74.977589, 40.119768 ], [ -74.977588, 40.119768 ], [ -74.977549, 40.119836 ], [ -74.977548, 40.119837 ], [ -74.977548, 40.119838 ], [ -74.977521, 40.120026 ], [ -74.977385, 40.120071 ], [ -74.977247, 40.120069 ], [ -74.977143, 40.120033 ], [ -74.977043, 40.119968 ], [ -74.977042, 40.119968 ], [ -74.977042, 40.119967 ], [ -74.977041, 40.119967 ], [ -74.976931, 40.119928 ], [ -74.97693, 40.119928 ], [ -74.976929, 40.119928 ], [ -74.976928, 40.119928 ], [ -74.976927, 40.119928 ], [ -74.976797, 40.119934 ], [ -74.976796, 40.119934 ], [ -74.976613, 40.119974 ], [ -74.976612, 40.119974 ], [ -74.9764, 40.12005 ], [ -74.97614, 40.12015 ], [ -74.976139, 40.12015 ], [ -74.976138, 40.120151 ], [ -74.976067, 40.120212 ], [ -74.976067, 40.120213 ], [ -74.976066, 40.120213 ], [ -74.976066, 40.120214 ], [ -74.976032, 40.120285 ], [ -74.976031, 40.120285 ], [ -74.976031, 40.120286 ], [ -74.976031, 40.120287 ], [ -74.976031, 40.120288 ], [ -74.976032, 40.120288 ], [ -74.976068, 40.120385 ], [ -74.976032, 40.120444 ], [ -74.976031, 40.120444 ], [ -74.975933, 40.120465 ], [ -74.975932, 40.120465 ], [ -74.975815, 40.120442 ], [ -74.975733, 40.1204 ], [ -74.975734, 40.120326 ], [ -74.975725, 40.120261 ], [ -74.975724, 40.120261 ], [ -74.975724, 40.12026 ], [ -74.975724, 40.120259 ], [ -74.975723, 40.120259 ], [ -74.975675, 40.1202 ], [ -74.975674, 40.1202 ], [ -74.975674, 40.120199 ], [ -74.975673, 40.120199 ], [ -74.975672, 40.120198 ], [ -74.975671, 40.120198 ], [ -74.97567, 40.120198 ], [ -74.97557, 40.120181 ], [ -74.975569, 40.120181 ], [ -74.975568, 40.120181 ], [ -74.975567, 40.120181 ], [ -74.975391, 40.120197 ], [ -74.97539, 40.120197 ], [ -74.975229, 40.120225 ], [ -74.975228, 40.120225 ], [ -74.975102, 40.120219 ], [ -74.974975, 40.120173 ], [ -74.974807, 40.120083 ], [ -74.974807, 40.120082 ], [ -74.974688, 40.120006 ], [ -74.974688, 40.120005 ], [ -74.974613, 40.119919 ], [ -74.974613, 40.119918 ], [ -74.97454, 40.119857 ], [ -74.974539, 40.119857 ], [ -74.974538, 40.119856 ], [ -74.97443, 40.119806 ], [ -74.974429, 40.119806 ], [ -74.974428, 40.119806 ], [ -74.974427, 40.119806 ], [ -74.974427, 40.119805 ], [ -74.97429, 40.119793 ], [ -74.974289, 40.119793 ], [ -74.974076, 40.119794 ], [ -74.973609, 40.119815 ], [ -74.973608, 40.119815 ], [ -74.973368, 40.119803 ], [ -74.973113, 40.119788 ], [ -74.973112, 40.119788 ], [ -74.972994, 40.119801 ], [ -74.97287, 40.119817 ], [ -74.972771, 40.119823 ], [ -74.972674, 40.119796 ], [ -74.972573, 40.119729 ], [ -74.972549, 40.119664 ], [ -74.972507, 40.119562 ], [ -74.972507, 40.119561 ], [ -74.972506, 40.11956 ], [ -74.972505, 40.119559 ], [ -74.97243, 40.119509 ], [ -74.972429, 40.119509 ], [ -74.97224, 40.119429 ], [ -74.972057, 40.119308 ], [ -74.971936, 40.119214 ], [ -74.97186, 40.119142 ], [ -74.971785, 40.119048 ], [ -74.971711, 40.118897 ], [ -74.971711, 40.118896 ], [ -74.97171, 40.118895 ], [ -74.971604, 40.118808 ], [ -74.971603, 40.118808 ], [ -74.971496, 40.118735 ], [ -74.971298, 40.118586 ], [ -74.971208, 40.118462 ], [ -74.971143, 40.118355 ], [ -74.971143, 40.118354 ], [ -74.97102, 40.118114 ], [ -74.970915, 40.11793 ], [ -74.970844, 40.11776 ], [ -74.970843, 40.11776 ], [ -74.970843, 40.117759 ], [ -74.970751, 40.117653 ], [ -74.970615, 40.117532 ], [ -74.970615, 40.117531 ], [ -74.970453, 40.117392 ], [ -74.970452, 40.117392 ], [ -74.970452, 40.117391 ], [ -74.970348, 40.117198 ], [ -74.97027, 40.117094 ], [ -74.97027, 40.117093 ], [ -74.970269, 40.117093 ], [ -74.970181, 40.117012 ], [ -74.97018, 40.117012 ], [ -74.97018, 40.117011 ], [ -74.970179, 40.117011 ], [ -74.970084, 40.11697 ], [ -74.970083, 40.116969 ], [ -74.970082, 40.116969 ], [ -74.969989, 40.116955 ], [ -74.969988, 40.116955 ], [ -74.969987, 40.116955 ], [ -74.969986, 40.116955 ], [ -74.969919, 40.116964 ], [ -74.969918, 40.116964 ], [ -74.969917, 40.116964 ], [ -74.969916, 40.116965 ], [ -74.969867, 40.116989 ], [ -74.969866, 40.116989 ], [ -74.969815, 40.11702 ], [ -74.969815, 40.117021 ], [ -74.96974, 40.117026 ], [ -74.969739, 40.117026 ], [ -74.969647, 40.117008 ], [ -74.969593, 40.116981 ], [ -74.969481, 40.116923 ], [ -74.969327, 40.116855 ], [ -74.969326, 40.116855 ], [ -74.969325, 40.116855 ], [ -74.969206, 40.116825 ], [ -74.969205, 40.116825 ], [ -74.969204, 40.116825 ], [ -74.969203, 40.116825 ], [ -74.969202, 40.116825 ], [ -74.969089, 40.116849 ], [ -74.969088, 40.116849 ], [ -74.968918, 40.116882 ], [ -74.968917, 40.116882 ], [ -74.968688, 40.116942 ], [ -74.968687, 40.116943 ], [ -74.968441, 40.117034 ], [ -74.96844, 40.117034 ], [ -74.968322, 40.117101 ], [ -74.968321, 40.117101 ], [ -74.968218, 40.117177 ], [ -74.968126, 40.117224 ], [ -74.968125, 40.117224 ], [ -74.968125, 40.117225 ], [ -74.968036, 40.1173 ], [ -74.967892, 40.117408 ], [ -74.967733, 40.117532 ], [ -74.967566, 40.117629 ], [ -74.967565, 40.117629 ], [ -74.967564, 40.11763 ], [ -74.967518, 40.117685 ], [ -74.967518, 40.117686 ], [ -74.967517, 40.117687 ], [ -74.967486, 40.117807 ], [ -74.967463, 40.117884 ], [ -74.967355, 40.117937 ], [ -74.967125, 40.117951 ], [ -74.967124, 40.117951 ], [ -74.967123, 40.117951 ], [ -74.966952, 40.118011 ], [ -74.966951, 40.118011 ], [ -74.966723, 40.118055 ], [ -74.966534, 40.118086 ], [ -74.966533, 40.118086 ], [ -74.966386, 40.118121 ], [ -74.966385, 40.118121 ], [ -74.966082, 40.118242 ], [ -74.965922, 40.11831 ], [ -74.965922, 40.118311 ], [ -74.965921, 40.118311 ], [ -74.965774, 40.118341 ], [ -74.965773, 40.118342 ], [ -74.965594, 40.118415 ], [ -74.965593, 40.118415 ], [ -74.965432, 40.118488 ], [ -74.965431, 40.118488 ], [ -74.965431, 40.118489 ], [ -74.965333, 40.118565 ], [ -74.965261, 40.118623 ], [ -74.965149, 40.118671 ], [ -74.965148, 40.118671 ], [ -74.964995, 40.118664 ], [ -74.964837, 40.118634 ], [ -74.964735, 40.118598 ], [ -74.964734, 40.118598 ], [ -74.96463, 40.118547 ], [ -74.964629, 40.118547 ], [ -74.964536, 40.118476 ], [ -74.964489, 40.118404 ], [ -74.964489, 40.118403 ], [ -74.964509, 40.118245 ], [ -74.964509, 40.118244 ], [ -74.964489, 40.118131 ], [ -74.964489, 40.11813 ], [ -74.964418, 40.117989 ], [ -74.964418, 40.117988 ], [ -74.964333, 40.11783 ], [ -74.964283, 40.117628 ], [ -74.964208, 40.117403 ], [ -74.964208, 40.117402 ], [ -74.964207, 40.117402 ], [ -74.964118, 40.117298 ], [ -74.964117, 40.117297 ], [ -74.964116, 40.117297 ], [ -74.963998, 40.117231 ], [ -74.963831, 40.117131 ], [ -74.96383, 40.117131 ], [ -74.963737, 40.117088 ], [ -74.963736, 40.117088 ], [ -74.963735, 40.117087 ], [ -74.963577, 40.117047 ], [ -74.963442, 40.117012 ], [ -74.963379, 40.116975 ], [ -74.963379, 40.116974 ], [ -74.963295, 40.116896 ], [ -74.963222, 40.116768 ], [ -74.963221, 40.116768 ], [ -74.963175, 40.116683 ], [ -74.963175, 40.116682 ], [ -74.963152, 40.116508 ], [ -74.963141, 40.116366 ], [ -74.963155, 40.116205 ], [ -74.963155, 40.116204 ], [ -74.963134, 40.116104 ], [ -74.963115, 40.116006 ], [ -74.963115, 40.116005 ], [ -74.963111, 40.115879 ], [ -74.963147, 40.115799 ], [ -74.963249, 40.115651 ], [ -74.96325, 40.11565 ], [ -74.963317, 40.115526 ], [ -74.963317, 40.115525 ], [ -74.963332, 40.115481 ], [ -74.963396, 40.115299 ], [ -74.963396, 40.115298 ], [ -74.963414, 40.115218 ], [ -74.963414, 40.115217 ], [ -74.963414, 40.115216 ], [ -74.963413, 40.115216 ], [ -74.963413, 40.115215 ], [ -74.96335, 40.115135 ], [ -74.963349, 40.115135 ], [ -74.963261, 40.115034 ], [ -74.963236, 40.114969 ], [ -74.963146, 40.114776 ], [ -74.96309, 40.11465 ], [ -74.96309, 40.114649 ], [ -74.963113, 40.114586 ], [ -74.963113, 40.114585 ], [ -74.963249, 40.11447 ], [ -74.96325, 40.114469 ], [ -74.963457, 40.114208 ], [ -74.96367, 40.114 ], [ -74.964, 40.11369 ], [ -74.964001, 40.11369 ], [ -74.964001, 40.113689 ], [ -74.964092, 40.113562 ], [ -74.964092, 40.113561 ], [ -74.964138, 40.113471 ], [ -74.964139, 40.113471 ], [ -74.964139, 40.11347 ], [ -74.964156, 40.113381 ], [ -74.964157, 40.113381 ], [ -74.964157, 40.11338 ], [ -74.964156, 40.11338 ], [ -74.964137, 40.11329 ], [ -74.964137, 40.113289 ], [ -74.964023, 40.113018 ], [ -74.964023, 40.113017 ], [ -74.963921, 40.112639 ], [ -74.963879, 40.112439 ], [ -74.963879, 40.112438 ], [ -74.963883, 40.112203 ], [ -74.963883, 40.112202 ], [ -74.96388, 40.112012 ], [ -74.96388, 40.112011 ], [ -74.96385, 40.111922 ], [ -74.96385, 40.111921 ], [ -74.963786, 40.111746 ], [ -74.963786, 40.111745 ], [ -74.963777, 40.111653 ], [ -74.963795, 40.111552 ], [ -74.963796, 40.111552 ], [ -74.963852, 40.111481 ], [ -74.963936, 40.111383 ], [ -74.963937, 40.111382 ], [ -74.964045, 40.111219 ], [ -74.964105, 40.11107 ], [ -74.964105, 40.111069 ], [ -74.96412, 40.110959 ], [ -74.96412, 40.110958 ], [ -74.96412, 40.110868 ], [ -74.96412, 40.110867 ], [ -74.96412, 40.110866 ], [ -74.964041, 40.110714 ], [ -74.96404, 40.110713 ], [ -74.963904, 40.110568 ], [ -74.963904, 40.110567 ], [ -74.963838, 40.110466 ], [ -74.963838, 40.110465 ], [ -74.963842, 40.110378 ], [ -74.963842, 40.110377 ], [ -74.963812, 40.110229 ], [ -74.963812, 40.110228 ], [ -74.963746, 40.110094 ], [ -74.96371, 40.109966 ], [ -74.96371, 40.109965 ], [ -74.96371, 40.109876 ], [ -74.963711, 40.109876 ], [ -74.963772, 40.109761 ], [ -74.963773, 40.109761 ], [ -74.963891, 40.10961 ], [ -74.963977, 40.109516 ], [ -74.963978, 40.109516 ], [ -74.964074, 40.109461 ], [ -74.964075, 40.109461 ], [ -74.964235, 40.109436 ], [ -74.964408, 40.109505 ], [ -74.964409, 40.109505 ], [ -74.96441, 40.109505 ], [ -74.964411, 40.109505 ], [ -74.964412, 40.109505 ], [ -74.964413, 40.109505 ], [ -74.964414, 40.109505 ], [ -74.964507, 40.109477 ], [ -74.964508, 40.109477 ], [ -74.964509, 40.109476 ], [ -74.964602, 40.109411 ], [ -74.964602, 40.10941 ], [ -74.964603, 40.10941 ], [ -74.964679, 40.109322 ], [ -74.964679, 40.109321 ], [ -74.96468, 40.109321 ], [ -74.964738, 40.10919 ], [ -74.964739, 40.109189 ], [ -74.964766, 40.109092 ], [ -74.964766, 40.109091 ], [ -74.96481, 40.109005 ], [ -74.964811, 40.109005 ], [ -74.964878, 40.108934 ], [ -74.964878, 40.108933 ], [ -74.964937, 40.108887 ], [ -74.965058, 40.10883 ], [ -74.965059, 40.10883 ], [ -74.965059, 40.108829 ], [ -74.96506, 40.108829 ], [ -74.965118, 40.108782 ], [ -74.965118, 40.108781 ], [ -74.965119, 40.108781 ], [ -74.965205, 40.108661 ], [ -74.965206, 40.108661 ], [ -74.965386, 40.108395 ], [ -74.965516, 40.108236 ], [ -74.965591, 40.10814 ], [ -74.965592, 40.108139 ], [ -74.965608, 40.108101 ], [ -74.965609, 40.108101 ], [ -74.965609, 40.1081 ], [ -74.965609, 40.108099 ], [ -74.965609, 40.108098 ], [ -74.965608, 40.108098 ], [ -74.965608, 40.108097 ], [ -74.965607, 40.108096 ], [ -74.965562, 40.108048 ], [ -74.965503, 40.107989 ], [ -74.965432, 40.107894 ], [ -74.965369, 40.107784 ], [ -74.965368, 40.107784 ], [ -74.965296, 40.107629 ], [ -74.965212, 40.107452 ], [ -74.965212, 40.107451 ], [ -74.965123, 40.107312 ], [ -74.965058, 40.107226 ], [ -74.965058, 40.107225 ], [ -74.965057, 40.107225 ], [ -74.965057, 40.107224 ], [ -74.965056, 40.107224 ], [ -74.965055, 40.107223 ], [ -74.964981, 40.107198 ], [ -74.96498, 40.107198 ], [ -74.964979, 40.107197 ], [ -74.964978, 40.107197 ], [ -74.964726, 40.10718 ], [ -74.964422, 40.107147 ], [ -74.964195, 40.107128 ], [ -74.963959, 40.107107 ], [ -74.963958, 40.107107 ], [ -74.963712, 40.107067 ], [ -74.963712, 40.107066 ], [ -74.963711, 40.107066 ], [ -74.963516, 40.106989 ], [ -74.963337, 40.10688 ], [ -74.963336, 40.10688 ], [ -74.96325, 40.106779 ], [ -74.963249, 40.106779 ], [ -74.963202, 40.106679 ], [ -74.963221, 40.10665 ], [ -74.963221, 40.106649 ], [ -74.963271, 40.106568 ], [ -74.963374, 40.106521 ], [ -74.963375, 40.106521 ], [ -74.963396, 40.106512 ], [ -74.963465, 40.106488 ], [ -74.963594, 40.106449 ], [ -74.963595, 40.106449 ], [ -74.963595, 40.106448 ], [ -74.963596, 40.106448 ], [ -74.963597, 40.106447 ], [ -74.963658, 40.106387 ], [ -74.963658, 40.106386 ], [ -74.963659, 40.106385 ], [ -74.963659, 40.106384 ], [ -74.96367, 40.106288 ], [ -74.96367, 40.106287 ], [ -74.96367, 40.106286 ], [ -74.963606, 40.106147 ], [ -74.963629, 40.106072 ], [ -74.963694, 40.105977 ], [ -74.963786, 40.105911 ], [ -74.963907, 40.105811 ], [ -74.963908, 40.105811 ], [ -74.963908, 40.10581 ], [ -74.963964, 40.105738 ], [ -74.963964, 40.105737 ], [ -74.963964, 40.105736 ], [ -74.963965, 40.105736 ], [ -74.963965, 40.105735 ], [ -74.963963, 40.105646 ], [ -74.963963, 40.105645 ], [ -74.963963, 40.105644 ], [ -74.963962, 40.105643 ], [ -74.963929, 40.105598 ], [ -74.963928, 40.105598 ], [ -74.963928, 40.105597 ], [ -74.963927, 40.105597 ], [ -74.963926, 40.105596 ], [ -74.963797, 40.105547 ], [ -74.963593, 40.105476 ], [ -74.963399, 40.105393 ], [ -74.963184, 40.105292 ], [ -74.963183, 40.105292 ], [ -74.962966, 40.105211 ], [ -74.962965, 40.105211 ], [ -74.962693, 40.105143 ], [ -74.962692, 40.105143 ], [ -74.962556, 40.105084 ], [ -74.962555, 40.105084 ], [ -74.962498, 40.104992 ], [ -74.962429, 40.104862 ], [ -74.962429, 40.104861 ], [ -74.962433, 40.104763 ], [ -74.962467, 40.104657 ], [ -74.962468, 40.104657 ], [ -74.962468, 40.104656 ], [ -74.962539, 40.104558 ], [ -74.962539, 40.104557 ], [ -74.962539, 40.104556 ], [ -74.96254, 40.104556 ], [ -74.96254, 40.104555 ], [ -74.962539, 40.104486 ], [ -74.962539, 40.104485 ], [ -74.962539, 40.104484 ], [ -74.962538, 40.104484 ], [ -74.962538, 40.104483 ], [ -74.962537, 40.104482 ], [ -74.962378, 40.104352 ], [ -74.962092, 40.104145 ], [ -74.962091, 40.104145 ], [ -74.961993, 40.104026 ], [ -74.961992, 40.104025 ], [ -74.961767, 40.103819 ], [ -74.961767, 40.103818 ], [ -74.961565, 40.103682 ], [ -74.961403, 40.103582 ], [ -74.961403, 40.103581 ], [ -74.96123, 40.103496 ], [ -74.961229, 40.103496 ], [ -74.961111, 40.103423 ], [ -74.96102, 40.103329 ], [ -74.96099, 40.103237 ], [ -74.96099, 40.103236 ], [ -74.960995, 40.103108 ], [ -74.960995, 40.103107 ], [ -74.961025, 40.103032 ], [ -74.961025, 40.103031 ], [ -74.961091, 40.102785 ], [ -74.961091, 40.102784 ], [ -74.961198, 40.102605 ], [ -74.961198, 40.102604 ], [ -74.961198, 40.102603 ], [ -74.961204, 40.102429 ], [ -74.961235, 40.102284 ], [ -74.961291, 40.102129 ], [ -74.961291, 40.102128 ], [ -74.961295, 40.102025 ], [ -74.961295, 40.102024 ], [ -74.96127, 40.101958 ], [ -74.96127, 40.101957 ], [ -74.961269, 40.101957 ], [ -74.961269, 40.101956 ], [ -74.961178, 40.101876 ], [ -74.961102, 40.101806 ], [ -74.961102, 40.101805 ], [ -74.961061, 40.101676 ], [ -74.961061, 40.101675 ], [ -74.961126, 40.101405 ], [ -74.961225, 40.101296 ], [ -74.961395, 40.101159 ], [ -74.961396, 40.101159 ], [ -74.961478, 40.101068 ], [ -74.961643, 40.100905 ], [ -74.961643, 40.100904 ], [ -74.961644, 40.100904 ], [ -74.961644, 40.100903 ], [ -74.961701, 40.100777 ], [ -74.961701, 40.100776 ], [ -74.961743, 40.100657 ], [ -74.961743, 40.100656 ], [ -74.961768, 40.100529 ], [ -74.961801, 40.100385 ], [ -74.961847, 40.100177 ], [ -74.961854, 40.100096 ], [ -74.96189, 40.099911 ], [ -74.96189, 40.09991 ], [ -74.961932, 40.099796 ], [ -74.961933, 40.099796 ], [ -74.961977, 40.099716 ], [ -74.962013, 40.09966 ], [ -74.962013, 40.099659 ], [ -74.962013, 40.099658 ], [ -74.962019, 40.099596 ], [ -74.962019, 40.099595 ], [ -74.962019, 40.099594 ], [ -74.961986, 40.099511 ], [ -74.961985, 40.09951 ], [ -74.961918, 40.099417 ], [ -74.961917, 40.099416 ], [ -74.961816, 40.099326 ], [ -74.96174, 40.099263 ], [ -74.961673, 40.099203 ], [ -74.961687, 40.099163 ], [ -74.961687, 40.099162 ], [ -74.96173, 40.0991 ], [ -74.961786, 40.099044 ], [ -74.96207, 40.098776 ], [ -74.962071, 40.098775 ], [ -74.962071, 40.098774 ], [ -74.962093, 40.098673 ], [ -74.962093, 40.098672 ], [ -74.962093, 40.098671 ], [ -74.962092, 40.09867 ], [ -74.962062, 40.098619 ], [ -74.962061, 40.098618 ], [ -74.96206, 40.098617 ], [ -74.961909, 40.098505 ], [ -74.961908, 40.098504 ], [ -74.961724, 40.098386 ], [ -74.961608, 40.0983 ], [ -74.961608, 40.098299 ], [ -74.96158, 40.098239 ], [ -74.96158, 40.098238 ], [ -74.961597, 40.098174 ], [ -74.96166, 40.098103 ], [ -74.961661, 40.098103 ], [ -74.961773, 40.098026 ], [ -74.961774, 40.098025 ], [ -74.961775, 40.098024 ], [ -74.961775, 40.098023 ], [ -74.961812, 40.097937 ], [ -74.961812, 40.097936 ], [ -74.961808, 40.09786 ], [ -74.961808, 40.097859 ], [ -74.961789, 40.097782 ], [ -74.961788, 40.097782 ], [ -74.961788, 40.097781 ], [ -74.961788, 40.09778 ], [ -74.961787, 40.09778 ], [ -74.961724, 40.097717 ], [ -74.961723, 40.097716 ], [ -74.961722, 40.097716 ], [ -74.961722, 40.097715 ], [ -74.96162, 40.09767 ], [ -74.961619, 40.097669 ], [ -74.961415, 40.097599 ], [ -74.961191, 40.097523 ], [ -74.961061, 40.097486 ], [ -74.96106, 40.097486 ], [ -74.961059, 40.097486 ], [ -74.960925, 40.09748 ], [ -74.960924, 40.09748 ], [ -74.960923, 40.09748 ], [ -74.960792, 40.097502 ], [ -74.960791, 40.097502 ], [ -74.960791, 40.097503 ], [ -74.96079, 40.097503 ], [ -74.96068, 40.097548 ], [ -74.960568, 40.097573 ], [ -74.960463, 40.097571 ], [ -74.960077, 40.09747 ], [ -74.959734, 40.097379 ], [ -74.959627, 40.097325 ], [ -74.959627, 40.097324 ], [ -74.959477, 40.097224 ], [ -74.959476, 40.097224 ], [ -74.959476, 40.097223 ], [ -74.959475, 40.097223 ], [ -74.959376, 40.097187 ], [ -74.959375, 40.097187 ], [ -74.958784, 40.096913 ], [ -74.958516, 40.096817 ], [ -74.958253, 40.096704 ], [ -74.958253, 40.096703 ], [ -74.958168, 40.096634 ], [ -74.95811, 40.096555 ], [ -74.95811, 40.096554 ], [ -74.95808, 40.096482 ], [ -74.95808, 40.096481 ], [ -74.958079, 40.096481 ], [ -74.958079, 40.09648 ], [ -74.957995, 40.096398 ], [ -74.957654, 40.096114 ], [ -74.957653, 40.096114 ], [ -74.957653, 40.096113 ], [ -74.957652, 40.096113 ], [ -74.957356, 40.095968 ], [ -74.957355, 40.095968 ], [ -74.957354, 40.095967 ], [ -74.957209, 40.095923 ], [ -74.957208, 40.095923 ], [ -74.95706, 40.095901 ], [ -74.957059, 40.095901 ], [ -74.957058, 40.095901 ], [ -74.9569, 40.095915 ], [ -74.956899, 40.095915 ], [ -74.95664, 40.095967 ], [ -74.956462, 40.095977 ], [ -74.956287, 40.095935 ], [ -74.956188, 40.095875 ], [ -74.956187, 40.095875 ], [ -74.956097, 40.095776 ], [ -74.956089, 40.095716 ], [ -74.956109, 40.095655 ], [ -74.956109, 40.095654 ], [ -74.956118, 40.095593 ], [ -74.956118, 40.095592 ], [ -74.956118, 40.095591 ], [ -74.956118, 40.09559 ], [ -74.956117, 40.09559 ], [ -74.955837, 40.095266 ], [ -74.95576, 40.095142 ], [ -74.955748, 40.095055 ], [ -74.955773, 40.094988 ], [ -74.955881, 40.094733 ], [ -74.956009, 40.094472 ], [ -74.956235, 40.094022 ], [ -74.956392, 40.093733 ], [ -74.956392, 40.093732 ], [ -74.956392, 40.093731 ], [ -74.956403, 40.093558 ], [ -74.956402, 40.093396 ], [ -74.956402, 40.093395 ], [ -74.956382, 40.093244 ], [ -74.956375, 40.093074 ], [ -74.956455, 40.092866 ], [ -74.956455, 40.092865 ], [ -74.956692, 40.09248 ], [ -74.956823, 40.092296 ], [ -74.956943, 40.09217 ], [ -74.957064, 40.092031 ], [ -74.957065, 40.09203 ], [ -74.957065, 40.092029 ], [ -74.957118, 40.091875 ], [ -74.957199, 40.091685 ], [ -74.957288, 40.091563 ], [ -74.957442, 40.091356 ], [ -74.957443, 40.091356 ], [ -74.957443, 40.091355 ], [ -74.957474, 40.091258 ], [ -74.957474, 40.091257 ], [ -74.957643, 40.091154 ], [ -74.957644, 40.091154 ], [ -74.957644, 40.091153 ], [ -74.957645, 40.091152 ], [ -74.957815, 40.090841 ], [ -74.957961, 40.09057 ], [ -74.957962, 40.090569 ], [ -74.957962, 40.090568 ], [ -74.95798, 40.090471 ], [ -74.95798, 40.09047 ], [ -74.957964, 40.09038 ], [ -74.957964, 40.090379 ], [ -74.957908, 40.09026 ], [ -74.957824, 40.090128 ], [ -74.957824, 40.090127 ], [ -74.957794, 40.090034 ], [ -74.957794, 40.090033 ], [ -74.957792, 40.089924 ], [ -74.957792, 40.089923 ], [ -74.957829, 40.089833 ], [ -74.957829, 40.089832 ], [ -74.95789, 40.089778 ], [ -74.957891, 40.089778 ], [ -74.957994, 40.089723 ], [ -74.957995, 40.089722 ], [ -74.958065, 40.089676 ], [ -74.958066, 40.089675 ], [ -74.958066, 40.089674 ], [ -74.958067, 40.089674 ], [ -74.958067, 40.089673 ], [ -74.958113, 40.08957 ], [ -74.958114, 40.089569 ], [ -74.958114, 40.089568 ], [ -74.958118, 40.089476 ], [ -74.958118, 40.089475 ], [ -74.958109, 40.089388 ], [ -74.958109, 40.089387 ], [ -74.958123, 40.089337 ], [ -74.958156, 40.089288 ], [ -74.958234, 40.0892 ], [ -74.958235, 40.089199 ], [ -74.958252, 40.089146 ], [ -74.958253, 40.089146 ], [ -74.958253, 40.089145 ], [ -74.958253, 40.089144 ], [ -74.958229, 40.08902 ], [ -74.958182, 40.088729 ], [ -74.958182, 40.088728 ], [ -74.958011, 40.088251 ], [ -74.957869, 40.087911 ], [ -74.957714, 40.087652 ], [ -74.957713, 40.087652 ], [ -74.95761, 40.087211 ], [ -74.957609, 40.087099 ], [ -74.957609, 40.087098 ], [ -74.95764, 40.087058 ], [ -74.958016, 40.086842 ], [ -74.958017, 40.086841 ], [ -74.958018, 40.086841 ], [ -74.958018, 40.08684 ], [ -74.958019, 40.086839 ], [ -74.958019, 40.086838 ], [ -74.958033, 40.086484 ], [ -74.958026, 40.086316 ], [ -74.95805, 40.086206 ], [ -74.95805, 40.086205 ], [ -74.958083, 40.086152 ], [ -74.958083, 40.086151 ], [ -74.958202, 40.086042 ], [ -74.958203, 40.086041 ], [ -74.958203, 40.08604 ], [ -74.958204, 40.08604 ], [ -74.958204, 40.086039 ], [ -74.958224, 40.085882 ], [ -74.958224, 40.085881 ], [ -74.958216, 40.085649 ], [ -74.958253, 40.085282 ], [ -74.958299, 40.085067 ], [ -74.958299, 40.085066 ], [ -74.958341, 40.084956 ], [ -74.958627, 40.084601 ], [ -74.958628, 40.0846 ], [ -74.958679, 40.084392 ], [ -74.958679, 40.084391 ], [ -74.958679, 40.08439 ], [ -74.958679, 40.084389 ], [ -74.958678, 40.084389 ], [ -74.958632, 40.084304 ], [ -74.958631, 40.084304 ], [ -74.958631, 40.084303 ], [ -74.95863, 40.084302 ], [ -74.958629, 40.084302 ], [ -74.958549, 40.084265 ], [ -74.958548, 40.084265 ], [ -74.958422, 40.084215 ], [ -74.958367, 40.084121 ], [ -74.958367, 40.08412 ], [ -74.958372, 40.084031 ], [ -74.958384, 40.083964 ], [ -74.958423, 40.083928 ], [ -74.958592, 40.083932 ], [ -74.958593, 40.083932 ], [ -74.95872, 40.08391 ], [ -74.958721, 40.083909 ], [ -74.958722, 40.083909 ], [ -74.958723, 40.083909 ], [ -74.958723, 40.083908 ], [ -74.958724, 40.083908 ], [ -74.958902, 40.083732 ], [ -74.958903, 40.083731 ], [ -74.958903, 40.08373 ], [ -74.958966, 40.083593 ], [ -74.958966, 40.083592 ], [ -74.958984, 40.083461 ], [ -74.958984, 40.08346 ], [ -74.958984, 40.083459 ], [ -74.958945, 40.083328 ], [ -74.958908, 40.083214 ], [ -74.958908, 40.083213 ], [ -74.959019, 40.083089 ], [ -74.959019, 40.083088 ], [ -74.959134, 40.082927 ], [ -74.959135, 40.082926 ], [ -74.959155, 40.082815 ], [ -74.959155, 40.082814 ], [ -74.959132, 40.082724 ], [ -74.959132, 40.082723 ], [ -74.959039, 40.082591 ], [ -74.959039, 40.08259 ], [ -74.959001, 40.082511 ], [ -74.959052, 40.082417 ], [ -74.959052, 40.082416 ], [ -74.959104, 40.082372 ], [ -74.959249, 40.082381 ], [ -74.95925, 40.082381 ], [ -74.959251, 40.082381 ], [ -74.95928, 40.082377 ], [ -74.959281, 40.082377 ], [ -74.959667, 40.082322 ], [ -74.959743, 40.082313 ], [ -74.959744, 40.082312 ], [ -74.959745, 40.082312 ], [ -74.959746, 40.082312 ], [ -74.959858, 40.082257 ], [ -74.959859, 40.082256 ], [ -74.95986, 40.082256 ], [ -74.95986, 40.082255 ], [ -74.959955, 40.082146 ], [ -74.96001, 40.082057 ], [ -74.960011, 40.082057 ], [ -74.960011, 40.082056 ], [ -74.960051, 40.08193 ], [ -74.960052, 40.08193 ], [ -74.960073, 40.081793 ], [ -74.960078, 40.081681 ], [ -74.96008, 40.081544 ], [ -74.96008, 40.081543 ], [ -74.96006, 40.081459 ], [ -74.960041, 40.081328 ], [ -74.960043, 40.081268 ], [ -74.960107, 40.081187 ], [ -74.960181, 40.081084 ], [ -74.960627, 40.080799 ], [ -74.960627, 40.080798 ], [ -74.960815, 40.080659 ], [ -74.960816, 40.080659 ], [ -74.960884, 40.080591 ], [ -74.960884, 40.08059 ], [ -74.960987, 40.08052 ], [ -74.961077, 40.08045 ], [ -74.961078, 40.08045 ], [ -74.961078, 40.080449 ], [ -74.961123, 40.080396 ], [ -74.961274, 40.080195 ], [ -74.961406, 40.080038 ], [ -74.961406, 40.080037 ], [ -74.961524, 40.079931 ], [ -74.961525, 40.07993 ], [ -74.961635, 40.079847 ], [ -74.961729, 40.079782 ], [ -74.961749, 40.079768 ], [ -74.961895, 40.07967 ], [ -74.961957, 40.079627 ], [ -74.961957, 40.079626 ], [ -74.962015, 40.079593 ], [ -74.962015, 40.079592 ], [ -74.962016, 40.079592 ], [ -74.962017, 40.079591 ], [ -74.962106, 40.079481 ], [ -74.962106, 40.07948 ], [ -74.962106, 40.079479 ], [ -74.962133, 40.079384 ], [ -74.962133, 40.079383 ], [ -74.962132, 40.079337 ], [ -74.962157, 40.079126 ], [ -74.9622, 40.079017 ], [ -74.962269, 40.078902 ], [ -74.96227, 40.078902 ], [ -74.962335, 40.078834 ], [ -74.962392, 40.078777 ], [ -74.962393, 40.078777 ], [ -74.962469, 40.078696 ], [ -74.962469, 40.078695 ], [ -74.962507, 40.078647 ], [ -74.962507, 40.078646 ], [ -74.962534, 40.07859 ], [ -74.962534, 40.078589 ], [ -74.962534, 40.078588 ], [ -74.962533, 40.078527 ], [ -74.962533, 40.078526 ], [ -74.96252, 40.078468 ], [ -74.962519, 40.078467 ], [ -74.962483, 40.078413 ], [ -74.962432, 40.078261 ], [ -74.962432, 40.07826 ], [ -74.962423, 40.078119 ], [ -74.962432, 40.078047 ], [ -74.962432, 40.078046 ], [ -74.96246, 40.078001 ], [ -74.96246, 40.078 ], [ -74.962514, 40.077944 ], [ -74.962515, 40.077944 ], [ -74.962629, 40.077874 ], [ -74.96263, 40.077874 ], [ -74.963183, 40.077394 ], [ -74.963184, 40.077393 ], [ -74.963185, 40.077392 ], [ -74.963286, 40.077212 ], [ -74.963395, 40.077124 ], [ -74.963396, 40.077124 ], [ -74.963507, 40.077065 ], [ -74.963638, 40.077044 ], [ -74.96378, 40.077055 ], [ -74.963781, 40.077055 ], [ -74.964324, 40.077051 ], [ -74.964325, 40.077051 ], [ -74.964974, 40.077197 ], [ -74.964974, 40.077198 ], [ -74.964975, 40.077198 ], [ -74.965042, 40.077203 ], [ -74.965151, 40.077214 ], [ -74.965256, 40.077224 ], [ -74.965443, 40.077242 ], [ -74.965737, 40.077263 ], [ -74.966031, 40.077273 ], [ -74.966032, 40.077273 ], [ -74.966182, 40.077272 ], [ -74.966183, 40.077272 ], [ -74.966184, 40.077272 ], [ -74.966185, 40.077272 ], [ -74.966299, 40.077229 ], [ -74.9663, 40.077228 ], [ -74.966489, 40.077126 ], [ -74.96649, 40.077126 ], [ -74.966598, 40.077045 ], [ -74.966599, 40.077044 ], [ -74.966671, 40.076958 ], [ -74.966672, 40.076957 ], [ -74.966672, 40.076956 ], [ -74.96675, 40.076699 ], [ -74.96675, 40.076698 ], [ -74.966775, 40.076525 ], [ -74.966775, 40.076524 ], [ -74.966821, 40.076446 ], [ -74.966822, 40.076446 ], [ -74.966942, 40.076388 ], [ -74.967269, 40.076352 ], [ -74.967554, 40.07633 ], [ -74.967809, 40.076339 ], [ -74.968283, 40.076321 ], [ -74.968284, 40.076321 ], [ -74.968746, 40.076282 ], [ -74.968893, 40.076274 ], [ -74.969041, 40.076274 ], [ -74.969042, 40.076274 ], [ -74.969126, 40.0763 ], [ -74.969296, 40.076406 ], [ -74.969297, 40.076407 ], [ -74.969298, 40.076407 ], [ -74.96948, 40.076462 ], [ -74.969481, 40.076462 ], [ -74.969628, 40.076482 ], [ -74.969629, 40.076482 ], [ -74.969748, 40.076482 ], [ -74.969749, 40.076482 ], [ -74.96975, 40.076482 ], [ -74.969751, 40.076482 ], [ -74.969823, 40.076454 ], [ -74.969824, 40.076454 ], [ -74.969825, 40.076454 ], [ -74.969825, 40.076453 ], [ -74.969902, 40.076396 ], [ -74.969902, 40.076395 ], [ -74.970011, 40.076341 ], [ -74.970012, 40.07634 ], [ -74.97011, 40.076277 ], [ -74.970111, 40.076277 ], [ -74.970252, 40.076227 ], [ -74.97037, 40.07623 ], [ -74.970512, 40.076245 ], [ -74.970692, 40.076261 ], [ -74.970693, 40.076261 ], [ -74.970694, 40.076261 ], [ -74.970695, 40.076261 ], [ -74.970695, 40.07626 ], [ -74.970837, 40.076221 ], [ -74.970838, 40.076221 ], [ -74.970838, 40.07622 ], [ -74.970839, 40.07622 ], [ -74.97084, 40.07622 ], [ -74.970942, 40.076143 ], [ -74.971055, 40.076043 ], [ -74.971172, 40.075941 ], [ -74.971262, 40.075867 ], [ -74.971263, 40.075866 ], [ -74.971349, 40.07576 ], [ -74.971349, 40.075759 ], [ -74.971349, 40.075758 ], [ -74.971383, 40.07568 ], [ -74.971416, 40.075607 ], [ -74.971416, 40.075606 ], [ -74.971416, 40.075605 ], [ -74.971416, 40.075604 ], [ -74.971399, 40.075512 ], [ -74.971398, 40.075512 ], [ -74.971398, 40.075511 ], [ -74.971351, 40.075414 ], [ -74.97129, 40.07528 ], [ -74.97129, 40.075279 ], [ -74.971233, 40.075188 ], [ -74.971237, 40.075088 ], [ -74.971237, 40.075087 ], [ -74.97125, 40.074988 ], [ -74.97125, 40.074987 ], [ -74.97128, 40.074863 ], [ -74.97132, 40.074768 ], [ -74.971367, 40.074669 ], [ -74.971453, 40.074605 ], [ -74.971454, 40.074605 ], [ -74.971591, 40.074562 ], [ -74.971592, 40.074561 ], [ -74.971593, 40.074561 ], [ -74.971594, 40.074561 ], [ -74.971594, 40.07456 ], [ -74.971595, 40.074559 ], [ -74.971595, 40.074558 ], [ -74.971596, 40.074558 ], [ -74.971623, 40.074474 ], [ -74.971623, 40.074473 ], [ -74.971623, 40.074472 ], [ -74.971617, 40.074411 ], [ -74.971617, 40.07441 ], [ -74.971616, 40.074409 ], [ -74.971577, 40.074343 ], [ -74.971577, 40.074342 ], [ -74.971576, 40.074341 ], [ -74.971489, 40.074273 ], [ -74.971488, 40.074272 ], [ -74.971272, 40.074141 ], [ -74.971082, 40.074033 ], [ -74.971029, 40.073922 ], [ -74.971032, 40.073845 ], [ -74.971044, 40.073785 ], [ -74.971105, 40.073724 ], [ -74.971105, 40.073723 ], [ -74.971201, 40.073658 ], [ -74.971539, 40.07344 ], [ -74.971734, 40.073369 ], [ -74.971735, 40.073369 ], [ -74.971874, 40.073336 ], [ -74.972013, 40.073303 ], [ -74.972014, 40.073303 ], [ -74.972015, 40.073303 ], [ -74.972128, 40.073246 ], [ -74.972129, 40.073246 ], [ -74.97213, 40.073245 ], [ -74.97222, 40.073158 ], [ -74.97222, 40.073157 ], [ -74.972221, 40.073157 ], [ -74.972221, 40.073156 ], [ -74.972273, 40.073049 ], [ -74.972273, 40.073048 ], [ -74.972298, 40.072959 ], [ -74.972299, 40.072958 ], [ -74.972333, 40.072857 ], [ -74.972333, 40.072856 ], [ -74.972414, 40.072462 ], [ -74.972414, 40.072461 ], [ -74.972435, 40.072371 ], [ -74.972502, 40.072232 ], [ -74.972502, 40.072231 ], [ -74.972575, 40.072133 ], [ -74.972576, 40.072133 ], [ -74.972656, 40.072075 ], [ -74.972657, 40.072075 ], [ -74.972799, 40.072001 ], [ -74.972918, 40.071934 ], [ -74.973065, 40.071884 ], [ -74.973213, 40.071834 ], [ -74.973214, 40.071834 ], [ -74.973382, 40.071756 ], [ -74.973383, 40.071756 ], [ -74.973383, 40.071755 ], [ -74.973474, 40.071698 ], [ -74.973474, 40.071697 ], [ -74.973475, 40.071697 ], [ -74.97353, 40.071642 ], [ -74.97353, 40.071641 ], [ -74.973531, 40.071641 ], [ -74.973567, 40.071582 ], [ -74.973604, 40.071532 ], [ -74.973604, 40.071531 ], [ -74.973605, 40.07153 ], [ -74.973605, 40.071529 ], [ -74.973607, 40.071466 ], [ -74.973617, 40.0714 ], [ -74.973633, 40.071353 ], [ -74.973633, 40.071352 ], [ -74.973669, 40.071301 ], [ -74.97367, 40.071301 ], [ -74.973809, 40.071217 ], [ -74.973977, 40.071123 ], [ -74.974119, 40.071046 ], [ -74.97412, 40.071046 ], [ -74.97426, 40.071011 ], [ -74.974261, 40.071011 ], [ -74.974416, 40.07098 ], [ -74.974417, 40.07098 ], [ -74.974418, 40.07098 ], [ -74.974612, 40.070901 ], [ -74.974802, 40.070829 ], [ -74.974803, 40.070828 ], [ -74.974899, 40.070768 ], [ -74.9749, 40.070768 ], [ -74.9749, 40.070767 ], [ -74.974981, 40.070688 ], [ -74.974981, 40.070687 ], [ -74.974982, 40.070687 ], [ -74.97504, 40.070602 ], [ -74.97504, 40.070601 ], [ -74.975041, 40.0706 ], [ -74.975071, 40.070502 ], [ -74.975102, 40.070406 ], [ -74.975123, 40.070296 ], [ -74.975123, 40.070295 ], [ -74.975122, 40.070232 ], [ -74.975098, 40.07007 ], [ -74.975098, 40.070069 ], [ -74.975105, 40.069974 ], [ -74.975106, 40.069974 ], [ -74.975166, 40.069898 ], [ -74.97525, 40.069837 ], [ -74.975251, 40.069837 ], [ -74.975349, 40.069779 ], [ -74.97535, 40.069779 ], [ -74.975458, 40.069731 ], [ -74.975459, 40.069731 ], [ -74.975582, 40.069708 ], [ -74.975583, 40.069708 ], [ -74.975584, 40.069707 ], [ -74.975725, 40.069644 ], [ -74.975968, 40.069507 ], [ -74.976184, 40.069422 ], [ -74.976185, 40.069421 ], [ -74.976401, 40.069317 ], [ -74.976402, 40.069317 ], [ -74.976609, 40.069245 ], [ -74.97661, 40.069245 ], [ -74.976733, 40.069185 ], [ -74.976734, 40.069185 ], [ -74.976735, 40.069184 ], [ -74.976828, 40.069093 ], [ -74.976829, 40.069092 ], [ -74.976829, 40.069091 ], [ -74.976873, 40.068969 ], [ -74.976912, 40.06886 ], [ -74.977008, 40.068655 ], [ -74.977079, 40.06849 ], [ -74.977153, 40.068375 ], [ -74.977205, 40.068286 ], [ -74.977271, 40.068157 ], [ -74.977331, 40.068093 ], [ -74.977331, 40.068092 ], [ -74.97746, 40.06799 ], [ -74.977629, 40.067914 ], [ -74.977858, 40.067816 ], [ -74.977859, 40.067815 ], [ -74.97801, 40.067733 ], [ -74.97816, 40.067646 ], [ -74.978161, 40.067646 ], [ -74.978372, 40.067585 ], [ -74.978617, 40.067528 ], [ -74.978618, 40.067528 ], [ -74.978618, 40.067527 ], [ -74.978882, 40.06743 ], [ -74.978883, 40.06743 ], [ -74.979092, 40.067376 ], [ -74.979093, 40.067376 ], [ -74.979094, 40.067375 ], [ -74.979095, 40.067375 ], [ -74.979182, 40.067311 ], [ -74.979182, 40.06731 ], [ -74.979413, 40.067207 ], [ -74.979413, 40.067206 ], [ -74.979414, 40.067206 ], [ -74.979558, 40.067089 ], [ -74.979608, 40.067043 ], [ -74.979713, 40.066982 ], [ -74.979714, 40.066981 ], [ -74.979715, 40.066981 ], [ -74.97978, 40.066919 ], [ -74.979781, 40.066919 ], [ -74.979781, 40.066918 ], [ -74.979781, 40.066917 ], [ -74.979805, 40.066863 ], [ -74.979837, 40.066801 ], [ -74.979838, 40.0668 ], [ -74.979838, 40.066799 ], [ -74.979846, 40.066727 ], [ -74.979846, 40.066726 ], [ -74.97991, 40.066641 ], [ -74.980049, 40.066532 ], [ -74.980167, 40.066444 ], [ -74.98027, 40.06637 ], [ -74.980379, 40.066326 ], [ -74.980514, 40.066296 ], [ -74.980674, 40.066263 ], [ -74.980675, 40.066263 ], [ -74.980676, 40.066263 ], [ -74.980677, 40.066263 ], [ -74.980677, 40.066262 ], [ -74.980678, 40.066262 ], [ -74.980754, 40.066198 ], [ -74.980754, 40.066197 ], [ -74.980859, 40.066084 ], [ -74.980859, 40.066083 ], [ -74.980923, 40.065992 ], [ -74.980924, 40.065991 ], [ -74.980971, 40.065871 ], [ -74.980971, 40.06587 ], [ -74.980965, 40.065801 ], [ -74.980965, 40.0658 ], [ -74.980948, 40.065702 ], [ -74.980922, 40.065587 ], [ -74.980922, 40.065586 ], [ -74.980945, 40.065536 ], [ -74.980946, 40.065536 ], [ -74.981026, 40.065473 ], [ -74.981027, 40.065472 ], [ -74.981085, 40.0654 ], [ -74.981085, 40.065399 ], [ -74.981124, 40.065328 ], [ -74.981124, 40.065327 ], [ -74.981157, 40.065244 ], [ -74.981158, 40.065243 ], [ -74.981158, 40.065242 ], [ -74.981152, 40.065164 ], [ -74.981152, 40.065163 ], [ -74.981102, 40.065043 ], [ -74.981053, 40.064911 ], [ -74.980968, 40.064677 ], [ -74.980927, 40.064509 ], [ -74.980927, 40.064508 ], [ -74.980908, 40.064228 ], [ -74.980914, 40.064065 ], [ -74.980939, 40.063912 ], [ -74.980939, 40.063911 ], [ -74.980983, 40.063787 ], [ -74.980983, 40.063786 ], [ -74.981022, 40.063585 ], [ -74.981041, 40.063428 ], [ -74.981085, 40.06331 ], [ -74.981085, 40.063309 ], [ -74.981098, 40.063203 ], [ -74.981098, 40.063202 ], [ -74.981093, 40.06311 ], [ -74.981093, 40.063109 ], [ -74.981093, 40.063108 ], [ -74.981018, 40.062938 ], [ -74.981018, 40.062937 ], [ -74.981017, 40.062937 ], [ -74.980935, 40.062825 ], [ -74.980866, 40.062703 ], [ -74.980804, 40.062602 ], [ -74.980808, 40.062511 ], [ -74.980808, 40.06251 ], [ -74.98083, 40.062407 ], [ -74.98083, 40.062406 ], [ -74.980869, 40.0623 ], [ -74.980912, 40.062188 ], [ -74.980912, 40.062187 ], [ -74.980913, 40.062187 ], [ -74.980986, 40.062088 ], [ -74.980986, 40.062087 ], [ -74.981009, 40.061974 ], [ -74.981031, 40.061868 ], [ -74.981031, 40.061867 ], [ -74.981016, 40.061788 ], [ -74.981002, 40.061697 ], [ -74.981002, 40.061696 ], [ -74.980954, 40.061598 ], [ -74.98091, 40.061418 ], [ -74.98092, 40.061312 ], [ -74.98092, 40.061311 ], [ -74.980936, 40.061205 ], [ -74.980937, 40.061205 ], [ -74.980944, 40.061102 ], [ -74.980927, 40.060992 ], [ -74.980917, 40.060889 ], [ -74.980917, 40.060888 ], [ -74.980887, 40.0608 ], [ -74.980845, 40.060693 ], [ -74.980845, 40.060692 ], [ -74.980844, 40.060691 ], [ -74.98077, 40.060615 ], [ -74.980769, 40.060614 ], [ -74.980549, 40.060462 ], [ -74.980482, 40.060392 ], [ -74.980425, 40.06029 ], [ -74.980434, 40.060197 ], [ -74.980485, 40.060089 ], [ -74.980485, 40.060088 ], [ -74.980557, 40.060033 ], [ -74.980557, 40.060032 ], [ -74.980668, 40.059995 ], [ -74.980817, 40.059972 ], [ -74.980817, 40.059971 ], [ -74.980934, 40.059946 ], [ -74.980935, 40.059945 ], [ -74.981089, 40.059899 ], [ -74.98109, 40.059899 ], [ -74.98109, 40.059898 ], [ -74.981091, 40.059898 ], [ -74.981211, 40.059825 ], [ -74.981211, 40.059824 ], [ -74.981312, 40.059745 ], [ -74.981313, 40.059744 ], [ -74.981403, 40.059669 ], [ -74.981403, 40.059668 ], [ -74.981525, 40.059522 ], [ -74.981613, 40.059419 ], [ -74.98199, 40.058984 ], [ -74.982105, 40.058853 ], [ -74.982187, 40.058758 ], [ -74.982299, 40.058694 ], [ -74.982477, 40.058587 ], [ -74.98261, 40.058508 ], [ -74.982755, 40.058456 ], [ -74.982756, 40.058455 ], [ -74.982959, 40.058363 ], [ -74.98296, 40.058363 ], [ -74.983329, 40.058143 ], [ -74.983329, 40.058142 ], [ -74.983515, 40.058047 ], [ -74.983516, 40.058047 ], [ -74.983687, 40.058006 ], [ -74.983687, 40.058005 ], [ -74.983841, 40.057956 ], [ -74.983997, 40.057929 ], [ -74.983998, 40.057929 ], [ -74.984113, 40.057898 ], [ -74.984209, 40.05787 ], [ -74.984288, 40.057846 ], [ -74.984289, 40.057845 ], [ -74.984372, 40.057794 ], [ -74.984373, 40.057794 ], [ -74.98454, 40.057644 ], [ -74.984914, 40.057401 ], [ -74.985066, 40.0573 ], [ -74.985067, 40.0573 ], [ -74.985067, 40.057299 ], [ -74.985152, 40.057208 ], [ -74.985152, 40.057207 ], [ -74.985153, 40.057207 ], [ -74.985153, 40.057206 ], [ -74.985187, 40.057115 ], [ -74.985187, 40.057114 ], [ -74.985184, 40.05702 ], [ -74.985184, 40.057019 ], [ -74.985169, 40.056951 ], [ -74.985169, 40.05695 ], [ -74.985168, 40.056949 ], [ -74.985123, 40.056892 ], [ -74.985122, 40.056892 ], [ -74.984951, 40.056725 ], [ -74.984951, 40.056724 ], [ -74.984822, 40.056612 ], [ -74.984821, 40.056611 ], [ -74.984695, 40.056518 ], [ -74.98459, 40.056412 ], [ -74.984495, 40.056299 ], [ -74.984494, 40.056299 ], [ -74.984412, 40.056215 ], [ -74.984412, 40.056214 ], [ -74.98434, 40.05607 ], [ -74.984339, 40.05607 ], [ -74.984297, 40.055943 ], [ -74.984296, 40.055942 ], [ -74.984271, 40.055812 ], [ -74.984271, 40.055811 ], [ -74.984265, 40.055657 ], [ -74.984261, 40.055537 ], [ -74.984261, 40.055536 ], [ -74.984249, 40.055405 ], [ -74.984249, 40.055404 ], [ -74.984254, 40.055287 ], [ -74.984254, 40.055286 ], [ -74.984245, 40.055187 ], [ -74.984245, 40.055186 ], [ -74.984245, 40.055185 ], [ -74.984244, 40.055185 ], [ -74.984211, 40.055136 ], [ -74.98418, 40.05508 ], [ -74.98418, 40.055079 ], [ -74.984179, 40.055078 ], [ -74.984067, 40.055001 ], [ -74.984067, 40.055 ], [ -74.98392, 40.054913 ], [ -74.983798, 40.05484 ], [ -74.983738, 40.054745 ], [ -74.98368, 40.054624 ], [ -74.983622, 40.054501 ], [ -74.983621, 40.0545 ], [ -74.98362, 40.054499 ], [ -74.983619, 40.054498 ], [ -74.983478, 40.054412 ], [ -74.982794, 40.053928 ], [ -74.982793, 40.053927 ], [ -74.982542, 40.053827 ], [ -74.982541, 40.053827 ], [ -74.98254, 40.053827 ], [ -74.982539, 40.053827 ], [ -74.982323, 40.053808 ], [ -74.982122, 40.053756 ], [ -74.982121, 40.053756 ], [ -74.981829, 40.053702 ], [ -74.981593, 40.053634 ], [ -74.981592, 40.053634 ], [ -74.981592, 40.053633 ], [ -74.981394, 40.053603 ], [ -74.981393, 40.053603 ], [ -74.981208, 40.053604 ], [ -74.981207, 40.053604 ], [ -74.981014, 40.053599 ], [ -74.981013, 40.053599 ], [ -74.981012, 40.053599 ], [ -74.980833, 40.053622 ], [ -74.980645, 40.053637 ], [ -74.980493, 40.053647 ], [ -74.980289, 40.053649 ], [ -74.980089, 40.053641 ], [ -74.979839, 40.053609 ], [ -74.979838, 40.053609 ], [ -74.97966, 40.053525 ], [ -74.979659, 40.053525 ], [ -74.979512, 40.05341 ], [ -74.979382, 40.053288 ], [ -74.979381, 40.053288 ], [ -74.979252, 40.053177 ], [ -74.979144, 40.053079 ], [ -74.979143, 40.053079 ], [ -74.979009, 40.052962 ], [ -74.979009, 40.052961 ], [ -74.978866, 40.052839 ], [ -74.978865, 40.052838 ], [ -74.978705, 40.052737 ], [ -74.978557, 40.052644 ], [ -74.978404, 40.052543 ], [ -74.978274, 40.052454 ], [ -74.978274, 40.052453 ], [ -74.973984, 40.048605 ], [ -74.97785, 40.045382 ], [ -74.980781, 40.043554 ], [ -74.980782, 40.043553 ], [ -74.983188, 40.041415 ], [ -74.983188, 40.041414 ], [ -74.987644, 40.038196 ], [ -74.990987, 40.035782 ], [ -74.994095, 40.033422 ], [ -74.997118, 40.031298 ], [ -74.997118, 40.031297 ], [ -74.998167, 40.030522 ], [ -75.00062, 40.028711 ], [ -75.00062, 40.02871 ], [ -75.003856, 40.027006 ], [ -75.003857, 40.027005 ], [ -75.010372, 40.022501 ], [ -75.010373, 40.0225 ], [ -75.011334, 40.021765 ], [ -75.01324, 40.020313 ], [ -75.016673, 40.019444 ], [ -75.016674, 40.019444 ], [ -75.019648, 40.018447 ], [ -75.019649, 40.018447 ], [ -75.022649, 40.018034 ], [ -75.024075, 40.017838 ], [ -75.024076, 40.017838 ], [ -75.027502, 40.01709 ], [ -75.027503, 40.017089 ], [ -75.030585, 40.016203 ], [ -75.030941, 40.016101 ], [ -75.034219, 40.015229 ], [ -75.038289, 40.01384 ], [ -75.04127, 40.012723 ], [ -75.04488, 40.011206 ], [ -75.044881, 40.011205 ], [ -75.047094, 40.009951 ], [ -75.047095, 40.009951 ], [ -75.047095, 40.00995 ], [ -75.047096, 40.00995 ], [ -75.049905, 40.007226 ], [ -75.053406, 40.004578 ], [ -75.053406, 40.004577 ], [ -75.053407, 40.004577 ], [ -75.053407, 40.004576 ], [ -75.056704, 39.999342 ], [ -75.058092, 39.997416 ], [ -75.058092, 39.997415 ], [ -75.058092, 39.997414 ], [ -75.058093, 39.997414 ], [ -75.058504, 39.994811 ], [ -75.058505, 39.994811 ], [ -75.059949, 39.99146 ], [ -75.05995, 39.99146 ], [ -75.062067, 39.98866 ], [ -75.064177, 39.986038 ], [ -75.064177, 39.986037 ], [ -75.067136, 39.983435 ], [ -75.067137, 39.983434 ], [ -75.067687, 39.983044 ], [ -75.067688, 39.983044 ], [ -75.068133, 39.983271 ], [ -75.068134, 39.983271 ], [ -75.070722, 39.985123 ], [ -75.070781, 39.985165 ], [ -75.071231, 39.985487 ], [ -75.071446, 39.985637 ], [ -75.071794, 39.985878 ], [ -75.071828, 39.985905 ], [ -75.072327, 39.986295 ], [ -75.072826, 39.986684 ], [ -75.073825, 39.987464 ], [ -75.073881, 39.987503 ], [ -75.073962, 39.987561 ], [ -75.075275, 39.988593 ], [ -75.075368, 39.988665 ], [ -75.076406, 39.98948 ], [ -75.07682, 39.989805 ], [ -75.077445, 39.990296 ], [ -75.078234, 39.990916 ], [ -75.078235, 39.990916 ], [ -75.078265, 39.990946 ], [ -75.078462, 39.991126 ], [ -75.078848, 39.991483 ], [ -75.079003, 39.991628 ], [ -75.079382, 39.99202 ], [ -75.079397, 39.992035 ], [ -75.079543, 39.9922 ], [ -75.080041, 39.992772 ], [ -75.080422, 39.993206 ], [ -75.080703, 39.993524 ], [ -75.080845, 39.99367 ], [ -75.081817, 39.99478 ], [ -75.081848, 39.994825 ], [ -75.081918, 39.99494 ], [ -75.081919, 39.994941 ], [ -75.082271, 39.995288 ], [ -75.082341, 39.995363 ], [ -75.082341, 39.995364 ], [ -75.082394, 39.995411 ], [ -75.082394, 39.995412 ], [ -75.082487, 39.995538 ], [ -75.082488, 39.995539 ], [ -75.082745, 39.995852 ], [ -75.083099, 39.996204 ], [ -75.083219, 39.996313 ], [ -75.083219, 39.996314 ], [ -75.083269, 39.996364 ], [ -75.083813, 39.996877 ], [ -75.083916, 39.996969 ], [ -75.083917, 39.99697 ], [ -75.083964, 39.997004 ], [ -75.084219, 39.997187 ], [ -75.084332, 39.997252 ], [ -75.084332, 39.997253 ], [ -75.085181, 39.997865 ], [ -75.085182, 39.997866 ], [ -75.085209, 39.997883 ], [ -75.085287, 39.997942 ], [ -75.085907, 39.998448 ], [ -75.086055, 39.998583 ], [ -75.086278, 39.998847 ], [ -75.086469, 39.999069 ], [ -75.08647, 39.99907 ], [ -75.086595, 39.999188 ], [ -75.086801, 39.999398 ], [ -75.086801, 39.999399 ], [ -75.086941, 39.999566 ], [ -75.086941, 39.999567 ], [ -75.08714, 39.999825 ], [ -75.087204, 39.999924 ], [ -75.087224, 39.999955 ], [ -75.087254, 40.000004 ], [ -75.087317, 40.0001 ], [ -75.087369, 40.000179 ], [ -75.087429, 40.000365 ], [ -75.087492, 40.00063 ], [ -75.087528, 40.001086 ], [ -75.087528, 40.001087 ], [ -75.087528, 40.001272 ], [ -75.08757, 40.001658 ], [ -75.08757, 40.001659 ], [ -75.087609, 40.001846 ], [ -75.087646, 40.001982 ], [ -75.08769, 40.002104 ], [ -75.087706, 40.002151 ], [ -75.087767, 40.002311 ], [ -75.087767, 40.002312 ], [ -75.087963, 40.002725 ], [ -75.087964, 40.002726 ], [ -75.08807, 40.002881 ], [ -75.08807, 40.002882 ], [ -75.08811, 40.002948 ], [ -75.08811, 40.002949 ], [ -75.088197, 40.003064 ], [ -75.088249, 40.003134 ], [ -75.08825, 40.003135 ], [ -75.088382, 40.003253 ], [ -75.088581, 40.003417 ], [ -75.088581, 40.003418 ], [ -75.088582, 40.003418 ], [ -75.088598, 40.003428 ], [ -75.088599, 40.003428 ], [ -75.089069, 40.003717 ], [ -75.089069, 40.003718 ], [ -75.08907, 40.003718 ], [ -75.089176, 40.003764 ], [ -75.08925, 40.003796 ], [ -75.089418, 40.003871 ], [ -75.089419, 40.003871 ], [ -75.090032, 40.004122 ], [ -75.090272, 40.004225 ], [ -75.090273, 40.004225 ], [ -75.090364, 40.004256 ], [ -75.091405, 40.004608 ], [ -75.091406, 40.004608 ], [ -75.091486, 40.004646 ], [ -75.091698, 40.004742 ], [ -75.091699, 40.004742 ], [ -75.091699, 40.004743 ], [ -75.091924, 40.004903 ], [ -75.091994, 40.004954 ], [ -75.092182, 40.005111 ], [ -75.092441, 40.00535 ], [ -75.092578, 40.005499 ], [ -75.092704, 40.005616 ], [ -75.092759, 40.005668 ], [ -75.092798, 40.005719 ], [ -75.092798, 40.00572 ], [ -75.092814, 40.005753 ], [ -75.092858, 40.005877 ], [ -75.092858, 40.005878 ], [ -75.092882, 40.006081 ], [ -75.092881, 40.006159 ], [ -75.092881, 40.00616 ], [ -75.092866, 40.006224 ], [ -75.092832, 40.006298 ], [ -75.092832, 40.006299 ], [ -75.092819, 40.006313 ], [ -75.092801, 40.006336 ], [ -75.0928, 40.006336 ], [ -75.092782, 40.00636 ], [ -75.092549, 40.006608 ], [ -75.092276, 40.006872 ], [ -75.092254, 40.006894 ], [ -75.092254, 40.006895 ], [ -75.092253, 40.006895 ], [ -75.092229, 40.006932 ], [ -75.092229, 40.006933 ], [ -75.092193, 40.006993 ], [ -75.092193, 40.006994 ], [ -75.09216, 40.007061 ], [ -75.092159, 40.007062 ], [ -75.092158, 40.007068 ], [ -75.092141, 40.007135 ], [ -75.092117, 40.007228 ], [ -75.092113, 40.007291 ], [ -75.09212, 40.007339 ], [ -75.09212, 40.00734 ], [ -75.092147, 40.007414 ], [ -75.092148, 40.007414 ], [ -75.092207, 40.00753 ], [ -75.092207, 40.007531 ], [ -75.092208, 40.007531 ], [ -75.092224, 40.007553 ], [ -75.092501, 40.007874 ], [ -75.092626, 40.007999 ], [ -75.092644, 40.008017 ], [ -75.092742, 40.008129 ], [ -75.092743, 40.008129 ], [ -75.092743, 40.00813 ], [ -75.092744, 40.00813 ], [ -75.092943, 40.008256 ], [ -75.092953, 40.008263 ], [ -75.092954, 40.008264 ], [ -75.093119, 40.008363 ], [ -75.093595, 40.008656 ], [ -75.094612, 40.009277 ], [ -75.094655, 40.009309 ], [ -75.094656, 40.009309 ], [ -75.094695, 40.009345 ], [ -75.094731, 40.009381 ], [ -75.094764, 40.009418 ], [ -75.094809, 40.00948 ], [ -75.09481, 40.009481 ], [ -75.094828, 40.009512 ], [ -75.094828, 40.009513 ], [ -75.094846, 40.009547 ], [ -75.094901, 40.009665 ], [ -75.094961, 40.009803 ], [ -75.094999, 40.009898 ], [ -75.095018, 40.009959 ], [ -75.095028, 40.010002 ], [ -75.09504, 40.010073 ], [ -75.09504, 40.010074 ], [ -75.09505, 40.010171 ], [ -75.095051, 40.010243 ], [ -75.095047, 40.010297 ], [ -75.095047, 40.010298 ], [ -75.095042, 40.010338 ], [ -75.095042, 40.010339 ], [ -75.095032, 40.010371 ], [ -75.09502, 40.010405 ], [ -75.09502, 40.010406 ], [ -75.094991, 40.010459 ], [ -75.094991, 40.01046 ], [ -75.094953, 40.010509 ], [ -75.094953, 40.01051 ], [ -75.094858, 40.010668 ], [ -75.094616, 40.011014 ], [ -75.09429, 40.011499 ], [ -75.093709, 40.012361 ], [ -75.09365, 40.012461 ], [ -75.093536, 40.012651 ], [ -75.093535, 40.012652 ], [ -75.093491, 40.012789 ], [ -75.093491, 40.01279 ], [ -75.093466, 40.012963 ], [ -75.093466, 40.012964 ], [ -75.093466, 40.013005 ], [ -75.093472, 40.013175 ], [ -75.093509, 40.013329 ], [ -75.093509, 40.01333 ], [ -75.093551, 40.013436 ], [ -75.093551, 40.013437 ], [ -75.093599, 40.013529 ], [ -75.093599, 40.01353 ], [ -75.093706, 40.013727 ], [ -75.094126, 40.014405 ], [ -75.09433, 40.014705 ], [ -75.09433, 40.014706 ], [ -75.094454, 40.014856 ], [ -75.094455, 40.014857 ], [ -75.094628, 40.014996 ], [ -75.094628, 40.014997 ], [ -75.094665, 40.01503 ], [ -75.094666, 40.015031 ], [ -75.095073, 40.015307 ], [ -75.095073, 40.015308 ], [ -75.095434, 40.015525 ], [ -75.095683, 40.015673 ], [ -75.095684, 40.015673 ], [ -75.09597, 40.015825 ], [ -75.095971, 40.015825 ], [ -75.096177, 40.015912 ], [ -75.096178, 40.015912 ], [ -75.096179, 40.015913 ], [ -75.096439, 40.015967 ], [ -75.09644, 40.015967 ], [ -75.096441, 40.015967 ], [ -75.096717, 40.01599 ], [ -75.096718, 40.01599 ], [ -75.096919, 40.015996 ], [ -75.097149, 40.016001 ], [ -75.09715, 40.016001 ], [ -75.097412, 40.015996 ], [ -75.09764, 40.01602 ], [ -75.097893, 40.016084 ], [ -75.098131, 40.016194 ], [ -75.098162, 40.016209 ], [ -75.098163, 40.01621 ], [ -75.098377, 40.016286 ], [ -75.098378, 40.016286 ], [ -75.098588, 40.016336 ], [ -75.098589, 40.016336 ], [ -75.098794, 40.016361 ], [ -75.098795, 40.016362 ], [ -75.099012, 40.016352 ], [ -75.099013, 40.016351 ], [ -75.09917, 40.016335 ], [ -75.099171, 40.016335 ], [ -75.099206, 40.016335 ], [ -75.099207, 40.016335 ], [ -75.099324, 40.016324 ], [ -75.099325, 40.016324 ], [ -75.099422, 40.01631 ], [ -75.099497, 40.0163 ], [ -75.099571, 40.016289 ], [ -75.099709, 40.016265 ], [ -75.09971, 40.016264 ], [ -75.100016, 40.016171 ], [ -75.10026, 40.016099 ], [ -75.100261, 40.016099 ], [ -75.100613, 40.016037 ], [ -75.101022, 40.016018 ], [ -75.101023, 40.016018 ], [ -75.101397, 40.016032 ], [ -75.10157, 40.016041 ], [ -75.10183, 40.016039 ], [ -75.101831, 40.016039 ], [ -75.102008, 40.016021 ], [ -75.102058, 40.016015 ], [ -75.102091, 40.016012 ], [ -75.102559, 40.015961 ], [ -75.102758, 40.015968 ], [ -75.102759, 40.015968 ], [ -75.102773, 40.015967 ], [ -75.103006, 40.01599 ], [ -75.103006, 40.015991 ], [ -75.103223, 40.016043 ], [ -75.103224, 40.016044 ], [ -75.103763, 40.016125 ], [ -75.103764, 40.016125 ], [ -75.104114, 40.016151 ], [ -75.104277, 40.016165 ], [ -75.104278, 40.016165 ], [ -75.104456, 40.016169 ], [ -75.104688, 40.016182 ], [ -75.104976, 40.016197 ], [ -75.104977, 40.016197 ], [ -75.105287, 40.016259 ], [ -75.105435, 40.016285 ], [ -75.105436, 40.016285 ], [ -75.106077, 40.016361 ], [ -75.106078, 40.016361 ], [ -75.106256, 40.016389 ], [ -75.106257, 40.016389 ], [ -75.106493, 40.016409 ], [ -75.106494, 40.016409 ], [ -75.106693, 40.016453 ], [ -75.106694, 40.016453 ], [ -75.106883, 40.016529 ], [ -75.106884, 40.016529 ], [ -75.106972, 40.016594 ], [ -75.107079, 40.016682 ], [ -75.10708, 40.016682 ], [ -75.107339, 40.016883 ], [ -75.10734, 40.016883 ], [ -75.107409, 40.01698 ], [ -75.107482, 40.017158 ], [ -75.107536, 40.017336 ], [ -75.107534, 40.01753 ], [ -75.107481, 40.017707 ], [ -75.107384, 40.017935 ], [ -75.107384, 40.017936 ], [ -75.107292, 40.018069 ], [ -75.107291, 40.018069 ], [ -75.107157, 40.018212 ], [ -75.10713, 40.018228 ], [ -75.106855, 40.018379 ], [ -75.106854, 40.018379 ], [ -75.106413, 40.018532 ], [ -75.106412, 40.018533 ], [ -75.105998, 40.018697 ], [ -75.105997, 40.018697 ], [ -75.105997, 40.018698 ], [ -75.105897, 40.018762 ], [ -75.105896, 40.018762 ], [ -75.105786, 40.018824 ], [ -75.105785, 40.018824 ], [ -75.105784, 40.018825 ], [ -75.105768, 40.018842 ], [ -75.105716, 40.018901 ], [ -75.105709, 40.01891 ], [ -75.105708, 40.018911 ], [ -75.10563, 40.019035 ], [ -75.105577, 40.019115 ], [ -75.105503, 40.019199 ], [ -75.105502, 40.0192 ], [ -75.105453, 40.01923 ], [ -75.105342, 40.019281 ], [ -75.105262, 40.019324 ], [ -75.105188, 40.019351 ], [ -75.105188, 40.019352 ], [ -75.10515, 40.019359 ], [ -75.104873, 40.01937 ], [ -75.104872, 40.01937 ], [ -75.10454, 40.019349 ], [ -75.104539, 40.019349 ], [ -75.104452, 40.019346 ], [ -75.104252, 40.019355 ], [ -75.104251, 40.019355 ], [ -75.103986, 40.019397 ], [ -75.10387, 40.01942 ], [ -75.103869, 40.01942 ], [ -75.103868, 40.01942 ], [ -75.103795, 40.019451 ], [ -75.103794, 40.019451 ], [ -75.103794, 40.019452 ], [ -75.103793, 40.019452 ], [ -75.103732, 40.019507 ], [ -75.103731, 40.019508 ], [ -75.103684, 40.019588 ], [ -75.103684, 40.019589 ], [ -75.103683, 40.01959 ], [ -75.103628, 40.020065 ], [ -75.103627, 40.020065 ], [ -75.103598, 40.020194 ], [ -75.103597, 40.020194 ], [ -75.103574, 40.020326 ], [ -75.10349, 40.020523 ], [ -75.10349, 40.020524 ], [ -75.103429, 40.020678 ], [ -75.103429, 40.020679 ], [ -75.103428, 40.020679 ], [ -75.103411, 40.020806 ], [ -75.10336, 40.020893 ], [ -75.103359, 40.020893 ], [ -75.103332, 40.020917 ], [ -75.103244, 40.020946 ], [ -75.103243, 40.020946 ], [ -75.103243, 40.020947 ], [ -75.103242, 40.020947 ], [ -75.10317, 40.021003 ], [ -75.103169, 40.021004 ], [ -75.10315, 40.021024 ], [ -75.103149, 40.021025 ], [ -75.103149, 40.021026 ], [ -75.103141, 40.021041 ], [ -75.103116, 40.021098 ], [ -75.103116, 40.021099 ], [ -75.103115, 40.021165 ], [ -75.103115, 40.021166 ], [ -75.103148, 40.021284 ], [ -75.103148, 40.021285 ], [ -75.103249, 40.021524 ], [ -75.103249, 40.021525 ], [ -75.103273, 40.021585 ], [ -75.103274, 40.021586 ], [ -75.103326, 40.021699 ], [ -75.10345, 40.021923 ], [ -75.103555, 40.022156 ], [ -75.103555, 40.022157 ], [ -75.103647, 40.022325 ], [ -75.103684, 40.022406 ], [ -75.103685, 40.022407 ], [ -75.103751, 40.02248 ], [ -75.103751, 40.022481 ], [ -75.103752, 40.022481 ], [ -75.103897, 40.022583 ], [ -75.104008, 40.022683 ], [ -75.104141, 40.022845 ], [ -75.104141, 40.022846 ], [ -75.10417, 40.022915 ], [ -75.104198, 40.023013 ], [ -75.1042, 40.023099 ], [ -75.1042, 40.0231 ], [ -75.104218, 40.023183 ], [ -75.104219, 40.023184 ], [ -75.10423, 40.023208 ], [ -75.10423, 40.023209 ], [ -75.104263, 40.02326 ], [ -75.104264, 40.02326 ], [ -75.104264, 40.023261 ], [ -75.104422, 40.023402 ], [ -75.104423, 40.023403 ], [ -75.10445, 40.023435 ], [ -75.104477, 40.023465 ], [ -75.104478, 40.023466 ], [ -75.104508, 40.023492 ], [ -75.104509, 40.023493 ], [ -75.104541, 40.023518 ], [ -75.104542, 40.023518 ], [ -75.104576, 40.023539 ], [ -75.104611, 40.023559 ], [ -75.104612, 40.02356 ], [ -75.104652, 40.023575 ], [ -75.10469, 40.023591 ], [ -75.104691, 40.023592 ], [ -75.104754, 40.023609 ], [ -75.104778, 40.023614 ], [ -75.104779, 40.023614 ], [ -75.104803, 40.023616 ], [ -75.104804, 40.023616 ], [ -75.104834, 40.023617 ], [ -75.104871, 40.023616 ], [ -75.104872, 40.023616 ], [ -75.104896, 40.023613 ], [ -75.104897, 40.023613 ], [ -75.104897, 40.023612 ], [ -75.1049, 40.023611 ], [ -75.104927, 40.023602 ], [ -75.104928, 40.023602 ], [ -75.104956, 40.023591 ], [ -75.104957, 40.02359 ], [ -75.104983, 40.023576 ], [ -75.104984, 40.023576 ], [ -75.105008, 40.02356 ], [ -75.105029, 40.023545 ], [ -75.10503, 40.023544 ], [ -75.10505, 40.023522 ], [ -75.10505, 40.023521 ], [ -75.105107, 40.023444 ], [ -75.105144, 40.023392 ], [ -75.105145, 40.023392 ], [ -75.105202, 40.023301 ], [ -75.105236, 40.023251 ], [ -75.105304, 40.023148 ], [ -75.105332, 40.023109 ], [ -75.105366, 40.023069 ], [ -75.1054, 40.023035 ], [ -75.105422, 40.023017 ], [ -75.105422, 40.023016 ], [ -75.105436, 40.023009 ], [ -75.105436, 40.023008 ], [ -75.105453, 40.023001 ], [ -75.105509, 40.022983 ], [ -75.105588, 40.022963 ], [ -75.105649, 40.022953 ], [ -75.105721, 40.022946 ], [ -75.105778, 40.022945 ], [ -75.105839, 40.022946 ], [ -75.105897, 40.02295 ], [ -75.105898, 40.02295 ], [ -75.105954, 40.022959 ], [ -75.105955, 40.022959 ], [ -75.106071, 40.022987 ], [ -75.10637, 40.023148 ], [ -75.106555, 40.023252 ], [ -75.106556, 40.023253 ], [ -75.10663, 40.023288 ], [ -75.106631, 40.023289 ], [ -75.106632, 40.023289 ], [ -75.106766, 40.023329 ], [ -75.106767, 40.023329 ], [ -75.106768, 40.023329 ], [ -75.106873, 40.023339 ], [ -75.106874, 40.023339 ], [ -75.106875, 40.023339 ], [ -75.106928, 40.023331 ], [ -75.106929, 40.023331 ], [ -75.10693, 40.023331 ], [ -75.106931, 40.023331 ], [ -75.10696, 40.023317 ], [ -75.107014, 40.023295 ], [ -75.107015, 40.023295 ], [ -75.107175, 40.023205 ], [ -75.107176, 40.023205 ], [ -75.107692, 40.022909 ], [ -75.107693, 40.022909 ], [ -75.107886, 40.022793 ], [ -75.108109, 40.022661 ], [ -75.10811, 40.022661 ], [ -75.108487, 40.022409 ], [ -75.108641, 40.0223 ], [ -75.108642, 40.022299 ], [ -75.108689, 40.022273 ], [ -75.108781, 40.022241 ], [ -75.109159, 40.022165 ], [ -75.109175, 40.022161 ], [ -75.109176, 40.022161 ], [ -75.109251, 40.022152 ], [ -75.109315, 40.022152 ], [ -75.109437, 40.022148 ], [ -75.109515, 40.02216 ], [ -75.109639, 40.022182 ], [ -75.109948, 40.022255 ], [ -75.109949, 40.022256 ], [ -75.110073, 40.022276 ], [ -75.110467, 40.022344 ], [ -75.110611, 40.022387 ], [ -75.110612, 40.022387 ], [ -75.110612, 40.022388 ], [ -75.110765, 40.022471 ], [ -75.110766, 40.022471 ], [ -75.110852, 40.022553 ], [ -75.110852, 40.022554 ], [ -75.110853, 40.022556 ], [ -75.110854, 40.022557 ], [ -75.110936, 40.022635 ], [ -75.11098, 40.022779 ], [ -75.111, 40.02288 ], [ -75.110991, 40.022923 ], [ -75.110991, 40.022924 ], [ -75.111001, 40.022974 ], [ -75.111002, 40.022975 ], [ -75.111076, 40.023156 ], [ -75.111077, 40.023156 ], [ -75.111229, 40.0234 ], [ -75.11123, 40.0234 ], [ -75.111376, 40.023714 ], [ -75.111393, 40.023888 ], [ -75.111393, 40.023889 ], [ -75.111466, 40.024163 ], [ -75.111552, 40.024481 ], [ -75.111552, 40.024488 ], [ -75.111558, 40.024594 ], [ -75.111554, 40.02461 ], [ -75.111532, 40.024722 ], [ -75.111532, 40.024723 ], [ -75.111532, 40.024725 ], [ -75.111413, 40.025076 ], [ -75.111413, 40.025077 ], [ -75.111395, 40.025212 ], [ -75.111394, 40.025235 ], [ -75.111394, 40.025236 ], [ -75.111382, 40.025304 ], [ -75.111364, 40.025376 ], [ -75.111363, 40.025377 ], [ -75.111355, 40.02545 ], [ -75.111351, 40.025505 ], [ -75.111351, 40.025506 ], [ -75.111354, 40.025522 ], [ -75.111357, 40.025535 ], [ -75.111357, 40.025536 ], [ -75.111358, 40.025536 ], [ -75.111366, 40.025548 ], [ -75.111377, 40.025562 ], [ -75.111378, 40.025562 ], [ -75.11143, 40.025604 ], [ -75.111459, 40.025632 ], [ -75.111459, 40.025633 ], [ -75.111478, 40.025646 ], [ -75.111478, 40.025647 ], [ -75.111505, 40.025662 ], [ -75.111506, 40.025662 ], [ -75.111507, 40.025663 ], [ -75.111541, 40.025675 ], [ -75.111541, 40.025676 ], [ -75.111542, 40.025676 ], [ -75.111577, 40.025683 ], [ -75.111671, 40.025702 ], [ -75.111734, 40.025714 ], [ -75.111735, 40.025714 ], [ -75.111887, 40.025738 ], [ -75.111953, 40.025752 ], [ -75.112039, 40.025772 ], [ -75.112122, 40.025795 ], [ -75.112144, 40.025801 ], [ -75.112241, 40.02583 ], [ -75.112323, 40.025861 ], [ -75.112324, 40.025861 ], [ -75.112402, 40.025894 ], [ -75.112403, 40.025895 ], [ -75.112462, 40.025923 ], [ -75.112541, 40.025968 ], [ -75.112567, 40.025986 ], [ -75.112589, 40.026004 ], [ -75.112589, 40.026005 ], [ -75.112624, 40.02604 ], [ -75.112656, 40.026086 ], [ -75.112673, 40.026112 ], [ -75.112694, 40.026157 ], [ -75.112721, 40.026208 ], [ -75.112734, 40.02624 ], [ -75.112741, 40.026274 ], [ -75.112749, 40.02632 ], [ -75.112754, 40.026367 ], [ -75.112755, 40.026417 ], [ -75.112755, 40.026418 ], [ -75.112753, 40.02649 ], [ -75.112752, 40.026822 ], [ -75.112752, 40.026823 ], [ -75.112818, 40.027344 ], [ -75.112818, 40.027345 ], [ -75.112818, 40.02735 ], [ -75.112819, 40.027364 ], [ -75.112831, 40.027566 ], [ -75.11282, 40.0276 ], [ -75.112808, 40.027632 ], [ -75.112808, 40.027633 ], [ -75.112793, 40.027662 ], [ -75.112793, 40.027663 ], [ -75.112774, 40.027692 ], [ -75.11275, 40.02772 ], [ -75.112749, 40.027721 ], [ -75.11272, 40.02775 ], [ -75.112679, 40.027781 ], [ -75.112628, 40.027817 ], [ -75.112564, 40.027856 ], [ -75.112491, 40.02789 ], [ -75.112411, 40.027921 ], [ -75.112328, 40.027948 ], [ -75.112215, 40.027975 ], [ -75.112214, 40.027975 ], [ -75.112106, 40.028004 ], [ -75.112079, 40.028009 ], [ -75.112052, 40.028012 ], [ -75.112026, 40.028011 ], [ -75.112025, 40.028011 ], [ -75.111957, 40.028002 ], [ -75.111956, 40.028002 ], [ -75.111927, 40.028 ], [ -75.111926, 40.028 ], [ -75.111925, 40.028 ], [ -75.11188, 40.028004 ], [ -75.111879, 40.028004 ], [ -75.111818, 40.028014 ], [ -75.11179, 40.02802 ], [ -75.111789, 40.02802 ], [ -75.111761, 40.02803 ], [ -75.11176, 40.02803 ], [ -75.111732, 40.028042 ], [ -75.111731, 40.028042 ], [ -75.111701, 40.028057 ], [ -75.1117, 40.028058 ], [ -75.111639, 40.028093 ], [ -75.111638, 40.028093 ], [ -75.111549, 40.028154 ], [ -75.111548, 40.028155 ], [ -75.111466, 40.028254 ], [ -75.111156, 40.028646 ], [ -75.111156, 40.028647 ], [ -75.111133, 40.028688 ], [ -75.111133, 40.028689 ], [ -75.11103, 40.028857 ], [ -75.11103, 40.028858 ], [ -75.110981, 40.028977 ], [ -75.110981, 40.028978 ], [ -75.11098, 40.028978 ], [ -75.110961, 40.029124 ], [ -75.11096, 40.029124 ], [ -75.110915, 40.029278 ], [ -75.110915, 40.029279 ], [ -75.110898, 40.02955 ], [ -75.110896, 40.029583 ], [ -75.110896, 40.029584 ], [ -75.110896, 40.029585 ], [ -75.110931, 40.029696 ], [ -75.111058, 40.029973 ], [ -75.111058, 40.029974 ], [ -75.111061, 40.02999 ], [ -75.111093, 40.030123 ], [ -75.111126, 40.030328 ], [ -75.11113, 40.030358 ], [ -75.111136, 40.030713 ], [ -75.111136, 40.030953 ], [ -75.111112, 40.03116 ], [ -75.111094, 40.031334 ], [ -75.111023, 40.032009 ], [ -75.110912, 40.032407 ], [ -75.110911, 40.032408 ], [ -75.110894, 40.032531 ], [ -75.110842, 40.032862 ], [ -75.110793, 40.033014 ], [ -75.110793, 40.033015 ], [ -75.110759, 40.033212 ], [ -75.110759, 40.033213 ], [ -75.110765, 40.033415 ], [ -75.110768, 40.033474 ], [ -75.110793, 40.03365 ], [ -75.110825, 40.033807 ], [ -75.110825, 40.033808 ], [ -75.110918, 40.034022 ], [ -75.110919, 40.034023 ], [ -75.111037, 40.034176 ], [ -75.111038, 40.034177 ], [ -75.111198, 40.034307 ], [ -75.111198, 40.034308 ], [ -75.111199, 40.034308 ], [ -75.111289, 40.034356 ], [ -75.11129, 40.034357 ], [ -75.111739, 40.034731 ], [ -75.111945, 40.034901 ], [ -75.111945, 40.034902 ], [ -75.112039, 40.035022 ], [ -75.112048, 40.035056 ], [ -75.112048, 40.035057 ], [ -75.112097, 40.035186 ], [ -75.112097, 40.035187 ], [ -75.112106, 40.035219 ], [ -75.112106, 40.03522 ], [ -75.112253, 40.035568 ], [ -75.112282, 40.035626 ], [ -75.112359, 40.035781 ], [ -75.112359, 40.035782 ], [ -75.11236, 40.035782 ], [ -75.112457, 40.035892 ], [ -75.112493, 40.03593 ], [ -75.112507, 40.035944 ], [ -75.112622, 40.036058 ], [ -75.112651, 40.036086 ], [ -75.112687, 40.036122 ], [ -75.112792, 40.036227 ], [ -75.112793, 40.036227 ], [ -75.112951, 40.036361 ], [ -75.112952, 40.036361 ], [ -75.113078, 40.036449 ], [ -75.113129, 40.036485 ], [ -75.113257, 40.036574 ], [ -75.113258, 40.036574 ], [ -75.113291, 40.036595 ], [ -75.11332, 40.036627 ], [ -75.11332, 40.036628 ], [ -75.113404, 40.036702 ], [ -75.113405, 40.036702 ], [ -75.113586, 40.036939 ], [ -75.113642, 40.037022 ], [ -75.113787, 40.037241 ], [ -75.113887, 40.037378 ], [ -75.113932, 40.037527 ] ] ] } },
{ "type": "Feature", "properties": { "division": "Northwest", "districts": "5, 14, 35, 39" }, "geometry": { "type": "Polygon", "coordinates": [ [ [ -75.26387, 40.054559 ], [ -75.24346, 40.073345 ], [ -75.243289, 40.073504 ], [ -75.243069, 40.073714 ], [ -75.242117, 40.074655 ], [ -75.233167, 40.083496 ], [ -75.223589, 40.092954 ], [ -75.223588, 40.092954 ], [ -75.219635, 40.09068 ], [ -75.216791, 40.089044 ], [ -75.214132, 40.087514 ], [ -75.213754, 40.0873 ], [ -75.210355, 40.085324 ], [ -75.210354, 40.085323 ], [ -75.209974, 40.085178 ], [ -75.20978, 40.085098 ], [ -75.209638, 40.085031 ], [ -75.209484, 40.084951 ], [ -75.209286, 40.084842 ], [ -75.209156, 40.084763 ], [ -75.208913, 40.084583 ], [ -75.208437, 40.084207 ], [ -75.206325, 40.08298 ], [ -75.206325, 40.082979 ], [ -75.206296, 40.082961 ], [ -75.204147, 40.081731 ], [ -75.202675, 40.080888 ], [ -75.200454, 40.079616 ], [ -75.196435, 40.077313 ], [ -75.196069, 40.077104 ], [ -75.195006, 40.076497 ], [ -75.195005, 40.076497 ], [ -75.190834, 40.074124 ], [ -75.189877, 40.073578 ], [ -75.189684, 40.07347 ], [ -75.189683, 40.07347 ], [ -75.189682, 40.07347 ], [ -75.189681, 40.073469 ], [ -75.18968, 40.073469 ], [ -75.189679, 40.073469 ], [ -75.189679, 40.07347 ], [ -75.189678, 40.07347 ], [ -75.189677, 40.07347 ], [ -75.189676, 40.07347 ], [ -75.189676, 40.073471 ], [ -75.189675, 40.073471 ], [ -75.189616, 40.073522 ], [ -75.188484, 40.072882 ], [ -75.188483, 40.072882 ], [ -75.188482, 40.072882 ], [ -75.188482, 40.072881 ], [ -75.188481, 40.072881 ], [ -75.18848, 40.072881 ], [ -75.188479, 40.072881 ], [ -75.188478, 40.072881 ], [ -75.188478, 40.072882 ], [ -75.188477, 40.072882 ], [ -75.188476, 40.072882 ], [ -75.188475, 40.072883 ], [ -75.188474, 40.072883 ], [ -75.182301, 40.078929 ], [ -75.179346, 40.081851 ], [ -75.177146, 40.084053 ], [ -75.176511, 40.084701 ], [ -75.17651, 40.084701 ], [ -75.17644, 40.084661 ], [ -75.175928, 40.084364 ], [ -75.175874, 40.084332 ], [ -75.175346, 40.08402 ], [ -75.174786, 40.08369 ], [ -75.17416, 40.083319 ], [ -75.173575, 40.082974 ], [ -75.172938, 40.082597 ], [ -75.171714, 40.081872 ], [ -75.169935, 40.080819 ], [ -75.168269, 40.079834 ], [ -75.167662, 40.079475 ], [ -75.164091, 40.077362 ], [ -75.16409, 40.077361 ], [ -75.163408, 40.07698 ], [ -75.163408, 40.076979 ], [ -75.163394, 40.076972 ], [ -75.159123, 40.074608 ], [ -75.158385, 40.07419 ], [ -75.155836, 40.072742 ], [ -75.154697, 40.072094 ], [ -75.154078, 40.071741 ], [ -75.153334, 40.071317 ], [ -75.152759, 40.07099 ], [ -75.152187, 40.070665 ], [ -75.15159, 40.070326 ], [ -75.150726, 40.069833 ], [ -75.150042, 40.069444 ], [ -75.148356, 40.068485 ], [ -75.147679, 40.068098 ], [ -75.146623, 40.067496 ], [ -75.145222, 40.066699 ], [ -75.144556, 40.06632 ], [ -75.143945, 40.065973 ], [ -75.140904, 40.06424 ], [ -75.140869, 40.06422 ], [ -75.139466, 40.063422 ], [ -75.139417, 40.063395 ], [ -75.136839, 40.061981 ], [ -75.133071, 40.059655 ], [ -75.125357, 40.05502 ], [ -75.125357, 40.055019 ], [ -75.122124, 40.053169 ], [ -75.120808, 40.052422 ], [ -75.119991, 40.05196 ], [ -75.118566, 40.05115 ], [ -75.117063, 40.050296 ], [ -75.117063, 40.050295 ], [ -75.117049, 40.050288 ], [ -75.11451, 40.048816 ], [ -75.112366, 40.047573 ], [ -75.112058, 40.047395 ], [ -75.111081, 40.046832 ], [ -75.111073, 40.046827 ], [ -75.111178, 40.046738 ], [ -75.111179, 40.046738 ], [ -75.111179, 40.046737 ], [ -75.11118, 40.046737 ], [ -75.11118, 40.046736 ], [ -75.111197, 40.046692 ], [ -75.111203, 40.046675 ], [ -75.111213, 40.046648 ], [ -75.111213, 40.046647 ], [ -75.111216, 40.046632 ], [ -75.111274, 40.046367 ], [ -75.111286, 40.046254 ], [ -75.111286, 40.046253 ], [ -75.111286, 40.046248 ], [ -75.111281, 40.046102 ], [ -75.11128, 40.046043 ], [ -75.111276, 40.045959 ], [ -75.111274, 40.045878 ], [ -75.111273, 40.045852 ], [ -75.111268, 40.045607 ], [ -75.111268, 40.045606 ], [ -75.111234, 40.045297 ], [ -75.11123, 40.045269 ], [ -75.111218, 40.045187 ], [ -75.111218, 40.045186 ], [ -75.11117, 40.044966 ], [ -75.111167, 40.04495 ], [ -75.111152, 40.044879 ], [ -75.111136, 40.044818 ], [ -75.111094, 40.044676 ], [ -75.111094, 40.044675 ], [ -75.111108, 40.044499 ], [ -75.111135, 40.044427 ], [ -75.111136, 40.044426 ], [ -75.1112, 40.044337 ], [ -75.111264, 40.044283 ], [ -75.111338, 40.044218 ], [ -75.111789, 40.043919 ], [ -75.11179, 40.043918 ], [ -75.111953, 40.043788 ], [ -75.111954, 40.043787 ], [ -75.112128, 40.043608 ], [ -75.112129, 40.043607 ], [ -75.112221, 40.043467 ], [ -75.112222, 40.043467 ], [ -75.112349, 40.043258 ], [ -75.112358, 40.043244 ], [ -75.112359, 40.043243 ], [ -75.112423, 40.043054 ], [ -75.112466, 40.042956 ], [ -75.112467, 40.042956 ], [ -75.112612, 40.042515 ], [ -75.112628, 40.042489 ], [ -75.112656, 40.042442 ], [ -75.112656, 40.042441 ], [ -75.112715, 40.042218 ], [ -75.112723, 40.042197 ], [ -75.112749, 40.042164 ], [ -75.112749, 40.042163 ], [ -75.112809, 40.0421 ], [ -75.112926, 40.041991 ], [ -75.112926, 40.04199 ], [ -75.112968, 40.041964 ], [ -75.112995, 40.041945 ], [ -75.113038, 40.041913 ], [ -75.113216, 40.041768 ], [ -75.113217, 40.041767 ], [ -75.113272, 40.041709 ], [ -75.113273, 40.041709 ], [ -75.113286, 40.041694 ], [ -75.11334, 40.041631 ], [ -75.113426, 40.041533 ], [ -75.113426, 40.041532 ], [ -75.113572, 40.041319 ], [ -75.113613, 40.041254 ], [ -75.113614, 40.041253 ], [ -75.113753, 40.040966 ], [ -75.113776, 40.040922 ], [ -75.113815, 40.040851 ], [ -75.113815, 40.04085 ], [ -75.113823, 40.040836 ], [ -75.11389, 40.040723 ], [ -75.113918, 40.04067 ], [ -75.113945, 40.040624 ], [ -75.113959, 40.040603 ], [ -75.113959, 40.040602 ], [ -75.113989, 40.04055 ], [ -75.114052, 40.040462 ], [ -75.11421, 40.040242 ], [ -75.11434, 40.040107 ], [ -75.114341, 40.040107 ], [ -75.11443, 40.040007 ], [ -75.11443, 40.040006 ], [ -75.114477, 40.03994 ], [ -75.114478, 40.03994 ], [ -75.114501, 40.039895 ], [ -75.114516, 40.039863 ], [ -75.114516, 40.039862 ], [ -75.114539, 40.039783 ], [ -75.114539, 40.039782 ], [ -75.114543, 40.039717 ], [ -75.114543, 40.039716 ], [ -75.114517, 40.039557 ], [ -75.114517, 40.039556 ], [ -75.114503, 40.039514 ], [ -75.114449, 40.039347 ], [ -75.114449, 40.039346 ], [ -75.114381, 40.039195 ], [ -75.114324, 40.039103 ], [ -75.114269, 40.038963 ], [ -75.114235, 40.038872 ], [ -75.114243, 40.03879 ], [ -75.114243, 40.038789 ], [ -75.114242, 40.038726 ], [ -75.114242, 40.038725 ], [ -75.114242, 40.038724 ], [ -75.11422, 40.03866 ], [ -75.114168, 40.03853 ], [ -75.114121, 40.038227 ], [ -75.11412, 40.038226 ], [ -75.114068, 40.038073 ], [ -75.114018, 40.03793 ], [ -75.113991, 40.037779 ], [ -75.113989, 40.037759 ], [ -75.113978, 40.037702 ], [ -75.113978, 40.037701 ], [ -75.113974, 40.037681 ], [ -75.113941, 40.037565 ], [ -75.113932, 40.037527 ], [ -75.113888, 40.037379 ], [ -75.113887, 40.037378 ], [ -75.113887, 40.037377 ], [ -75.113787, 40.037241 ], [ -75.113642, 40.037022 ], [ -75.113587, 40.036939 ], [ -75.113586, 40.036938 ], [ -75.113405, 40.036703 ], [ -75.113404, 40.036702 ], [ -75.11332, 40.036628 ], [ -75.113291, 40.036596 ], [ -75.11329, 40.036595 ], [ -75.113258, 40.036574 ], [ -75.113129, 40.036485 ], [ -75.113078, 40.036449 ], [ -75.112952, 40.036361 ], [ -75.112951, 40.036361 ], [ -75.112792, 40.036227 ], [ -75.112687, 40.036122 ], [ -75.112687, 40.036121 ], [ -75.112651, 40.036086 ], [ -75.112622, 40.036058 ], [ -75.112507, 40.035944 ], [ -75.112493, 40.03593 ], [ -75.112457, 40.035892 ], [ -75.11236, 40.035782 ], [ -75.112359, 40.035782 ], [ -75.112282, 40.035626 ], [ -75.112253, 40.035568 ], [ -75.112106, 40.03522 ], [ -75.112097, 40.035187 ], [ -75.112097, 40.035186 ], [ -75.112048, 40.035056 ], [ -75.112039, 40.035023 ], [ -75.112039, 40.035022 ], [ -75.112038, 40.035021 ], [ -75.111946, 40.034902 ], [ -75.111945, 40.034902 ], [ -75.111945, 40.034901 ], [ -75.111739, 40.034731 ], [ -75.11129, 40.034357 ], [ -75.111289, 40.034356 ], [ -75.111199, 40.034308 ], [ -75.111198, 40.034308 ], [ -75.111038, 40.034176 ], [ -75.111037, 40.034176 ], [ -75.110918, 40.034023 ], [ -75.110918, 40.034022 ], [ -75.110825, 40.033808 ], [ -75.110825, 40.033807 ], [ -75.110793, 40.03365 ], [ -75.110768, 40.033474 ], [ -75.110765, 40.033415 ], [ -75.110759, 40.033213 ], [ -75.110793, 40.033015 ], [ -75.110793, 40.033014 ], [ -75.110842, 40.032862 ], [ -75.110842, 40.032861 ], [ -75.110894, 40.032531 ], [ -75.110911, 40.032408 ], [ -75.110911, 40.032407 ], [ -75.111023, 40.032009 ], [ -75.111094, 40.031334 ], [ -75.111112, 40.03116 ], [ -75.111136, 40.030953 ], [ -75.111136, 40.030713 ], [ -75.11113, 40.030359 ], [ -75.11113, 40.030358 ], [ -75.111126, 40.030328 ], [ -75.111093, 40.030123 ], [ -75.111093, 40.030122 ], [ -75.111061, 40.02999 ], [ -75.111058, 40.029974 ], [ -75.111058, 40.029973 ], [ -75.110931, 40.029696 ], [ -75.110896, 40.029584 ], [ -75.110898, 40.02955 ], [ -75.110915, 40.029278 ], [ -75.11096, 40.029124 ], [ -75.110961, 40.029124 ], [ -75.11098, 40.028978 ], [ -75.110981, 40.028978 ], [ -75.110981, 40.028977 ], [ -75.11103, 40.028858 ], [ -75.111133, 40.028689 ], [ -75.111133, 40.028688 ], [ -75.111156, 40.028647 ], [ -75.111156, 40.028646 ], [ -75.111466, 40.028254 ], [ -75.111548, 40.028154 ], [ -75.111549, 40.028154 ], [ -75.111638, 40.028093 ], [ -75.1117, 40.028058 ], [ -75.111731, 40.028042 ], [ -75.111732, 40.028042 ], [ -75.11176, 40.02803 ], [ -75.111761, 40.02803 ], [ -75.111789, 40.02802 ], [ -75.11179, 40.02802 ], [ -75.111818, 40.028014 ], [ -75.111879, 40.028004 ], [ -75.111926, 40.028 ], [ -75.111956, 40.028002 ], [ -75.112025, 40.028011 ], [ -75.112026, 40.028011 ], [ -75.112052, 40.028012 ], [ -75.112053, 40.028012 ], [ -75.112079, 40.028009 ], [ -75.112106, 40.028004 ], [ -75.112107, 40.028004 ], [ -75.112214, 40.027975 ], [ -75.112215, 40.027975 ], [ -75.112328, 40.027948 ], [ -75.112411, 40.027922 ], [ -75.112411, 40.027921 ], [ -75.112491, 40.02789 ], [ -75.112563, 40.027856 ], [ -75.112564, 40.027856 ], [ -75.112628, 40.027817 ], [ -75.112628, 40.027816 ], [ -75.112679, 40.027781 ], [ -75.112719, 40.02775 ], [ -75.11272, 40.02775 ], [ -75.112749, 40.027721 ], [ -75.11275, 40.02772 ], [ -75.112774, 40.027693 ], [ -75.112774, 40.027692 ], [ -75.112793, 40.027663 ], [ -75.112793, 40.027662 ], [ -75.112808, 40.027633 ], [ -75.112808, 40.027632 ], [ -75.11282, 40.0276 ], [ -75.11283, 40.027567 ], [ -75.11283, 40.027566 ], [ -75.112831, 40.027566 ], [ -75.112831, 40.027565 ], [ -75.112819, 40.027364 ], [ -75.112818, 40.02735 ], [ -75.11295, 40.02733 ], [ -75.11361, 40.027232 ], [ -75.117236, 40.02668 ], [ -75.118338, 40.026532 ], [ -75.119678, 40.026348 ], [ -75.119724, 40.026343 ], [ -75.119725, 40.026342 ], [ -75.11976, 40.026337 ], [ -75.11976, 40.026336 ], [ -75.119761, 40.026337 ], [ -75.119818, 40.026343 ], [ -75.119819, 40.026343 ], [ -75.11982, 40.026343 ], [ -75.121988, 40.025999 ], [ -75.123456, 40.025794 ], [ -75.124551, 40.025644 ], [ -75.125415, 40.025514 ], [ -75.126676, 40.025329 ], [ -75.126791, 40.025312 ], [ -75.126899, 40.025295 ], [ -75.127673, 40.025174 ], [ -75.127936, 40.025132 ], [ -75.128883, 40.024932 ], [ -75.130568, 40.024591 ], [ -75.13146, 40.024379 ], [ -75.131461, 40.024379 ], [ -75.132245, 40.024136 ], [ -75.133256, 40.023907 ], [ -75.133263, 40.023906 ], [ -75.133263, 40.023905 ], [ -75.135427, 40.023449 ], [ -75.135428, 40.023449 ], [ -75.135867, 40.02335 ], [ -75.136436, 40.023175 ], [ -75.136437, 40.023174 ], [ -75.137007, 40.022931 ], [ -75.138172, 40.02236 ], [ -75.138445, 40.022221 ], [ -75.138613, 40.022136 ], [ -75.139813, 40.021524 ], [ -75.141532, 40.020674 ], [ -75.14237, 40.020243 ], [ -75.142909, 40.020005 ], [ -75.14291, 40.020005 ], [ -75.143343, 40.01984 ], [ -75.143343, 40.019839 ], [ -75.143656, 40.019766 ], [ -75.14401, 40.01968 ], [ -75.144341, 40.019609 ], [ -75.144735, 40.019529 ], [ -75.145081, 40.019497 ], [ -75.145671, 40.019474 ], [ -75.145672, 40.019474 ], [ -75.145951, 40.019483 ], [ -75.146205, 40.019494 ], [ -75.146263, 40.019499 ], [ -75.146445, 40.019513 ], [ -75.146948, 40.019577 ], [ -75.147079, 40.019593 ], [ -75.14708, 40.019593 ], [ -75.147147, 40.019603 ], [ -75.148931, 40.019834 ], [ -75.148932, 40.019834 ], [ -75.148933, 40.019834 ], [ -75.148934, 40.019834 ], [ -75.148935, 40.019833 ], [ -75.148936, 40.019833 ], [ -75.148937, 40.019833 ], [ -75.148937, 40.019832 ], [ -75.148938, 40.019832 ], [ -75.148939, 40.019831 ], [ -75.148939, 40.01983 ], [ -75.14894, 40.019829 ], [ -75.148956, 40.019753 ], [ -75.148956, 40.019752 ], [ -75.148956, 40.019751 ], [ -75.148996, 40.019582 ], [ -75.14904, 40.019385 ], [ -75.149044, 40.019365 ], [ -75.149234, 40.018512 ], [ -75.149349, 40.017967 ], [ -75.149589, 40.016942 ], [ -75.149729, 40.016225 ], [ -75.149772, 40.016031 ], [ -75.149842, 40.015681 ], [ -75.149934, 40.015335 ], [ -75.150041, 40.014828 ], [ -75.150099, 40.014577 ], [ -75.150205, 40.013996 ], [ -75.150248, 40.013772 ], [ -75.150248, 40.013771 ], [ -75.150397, 40.013175 ], [ -75.150576, 40.01238 ], [ -75.150886, 40.010846 ], [ -75.151092, 40.009944 ], [ -75.15125, 40.009288 ], [ -75.15125, 40.009287 ], [ -75.151371, 40.008737 ], [ -75.151457, 40.008313 ], [ -75.151604, 40.007675 ], [ -75.151922, 40.006177 ], [ -75.152238, 40.004699 ], [ -75.152553, 40.003191 ], [ -75.15278, 40.002231 ], [ -75.152787, 40.002203 ], [ -75.152928, 40.001602 ], [ -75.152928, 40.001601 ], [ -75.153274, 40.000014 ], [ -75.153378, 39.999544 ], [ -75.153432, 39.999331 ], [ -75.153518, 39.998952 ], [ -75.153568, 39.998732 ], [ -75.153611, 39.998525 ], [ -75.153986, 39.996791 ], [ -75.154143, 39.996 ], [ -75.154256, 39.995535 ], [ -75.154321, 39.995231 ], [ -75.154345, 39.995112 ], [ -75.154371, 39.994989 ], [ -75.154393, 39.99488 ], [ -75.15459, 39.993948 ], [ -75.154824, 39.993977 ], [ -75.155055, 39.994005 ], [ -75.155442, 39.994057 ], [ -75.155443, 39.994057 ], [ -75.15549, 39.994062 ], [ -75.155491, 39.994062 ], [ -75.156231, 39.994158 ], [ -75.156789, 39.994235 ], [ -75.157249, 39.994287 ], [ -75.157793, 39.994351 ], [ -75.158361, 39.994392 ], [ -75.158809, 39.99444 ], [ -75.15937, 39.994534 ], [ -75.159921, 39.994601 ], [ -75.160949, 39.994747 ], [ -75.161351, 39.994822 ], [ -75.161861, 39.994887 ], [ -75.162545, 39.994978 ], [ -75.163197, 39.995071 ], [ -75.163543, 39.995122 ], [ -75.164098, 39.995177 ], [ -75.165967, 39.995421 ], [ -75.167571, 39.99563 ], [ -75.168141, 39.995704 ], [ -75.168608, 39.99577 ], [ -75.168608, 39.995771 ], [ -75.169179, 39.995835 ], [ -75.169179, 39.995836 ], [ -75.169735, 39.995914 ], [ -75.170204, 39.995977 ], [ -75.17077, 39.996046 ], [ -75.170771, 39.996046 ], [ -75.171328, 39.996123 ], [ -75.17179, 39.99618 ], [ -75.172359, 39.99625 ], [ -75.173951, 39.996443 ], [ -75.174422, 39.996508 ], [ -75.175541, 39.996648 ], [ -75.176001, 39.996711 ], [ -75.176719, 39.996809 ], [ -75.176952, 39.996842 ], [ -75.177504, 39.99692 ], [ -75.177991, 39.996973 ], [ -75.178579, 39.997049 ], [ -75.179206, 39.997127 ], [ -75.180192, 39.997263 ], [ -75.180192, 39.997264 ], [ -75.181793, 39.997454 ], [ -75.181794, 39.997455 ], [ -75.182344, 39.997529 ], [ -75.184398, 39.997802 ], [ -75.185032, 39.997887 ], [ -75.186548, 39.998074 ], [ -75.187609, 39.998205 ], [ -75.187591, 39.99857 ], [ -75.18756, 39.998653 ], [ -75.187035, 39.999983 ], [ -75.186955, 40.000194 ], [ -75.186869, 40.000403 ], [ -75.186869, 40.000404 ], [ -75.186869, 40.000405 ], [ -75.186869, 40.000406 ], [ -75.186869, 40.000407 ], [ -75.186869, 40.000408 ], [ -75.18687, 40.000408 ], [ -75.18687, 40.000409 ], [ -75.186871, 40.000409 ], [ -75.186872, 40.00041 ], [ -75.186873, 40.00041 ], [ -75.186874, 40.00041 ], [ -75.186874, 40.000411 ], [ -75.186875, 40.000411 ], [ -75.186876, 40.000411 ], [ -75.186877, 40.000411 ], [ -75.186878, 40.00041 ], [ -75.186879, 40.00041 ], [ -75.18688, 40.00041 ], [ -75.186952, 40.000372 ], [ -75.187198, 40.000296 ], [ -75.187198, 40.000295 ], [ -75.187343, 40.00027 ], [ -75.187344, 40.00027 ], [ -75.187513, 40.000259 ], [ -75.187514, 40.000259 ], [ -75.187745, 40.000262 ], [ -75.188114, 40.00028 ], [ -75.188291, 40.000281 ], [ -75.188449, 40.000281 ], [ -75.18845, 40.000281 ], [ -75.188451, 40.000281 ], [ -75.188563, 40.000264 ], [ -75.188818, 40.000214 ], [ -75.188819, 40.000213 ], [ -75.18958, 39.999905 ], [ -75.190422, 39.999677 ], [ -75.19172, 39.999364 ], [ -75.191707, 39.999403 ], [ -75.19163, 39.999658 ], [ -75.19163, 39.999659 ], [ -75.191477, 40.000652 ], [ -75.191333, 40.001902 ], [ -75.191333, 40.001903 ], [ -75.191346, 40.002603 ], [ -75.191387, 40.003835 ], [ -75.191387, 40.003836 ], [ -75.191545, 40.004659 ], [ -75.191632, 40.005061 ], [ -75.191632, 40.005062 ], [ -75.191684, 40.005199 ], [ -75.19171, 40.005255 ], [ -75.19171, 40.005256 ], [ -75.192052, 40.005849 ], [ -75.192052, 40.00585 ], [ -75.192183, 40.006019 ], [ -75.192404, 40.006306 ], [ -75.192501, 40.006436 ], [ -75.192552, 40.006507 ], [ -75.192552, 40.006508 ], [ -75.192594, 40.006563 ], [ -75.192595, 40.006563 ], [ -75.192595, 40.006564 ], [ -75.19272, 40.006678 ], [ -75.192721, 40.006679 ], [ -75.192738, 40.006689 ], [ -75.192883, 40.006772 ], [ -75.193112, 40.006902 ], [ -75.193261, 40.006987 ], [ -75.193299, 40.007007 ], [ -75.1933, 40.007008 ], [ -75.193451, 40.007068 ], [ -75.193451, 40.007069 ], [ -75.19535, 40.007782 ], [ -75.195351, 40.007782 ], [ -75.196307, 40.007992 ], [ -75.197331, 40.008338 ], [ -75.197331, 40.008339 ], [ -75.197518, 40.0084 ], [ -75.199033, 40.00891 ], [ -75.20173, 40.009789 ], [ -75.203079, 40.010242 ], [ -75.20308, 40.010242 ], [ -75.204561, 40.010861 ], [ -75.204562, 40.010861 ], [ -75.205343, 40.011254 ], [ -75.205446, 40.011314 ], [ -75.205518, 40.011365 ], [ -75.205671, 40.011477 ], [ -75.205942, 40.011673 ], [ -75.206091, 40.01178 ], [ -75.206152, 40.011826 ], [ -75.206147, 40.01183 ], [ -75.206146, 40.011831 ], [ -75.206145, 40.011832 ], [ -75.206145, 40.011833 ], [ -75.206145, 40.011834 ], [ -75.206145, 40.011835 ], [ -75.206145, 40.011836 ], [ -75.206145, 40.011837 ], [ -75.206146, 40.011837 ], [ -75.206147, 40.011838 ], [ -75.206408, 40.012011 ], [ -75.207527, 40.012684 ], [ -75.207602, 40.012728 ], [ -75.20763, 40.012745 ], [ -75.20763, 40.012746 ], [ -75.208654, 40.013448 ], [ -75.210009, 40.014115 ], [ -75.21001, 40.014115 ], [ -75.211664, 40.015128 ], [ -75.211665, 40.015128 ], [ -75.213085, 40.016249 ], [ -75.213085, 40.01625 ], [ -75.213851, 40.016931 ], [ -75.214646, 40.017825 ], [ -75.215427, 40.018635 ], [ -75.216258, 40.019517 ], [ -75.216258, 40.019518 ], [ -75.217345, 40.020431 ], [ -75.217346, 40.020431 ], [ -75.218564, 40.021322 ], [ -75.21939, 40.021864 ], [ -75.219391, 40.021865 ], [ -75.219392, 40.021865 ], [ -75.220565, 40.022214 ], [ -75.220566, 40.022215 ], [ -75.22126, 40.022344 ], [ -75.221261, 40.022344 ], [ -75.222224, 40.022648 ], [ -75.222225, 40.022648 ], [ -75.223049, 40.023245 ], [ -75.223049, 40.023246 ], [ -75.223947, 40.023817 ], [ -75.223948, 40.023817 ], [ -75.225193, 40.024468 ], [ -75.226311, 40.025101 ], [ -75.227955, 40.025944 ], [ -75.227955, 40.025945 ], [ -75.22968, 40.026803 ], [ -75.22968, 40.026804 ], [ -75.230747, 40.027321 ], [ -75.231704, 40.027809 ], [ -75.232908, 40.028614 ], [ -75.232909, 40.028614 ], [ -75.233924, 40.029498 ], [ -75.233925, 40.029499 ], [ -75.23502, 40.030245 ], [ -75.235701, 40.030755 ], [ -75.235702, 40.030756 ], [ -75.23714, 40.031651 ], [ -75.238322, 40.032283 ], [ -75.238323, 40.032284 ], [ -75.239811, 40.033321 ], [ -75.240491, 40.03386 ], [ -75.240492, 40.033861 ], [ -75.24127, 40.034683 ], [ -75.24127, 40.034684 ], [ -75.241888, 40.035419 ], [ -75.241889, 40.03542 ], [ -75.242424, 40.035841 ], [ -75.242425, 40.035842 ], [ -75.242981, 40.036235 ], [ -75.242982, 40.036236 ], [ -75.243524, 40.036488 ], [ -75.244377, 40.03686 ], [ -75.244377, 40.036861 ], [ -75.244952, 40.037198 ], [ -75.244952, 40.037199 ], [ -75.245597, 40.037666 ], [ -75.245598, 40.037666 ], [ -75.246172, 40.0383 ], [ -75.246173, 40.0383 ], [ -75.247003, 40.039747 ], [ -75.247003, 40.039748 ], [ -75.247004, 40.039748 ], [ -75.247921, 40.040771 ], [ -75.247922, 40.040772 ], [ -75.249042, 40.041858 ], [ -75.249043, 40.041859 ], [ -75.250988, 40.043271 ], [ -75.252885, 40.044743 ], [ -75.25432, 40.045764 ], [ -75.254321, 40.045765 ], [ -75.254322, 40.045765 ], [ -75.255894, 40.046506 ], [ -75.255895, 40.046506 ], [ -75.257658, 40.047619 ], [ -75.259624, 40.049248 ], [ -75.259625, 40.049248 ], [ -75.261099, 40.05068 ], [ -75.2611, 40.05068 ], [ -75.26268, 40.052314 ], [ -75.264433, 40.054103 ], [ -75.26387, 40.054559 ] ] ] } },
{ "type": "Feature", "properties": { "division": "South", "districts": "1, 3, 17" }, "geometry": { "type": "Polygon", "coordinates": [ [ [ -75.214731, 39.910077 ], [ -75.21473, 39.910077 ], [ -75.213836, 39.910454 ], [ -75.213836, 39.910454 ], [ -75.213836, 39.910454 ], [ -75.213055, 39.910585 ], [ -75.212544, 39.910671 ], [ -75.212544, 39.910671 ], [ -75.212544, 39.910671 ], [ -75.2099, 39.91053 ], [ -75.209899, 39.91053 ], [ -75.207772, 39.910579 ], [ -75.207771, 39.910579 ], [ -75.20777, 39.910579 ], [ -75.20777, 39.91058 ], [ -75.207769, 39.91058 ], [ -75.206828, 39.910903 ], [ -75.206827, 39.910903 ], [ -75.206827, 39.910903 ], [ -75.206401, 39.911133 ], [ -75.2064, 39.911134 ], [ -75.2064, 39.911134 ], [ -75.206399, 39.911134 ], [ -75.206399, 39.911135 ], [ -75.20542, 39.912261 ], [ -75.20542, 39.912262 ], [ -75.204899, 39.912973 ], [ -75.204899, 39.912974 ], [ -75.20474, 39.913258 ], [ -75.204454, 39.913768 ], [ -75.204454, 39.913768 ], [ -75.204025, 39.914548 ], [ -75.203428, 39.915629 ], [ -75.203428, 39.91563 ], [ -75.203252, 39.915969 ], [ -75.203252, 39.915969 ], [ -75.20254, 39.917345 ], [ -75.20254, 39.917345 ], [ -75.202302, 39.917811 ], [ -75.202302, 39.917811 ], [ -75.201871, 39.918588 ], [ -75.201871, 39.918588 ], [ -75.201782, 39.918752 ], [ -75.201781, 39.918752 ], [ -75.201781, 39.918753 ], [ -75.201781, 39.918753 ], [ -75.201697, 39.919205 ], [ -75.201697, 39.919205 ], [ -75.201697, 39.919206 ], [ -75.201699, 39.919528 ], [ -75.201699, 39.919529 ], [ -75.201699, 39.919529 ], [ -75.201699, 39.91953 ], [ -75.201741, 39.919636 ], [ -75.201741, 39.919636 ], [ -75.20177, 39.919709 ], [ -75.201868, 39.919957 ], [ -75.20187, 39.919961 ], [ -75.20187, 39.919962 ], [ -75.201871, 39.919964 ], [ -75.201871, 39.919964 ], [ -75.201902, 39.920038 ], [ -75.201902, 39.920039 ], [ -75.201903, 39.920039 ], [ -75.201903, 39.92004 ], [ -75.202228, 39.92039 ], [ -75.202228, 39.920391 ], [ -75.202229, 39.920391 ], [ -75.202809, 39.920776 ], [ -75.202809, 39.920776 ], [ -75.20281, 39.920776 ], [ -75.203037, 39.920876 ], [ -75.203037, 39.920876 ], [ -75.203038, 39.920876 ], [ -75.203057, 39.92088 ], [ -75.203057, 39.92088 ], [ -75.203669, 39.921015 ], [ -75.203669, 39.921015 ], [ -75.204059, 39.921092 ], [ -75.20406, 39.921092 ], [ -75.204061, 39.921092 ], [ -75.204394, 39.921111 ], [ -75.204395, 39.921111 ], [ -75.20487, 39.92109 ], [ -75.205525, 39.921061 ], [ -75.205526, 39.921061 ], [ -75.206425, 39.921003 ], [ -75.208092, 39.920895 ], [ -75.208093, 39.920895 ], [ -75.20826, 39.920893 ], [ -75.20826, 39.920893 ], [ -75.20826, 39.920893 ], [ -75.208274, 39.920894 ], [ -75.208275, 39.920895 ], [ -75.20878, 39.920925 ], [ -75.20878, 39.920925 ], [ -75.209111, 39.920979 ], [ -75.209111, 39.920979 ], [ -75.209671, 39.921116 ], [ -75.209671, 39.921116 ], [ -75.209672, 39.921116 ], [ -75.210182, 39.921338 ], [ -75.210182, 39.921338 ], [ -75.210182, 39.921338 ], [ -75.210512, 39.921537 ], [ -75.210512, 39.921537 ], [ -75.210582, 39.921574 ], [ -75.210582, 39.921575 ], [ -75.211091, 39.921914 ], [ -75.211092, 39.921914 ], [ -75.211092, 39.921914 ], [ -75.211312, 39.92213 ], [ -75.211312, 39.92213 ], [ -75.211838, 39.922775 ], [ -75.211839, 39.922775 ], [ -75.211839, 39.922775 ], [ -75.21184, 39.922776 ], [ -75.21184, 39.922776 ], [ -75.211841, 39.922777 ], [ -75.212043, 39.923283 ], [ -75.212043, 39.923284 ], [ -75.21235, 39.924218 ], [ -75.21235, 39.924219 ], [ -75.21235, 39.924219 ], [ -75.212355, 39.924381 ], [ -75.21238, 39.9259 ], [ -75.21238, 39.9259 ], [ -75.21238, 39.9259 ], [ -75.212378, 39.925904 ], [ -75.212378, 39.925904 ], [ -75.211918, 39.927053 ], [ -75.211918, 39.927053 ], [ -75.211809, 39.927249 ], [ -75.211339, 39.928089 ], [ -75.211005, 39.928684 ], [ -75.20999, 39.930495 ], [ -75.20999, 39.930495 ], [ -75.20999, 39.930495 ], [ -75.209963, 39.930526 ], [ -75.209962, 39.930527 ], [ -75.209962, 39.930527 ], [ -75.209962, 39.930528 ], [ -75.209962, 39.930528 ], [ -75.209955, 39.930555 ], [ -75.209955, 39.930555 ], [ -75.209955, 39.930555 ], [ -75.208271, 39.932519 ], [ -75.208271, 39.932519 ], [ -75.205972, 39.934923 ], [ -75.205971, 39.934924 ], [ -75.205882, 39.935031 ], [ -75.205695, 39.935256 ], [ -75.205695, 39.935257 ], [ -75.205695, 39.935257 ], [ -75.205589, 39.935473 ], [ -75.205519, 39.93561 ], [ -75.205519, 39.93561 ], [ -75.205483, 39.935688 ], [ -75.205482, 39.935689 ], [ -75.205352, 39.936186 ], [ -75.205352, 39.936187 ], [ -75.205308, 39.936736 ], [ -75.205308, 39.936737 ], [ -75.205272, 39.937684 ], [ -75.205272, 39.937685 ], [ -75.20518, 39.938863 ], [ -75.20518, 39.938863 ], [ -75.205133, 39.940738 ], [ -75.205133, 39.940738 ], [ -75.205125, 39.940813 ], [ -75.205125, 39.940813 ], [ -75.205105, 39.941 ], [ -75.205078, 39.941254 ], [ -75.204962, 39.942338 ], [ -75.204962, 39.942338 ], [ -75.204962, 39.942338 ], [ -75.204602, 39.942765 ], [ -75.204602, 39.942765 ], [ -75.204602, 39.942765 ], [ -75.204155, 39.943086 ], [ -75.204155, 39.943086 ], [ -75.203863, 39.943258 ], [ -75.203863, 39.943258 ], [ -75.20321, 39.943554 ], [ -75.20321, 39.943554 ], [ -75.203209, 39.943554 ], [ -75.202342, 39.943771 ], [ -75.202342, 39.943771 ], [ -75.202342, 39.943771 ], [ -75.200673, 39.943944 ], [ -75.200673, 39.943944 ], [ -75.200672, 39.943944 ], [ -75.199783, 39.943797 ], [ -75.199783, 39.943797 ], [ -75.199782, 39.943797 ], [ -75.199005, 39.943514 ], [ -75.199005, 39.943514 ], [ -75.197023, 39.942801 ], [ -75.196753, 39.942703 ], [ -75.195745, 39.942334 ], [ -75.195745, 39.942334 ], [ -75.194995, 39.942136 ], [ -75.194995, 39.942136 ], [ -75.194994, 39.942136 ], [ -75.194993, 39.942136 ], [ -75.194226, 39.942088 ], [ -75.194225, 39.942088 ], [ -75.194225, 39.942088 ], [ -75.194127, 39.942094 ], [ -75.194127, 39.942094 ], [ -75.193787, 39.94212 ], [ -75.193787, 39.94212 ], [ -75.193718, 39.942125 ], [ -75.193718, 39.942125 ], [ -75.193717, 39.942125 ], [ -75.193717, 39.942125 ], [ -75.193233, 39.94226 ], [ -75.193232, 39.94226 ], [ -75.192596, 39.942495 ], [ -75.192595, 39.942496 ], [ -75.192369, 39.942606 ], [ -75.192369, 39.942606 ], [ -75.192368, 39.942606 ], [ -75.19171, 39.943062 ], [ -75.191709, 39.943062 ], [ -75.191709, 39.943062 ], [ -75.191602, 39.943165 ], [ -75.191602, 39.943165 ], [ -75.191515, 39.943247 ], [ -75.191515, 39.943247 ], [ -75.191158, 39.943585 ], [ -75.191158, 39.943585 ], [ -75.190095, 39.94466 ], [ -75.190095, 39.94466 ], [ -75.188263, 39.946092 ], [ -75.188262, 39.946093 ], [ -75.187421, 39.946641 ], [ -75.187421, 39.946641 ], [ -75.187057, 39.946888 ], [ -75.186467, 39.947285 ], [ -75.186467, 39.947286 ], [ -75.186435, 39.947309 ], [ -75.186434, 39.94731 ], [ -75.186434, 39.94731 ], [ -75.184027, 39.946995 ], [ -75.184027, 39.946995 ], [ -75.183746, 39.946961 ], [ -75.183516, 39.946933 ], [ -75.183516, 39.946933 ], [ -75.18347, 39.946926 ], [ -75.183469, 39.946926 ], [ -75.183467, 39.946926 ], [ -75.183466, 39.946925 ], [ -75.183465, 39.946925 ], [ -75.183465, 39.946925 ], [ -75.183464, 39.946925 ], [ -75.183463, 39.946926 ], [ -75.183463, 39.946926 ], [ -75.183462, 39.946926 ], [ -75.183461, 39.946926 ], [ -75.183461, 39.946927 ], [ -75.18346, 39.946927 ], [ -75.18346, 39.946927 ], [ -75.183459, 39.946928 ], [ -75.183459, 39.946928 ], [ -75.183459, 39.946928 ], [ -75.183459, 39.946929 ], [ -75.183459, 39.946929 ], [ -75.183441, 39.946927 ], [ -75.183441, 39.946927 ], [ -75.183075, 39.946883 ], [ -75.183075, 39.946883 ], [ -75.182874, 39.946859 ], [ -75.181644, 39.946707 ], [ -75.181644, 39.946707 ], [ -75.180533, 39.946558 ], [ -75.180533, 39.946558 ], [ -75.179511, 39.946436 ], [ -75.179511, 39.946436 ], [ -75.178954, 39.946362 ], [ -75.178954, 39.946362 ], [ -75.178345, 39.946284 ], [ -75.178345, 39.946284 ], [ -75.177548, 39.946182 ], [ -75.177548, 39.946182 ], [ -75.17675, 39.946099 ], [ -75.17675, 39.946099 ], [ -75.174842, 39.945852 ], [ -75.174841, 39.945852 ], [ -75.174039, 39.945759 ], [ -75.174039, 39.945759 ], [ -75.173517, 39.945685 ], [ -75.173517, 39.945685 ], [ -75.172732, 39.945588 ], [ -75.172732, 39.945588 ], [ -75.171697, 39.945466 ], [ -75.170107, 39.945276 ], [ -75.170107, 39.945276 ], [ -75.16854, 39.945065 ], [ -75.16854, 39.945065 ], [ -75.168129, 39.945022 ], [ -75.168129, 39.945022 ], [ -75.167289, 39.944925 ], [ -75.166973, 39.944886 ], [ -75.166274, 39.944797 ], [ -75.165344, 39.944674 ], [ -75.165343, 39.944674 ], [ -75.165203, 39.944657 ], [ -75.165203, 39.944657 ], [ -75.165184, 39.944653 ], [ -75.165183, 39.944653 ], [ -75.164526, 39.94458 ], [ -75.164526, 39.94458 ], [ -75.164157, 39.944531 ], [ -75.163626, 39.944462 ], [ -75.163316, 39.94442 ], [ -75.163316, 39.94442 ], [ -75.163138, 39.944399 ], [ -75.163138, 39.944399 ], [ -75.162689, 39.944354 ], [ -75.162688, 39.944354 ], [ -75.162351, 39.944308 ], [ -75.162351, 39.944308 ], [ -75.161558, 39.944205 ], [ -75.161558, 39.944205 ], [ -75.160773, 39.944115 ], [ -75.160773, 39.944115 ], [ -75.160397, 39.944063 ], [ -75.160396, 39.944063 ], [ -75.159986, 39.944019 ], [ -75.159986, 39.944019 ], [ -75.158417, 39.943824 ], [ -75.158416, 39.943824 ], [ -75.15772, 39.943739 ], [ -75.15772, 39.943739 ], [ -75.157049, 39.943651 ], [ -75.157049, 39.943651 ], [ -75.156843, 39.943625 ], [ -75.156843, 39.943625 ], [ -75.155828, 39.943495 ], [ -75.155828, 39.943495 ], [ -75.155271, 39.943424 ], [ -75.154576, 39.943337 ], [ -75.154576, 39.943337 ], [ -75.153697, 39.943228 ], [ -75.153697, 39.943228 ], [ -75.152121, 39.943035 ], [ -75.152121, 39.943035 ], [ -75.151333, 39.94293 ], [ -75.151332, 39.94293 ], [ -75.150963, 39.942888 ], [ -75.150963, 39.942888 ], [ -75.150541, 39.942833 ], [ -75.150541, 39.942833 ], [ -75.150281, 39.942799 ], [ -75.150281, 39.942799 ], [ -75.148415, 39.942572 ], [ -75.147385, 39.942447 ], [ -75.147385, 39.942447 ], [ -75.146358, 39.942313 ], [ -75.146357, 39.942313 ], [ -75.145646, 39.942227 ], [ -75.145645, 39.942227 ], [ -75.145645, 39.942227 ], [ -75.145452, 39.942169 ], [ -75.145451, 39.942169 ], [ -75.145256, 39.942125 ], [ -75.145255, 39.942125 ], [ -75.143986, 39.94196 ], [ -75.143986, 39.94196 ], [ -75.143986, 39.94196 ], [ -75.142579, 39.941603 ], [ -75.142578, 39.941603 ], [ -75.142577, 39.941603 ], [ -75.142577, 39.941603 ], [ -75.142015, 39.941585 ], [ -75.142015, 39.941585 ], [ -75.141671, 39.941575 ], [ -75.141671, 39.941575 ], [ -75.14145, 39.941565 ], [ -75.14145, 39.941565 ], [ -75.136383, 39.941079 ], [ -75.136383, 39.941079 ], [ -75.136383, 39.941079 ], [ -75.136476, 39.938602 ], [ -75.136476, 39.938602 ], [ -75.136428, 39.935902 ], [ -75.136404, 39.934505 ], [ -75.136404, 39.934504 ], [ -75.13553, 39.929171 ], [ -75.13553, 39.92917 ], [ -75.13478, 39.927019 ], [ -75.134487, 39.926177 ], [ -75.134487, 39.926176 ], [ -75.132347, 39.921674 ], [ -75.131634, 39.920153 ], [ -75.130352, 39.917415 ], [ -75.130352, 39.917415 ], [ -75.130208, 39.917041 ], [ -75.129277, 39.91462 ], [ -75.129028, 39.913968 ], [ -75.129028, 39.913968 ], [ -75.128739, 39.913221 ], [ -75.128739, 39.913221 ], [ -75.128739, 39.913221 ], [ -75.128466, 39.910305 ], [ -75.128466, 39.910305 ], [ -75.128467, 39.910305 ], [ -75.129539, 39.9065 ], [ -75.129539, 39.9065 ], [ -75.130616, 39.902547 ], [ -75.130616, 39.902546 ], [ -75.132051, 39.899313 ], [ -75.132051, 39.899312 ], [ -75.134699, 39.894625 ], [ -75.134699, 39.894625 ], [ -75.135271, 39.893601 ], [ -75.13801, 39.888702 ], [ -75.138011, 39.888702 ], [ -75.138011, 39.888702 ], [ -75.139815, 39.886972 ], [ -75.14049, 39.886324 ], [ -75.14049, 39.886324 ], [ -75.142644, 39.884414 ], [ -75.142644, 39.884413 ], [ -75.142644, 39.884413 ], [ -75.146307, 39.883369 ], [ -75.146307, 39.883369 ], [ -75.146308, 39.883369 ], [ -75.147888, 39.883241 ], [ -75.147888, 39.883241 ], [ -75.149708, 39.88309 ], [ -75.149708, 39.88309 ], [ -75.155884, 39.882874 ], [ -75.155884, 39.882874 ], [ -75.167373, 39.882689 ], [ -75.167373, 39.882688 ], [ -75.172705, 39.882333 ], [ -75.172705, 39.882333 ], [ -75.176102, 39.882172 ], [ -75.176103, 39.882172 ], [ -75.180596, 39.881501 ], [ -75.180597, 39.881501 ], [ -75.18539, 39.881075 ], [ -75.185391, 39.881075 ], [ -75.185391, 39.881075 ], [ -75.185392, 39.881074 ], [ -75.191394, 39.87925 ], [ -75.191395, 39.879249 ], [ -75.191395, 39.879249 ], [ -75.191396, 39.879249 ], [ -75.192919, 39.878381 ], [ -75.192919, 39.878381 ], [ -75.192919, 39.878381 ], [ -75.193513, 39.880115 ], [ -75.193514, 39.880115 ], [ -75.19462, 39.884578 ], [ -75.19462, 39.884578 ], [ -75.194813, 39.88712 ], [ -75.194813, 39.88712 ], [ -75.195156, 39.890049 ], [ -75.195156, 39.89005 ], [ -75.195468, 39.891134 ], [ -75.195468, 39.891135 ], [ -75.195468, 39.891135 ], [ -75.195469, 39.891136 ], [ -75.195469, 39.891136 ], [ -75.195469, 39.891137 ], [ -75.196803, 39.892384 ], [ -75.196803, 39.892385 ], [ -75.19711, 39.892606 ], [ -75.197331, 39.892764 ], [ -75.197646, 39.892992 ], [ -75.197646, 39.892992 ], [ -75.197647, 39.892993 ], [ -75.198674, 39.893475 ], [ -75.198675, 39.893475 ], [ -75.198675, 39.893476 ], [ -75.200442, 39.893955 ], [ -75.200443, 39.893955 ], [ -75.200444, 39.893956 ], [ -75.202338, 39.894194 ], [ -75.202338, 39.894194 ], [ -75.205297, 39.894615 ], [ -75.205298, 39.894615 ], [ -75.207705, 39.895158 ], [ -75.207705, 39.895158 ], [ -75.207705, 39.895158 ], [ -75.210153, 39.896277 ], [ -75.210154, 39.896277 ], [ -75.210154, 39.896278 ], [ -75.210898, 39.896959 ], [ -75.210898, 39.896959 ], [ -75.211626, 39.897671 ], [ -75.211801, 39.897844 ], [ -75.211801, 39.897844 ], [ -75.212253, 39.898287 ], [ -75.212254, 39.898288 ], [ -75.212704, 39.898817 ], [ -75.212704, 39.898817 ], [ -75.213401, 39.899696 ], [ -75.213401, 39.899696 ], [ -75.214029, 39.90043 ], [ -75.21403, 39.900431 ], [ -75.214447, 39.901088 ], [ -75.214447, 39.901088 ], [ -75.214447, 39.901088 ], [ -75.215031, 39.903108 ], [ -75.215031, 39.903108 ], [ -75.215416, 39.904642 ], [ -75.215416, 39.904642 ], [ -75.215464, 39.9049 ], [ -75.215464, 39.9049 ], [ -75.215626, 39.906039 ], [ -75.215626, 39.906039 ], [ -75.21566, 39.907014 ], [ -75.21566, 39.907014 ], [ -75.215634, 39.908368 ], [ -75.215634, 39.908368 ], [ -75.215634, 39.908368 ], [ -75.215359, 39.909279 ], [ -75.215359, 39.90928 ], [ -75.215359, 39.90928 ], [ -75.215127, 39.909639 ], [ -75.215127, 39.90964 ], [ -75.214731, 39.910077 ], [ -75.214731, 39.910077 ] ] ] } },
{ "type": "Feature", "properties": { "division": "Southwest", "districts": "12, 16, 18, 19, 77" }, "geometry": { "type": "Polygon", "coordinates": [ [ [ -75.280306, 39.975001 ], [ -75.280306, 39.975001 ], [ -75.27943, 39.975446 ], [ -75.27943, 39.975446 ], [ -75.276382, 39.977014 ], [ -75.276382, 39.977014 ], [ -75.273575, 39.978269 ], [ -75.272876, 39.978581 ], [ -75.27134, 39.979263 ], [ -75.269271, 39.98018 ], [ -75.265594, 39.981811 ], [ -75.264385, 39.982348 ], [ -75.263716, 39.982643 ], [ -75.263716, 39.982644 ], [ -75.262186, 39.98349 ], [ -75.260732, 39.98429 ], [ -75.259511, 39.984961 ], [ -75.259511, 39.984961 ], [ -75.25873, 39.985391 ], [ -75.25873, 39.985391 ], [ -75.258729, 39.985392 ], [ -75.25857, 39.985521 ], [ -75.25857, 39.985521 ], [ -75.258504, 39.985576 ], [ -75.258503, 39.985576 ], [ -75.256839, 39.986809 ], [ -75.256298, 39.98721 ], [ -75.256298, 39.98721 ], [ -75.256121, 39.987322 ], [ -75.25612, 39.987322 ], [ -75.255699, 39.987518 ], [ -75.255699, 39.987518 ], [ -75.254003, 39.988314 ], [ -75.251549, 39.989465 ], [ -75.250822, 39.989804 ], [ -75.250822, 39.989804 ], [ -75.249191, 39.990572 ], [ -75.248014, 39.991126 ], [ -75.245687, 39.992219 ], [ -75.241653, 39.994114 ], [ -75.237335, 39.996143 ], [ -75.235287, 39.997097 ], [ -75.235287, 39.997097 ], [ -75.23431, 39.997553 ], [ -75.233231, 39.998055 ], [ -75.233231, 39.998055 ], [ -75.232153, 39.998559 ], [ -75.230889, 39.999148 ], [ -75.230438, 39.999358 ], [ -75.230438, 39.999358 ], [ -75.229455, 39.99982 ], [ -75.228378, 40.000326 ], [ -75.226415, 40.001248 ], [ -75.223631, 40.002556 ], [ -75.220698, 40.003934 ], [ -75.219226, 40.004626 ], [ -75.214572, 40.00681 ], [ -75.214572, 40.006811 ], [ -75.213757, 40.007155 ], [ -75.213048, 40.007455 ], [ -75.213048, 40.007455 ], [ -75.210767, 40.008561 ], [ -75.208927, 40.009454 ], [ -75.208921, 40.009457 ], [ -75.208301, 40.00975 ], [ -75.207321, 40.010216 ], [ -75.20732, 40.010216 ], [ -75.20732, 40.010217 ], [ -75.207319, 40.010217 ], [ -75.207319, 40.010217 ], [ -75.207318, 40.010218 ], [ -75.207318, 40.010218 ], [ -75.207318, 40.010219 ], [ -75.207318, 40.010219 ], [ -75.207318, 40.01022 ], [ -75.207317, 40.01022 ], [ -75.207239, 40.011023 ], [ -75.207239, 40.011023 ], [ -75.207239, 40.011023 ], [ -75.206152, 40.011826 ], [ -75.206152, 40.011826 ], [ -75.206152, 40.011826 ], [ -75.206091, 40.01178 ], [ -75.206091, 40.01178 ], [ -75.205942, 40.011673 ], [ -75.205671, 40.011477 ], [ -75.205518, 40.011365 ], [ -75.205518, 40.011365 ], [ -75.205447, 40.011315 ], [ -75.205446, 40.011314 ], [ -75.205343, 40.011254 ], [ -75.205343, 40.011254 ], [ -75.204562, 40.010861 ], [ -75.204561, 40.010861 ], [ -75.20308, 40.010242 ], [ -75.203079, 40.010242 ], [ -75.20173, 40.009789 ], [ -75.20173, 40.009789 ], [ -75.199033, 40.00891 ], [ -75.199033, 40.00891 ], [ -75.197518, 40.0084 ], [ -75.197518, 40.0084 ], [ -75.197331, 40.008339 ], [ -75.196307, 40.007992 ], [ -75.196306, 40.007992 ], [ -75.195351, 40.007782 ], [ -75.195351, 40.007782 ], [ -75.19535, 40.007782 ], [ -75.194687, 40.007533 ], [ -75.194324, 40.007396 ], [ -75.194324, 40.007396 ], [ -75.193451, 40.007069 ], [ -75.193451, 40.007068 ], [ -75.1933, 40.007008 ], [ -75.193299, 40.007007 ], [ -75.193261, 40.006987 ], [ -75.193261, 40.006987 ], [ -75.193112, 40.006902 ], [ -75.193112, 40.006902 ], [ -75.192883, 40.006772 ], [ -75.192738, 40.006689 ], [ -75.192721, 40.006679 ], [ -75.192721, 40.006679 ], [ -75.192721, 40.006679 ], [ -75.192595, 40.006563 ], [ -75.192595, 40.006563 ], [ -75.192595, 40.006563 ], [ -75.192552, 40.006508 ], [ -75.192552, 40.006507 ], [ -75.192501, 40.006436 ], [ -75.192501, 40.006436 ], [ -75.192404, 40.006306 ], [ -75.192404, 40.006306 ], [ -75.192183, 40.006019 ], [ -75.192183, 40.006019 ], [ -75.192052, 40.00585 ], [ -75.192052, 40.005849 ], [ -75.19171, 40.005256 ], [ -75.19171, 40.005256 ], [ -75.191684, 40.005199 ], [ -75.191684, 40.005199 ], [ -75.191632, 40.005062 ], [ -75.191632, 40.005062 ], [ -75.191545, 40.004659 ], [ -75.191545, 40.004659 ], [ -75.191387, 40.003836 ], [ -75.191387, 40.003835 ], [ -75.191346, 40.002603 ], [ -75.191346, 40.002603 ], [ -75.191333, 40.001902 ], [ -75.191333, 40.001902 ], [ -75.191477, 40.000652 ], [ -75.191477, 40.000652 ], [ -75.19163, 39.999658 ], [ -75.19163, 39.999658 ], [ -75.191707, 39.999403 ], [ -75.19172, 39.999364 ], [ -75.19172, 39.999364 ], [ -75.192216, 39.997741 ], [ -75.192216, 39.997741 ], [ -75.192217, 39.997741 ], [ -75.19289, 39.996484 ], [ -75.19289, 39.996484 ], [ -75.192891, 39.996484 ], [ -75.193787, 39.995391 ], [ -75.193787, 39.995391 ], [ -75.193948, 39.995192 ], [ -75.194213, 39.994867 ], [ -75.194214, 39.994867 ], [ -75.194214, 39.994867 ], [ -75.194214, 39.994867 ], [ -75.194215, 39.994867 ], [ -75.194215, 39.994867 ], [ -75.194216, 39.994867 ], [ -75.194216, 39.994866 ], [ -75.194217, 39.994866 ], [ -75.194217, 39.994865 ], [ -75.195952, 39.993212 ], [ -75.196939, 39.992271 ], [ -75.196939, 39.992271 ], [ -75.197038, 39.992192 ], [ -75.197039, 39.992192 ], [ -75.198182, 39.991033 ], [ -75.198182, 39.991033 ], [ -75.198638, 39.990568 ], [ -75.198639, 39.990568 ], [ -75.199113, 39.990155 ], [ -75.199113, 39.990155 ], [ -75.200528, 39.988875 ], [ -75.200528, 39.988875 ], [ -75.202058, 39.98734 ], [ -75.202059, 39.98734 ], [ -75.203869, 39.985815 ], [ -75.203869, 39.985815 ], [ -75.204044, 39.985658 ], [ -75.204044, 39.985658 ], [ -75.204091, 39.985617 ], [ -75.204092, 39.985617 ], [ -75.204092, 39.985616 ], [ -75.204093, 39.985616 ], [ -75.20435, 39.985147 ], [ -75.20435, 39.985146 ], [ -75.204351, 39.985146 ], [ -75.204351, 39.985145 ], [ -75.204351, 39.985145 ], [ -75.204351, 39.985144 ], [ -75.204252, 39.983647 ], [ -75.204252, 39.983647 ], [ -75.204252, 39.983646 ], [ -75.203978, 39.982666 ], [ -75.203978, 39.982665 ], [ -75.203978, 39.982665 ], [ -75.203977, 39.982664 ], [ -75.203977, 39.982664 ], [ -75.203977, 39.982663 ], [ -75.201585, 39.980556 ], [ -75.201584, 39.980555 ], [ -75.200084, 39.979556 ], [ -75.200083, 39.979555 ], [ -75.198955, 39.978924 ], [ -75.198954, 39.978923 ], [ -75.196192, 39.977769 ], [ -75.196192, 39.977769 ], [ -75.196192, 39.977769 ], [ -75.194343, 39.976645 ], [ -75.194342, 39.976644 ], [ -75.193588, 39.976075 ], [ -75.193587, 39.976074 ], [ -75.193299, 39.975784 ], [ -75.193299, 39.975784 ], [ -75.193298, 39.975784 ], [ -75.193295, 39.975777 ], [ -75.193295, 39.975777 ], [ -75.193139, 39.975513 ], [ -75.193139, 39.975512 ], [ -75.193023, 39.975232 ], [ -75.193023, 39.975232 ], [ -75.193012, 39.975206 ], [ -75.193011, 39.975206 ], [ -75.192542, 39.974368 ], [ -75.192542, 39.974368 ], [ -75.192229, 39.973669 ], [ -75.192229, 39.973668 ], [ -75.192178, 39.973497 ], [ -75.192178, 39.973497 ], [ -75.191484, 39.971635 ], [ -75.191484, 39.971635 ], [ -75.19104, 39.970277 ], [ -75.191039, 39.970276 ], [ -75.191039, 39.970276 ], [ -75.190785, 39.969848 ], [ -75.190784, 39.969848 ], [ -75.190784, 39.969847 ], [ -75.190475, 39.969538 ], [ -75.190475, 39.969538 ], [ -75.190474, 39.969537 ], [ -75.189971, 39.969224 ], [ -75.189971, 39.969224 ], [ -75.189319, 39.968887 ], [ -75.189318, 39.968887 ], [ -75.189317, 39.968887 ], [ -75.189317, 39.968887 ], [ -75.188649, 39.968744 ], [ -75.188649, 39.968744 ], [ -75.188648, 39.968744 ], [ -75.187912, 39.968486 ], [ -75.187326, 39.96828 ], [ -75.187326, 39.968279 ], [ -75.187326, 39.968279 ], [ -75.186638, 39.967884 ], [ -75.186638, 39.967884 ], [ -75.186638, 39.967884 ], [ -75.186472, 39.967724 ], [ -75.186472, 39.967723 ], [ -75.185982, 39.967198 ], [ -75.185982, 39.967198 ], [ -75.185931, 39.96714 ], [ -75.18593, 39.96714 ], [ -75.185917, 39.967128 ], [ -75.185917, 39.967127 ], [ -75.184305, 39.965394 ], [ -75.184305, 39.965394 ], [ -75.183555, 39.964515 ], [ -75.183554, 39.964515 ], [ -75.183388, 39.964292 ], [ -75.183388, 39.964292 ], [ -75.182969, 39.963731 ], [ -75.182968, 39.96373 ], [ -75.181443, 39.962039 ], [ -75.181442, 39.962039 ], [ -75.18074, 39.961308 ], [ -75.18074, 39.961308 ], [ -75.18074, 39.961308 ], [ -75.180504, 39.960897 ], [ -75.180504, 39.960897 ], [ -75.180449, 39.960804 ], [ -75.180449, 39.960804 ], [ -75.180126, 39.960342 ], [ -75.180125, 39.960342 ], [ -75.180074, 39.960235 ], [ -75.180074, 39.960235 ], [ -75.179935, 39.959947 ], [ -75.179935, 39.959947 ], [ -75.179771, 39.959609 ], [ -75.179771, 39.959609 ], [ -75.17957, 39.959093 ], [ -75.17957, 39.959093 ], [ -75.179394, 39.958544 ], [ -75.179394, 39.958543 ], [ -75.179363, 39.958388 ], [ -75.179363, 39.958388 ], [ -75.179345, 39.958004 ], [ -75.179345, 39.958004 ], [ -75.179366, 39.957639 ], [ -75.179366, 39.957639 ], [ -75.179408, 39.957196 ], [ -75.179408, 39.957195 ], [ -75.179514, 39.956658 ], [ -75.179514, 39.956658 ], [ -75.179562, 39.956473 ], [ -75.179562, 39.956472 ], [ -75.179626, 39.956316 ], [ -75.179626, 39.956316 ], [ -75.179754, 39.956003 ], [ -75.179933, 39.955576 ], [ -75.179933, 39.955576 ], [ -75.180021, 39.955358 ], [ -75.180153, 39.955043 ], [ -75.180153, 39.955043 ], [ -75.180217, 39.95491 ], [ -75.180217, 39.954909 ], [ -75.180329, 39.954643 ], [ -75.180329, 39.954643 ], [ -75.18034, 39.954613 ], [ -75.18034, 39.954613 ], [ -75.180389, 39.954501 ], [ -75.180389, 39.954501 ], [ -75.180473, 39.954308 ], [ -75.180473, 39.954308 ], [ -75.181427, 39.9521 ], [ -75.181428, 39.952099 ], [ -75.181726, 39.951619 ], [ -75.181834, 39.951446 ], [ -75.182406, 39.950529 ], [ -75.182406, 39.950529 ], [ -75.182406, 39.950529 ], [ -75.183309, 39.949508 ], [ -75.18331, 39.949508 ], [ -75.18331, 39.949508 ], [ -75.185416, 39.947956 ], [ -75.185416, 39.947955 ], [ -75.186434, 39.94731 ], [ -75.186434, 39.947309 ], [ -75.186826, 39.947044 ], [ -75.187057, 39.946888 ], [ -75.187057, 39.946888 ], [ -75.187421, 39.946641 ], [ -75.187421, 39.946641 ], [ -75.188262, 39.946093 ], [ -75.188263, 39.946092 ], [ -75.190095, 39.94466 ], [ -75.190095, 39.94466 ], [ -75.191158, 39.943585 ], [ -75.191158, 39.943585 ], [ -75.191515, 39.943247 ], [ -75.191602, 39.943165 ], [ -75.191602, 39.943165 ], [ -75.191709, 39.943062 ], [ -75.191709, 39.943062 ], [ -75.191709, 39.943062 ], [ -75.192368, 39.942606 ], [ -75.192369, 39.942606 ], [ -75.192369, 39.942606 ], [ -75.192596, 39.942496 ], [ -75.192596, 39.942495 ], [ -75.193232, 39.94226 ], [ -75.193233, 39.94226 ], [ -75.193717, 39.942125 ], [ -75.193717, 39.942125 ], [ -75.193718, 39.942125 ], [ -75.193787, 39.94212 ], [ -75.194127, 39.942094 ], [ -75.194127, 39.942094 ], [ -75.194225, 39.942088 ], [ -75.194225, 39.942088 ], [ -75.194226, 39.942088 ], [ -75.194994, 39.942136 ], [ -75.194994, 39.942136 ], [ -75.194995, 39.942136 ], [ -75.195745, 39.942334 ], [ -75.195745, 39.942334 ], [ -75.196753, 39.942703 ], [ -75.196753, 39.942703 ], [ -75.197023, 39.942801 ], [ -75.197023, 39.942801 ], [ -75.199005, 39.943514 ], [ -75.199782, 39.943796 ], [ -75.199783, 39.943797 ], [ -75.199783, 39.943797 ], [ -75.200671, 39.943944 ], [ -75.200672, 39.943944 ], [ -75.200673, 39.943944 ], [ -75.200673, 39.943944 ], [ -75.200674, 39.943944 ], [ -75.202341, 39.943771 ], [ -75.202342, 39.943771 ], [ -75.202342, 39.943771 ], [ -75.203209, 39.943554 ], [ -75.20321, 39.943554 ], [ -75.20321, 39.943554 ], [ -75.203863, 39.943259 ], [ -75.203863, 39.943258 ], [ -75.204155, 39.943087 ], [ -75.204155, 39.943086 ], [ -75.204602, 39.942766 ], [ -75.204602, 39.942765 ], [ -75.204603, 39.942765 ], [ -75.204961, 39.942339 ], [ -75.204962, 39.942339 ], [ -75.204962, 39.942338 ], [ -75.204962, 39.942338 ], [ -75.204963, 39.942337 ], [ -75.204963, 39.942337 ], [ -75.205078, 39.941254 ], [ -75.205105, 39.941 ], [ -75.205105, 39.941 ], [ -75.205125, 39.940813 ], [ -75.205133, 39.940738 ], [ -75.205133, 39.940738 ], [ -75.20518, 39.938863 ], [ -75.20518, 39.938863 ], [ -75.205272, 39.937685 ], [ -75.205272, 39.937684 ], [ -75.205308, 39.936737 ], [ -75.205308, 39.936736 ], [ -75.205352, 39.936187 ], [ -75.205352, 39.936187 ], [ -75.205483, 39.935689 ], [ -75.205483, 39.935688 ], [ -75.205519, 39.93561 ], [ -75.205519, 39.93561 ], [ -75.205589, 39.935473 ], [ -75.205589, 39.935473 ], [ -75.205695, 39.935257 ], [ -75.205695, 39.935257 ], [ -75.205695, 39.935256 ], [ -75.205882, 39.935031 ], [ -75.205971, 39.934924 ], [ -75.205972, 39.934923 ], [ -75.208271, 39.93252 ], [ -75.208271, 39.932519 ], [ -75.209955, 39.930556 ], [ -75.209955, 39.930555 ], [ -75.209955, 39.930555 ], [ -75.209956, 39.930554 ], [ -75.209956, 39.930554 ], [ -75.209962, 39.930527 ], [ -75.209962, 39.930527 ], [ -75.209962, 39.930527 ], [ -75.209989, 39.930495 ], [ -75.20999, 39.930495 ], [ -75.20999, 39.930495 ], [ -75.211005, 39.928684 ], [ -75.211339, 39.928089 ], [ -75.211339, 39.928089 ], [ -75.211809, 39.927249 ], [ -75.211809, 39.927249 ], [ -75.211918, 39.927053 ], [ -75.211918, 39.927052 ], [ -75.212378, 39.925904 ], [ -75.212378, 39.925904 ], [ -75.21238, 39.925901 ], [ -75.21238, 39.9259 ], [ -75.21238, 39.9259 ], [ -75.21238, 39.925899 ], [ -75.21238, 39.925899 ], [ -75.212355, 39.924381 ], [ -75.212355, 39.924381 ], [ -75.21235, 39.924219 ], [ -75.21235, 39.924219 ], [ -75.21235, 39.924218 ], [ -75.212043, 39.923284 ], [ -75.212043, 39.923283 ], [ -75.211841, 39.922778 ], [ -75.211841, 39.922777 ], [ -75.21184, 39.922777 ], [ -75.21184, 39.922776 ], [ -75.21184, 39.922776 ], [ -75.211839, 39.922775 ], [ -75.211839, 39.922775 ], [ -75.211839, 39.922775 ], [ -75.211839, 39.922775 ], [ -75.211312, 39.922131 ], [ -75.211312, 39.92213 ], [ -75.211092, 39.921914 ], [ -75.211092, 39.921914 ], [ -75.211091, 39.921914 ], [ -75.210582, 39.921575 ], [ -75.210581, 39.921574 ], [ -75.210512, 39.921537 ], [ -75.210512, 39.921537 ], [ -75.210183, 39.921338 ], [ -75.210182, 39.921338 ], [ -75.210182, 39.921338 ], [ -75.209672, 39.921117 ], [ -75.209671, 39.921116 ], [ -75.209671, 39.921116 ], [ -75.209112, 39.920979 ], [ -75.209111, 39.920979 ], [ -75.20878, 39.920925 ], [ -75.208779, 39.920925 ], [ -75.208275, 39.920895 ], [ -75.208274, 39.920895 ], [ -75.208261, 39.920893 ], [ -75.20826, 39.920893 ], [ -75.20826, 39.920893 ], [ -75.208093, 39.920895 ], [ -75.208092, 39.920895 ], [ -75.206425, 39.921003 ], [ -75.205525, 39.921061 ], [ -75.205525, 39.921061 ], [ -75.20487, 39.92109 ], [ -75.20487, 39.92109 ], [ -75.204395, 39.921111 ], [ -75.204394, 39.921111 ], [ -75.20406, 39.921092 ], [ -75.20406, 39.921092 ], [ -75.20406, 39.921092 ], [ -75.203669, 39.921015 ], [ -75.203669, 39.921015 ], [ -75.203057, 39.92088 ], [ -75.203057, 39.92088 ], [ -75.203038, 39.920876 ], [ -75.203037, 39.920876 ], [ -75.203037, 39.920876 ], [ -75.202809, 39.920776 ], [ -75.202809, 39.920776 ], [ -75.202809, 39.920776 ], [ -75.202228, 39.920391 ], [ -75.202228, 39.920391 ], [ -75.202228, 39.920391 ], [ -75.201903, 39.920039 ], [ -75.201903, 39.920039 ], [ -75.201902, 39.920039 ], [ -75.201872, 39.919965 ], [ -75.201871, 39.919964 ], [ -75.20187, 39.919962 ], [ -75.20187, 39.919961 ], [ -75.201868, 39.919957 ], [ -75.201868, 39.919957 ], [ -75.20177, 39.919709 ], [ -75.20177, 39.919709 ], [ -75.201741, 39.919636 ], [ -75.201699, 39.919529 ], [ -75.201699, 39.919529 ], [ -75.201699, 39.919529 ], [ -75.201697, 39.919205 ], [ -75.201697, 39.919205 ], [ -75.201697, 39.919205 ], [ -75.201781, 39.918753 ], [ -75.201781, 39.918752 ], [ -75.201781, 39.918752 ], [ -75.201871, 39.918588 ], [ -75.202302, 39.917811 ], [ -75.202302, 39.917811 ], [ -75.20254, 39.917345 ], [ -75.203252, 39.915969 ], [ -75.203428, 39.91563 ], [ -75.203428, 39.915629 ], [ -75.204025, 39.914548 ], [ -75.204025, 39.914548 ], [ -75.204454, 39.913768 ], [ -75.20474, 39.913258 ], [ -75.20474, 39.913258 ], [ -75.204899, 39.912974 ], [ -75.204899, 39.912973 ], [ -75.20542, 39.912262 ], [ -75.20542, 39.912261 ], [ -75.2064, 39.911134 ], [ -75.2064, 39.911134 ], [ -75.2064, 39.911134 ], [ -75.206827, 39.910903 ], [ -75.206827, 39.910903 ], [ -75.206828, 39.910903 ], [ -75.20777, 39.910579 ], [ -75.20777, 39.910579 ], [ -75.207771, 39.910579 ], [ -75.209899, 39.91053 ], [ -75.2099, 39.91053 ], [ -75.212543, 39.910671 ], [ -75.212543, 39.910671 ], [ -75.212544, 39.910671 ], [ -75.212545, 39.910671 ], [ -75.213055, 39.910585 ], [ -75.213835, 39.910454 ], [ -75.213835, 39.910454 ], [ -75.213836, 39.910454 ], [ -75.213837, 39.910454 ], [ -75.214729, 39.910078 ], [ -75.21473, 39.910077 ], [ -75.21473, 39.910077 ], [ -75.214731, 39.910077 ], [ -75.214731, 39.910076 ], [ -75.214732, 39.910076 ], [ -75.215126, 39.90964 ], [ -75.215127, 39.909639 ], [ -75.215359, 39.90928 ], [ -75.215359, 39.90928 ], [ -75.21536, 39.909279 ], [ -75.215634, 39.908369 ], [ -75.215634, 39.908368 ], [ -75.215634, 39.908368 ], [ -75.21566, 39.907014 ], [ -75.21566, 39.907014 ], [ -75.215626, 39.90604 ], [ -75.215626, 39.906039 ], [ -75.215464, 39.9049 ], [ -75.215464, 39.9049 ], [ -75.215416, 39.904642 ], [ -75.215416, 39.904642 ], [ -75.215031, 39.903108 ], [ -75.215031, 39.903108 ], [ -75.214447, 39.901088 ], [ -75.214447, 39.901088 ], [ -75.214447, 39.901087 ], [ -75.21403, 39.900431 ], [ -75.214029, 39.90043 ], [ -75.213401, 39.899696 ], [ -75.213401, 39.899696 ], [ -75.212705, 39.898817 ], [ -75.212704, 39.898817 ], [ -75.212254, 39.898288 ], [ -75.212253, 39.898287 ], [ -75.211801, 39.897844 ], [ -75.211626, 39.897671 ], [ -75.211626, 39.897671 ], [ -75.210898, 39.896959 ], [ -75.210898, 39.896958 ], [ -75.210154, 39.896278 ], [ -75.210154, 39.896278 ], [ -75.210153, 39.896277 ], [ -75.210153, 39.896277 ], [ -75.207706, 39.895158 ], [ -75.207705, 39.895158 ], [ -75.207705, 39.895158 ], [ -75.207704, 39.895157 ], [ -75.205298, 39.894615 ], [ -75.205297, 39.894615 ], [ -75.202338, 39.894194 ], [ -75.202338, 39.894194 ], [ -75.200443, 39.893956 ], [ -75.200443, 39.893955 ], [ -75.200443, 39.893955 ], [ -75.198675, 39.893475 ], [ -75.198675, 39.893475 ], [ -75.198675, 39.893475 ], [ -75.197647, 39.892993 ], [ -75.197646, 39.892992 ], [ -75.197646, 39.892992 ], [ -75.197331, 39.892764 ], [ -75.197331, 39.892764 ], [ -75.19711, 39.892606 ], [ -75.196803, 39.892385 ], [ -75.196803, 39.892384 ], [ -75.195468, 39.891136 ], [ -75.195468, 39.891136 ], [ -75.195468, 39.891135 ], [ -75.195156, 39.890049 ], [ -75.195156, 39.890049 ], [ -75.194813, 39.88712 ], [ -75.194813, 39.88712 ], [ -75.19462, 39.884578 ], [ -75.19462, 39.884577 ], [ -75.193514, 39.880115 ], [ -75.193513, 39.880115 ], [ -75.192919, 39.878381 ], [ -75.192919, 39.878381 ], [ -75.192919, 39.878381 ], [ -75.193252, 39.878192 ], [ -75.194308, 39.877593 ], [ -75.194309, 39.877592 ], [ -75.1974, 39.875286 ], [ -75.1974, 39.875286 ], [ -75.1974, 39.875286 ], [ -75.204477, 39.871465 ], [ -75.204478, 39.871465 ], [ -75.211467, 39.867014 ], [ -75.211467, 39.867014 ], [ -75.211467, 39.867014 ], [ -75.21604, 39.871124 ], [ -75.21604, 39.871124 ], [ -75.21604, 39.871124 ], [ -75.215729, 39.876026 ], [ -75.215724, 39.876096 ], [ -75.215724, 39.876096 ], [ -75.215724, 39.876105 ], [ -75.215724, 39.876106 ], [ -75.215724, 39.876106 ], [ -75.215724, 39.876107 ], [ -75.215725, 39.876107 ], [ -75.215725, 39.876108 ], [ -75.215725, 39.876108 ], [ -75.215726, 39.876109 ], [ -75.215726, 39.876109 ], [ -75.215727, 39.876109 ], [ -75.215727, 39.87611 ], [ -75.215728, 39.87611 ], [ -75.215728, 39.87611 ], [ -75.215729, 39.87611 ], [ -75.21573, 39.876111 ], [ -75.215731, 39.876111 ], [ -75.215731, 39.876111 ], [ -75.215732, 39.876111 ], [ -75.215733, 39.876111 ], [ -75.215733, 39.87611 ], [ -75.215902, 39.876069 ], [ -75.215902, 39.876069 ], [ -75.216049, 39.876033 ], [ -75.216049, 39.876033 ], [ -75.216206, 39.876 ], [ -75.216206, 39.876 ], [ -75.216349, 39.875967 ], [ -75.216349, 39.875967 ], [ -75.216373, 39.875962 ], [ -75.216373, 39.875962 ], [ -75.216847, 39.875852 ], [ -75.216847, 39.875852 ], [ -75.217016, 39.875816 ], [ -75.217016, 39.875816 ], [ -75.217517, 39.875756 ], [ -75.217518, 39.875756 ], [ -75.217704, 39.87573 ], [ -75.217704, 39.875729 ], [ -75.217861, 39.87571 ], [ -75.217861, 39.87571 ], [ -75.218037, 39.875692 ], [ -75.218037, 39.875692 ], [ -75.21832, 39.875687 ], [ -75.21832, 39.875687 ], [ -75.21832, 39.875687 ], [ -75.218332, 39.875688 ], [ -75.218333, 39.875688 ], [ -75.218333, 39.875688 ], [ -75.218796, 39.875682 ], [ -75.218796, 39.875682 ], [ -75.218826, 39.875682 ], [ -75.218827, 39.875682 ], [ -75.218887, 39.875683 ], [ -75.218887, 39.875683 ], [ -75.218888, 39.875683 ], [ -75.218922, 39.87568 ], [ -75.218923, 39.87568 ], [ -75.218924, 39.875679 ], [ -75.219243, 39.875601 ], [ -75.219446, 39.875552 ], [ -75.219446, 39.875552 ], [ -75.219623, 39.875513 ], [ -75.219624, 39.875512 ], [ -75.219624, 39.875512 ], [ -75.219625, 39.875512 ], [ -75.219649, 39.875501 ], [ -75.21965, 39.875501 ], [ -75.21965, 39.875501 ], [ -75.219707, 39.875485 ], [ -75.219707, 39.875485 ], [ -75.219707, 39.875485 ], [ -75.219737, 39.875483 ], [ -75.219738, 39.875483 ], [ -75.219738, 39.875483 ], [ -75.219772, 39.87549 ], [ -75.219773, 39.87549 ], [ -75.220867, 39.87558 ], [ -75.221043, 39.875595 ], [ -75.221233, 39.875611 ], [ -75.221233, 39.875611 ], [ -75.221281, 39.875616 ], [ -75.221281, 39.875616 ], [ -75.222086, 39.875683 ], [ -75.222086, 39.875683 ], [ -75.222701, 39.87574 ], [ -75.222701, 39.87574 ], [ -75.222873, 39.87576 ], [ -75.22307, 39.875783 ], [ -75.22307, 39.875783 ], [ -75.223183, 39.875797 ], [ -75.223769, 39.875867 ], [ -75.223769, 39.875868 ], [ -75.224655, 39.876033 ], [ -75.224656, 39.876033 ], [ -75.224859, 39.876069 ], [ -75.224859, 39.876069 ], [ -75.225031, 39.876103 ], [ -75.225031, 39.876103 ], [ -75.225954, 39.876275 ], [ -75.225955, 39.876275 ], [ -75.226845, 39.876412 ], [ -75.226846, 39.876412 ], [ -75.226892, 39.876414 ], [ -75.226892, 39.876414 ], [ -75.227121, 39.876445 ], [ -75.228474, 39.87664 ], [ -75.228727, 39.876677 ], [ -75.228727, 39.876677 ], [ -75.228908, 39.876702 ], [ -75.229987, 39.876856 ], [ -75.229988, 39.876856 ], [ -75.230478, 39.876898 ], [ -75.230478, 39.876898 ], [ -75.230647, 39.876911 ], [ -75.230849, 39.876928 ], [ -75.230849, 39.876928 ], [ -75.230998, 39.876943 ], [ -75.230998, 39.876943 ], [ -75.231059, 39.876948 ], [ -75.231059, 39.876948 ], [ -75.231872, 39.877019 ], [ -75.231872, 39.877019 ], [ -75.231931, 39.877026 ], [ -75.231931, 39.877026 ], [ -75.232313, 39.877066 ], [ -75.232313, 39.877066 ], [ -75.232551, 39.877091 ], [ -75.232551, 39.877091 ], [ -75.232659, 39.877103 ], [ -75.232659, 39.877103 ], [ -75.232817, 39.87712 ], [ -75.232817, 39.87712 ], [ -75.232993, 39.877137 ], [ -75.232993, 39.877137 ], [ -75.233273, 39.877164 ], [ -75.233273, 39.877164 ], [ -75.233958, 39.877187 ], [ -75.233958, 39.877187 ], [ -75.234021, 39.877189 ], [ -75.234021, 39.877189 ], [ -75.234123, 39.87719 ], [ -75.234124, 39.87719 ], [ -75.234124, 39.87719 ], [ -75.234125, 39.877189 ], [ -75.234306, 39.877146 ], [ -75.234306, 39.877146 ], [ -75.234484, 39.877104 ], [ -75.234484, 39.877104 ], [ -75.234655, 39.877063 ], [ -75.234655, 39.877063 ], [ -75.234687, 39.877055 ], [ -75.234687, 39.877055 ], [ -75.235026, 39.876973 ], [ -75.235027, 39.876973 ], [ -75.235027, 39.876973 ], [ -75.23554, 39.876761 ], [ -75.235541, 39.876761 ], [ -75.235541, 39.87676 ], [ -75.235798, 39.876588 ], [ -75.235798, 39.876588 ], [ -75.23593, 39.876497 ], [ -75.236053, 39.876414 ], [ -75.236371, 39.876198 ], [ -75.236372, 39.876197 ], [ -75.236372, 39.876197 ], [ -75.236373, 39.876196 ], [ -75.236373, 39.876196 ], [ -75.236642, 39.875746 ], [ -75.236716, 39.875624 ], [ -75.236716, 39.875623 ], [ -75.236777, 39.875483 ], [ -75.236934, 39.875126 ], [ -75.236934, 39.875126 ], [ -75.236934, 39.875126 ], [ -75.237499, 39.87509 ], [ -75.2375, 39.87509 ], [ -75.2375, 39.87509 ], [ -75.237501, 39.87509 ], [ -75.237502, 39.87509 ], [ -75.237502, 39.87509 ], [ -75.237503, 39.875089 ], [ -75.237503, 39.875089 ], [ -75.237504, 39.875088 ], [ -75.237504, 39.875088 ], [ -75.237591, 39.874993 ], [ -75.237591, 39.874993 ], [ -75.237591, 39.874993 ], [ -75.237592, 39.874992 ], [ -75.237592, 39.874992 ], [ -75.237592, 39.874991 ], [ -75.237592, 39.874991 ], [ -75.237592, 39.87499 ], [ -75.237592, 39.874989 ], [ -75.237592, 39.874989 ], [ -75.237591, 39.874988 ], [ -75.237591, 39.874988 ], [ -75.237591, 39.874987 ], [ -75.237539, 39.874921 ], [ -75.237539, 39.874921 ], [ -75.237503, 39.874876 ], [ -75.237503, 39.874876 ], [ -75.237463, 39.874813 ], [ -75.237463, 39.874813 ], [ -75.237463, 39.874813 ], [ -75.238112, 39.874603 ], [ -75.238112, 39.874603 ], [ -75.238113, 39.874603 ], [ -75.238114, 39.874602 ], [ -75.238114, 39.874602 ], [ -75.238115, 39.874601 ], [ -75.238115, 39.874601 ], [ -75.238247, 39.874456 ], [ -75.238247, 39.874456 ], [ -75.238327, 39.874372 ], [ -75.238327, 39.874372 ], [ -75.238379, 39.874312 ], [ -75.238379, 39.874312 ], [ -75.238691, 39.873968 ], [ -75.238691, 39.873968 ], [ -75.238692, 39.873968 ], [ -75.238994, 39.873847 ], [ -75.238994, 39.873846 ], [ -75.238995, 39.873846 ], [ -75.238995, 39.873846 ], [ -75.238996, 39.873845 ], [ -75.238996, 39.873845 ], [ -75.238996, 39.873845 ], [ -75.239175, 39.873618 ], [ -75.239175, 39.873618 ], [ -75.239263, 39.8735 ], [ -75.239263, 39.8735 ], [ -75.239349, 39.873381 ], [ -75.239349, 39.873381 ], [ -75.239405, 39.873308 ], [ -75.239405, 39.873308 ], [ -75.239406, 39.873308 ], [ -75.240098, 39.873041 ], [ -75.240098, 39.873041 ], [ -75.240099, 39.87304 ], [ -75.240099, 39.87304 ], [ -75.2401, 39.87304 ], [ -75.2401, 39.873039 ], [ -75.240101, 39.873039 ], [ -75.240101, 39.873038 ], [ -75.240101, 39.873038 ], [ -75.240101, 39.873037 ], [ -75.240102, 39.873037 ], [ -75.240102, 39.873036 ], [ -75.240108, 39.872868 ], [ -75.240108, 39.872868 ], [ -75.240104, 39.87274 ], [ -75.240104, 39.87274 ], [ -75.240102, 39.872639 ], [ -75.240102, 39.872638 ], [ -75.240103, 39.872607 ], [ -75.240103, 39.872607 ], [ -75.240103, 39.872607 ], [ -75.240474, 39.872391 ], [ -75.240475, 39.872391 ], [ -75.240475, 39.872391 ], [ -75.2409, 39.872409 ], [ -75.2409, 39.872409 ], [ -75.24094, 39.872414 ], [ -75.240941, 39.872414 ], [ -75.241091, 39.872447 ], [ -75.241091, 39.872447 ], [ -75.241218, 39.872475 ], [ -75.241218, 39.872475 ], [ -75.241374, 39.872511 ], [ -75.241374, 39.872511 ], [ -75.241421, 39.87252 ], [ -75.241422, 39.87252 ], [ -75.241558, 39.872549 ], [ -75.241558, 39.87255 ], [ -75.241748, 39.872595 ], [ -75.241748, 39.872595 ], [ -75.241749, 39.872595 ], [ -75.242221, 39.872786 ], [ -75.242221, 39.872786 ], [ -75.242293, 39.872818 ], [ -75.242293, 39.872818 ], [ -75.242571, 39.872964 ], [ -75.242696, 39.873032 ], [ -75.242697, 39.873032 ], [ -75.242731, 39.873049 ], [ -75.242731, 39.873049 ], [ -75.246738, 39.875078 ], [ -75.246738, 39.875078 ], [ -75.246738, 39.875078 ], [ -75.246777, 39.875112 ], [ -75.246778, 39.875112 ], [ -75.246828, 39.875153 ], [ -75.246828, 39.875153 ], [ -75.248429, 39.876493 ], [ -75.24843, 39.876493 ], [ -75.248431, 39.876494 ], [ -75.248431, 39.876494 ], [ -75.248432, 39.876494 ], [ -75.248432, 39.876494 ], [ -75.248433, 39.876494 ], [ -75.248434, 39.876495 ], [ -75.248435, 39.876495 ], [ -75.248435, 39.876495 ], [ -75.248436, 39.876495 ], [ -75.248563, 39.876476 ], [ -75.252259, 39.875947 ], [ -75.252259, 39.875947 ], [ -75.252259, 39.875947 ], [ -75.262531, 39.876571 ], [ -75.262532, 39.876571 ], [ -75.262532, 39.876571 ], [ -75.264835, 39.880655 ], [ -75.264835, 39.880656 ], [ -75.265004, 39.880991 ], [ -75.265004, 39.880991 ], [ -75.265004, 39.880992 ], [ -75.265113, 39.881665 ], [ -75.265113, 39.881665 ], [ -75.265113, 39.881665 ], [ -75.264548, 39.882122 ], [ -75.264548, 39.882123 ], [ -75.264547, 39.882123 ], [ -75.264301, 39.88225 ], [ -75.2643, 39.88225 ], [ -75.2643, 39.88225 ], [ -75.263083, 39.882364 ], [ -75.263083, 39.882364 ], [ -75.263082, 39.882364 ], [ -75.262268, 39.882579 ], [ -75.262267, 39.882579 ], [ -75.262266, 39.88258 ], [ -75.262266, 39.88258 ], [ -75.262265, 39.88258 ], [ -75.262265, 39.882581 ], [ -75.262264, 39.882581 ], [ -75.261948, 39.882896 ], [ -75.261948, 39.882896 ], [ -75.261947, 39.882897 ], [ -75.261947, 39.882897 ], [ -75.261947, 39.882898 ], [ -75.261888, 39.883075 ], [ -75.261888, 39.883076 ], [ -75.261888, 39.883076 ], [ -75.261888, 39.883077 ], [ -75.261888, 39.883077 ], [ -75.261888, 39.883078 ], [ -75.261888, 39.883078 ], [ -75.261966, 39.883246 ], [ -75.261966, 39.883247 ], [ -75.261967, 39.883247 ], [ -75.261967, 39.883248 ], [ -75.261968, 39.883248 ], [ -75.262432, 39.883641 ], [ -75.262433, 39.883641 ], [ -75.262433, 39.883642 ], [ -75.262434, 39.883642 ], [ -75.262434, 39.883642 ], [ -75.262435, 39.883643 ], [ -75.264135, 39.884142 ], [ -75.264135, 39.884142 ], [ -75.264135, 39.884142 ], [ -75.264446, 39.884323 ], [ -75.264446, 39.884323 ], [ -75.264446, 39.884323 ], [ -75.264641, 39.884742 ], [ -75.264641, 39.884742 ], [ -75.264641, 39.884742 ], [ -75.264228, 39.88501 ], [ -75.264228, 39.88501 ], [ -75.264228, 39.88501 ], [ -75.263156, 39.885309 ], [ -75.263155, 39.88531 ], [ -75.263155, 39.88531 ], [ -75.263154, 39.88531 ], [ -75.262732, 39.885562 ], [ -75.262732, 39.885562 ], [ -75.262731, 39.885562 ], [ -75.262731, 39.885563 ], [ -75.26273, 39.885563 ], [ -75.26273, 39.885564 ], [ -75.26273, 39.885564 ], [ -75.26262, 39.885811 ], [ -75.26262, 39.885812 ], [ -75.26262, 39.885812 ], [ -75.26262, 39.885813 ], [ -75.26262, 39.885813 ], [ -75.26262, 39.885814 ], [ -75.26262, 39.885814 ], [ -75.262684, 39.886032 ], [ -75.262684, 39.886032 ], [ -75.262684, 39.886033 ], [ -75.262685, 39.886033 ], [ -75.262685, 39.886034 ], [ -75.262686, 39.886034 ], [ -75.262686, 39.886035 ], [ -75.262687, 39.886035 ], [ -75.262687, 39.886035 ], [ -75.262804, 39.886091 ], [ -75.262805, 39.886091 ], [ -75.262805, 39.886091 ], [ -75.262806, 39.886091 ], [ -75.262806, 39.886092 ], [ -75.262807, 39.886092 ], [ -75.263684, 39.886153 ], [ -75.263685, 39.886153 ], [ -75.263686, 39.886153 ], [ -75.263687, 39.886153 ], [ -75.263983, 39.886105 ], [ -75.263983, 39.886105 ], [ -75.263983, 39.886105 ], [ -75.264284, 39.8862 ], [ -75.264284, 39.886201 ], [ -75.264285, 39.886201 ], [ -75.264799, 39.886453 ], [ -75.264799, 39.886453 ], [ -75.264799, 39.886453 ], [ -75.264853, 39.886545 ], [ -75.264853, 39.886545 ], [ -75.264935, 39.886681 ], [ -75.264935, 39.886682 ], [ -75.265038, 39.886841 ], [ -75.265038, 39.886842 ], [ -75.265108, 39.886989 ], [ -75.265108, 39.886989 ], [ -75.265108, 39.886989 ], [ -75.265137, 39.887164 ], [ -75.265137, 39.887164 ], [ -75.265137, 39.887164 ], [ -75.265131, 39.887338 ], [ -75.265131, 39.887338 ], [ -75.265098, 39.887544 ], [ -75.265098, 39.887545 ], [ -75.265098, 39.887545 ], [ -75.26498, 39.887762 ], [ -75.26498, 39.887762 ], [ -75.264879, 39.887928 ], [ -75.264879, 39.887928 ], [ -75.264879, 39.887929 ], [ -75.264727, 39.888089 ], [ -75.264727, 39.888089 ], [ -75.264597, 39.888226 ], [ -75.264597, 39.888226 ], [ -75.264597, 39.888226 ], [ -75.264449, 39.888341 ], [ -75.264449, 39.888341 ], [ -75.264449, 39.888341 ], [ -75.264262, 39.88842 ], [ -75.264262, 39.88842 ], [ -75.264262, 39.88842 ], [ -75.263998, 39.888476 ], [ -75.263998, 39.888476 ], [ -75.263998, 39.888476 ], [ -75.263728, 39.888494 ], [ -75.263728, 39.888494 ], [ -75.263728, 39.888494 ], [ -75.263378, 39.888468 ], [ -75.263378, 39.888468 ], [ -75.262979, 39.888421 ], [ -75.262979, 39.888421 ], [ -75.262684, 39.888365 ], [ -75.262683, 39.888364 ], [ -75.262682, 39.888364 ], [ -75.262681, 39.888364 ], [ -75.262681, 39.888364 ], [ -75.26268, 39.888365 ], [ -75.262679, 39.888365 ], [ -75.262477, 39.888427 ], [ -75.262477, 39.888427 ], [ -75.262476, 39.888427 ], [ -75.262475, 39.888427 ], [ -75.262475, 39.888428 ], [ -75.262296, 39.888557 ], [ -75.262295, 39.888557 ], [ -75.262295, 39.888558 ], [ -75.262294, 39.888558 ], [ -75.262294, 39.888559 ], [ -75.262202, 39.888713 ], [ -75.262202, 39.888713 ], [ -75.262201, 39.888714 ], [ -75.262135, 39.888926 ], [ -75.262135, 39.888927 ], [ -75.262098, 39.889161 ], [ -75.262098, 39.889162 ], [ -75.262083, 39.889374 ], [ -75.262083, 39.889374 ], [ -75.262089, 39.889684 ], [ -75.262089, 39.889685 ], [ -75.262102, 39.889915 ], [ -75.262102, 39.889916 ], [ -75.262125, 39.890112 ], [ -75.262125, 39.890112 ], [ -75.262125, 39.890112 ], [ -75.26211, 39.890286 ], [ -75.26211, 39.890287 ], [ -75.262105, 39.890482 ], [ -75.262105, 39.890483 ], [ -75.262105, 39.890483 ], [ -75.262038, 39.890706 ], [ -75.262038, 39.890706 ], [ -75.261884, 39.891315 ], [ -75.261884, 39.891316 ], [ -75.261857, 39.89146 ], [ -75.261857, 39.891461 ], [ -75.261792, 39.891633 ], [ -75.261792, 39.891633 ], [ -75.261734, 39.89179 ], [ -75.261734, 39.89179 ], [ -75.261734, 39.89179 ], [ -75.261607, 39.891898 ], [ -75.261607, 39.891898 ], [ -75.261607, 39.891899 ], [ -75.261507, 39.891953 ], [ -75.261507, 39.891953 ], [ -75.261507, 39.891953 ], [ -75.261315, 39.892 ], [ -75.261315, 39.892001 ], [ -75.261314, 39.892001 ], [ -75.2611, 39.892091 ], [ -75.261099, 39.892091 ], [ -75.261099, 39.892091 ], [ -75.260732, 39.89219 ], [ -75.260732, 39.89219 ], [ -75.260143, 39.892312 ], [ -75.260143, 39.892312 ], [ -75.259932, 39.892341 ], [ -75.259932, 39.892341 ], [ -75.259747, 39.892365 ], [ -75.259747, 39.892365 ], [ -75.259747, 39.892365 ], [ -75.259545, 39.892366 ], [ -75.259544, 39.892366 ], [ -75.259544, 39.892366 ], [ -75.259543, 39.892366 ], [ -75.259352, 39.892412 ], [ -75.259351, 39.892413 ], [ -75.259111, 39.892452 ], [ -75.25911, 39.892452 ], [ -75.259109, 39.892453 ], [ -75.259109, 39.892453 ], [ -75.259108, 39.892453 ], [ -75.25896, 39.892538 ], [ -75.25896, 39.892539 ], [ -75.25896, 39.892539 ], [ -75.25878, 39.892681 ], [ -75.25878, 39.892682 ], [ -75.258571, 39.892817 ], [ -75.25857, 39.892817 ], [ -75.25857, 39.892817 ], [ -75.258389, 39.892993 ], [ -75.258389, 39.892993 ], [ -75.258215, 39.893175 ], [ -75.258215, 39.893175 ], [ -75.258026, 39.893374 ], [ -75.257831, 39.893577 ], [ -75.257672, 39.893742 ], [ -75.257672, 39.893742 ], [ -75.257435, 39.894018 ], [ -75.257435, 39.894019 ], [ -75.256913, 39.894552 ], [ -75.256913, 39.894552 ], [ -75.256746, 39.894739 ], [ -75.256745, 39.89474 ], [ -75.256667, 39.89486 ], [ -75.256667, 39.894861 ], [ -75.256666, 39.894861 ], [ -75.256666, 39.894862 ], [ -75.256666, 39.894862 ], [ -75.256666, 39.894863 ], [ -75.256665, 39.894945 ], [ -75.256665, 39.894946 ], [ -75.256665, 39.894946 ], [ -75.256665, 39.894947 ], [ -75.256665, 39.894947 ], [ -75.256711, 39.895042 ], [ -75.256711, 39.895042 ], [ -75.256794, 39.8952 ], [ -75.256794, 39.8952 ], [ -75.256795, 39.895201 ], [ -75.256795, 39.895201 ], [ -75.25697, 39.895367 ], [ -75.25697, 39.895368 ], [ -75.256971, 39.895368 ], [ -75.257127, 39.895473 ], [ -75.257127, 39.895473 ], [ -75.257276, 39.895572 ], [ -75.257277, 39.895572 ], [ -75.257277, 39.895572 ], [ -75.257391, 39.895715 ], [ -75.257391, 39.895715 ], [ -75.257391, 39.895715 ], [ -75.257364, 39.895855 ], [ -75.257364, 39.895856 ], [ -75.257364, 39.895856 ], [ -75.257279, 39.896005 ], [ -75.257278, 39.896005 ], [ -75.257278, 39.896005 ], [ -75.25715, 39.896158 ], [ -75.25715, 39.896159 ], [ -75.256937, 39.896368 ], [ -75.256937, 39.896368 ], [ -75.256765, 39.896504 ], [ -75.256765, 39.896504 ], [ -75.256764, 39.896505 ], [ -75.256452, 39.896852 ], [ -75.256452, 39.896852 ], [ -75.256238, 39.897105 ], [ -75.256238, 39.897105 ], [ -75.256094, 39.8973 ], [ -75.256094, 39.8973 ], [ -75.255984, 39.897477 ], [ -75.255984, 39.897477 ], [ -75.255807, 39.897732 ], [ -75.255807, 39.897732 ], [ -75.255621, 39.897952 ], [ -75.255621, 39.897953 ], [ -75.25562, 39.897953 ], [ -75.255508, 39.898192 ], [ -75.255508, 39.898192 ], [ -75.255508, 39.898192 ], [ -75.255332, 39.89843 ], [ -75.255332, 39.89843 ], [ -75.255332, 39.89843 ], [ -75.255229, 39.8985 ], [ -75.255228, 39.8985 ], [ -75.255228, 39.898501 ], [ -75.255227, 39.898501 ], [ -75.255158, 39.898595 ], [ -75.255158, 39.898595 ], [ -75.2551, 39.89866 ], [ -75.2551, 39.89866 ], [ -75.255099, 39.898661 ], [ -75.255099, 39.898661 ], [ -75.255099, 39.898662 ], [ -75.255099, 39.898662 ], [ -75.255099, 39.898663 ], [ -75.255094, 39.898755 ], [ -75.255094, 39.898756 ], [ -75.255094, 39.898756 ], [ -75.255118, 39.898863 ], [ -75.255118, 39.898864 ], [ -75.255118, 39.898864 ], [ -75.255119, 39.898865 ], [ -75.255119, 39.898865 ], [ -75.255119, 39.898866 ], [ -75.255168, 39.89891 ], [ -75.255168, 39.89891 ], [ -75.255168, 39.89891 ], [ -75.255236, 39.899057 ], [ -75.255236, 39.899058 ], [ -75.255236, 39.899058 ], [ -75.255236, 39.899059 ], [ -75.255342, 39.899172 ], [ -75.255342, 39.899172 ], [ -75.25549, 39.899327 ], [ -75.25549, 39.899327 ], [ -75.255621, 39.899488 ], [ -75.255621, 39.899488 ], [ -75.255622, 39.899488 ], [ -75.255668, 39.899526 ], [ -75.255668, 39.899526 ], [ -75.255668, 39.899526 ], [ -75.255522, 39.899675 ], [ -75.255522, 39.899676 ], [ -75.255522, 39.899676 ], [ -75.255521, 39.899677 ], [ -75.255521, 39.899677 ], [ -75.255521, 39.899678 ], [ -75.255521, 39.899678 ], [ -75.255521, 39.899679 ], [ -75.255521, 39.899679 ], [ -75.255521, 39.89968 ], [ -75.255521, 39.89968 ], [ -75.255521, 39.899681 ], [ -75.255521, 39.899681 ], [ -75.255521, 39.899681 ], [ -75.253714, 39.901668 ], [ -75.253714, 39.901668 ], [ -75.251296, 39.904408 ], [ -75.251295, 39.904408 ], [ -75.251295, 39.904409 ], [ -75.251295, 39.904409 ], [ -75.251295, 39.90441 ], [ -75.251295, 39.90441 ], [ -75.251294, 39.904411 ], [ -75.251294, 39.904412 ], [ -75.251295, 39.904412 ], [ -75.251295, 39.904413 ], [ -75.251295, 39.904413 ], [ -75.251295, 39.904414 ], [ -75.251296, 39.904414 ], [ -75.251296, 39.904414 ], [ -75.251296, 39.904415 ], [ -75.251297, 39.904415 ], [ -75.251298, 39.904416 ], [ -75.253491, 39.905597 ], [ -75.253491, 39.905597 ], [ -75.253491, 39.905597 ], [ -75.252478, 39.906637 ], [ -75.252478, 39.906637 ], [ -75.252478, 39.906637 ], [ -75.252396, 39.90664 ], [ -75.252395, 39.90664 ], [ -75.252154, 39.906669 ], [ -75.252154, 39.906669 ], [ -75.251993, 39.906693 ], [ -75.251992, 39.906693 ], [ -75.251758, 39.906751 ], [ -75.251757, 39.906751 ], [ -75.251756, 39.906752 ], [ -75.251756, 39.906752 ], [ -75.25163, 39.906821 ], [ -75.251629, 39.906822 ], [ -75.2515, 39.906908 ], [ -75.2515, 39.906908 ], [ -75.251306, 39.907039 ], [ -75.251306, 39.90704 ], [ -75.251058, 39.907185 ], [ -75.250872, 39.907292 ], [ -75.250872, 39.907292 ], [ -75.250716, 39.907374 ], [ -75.250715, 39.907374 ], [ -75.250447, 39.907548 ], [ -75.250447, 39.907548 ], [ -75.25032, 39.907635 ], [ -75.25032, 39.907636 ], [ -75.250319, 39.907636 ], [ -75.250319, 39.907636 ], [ -75.250319, 39.907637 ], [ -75.250272, 39.907718 ], [ -75.250272, 39.907719 ], [ -75.250225, 39.907819 ], [ -75.250225, 39.907819 ], [ -75.250225, 39.90782 ], [ -75.250205, 39.907924 ], [ -75.250205, 39.907925 ], [ -75.250186, 39.908071 ], [ -75.250186, 39.908071 ], [ -75.250186, 39.908071 ], [ -75.2502, 39.908296 ], [ -75.2502, 39.908297 ], [ -75.250195, 39.908458 ], [ -75.250194, 39.908459 ], [ -75.250169, 39.908577 ], [ -75.250169, 39.908577 ], [ -75.250118, 39.908733 ], [ -75.250118, 39.908733 ], [ -75.250047, 39.908894 ], [ -75.250046, 39.908895 ], [ -75.250003, 39.909051 ], [ -75.250003, 39.909052 ], [ -75.250003, 39.909052 ], [ -75.249935, 39.909162 ], [ -75.249935, 39.909163 ], [ -75.249935, 39.909163 ], [ -75.249895, 39.909284 ], [ -75.249895, 39.909285 ], [ -75.249895, 39.909285 ], [ -75.249895, 39.909286 ], [ -75.249895, 39.909286 ], [ -75.249895, 39.909287 ], [ -75.24992, 39.909367 ], [ -75.24992, 39.909368 ], [ -75.24992, 39.909368 ], [ -75.249921, 39.909369 ], [ -75.249921, 39.909369 ], [ -75.249992, 39.909449 ], [ -75.249992, 39.90945 ], [ -75.249993, 39.90945 ], [ -75.250035, 39.909479 ], [ -75.250035, 39.909479 ], [ -75.250036, 39.909479 ], [ -75.250037, 39.90948 ], [ -75.250151, 39.909521 ], [ -75.250152, 39.909522 ], [ -75.250152, 39.909522 ], [ -75.250282, 39.909552 ], [ -75.250282, 39.909552 ], [ -75.250283, 39.909552 ], [ -75.250284, 39.909552 ], [ -75.250471, 39.909556 ], [ -75.250472, 39.909556 ], [ -75.250472, 39.909556 ], [ -75.250652, 39.909593 ], [ -75.250652, 39.909593 ], [ -75.250883, 39.90966 ], [ -75.250883, 39.90966 ], [ -75.251107, 39.909737 ], [ -75.251107, 39.909737 ], [ -75.251107, 39.909738 ], [ -75.251227, 39.909807 ], [ -75.251227, 39.909807 ], [ -75.251227, 39.909808 ], [ -75.251299, 39.909888 ], [ -75.251299, 39.909889 ], [ -75.251299, 39.909889 ], [ -75.251285, 39.910017 ], [ -75.251285, 39.910017 ], [ -75.251285, 39.910017 ], [ -75.251238, 39.910145 ], [ -75.251238, 39.910145 ], [ -75.251238, 39.910146 ], [ -75.251122, 39.910284 ], [ -75.251122, 39.910284 ], [ -75.251002, 39.910411 ], [ -75.251002, 39.910411 ], [ -75.250871, 39.910564 ], [ -75.250871, 39.910564 ], [ -75.250871, 39.910565 ], [ -75.250722, 39.910691 ], [ -75.250722, 39.910692 ], [ -75.250615, 39.9108 ], [ -75.250615, 39.910801 ], [ -75.250614, 39.910801 ], [ -75.250537, 39.910918 ], [ -75.250537, 39.910918 ], [ -75.250402, 39.911072 ], [ -75.250402, 39.911072 ], [ -75.250401, 39.911072 ], [ -75.250195, 39.911225 ], [ -75.250194, 39.911225 ], [ -75.250194, 39.911225 ], [ -75.249929, 39.91132 ], [ -75.249929, 39.91132 ], [ -75.24975, 39.911395 ], [ -75.249749, 39.911396 ], [ -75.249521, 39.911503 ], [ -75.249521, 39.911503 ], [ -75.249335, 39.911577 ], [ -75.249334, 39.911577 ], [ -75.249164, 39.911663 ], [ -75.249163, 39.911663 ], [ -75.248985, 39.911771 ], [ -75.248985, 39.911772 ], [ -75.248857, 39.911875 ], [ -75.248857, 39.911876 ], [ -75.248856, 39.911876 ], [ -75.248856, 39.911876 ], [ -75.248765, 39.912002 ], [ -75.248765, 39.912003 ], [ -75.248764, 39.912003 ], [ -75.248764, 39.912004 ], [ -75.248723, 39.91216 ], [ -75.248723, 39.91216 ], [ -75.248687, 39.912322 ], [ -75.248687, 39.912322 ], [ -75.248687, 39.912323 ], [ -75.248599, 39.912522 ], [ -75.248599, 39.912522 ], [ -75.24856, 39.912623 ], [ -75.24856, 39.912623 ], [ -75.248511, 39.91274 ], [ -75.248511, 39.91274 ], [ -75.248511, 39.91274 ], [ -75.248433, 39.912856 ], [ -75.248433, 39.912857 ], [ -75.248378, 39.91295 ], [ -75.248378, 39.91295 ], [ -75.248378, 39.91295 ], [ -75.248297, 39.913026 ], [ -75.248297, 39.913027 ], [ -75.248213, 39.913093 ], [ -75.248212, 39.913093 ], [ -75.248212, 39.913093 ], [ -75.248058, 39.913181 ], [ -75.248058, 39.913181 ], [ -75.247832, 39.913298 ], [ -75.247832, 39.913298 ], [ -75.247604, 39.9134 ], [ -75.247603, 39.9134 ], [ -75.247402, 39.913514 ], [ -75.247402, 39.913514 ], [ -75.247402, 39.913514 ], [ -75.247205, 39.913587 ], [ -75.247204, 39.913587 ], [ -75.247203, 39.913588 ], [ -75.247203, 39.913588 ], [ -75.247202, 39.913588 ], [ -75.247202, 39.913589 ], [ -75.247118, 39.913687 ], [ -75.247117, 39.913687 ], [ -75.247117, 39.913688 ], [ -75.247071, 39.913787 ], [ -75.247071, 39.913788 ], [ -75.247071, 39.913788 ], [ -75.247071, 39.913789 ], [ -75.247066, 39.913916 ], [ -75.247066, 39.913917 ], [ -75.247066, 39.913917 ], [ -75.247066, 39.913918 ], [ -75.247119, 39.914052 ], [ -75.24712, 39.914052 ], [ -75.24712, 39.914053 ], [ -75.24712, 39.914053 ], [ -75.247226, 39.914173 ], [ -75.247226, 39.914173 ], [ -75.247337, 39.914307 ], [ -75.247337, 39.914307 ], [ -75.247489, 39.914541 ], [ -75.247489, 39.914542 ], [ -75.247496, 39.914558 ], [ -75.247496, 39.914558 ], [ -75.247497, 39.914559 ], [ -75.247497, 39.914559 ], [ -75.247498, 39.91456 ], [ -75.247498, 39.91456 ], [ -75.247499, 39.91456 ], [ -75.247554, 39.914591 ], [ -75.247555, 39.914591 ], [ -75.247634, 39.914646 ], [ -75.247635, 39.914646 ], [ -75.247635, 39.914646 ], [ -75.247708, 39.914731 ], [ -75.247708, 39.914732 ], [ -75.247708, 39.914732 ], [ -75.247718, 39.914847 ], [ -75.247718, 39.914847 ], [ -75.247718, 39.914847 ], [ -75.247657, 39.914964 ], [ -75.247657, 39.914964 ], [ -75.247657, 39.914964 ], [ -75.247558, 39.915088 ], [ -75.247558, 39.915088 ], [ -75.247557, 39.915088 ], [ -75.247489, 39.915222 ], [ -75.247488, 39.915223 ], [ -75.24735, 39.915409 ], [ -75.24735, 39.915409 ], [ -75.24719, 39.915641 ], [ -75.247189, 39.915642 ], [ -75.24714, 39.915736 ], [ -75.24714, 39.915737 ], [ -75.247059, 39.91586 ], [ -75.247058, 39.91586 ], [ -75.246991, 39.915939 ], [ -75.246991, 39.915939 ], [ -75.246923, 39.916015 ], [ -75.246923, 39.916015 ], [ -75.246845, 39.916097 ], [ -75.246845, 39.916097 ], [ -75.246785, 39.916173 ], [ -75.246785, 39.916174 ], [ -75.246785, 39.916174 ], [ -75.246756, 39.916241 ], [ -75.246756, 39.916241 ], [ -75.246756, 39.916242 ], [ -75.246756, 39.916242 ], [ -75.246756, 39.916243 ], [ -75.246766, 39.916338 ], [ -75.246766, 39.916338 ], [ -75.246789, 39.916458 ], [ -75.246789, 39.916458 ], [ -75.246789, 39.916459 ], [ -75.246836, 39.916569 ], [ -75.246836, 39.916569 ], [ -75.246879, 39.916715 ], [ -75.246879, 39.916716 ], [ -75.246942, 39.91688 ], [ -75.246963, 39.916935 ], [ -75.246963, 39.916935 ], [ -75.246964, 39.916936 ], [ -75.246964, 39.916936 ], [ -75.246964, 39.916936 ], [ -75.247003, 39.916976 ], [ -75.247003, 39.916976 ], [ -75.247004, 39.916977 ], [ -75.247041, 39.917 ], [ -75.247042, 39.917001 ], [ -75.247104, 39.917037 ], [ -75.247104, 39.917038 ], [ -75.247156, 39.917072 ], [ -75.247157, 39.917072 ], [ -75.247157, 39.917072 ], [ -75.247189, 39.917104 ], [ -75.247189, 39.917104 ], [ -75.247189, 39.917104 ], [ -75.247204, 39.917145 ], [ -75.247204, 39.917146 ], [ -75.247213, 39.917191 ], [ -75.247213, 39.917191 ], [ -75.247213, 39.917191 ], [ -75.247196, 39.917221 ], [ -75.247196, 39.917221 ], [ -75.247196, 39.917221 ], [ -75.247175, 39.917244 ], [ -75.247175, 39.917245 ], [ -75.247175, 39.917245 ], [ -75.247174, 39.917246 ], [ -75.247174, 39.917246 ], [ -75.247174, 39.917247 ], [ -75.247174, 39.917247 ], [ -75.247174, 39.917248 ], [ -75.247174, 39.917248 ], [ -75.247174, 39.917249 ], [ -75.24724, 39.917413 ], [ -75.24724, 39.917413 ], [ -75.247307, 39.917625 ], [ -75.247307, 39.917626 ], [ -75.247349, 39.917795 ], [ -75.247349, 39.917795 ], [ -75.247349, 39.917795 ], [ -75.24736, 39.918001 ], [ -75.24736, 39.918002 ], [ -75.247351, 39.918439 ], [ -75.247351, 39.918439 ], [ -75.247334, 39.918687 ], [ -75.247334, 39.918688 ], [ -75.247337, 39.918819 ], [ -75.247337, 39.918819 ], [ -75.247337, 39.91882 ], [ -75.247391, 39.919022 ], [ -75.247392, 39.919023 ], [ -75.2475, 39.91928 ], [ -75.2475, 39.91928 ], [ -75.2475, 39.919281 ], [ -75.247586, 39.919408 ], [ -75.247586, 39.919408 ], [ -75.247586, 39.919409 ], [ -75.247624, 39.919527 ], [ -75.247624, 39.919527 ], [ -75.247624, 39.919528 ], [ -75.247624, 39.919677 ], [ -75.247624, 39.919677 ], [ -75.247598, 39.919913 ], [ -75.247598, 39.919913 ], [ -75.247582, 39.91999 ], [ -75.247582, 39.919991 ], [ -75.247582, 39.919991 ], [ -75.24753, 39.920113 ], [ -75.24753, 39.920113 ], [ -75.247489, 39.920214 ], [ -75.247489, 39.920215 ], [ -75.247488, 39.920216 ], [ -75.247479, 39.920337 ], [ -75.247479, 39.920337 ], [ -75.247469, 39.920464 ], [ -75.247469, 39.920465 ], [ -75.247464, 39.920595 ], [ -75.247464, 39.920595 ], [ -75.24747, 39.920727 ], [ -75.24747, 39.920727 ], [ -75.247469, 39.920981 ], [ -75.247469, 39.920981 ], [ -75.247463, 39.921352 ], [ -75.247463, 39.921353 ], [ -75.247487, 39.921508 ], [ -75.247487, 39.921509 ], [ -75.247517, 39.921664 ], [ -75.247517, 39.921664 ], [ -75.247517, 39.921664 ], [ -75.247507, 39.921782 ], [ -75.247507, 39.921782 ], [ -75.247507, 39.921782 ], [ -75.247473, 39.921888 ], [ -75.247473, 39.921889 ], [ -75.247394, 39.922056 ], [ -75.247394, 39.922056 ], [ -75.247394, 39.922056 ], [ -75.247292, 39.922177 ], [ -75.247291, 39.922177 ], [ -75.247164, 39.922291 ], [ -75.247164, 39.922291 ], [ -75.24707, 39.922384 ], [ -75.24707, 39.922384 ], [ -75.246939, 39.922503 ], [ -75.246939, 39.922503 ], [ -75.246643, 39.922778 ], [ -75.246643, 39.922778 ], [ -75.246523, 39.922898 ], [ -75.246523, 39.922898 ], [ -75.246364, 39.923064 ], [ -75.246363, 39.923065 ], [ -75.246269, 39.923179 ], [ -75.246268, 39.923179 ], [ -75.246268, 39.923179 ], [ -75.246191, 39.923314 ], [ -75.24619, 39.923314 ], [ -75.24619, 39.923315 ], [ -75.24619, 39.923315 ], [ -75.24616, 39.923454 ], [ -75.24616, 39.923454 ], [ -75.246142, 39.923618 ], [ -75.246142, 39.923619 ], [ -75.246131, 39.923915 ], [ -75.246131, 39.923915 ], [ -75.246131, 39.923915 ], [ -75.246097, 39.924017 ], [ -75.246096, 39.924017 ], [ -75.246074, 39.924134 ], [ -75.246074, 39.924135 ], [ -75.246035, 39.924246 ], [ -75.246035, 39.924246 ], [ -75.245993, 39.924367 ], [ -75.245993, 39.924368 ], [ -75.245947, 39.924456 ], [ -75.245947, 39.924456 ], [ -75.245869, 39.924591 ], [ -75.245868, 39.924592 ], [ -75.245797, 39.924707 ], [ -75.245796, 39.924707 ], [ -75.245728, 39.924831 ], [ -75.245728, 39.924832 ], [ -75.245638, 39.924948 ], [ -75.245555, 39.925054 ], [ -75.245555, 39.925054 ], [ -75.245441, 39.925174 ], [ -75.24544, 39.925174 ], [ -75.245266, 39.925424 ], [ -75.245265, 39.925425 ], [ -75.2452, 39.925559 ], [ -75.2452, 39.925559 ], [ -75.24513, 39.92567 ], [ -75.24513, 39.92567 ], [ -75.245053, 39.925776 ], [ -75.245053, 39.925777 ], [ -75.244995, 39.925851 ], [ -75.244995, 39.925851 ], [ -75.244994, 39.925851 ], [ -75.24487, 39.925904 ], [ -75.244869, 39.925905 ], [ -75.244764, 39.925962 ], [ -75.244764, 39.925962 ], [ -75.244764, 39.925963 ], [ -75.244629, 39.926011 ], [ -75.244628, 39.926012 ], [ -75.244628, 39.926012 ], [ -75.244523, 39.926071 ], [ -75.244523, 39.926071 ], [ -75.244404, 39.926143 ], [ -75.244403, 39.926144 ], [ -75.244403, 39.926144 ], [ -75.244402, 39.926144 ], [ -75.244402, 39.926145 ], [ -75.244402, 39.926145 ], [ -75.244338, 39.926259 ], [ -75.244337, 39.926259 ], [ -75.244337, 39.92626 ], [ -75.244304, 39.92636 ], [ -75.244304, 39.926361 ], [ -75.244304, 39.926362 ], [ -75.244304, 39.926362 ], [ -75.244304, 39.926363 ], [ -75.244332, 39.926483 ], [ -75.244333, 39.926484 ], [ -75.244333, 39.926484 ], [ -75.244333, 39.926485 ], [ -75.244334, 39.926485 ], [ -75.244414, 39.926581 ], [ -75.244415, 39.926581 ], [ -75.244415, 39.926581 ], [ -75.244508, 39.926658 ], [ -75.244508, 39.926659 ], [ -75.244508, 39.926659 ], [ -75.244579, 39.926763 ], [ -75.244579, 39.926763 ], [ -75.244579, 39.926763 ], [ -75.244599, 39.926866 ], [ -75.244599, 39.926866 ], [ -75.244599, 39.926867 ], [ -75.244583, 39.927013 ], [ -75.244583, 39.927013 ], [ -75.244581, 39.927187 ], [ -75.244581, 39.927187 ], [ -75.244581, 39.927188 ], [ -75.244553, 39.927286 ], [ -75.244553, 39.927286 ], [ -75.2445, 39.927415 ], [ -75.2445, 39.927415 ], [ -75.244428, 39.927536 ], [ -75.244428, 39.927536 ], [ -75.244345, 39.927665 ], [ -75.244344, 39.927666 ], [ -75.244272, 39.927805 ], [ -75.244272, 39.927805 ], [ -75.244271, 39.927806 ], [ -75.2442, 39.927898 ], [ -75.2442, 39.927899 ], [ -75.244123, 39.928017 ], [ -75.244123, 39.928018 ], [ -75.244057, 39.928157 ], [ -75.244057, 39.928158 ], [ -75.244057, 39.928158 ], [ -75.244003, 39.928373 ], [ -75.244003, 39.928374 ], [ -75.243988, 39.928486 ], [ -75.243988, 39.928486 ], [ -75.243967, 39.928655 ], [ -75.243967, 39.928656 ], [ -75.243969, 39.928815 ], [ -75.243969, 39.928815 ], [ -75.243973, 39.929186 ], [ -75.243973, 39.929186 ], [ -75.243969, 39.929478 ], [ -75.243969, 39.929478 ], [ -75.243969, 39.929614 ], [ -75.243969, 39.929614 ], [ -75.243983, 39.929721 ], [ -75.243983, 39.929721 ], [ -75.243983, 39.929722 ], [ -75.244012, 39.929802 ], [ -75.244012, 39.929802 ], [ -75.244012, 39.929803 ], [ -75.244013, 39.929803 ], [ -75.244013, 39.929803 ], [ -75.244013, 39.929804 ], [ -75.244014, 39.929804 ], [ -75.244101, 39.929865 ], [ -75.244101, 39.929865 ], [ -75.244102, 39.929866 ], [ -75.24419, 39.92991 ], [ -75.24419, 39.92991 ], [ -75.244191, 39.92991 ], [ -75.244281, 39.929972 ], [ -75.244281, 39.929972 ], [ -75.244281, 39.929973 ], [ -75.244356, 39.930049 ], [ -75.244356, 39.93005 ], [ -75.244357, 39.93005 ], [ -75.244407, 39.930169 ], [ -75.244407, 39.930169 ], [ -75.244407, 39.930169 ], [ -75.244429, 39.930297 ], [ -75.244429, 39.930297 ], [ -75.244429, 39.930297 ], [ -75.244383, 39.930408 ], [ -75.244382, 39.930409 ], [ -75.244382, 39.930409 ], [ -75.244276, 39.930495 ], [ -75.244276, 39.930495 ], [ -75.244276, 39.930496 ], [ -75.244134, 39.930572 ], [ -75.244134, 39.930572 ], [ -75.243952, 39.930661 ], [ -75.243952, 39.930661 ], [ -75.243816, 39.930739 ], [ -75.243816, 39.930739 ], [ -75.243815, 39.93074 ], [ -75.243697, 39.930831 ], [ -75.243697, 39.930831 ], [ -75.243696, 39.930832 ], [ -75.243696, 39.930832 ], [ -75.243638, 39.930919 ], [ -75.243638, 39.930919 ], [ -75.243638, 39.93092 ], [ -75.243638, 39.93092 ], [ -75.243607, 39.931086 ], [ -75.243607, 39.931086 ], [ -75.243607, 39.931086 ], [ -75.24356, 39.931203 ], [ -75.243559, 39.931204 ], [ -75.243519, 39.931344 ], [ -75.243519, 39.931344 ], [ -75.243477, 39.931469 ], [ -75.243477, 39.931469 ], [ -75.243435, 39.931576 ], [ -75.243435, 39.931577 ], [ -75.243435, 39.931577 ], [ -75.24342, 39.931685 ], [ -75.24342, 39.931685 ], [ -75.243405, 39.931779 ], [ -75.243404, 39.93178 ], [ -75.243402, 39.931834 ], [ -75.243402, 39.931834 ], [ -75.243402, 39.931834 ], [ -75.243345, 39.931904 ], [ -75.243344, 39.931905 ], [ -75.243282, 39.931969 ], [ -75.243282, 39.931969 ], [ -75.243281, 39.931969 ], [ -75.243189, 39.932023 ], [ -75.243188, 39.932023 ], [ -75.243108, 39.932073 ], [ -75.243107, 39.932073 ], [ -75.243107, 39.932074 ], [ -75.243106, 39.932074 ], [ -75.243106, 39.932074 ], [ -75.243106, 39.932075 ], [ -75.243052, 39.932162 ], [ -75.243051, 39.932162 ], [ -75.243051, 39.932162 ], [ -75.242937, 39.932281 ], [ -75.242936, 39.932281 ], [ -75.242936, 39.932282 ], [ -75.242846, 39.932419 ], [ -75.242846, 39.93242 ], [ -75.242724, 39.932587 ], [ -75.242724, 39.932587 ], [ -75.242627, 39.932748 ], [ -75.242627, 39.932748 ], [ -75.242627, 39.932749 ], [ -75.24253, 39.932846 ], [ -75.24253, 39.932847 ], [ -75.242454, 39.932929 ], [ -75.242454, 39.932929 ], [ -75.242354, 39.933048 ], [ -75.242353, 39.933049 ], [ -75.242288, 39.933147 ], [ -75.242287, 39.933148 ], [ -75.242243, 39.933244 ], [ -75.242243, 39.933244 ], [ -75.242243, 39.933244 ], [ -75.242172, 39.933332 ], [ -75.242172, 39.933332 ], [ -75.242127, 39.933377 ], [ -75.242127, 39.933377 ], [ -75.242127, 39.933377 ], [ -75.242014, 39.933442 ], [ -75.242014, 39.933442 ], [ -75.242014, 39.933442 ], [ -75.241892, 39.933481 ], [ -75.241892, 39.933481 ], [ -75.241891, 39.933481 ], [ -75.24172, 39.933506 ], [ -75.241719, 39.933506 ], [ -75.241559, 39.933521 ], [ -75.241558, 39.933521 ], [ -75.241399, 39.93355 ], [ -75.241399, 39.93355 ], [ -75.24119, 39.933583 ], [ -75.24119, 39.933583 ], [ -75.240975, 39.933616 ], [ -75.240975, 39.933616 ], [ -75.240761, 39.933626 ], [ -75.240761, 39.933626 ], [ -75.240761, 39.933626 ], [ -75.240518, 39.933598 ], [ -75.240517, 39.933598 ], [ -75.240517, 39.933597 ], [ -75.240245, 39.93353 ], [ -75.240245, 39.93353 ], [ -75.239906, 39.933414 ], [ -75.239905, 39.933414 ], [ -75.239616, 39.933333 ], [ -75.239616, 39.933333 ], [ -75.239616, 39.933333 ], [ -75.239423, 39.933239 ], [ -75.239423, 39.933239 ], [ -75.239423, 39.933238 ], [ -75.239286, 39.933142 ], [ -75.239286, 39.933142 ], [ -75.239114, 39.933016 ], [ -75.239114, 39.933016 ], [ -75.238857, 39.932832 ], [ -75.238856, 39.932832 ], [ -75.238655, 39.932714 ], [ -75.238654, 39.932714 ], [ -75.238654, 39.932713 ], [ -75.238498, 39.93265 ], [ -75.238498, 39.93265 ], [ -75.238497, 39.93265 ], [ -75.238315, 39.932613 ], [ -75.238315, 39.932613 ], [ -75.238128, 39.932572 ], [ -75.238128, 39.932572 ], [ -75.237953, 39.932529 ], [ -75.237953, 39.932529 ], [ -75.237789, 39.932499 ], [ -75.237789, 39.932498 ], [ -75.237788, 39.932498 ], [ -75.237787, 39.932498 ], [ -75.237787, 39.932499 ], [ -75.237561, 39.93253 ], [ -75.23756, 39.93253 ], [ -75.23756, 39.932531 ], [ -75.237439, 39.932565 ], [ -75.237438, 39.932565 ], [ -75.237437, 39.932565 ], [ -75.237437, 39.932565 ], [ -75.237325, 39.932629 ], [ -75.237325, 39.93263 ], [ -75.237219, 39.932701 ], [ -75.237219, 39.932701 ], [ -75.237219, 39.932702 ], [ -75.237218, 39.932702 ], [ -75.237124, 39.932812 ], [ -75.237124, 39.932812 ], [ -75.237016, 39.932932 ], [ -75.237016, 39.932932 ], [ -75.236912, 39.93308 ], [ -75.236912, 39.933081 ], [ -75.236791, 39.933266 ], [ -75.236791, 39.933266 ], [ -75.23672, 39.933415 ], [ -75.23672, 39.933416 ], [ -75.236659, 39.933555 ], [ -75.236659, 39.933555 ], [ -75.236659, 39.933556 ], [ -75.236659, 39.933556 ], [ -75.236645, 39.933799 ], [ -75.236645, 39.9338 ], [ -75.236652, 39.933945 ], [ -75.236652, 39.933945 ], [ -75.236662, 39.934095 ], [ -75.236662, 39.934095 ], [ -75.236653, 39.934213 ], [ -75.236653, 39.934213 ], [ -75.236653, 39.934213 ], [ -75.236605, 39.934353 ], [ -75.236605, 39.934354 ], [ -75.236555, 39.934549 ], [ -75.236555, 39.934549 ], [ -75.236524, 39.934689 ], [ -75.236524, 39.93469 ], [ -75.23647, 39.934858 ], [ -75.23647, 39.934859 ], [ -75.236394, 39.935181 ], [ -75.236394, 39.935181 ], [ -75.236394, 39.935181 ], [ -75.23632, 39.935334 ], [ -75.23632, 39.935335 ], [ -75.23632, 39.935335 ], [ -75.236171, 39.935416 ], [ -75.236171, 39.935417 ], [ -75.236016, 39.935526 ], [ -75.236015, 39.935526 ], [ -75.235866, 39.935625 ], [ -75.235866, 39.935625 ], [ -75.235865, 39.935625 ], [ -75.235666, 39.93572 ], [ -75.235666, 39.93572 ], [ -75.23546, 39.935833 ], [ -75.23546, 39.935834 ], [ -75.235264, 39.93597 ], [ -75.235264, 39.935971 ], [ -75.234982, 39.93623 ], [ -75.234982, 39.936231 ], [ -75.234981, 39.936231 ], [ -75.234981, 39.936232 ], [ -75.234923, 39.936342 ], [ -75.234922, 39.936343 ], [ -75.234922, 39.936343 ], [ -75.234922, 39.936344 ], [ -75.234922, 39.936344 ], [ -75.234923, 39.93646 ], [ -75.234923, 39.93646 ], [ -75.234918, 39.936601 ], [ -75.234918, 39.936601 ], [ -75.234918, 39.936602 ], [ -75.234849, 39.936689 ], [ -75.234849, 39.936689 ], [ -75.234776, 39.936762 ], [ -75.234775, 39.936762 ], [ -75.234775, 39.936763 ], [ -75.234775, 39.936763 ], [ -75.234774, 39.936764 ], [ -75.234774, 39.936764 ], [ -75.234747, 39.936893 ], [ -75.234747, 39.936894 ], [ -75.234747, 39.936894 ], [ -75.234747, 39.936895 ], [ -75.234747, 39.936895 ], [ -75.234789, 39.93705 ], [ -75.234789, 39.93705 ], [ -75.234789, 39.937051 ], [ -75.234784, 39.937195 ], [ -75.234784, 39.937196 ], [ -75.234801, 39.937346 ], [ -75.234801, 39.937347 ], [ -75.234801, 39.937348 ], [ -75.234802, 39.937348 ], [ -75.234872, 39.937465 ], [ -75.234872, 39.937466 ], [ -75.234922, 39.937561 ], [ -75.234922, 39.937561 ], [ -75.234922, 39.937561 ], [ -75.23497, 39.937759 ], [ -75.23497, 39.937759 ], [ -75.234977, 39.937896 ], [ -75.234984, 39.938032 ], [ -75.234985, 39.938033 ], [ -75.235005, 39.938135 ], [ -75.235005, 39.938135 ], [ -75.235006, 39.938135 ], [ -75.235006, 39.938136 ], [ -75.235006, 39.938136 ], [ -75.235007, 39.938137 ], [ -75.235076, 39.938212 ], [ -75.235076, 39.938213 ], [ -75.235076, 39.938213 ], [ -75.235164, 39.93828 ], [ -75.235164, 39.93828 ], [ -75.235165, 39.938281 ], [ -75.235165, 39.938281 ], [ -75.235296, 39.938331 ], [ -75.235296, 39.938332 ], [ -75.235297, 39.938332 ], [ -75.235491, 39.938367 ], [ -75.235491, 39.938368 ], [ -75.235782, 39.938403 ], [ -75.235782, 39.938403 ], [ -75.235948, 39.93842 ], [ -75.235948, 39.93842 ], [ -75.236148, 39.93844 ], [ -75.236149, 39.93844 ], [ -75.236349, 39.938467 ], [ -75.236349, 39.938467 ], [ -75.23635, 39.938467 ], [ -75.236502, 39.938471 ], [ -75.236503, 39.938471 ], [ -75.236685, 39.938455 ], [ -75.236881, 39.938441 ], [ -75.236882, 39.93844 ], [ -75.237146, 39.93839 ], [ -75.237146, 39.93839 ], [ -75.237451, 39.938331 ], [ -75.237451, 39.938331 ], [ -75.237622, 39.938282 ], [ -75.237623, 39.938282 ], [ -75.237771, 39.938258 ], [ -75.237771, 39.938258 ], [ -75.237966, 39.938234 ], [ -75.237967, 39.938234 ], [ -75.237967, 39.938234 ], [ -75.238175, 39.93824 ], [ -75.238175, 39.93824 ], [ -75.238328, 39.938233 ], [ -75.238329, 39.938233 ], [ -75.238501, 39.938212 ], [ -75.238501, 39.938212 ], [ -75.238738, 39.93819 ], [ -75.238739, 39.93819 ], [ -75.238873, 39.938166 ], [ -75.238874, 39.938166 ], [ -75.23901, 39.938149 ], [ -75.23901, 39.938149 ], [ -75.23901, 39.938149 ], [ -75.239186, 39.938157 ], [ -75.239186, 39.938157 ], [ -75.239337, 39.938166 ], [ -75.239338, 39.938166 ], [ -75.239455, 39.938163 ], [ -75.239455, 39.938163 ], [ -75.239564, 39.938156 ], [ -75.239564, 39.938156 ], [ -75.23971, 39.938161 ], [ -75.23971, 39.938161 ], [ -75.23982, 39.938167 ], [ -75.239821, 39.938167 ], [ -75.239923, 39.938183 ], [ -75.239924, 39.938183 ], [ -75.239924, 39.938183 ], [ -75.240038, 39.938219 ], [ -75.240038, 39.938219 ], [ -75.24014, 39.938258 ], [ -75.24014, 39.938258 ], [ -75.24014, 39.938258 ], [ -75.24026, 39.938346 ], [ -75.24026, 39.938346 ], [ -75.240412, 39.938466 ], [ -75.240413, 39.938466 ], [ -75.240593, 39.938644 ], [ -75.240594, 39.938644 ], [ -75.240713, 39.938736 ], [ -75.240713, 39.938736 ], [ -75.240713, 39.938736 ], [ -75.240766, 39.938803 ], [ -75.240766, 39.938803 ], [ -75.240766, 39.938803 ], [ -75.240763, 39.938878 ], [ -75.240763, 39.938879 ], [ -75.240742, 39.938977 ], [ -75.240741, 39.938977 ], [ -75.2407, 39.939084 ], [ -75.2407, 39.939084 ], [ -75.2407, 39.939084 ], [ -75.24063, 39.939199 ], [ -75.24063, 39.9392 ], [ -75.24063, 39.9392 ], [ -75.240546, 39.939292 ], [ -75.240546, 39.939292 ], [ -75.240546, 39.939293 ], [ -75.240427, 39.939384 ], [ -75.240427, 39.939385 ], [ -75.240343, 39.939471 ], [ -75.240343, 39.939471 ], [ -75.240242, 39.939577 ], [ -75.240241, 39.939577 ], [ -75.240241, 39.939577 ], [ -75.240145, 39.939716 ], [ -75.240145, 39.939716 ], [ -75.240145, 39.939716 ], [ -75.240018, 39.939849 ], [ -75.240017, 39.939849 ], [ -75.240017, 39.93985 ], [ -75.240017, 39.93985 ], [ -75.239954, 39.939971 ], [ -75.239954, 39.939972 ], [ -75.239882, 39.940082 ], [ -75.239882, 39.940083 ], [ -75.239882, 39.940083 ], [ -75.239798, 39.940174 ], [ -75.239798, 39.940174 ], [ -75.239638, 39.940312 ], [ -75.239638, 39.940312 ], [ -75.239638, 39.940312 ], [ -75.23953, 39.940441 ], [ -75.23953, 39.940442 ], [ -75.239413, 39.940616 ], [ -75.239413, 39.940617 ], [ -75.239413, 39.940617 ], [ -75.239413, 39.940618 ], [ -75.239413, 39.940619 ], [ -75.239402, 39.940753 ], [ -75.239402, 39.940753 ], [ -75.239402, 39.940754 ], [ -75.239433, 39.940899 ], [ -75.239433, 39.940899 ], [ -75.239463, 39.941037 ], [ -75.239463, 39.941037 ], [ -75.239496, 39.941168 ], [ -75.239496, 39.941168 ], [ -75.239496, 39.941169 ], [ -75.239564, 39.941307 ], [ -75.239564, 39.941307 ], [ -75.239632, 39.941431 ], [ -75.239632, 39.941431 ], [ -75.239736, 39.941602 ], [ -75.239737, 39.941602 ], [ -75.239848, 39.941736 ], [ -75.239848, 39.941736 ], [ -75.23999, 39.9419 ], [ -75.23999, 39.9419 ], [ -75.240077, 39.942005 ], [ -75.240151, 39.942095 ], [ -75.240152, 39.942095 ], [ -75.240152, 39.942096 ], [ -75.240152, 39.942096 ], [ -75.240153, 39.942097 ], [ -75.240252, 39.94215 ], [ -75.240253, 39.94215 ], [ -75.240254, 39.94215 ], [ -75.240254, 39.942151 ], [ -75.240368, 39.94218 ], [ -75.240368, 39.94218 ], [ -75.240369, 39.94218 ], [ -75.240521, 39.942197 ], [ -75.240521, 39.942197 ], [ -75.240793, 39.942232 ], [ -75.240793, 39.942232 ], [ -75.240956, 39.942255 ], [ -75.240956, 39.942255 ], [ -75.241182, 39.942274 ], [ -75.241182, 39.942274 ], [ -75.24145, 39.942284 ], [ -75.241451, 39.942284 ], [ -75.241452, 39.942284 ], [ -75.241585, 39.942265 ], [ -75.241585, 39.942265 ], [ -75.24183, 39.942249 ], [ -75.24183, 39.942249 ], [ -75.242037, 39.94225 ], [ -75.242037, 39.94225 ], [ -75.242294, 39.942255 ], [ -75.242294, 39.942255 ], [ -75.24261, 39.942277 ], [ -75.242611, 39.942277 ], [ -75.243068, 39.942292 ], [ -75.243068, 39.942292 ], [ -75.243069, 39.942292 ], [ -75.243176, 39.942317 ], [ -75.243177, 39.942317 ], [ -75.243336, 39.94234 ], [ -75.243336, 39.94234 ], [ -75.243336, 39.94234 ], [ -75.243435, 39.942421 ], [ -75.243436, 39.942421 ], [ -75.243437, 39.942422 ], [ -75.243437, 39.942422 ], [ -75.243438, 39.942422 ], [ -75.243533, 39.942451 ], [ -75.243534, 39.942451 ], [ -75.243534, 39.942452 ], [ -75.243846, 39.942487 ], [ -75.243846, 39.942487 ], [ -75.244072, 39.942511 ], [ -75.244072, 39.942511 ], [ -75.244412, 39.942561 ], [ -75.24466, 39.9426 ], [ -75.244661, 39.9426 ], [ -75.244661, 39.9426 ], [ -75.245015, 39.942607 ], [ -75.245016, 39.942607 ], [ -75.245227, 39.942624 ], [ -75.245228, 39.942624 ], [ -75.245413, 39.94262 ], [ -75.245413, 39.94262 ], [ -75.245564, 39.942619 ], [ -75.245565, 39.942619 ], [ -75.245741, 39.942614 ], [ -75.245741, 39.942614 ], [ -75.245889, 39.942607 ], [ -75.24589, 39.942607 ], [ -75.246053, 39.942615 ], [ -75.246054, 39.942615 ], [ -75.246192, 39.942623 ], [ -75.246192, 39.942623 ], [ -75.246192, 39.942623 ], [ -75.246352, 39.942654 ], [ -75.246352, 39.942654 ], [ -75.246472, 39.942676 ], [ -75.246472, 39.942676 ], [ -75.246472, 39.942676 ], [ -75.246569, 39.942711 ], [ -75.246569, 39.942711 ], [ -75.246569, 39.942711 ], [ -75.246665, 39.942774 ], [ -75.246665, 39.942774 ], [ -75.246665, 39.942774 ], [ -75.246747, 39.942865 ], [ -75.246747, 39.942865 ], [ -75.246825, 39.94298 ], [ -75.246825, 39.942981 ], [ -75.246825, 39.942981 ], [ -75.246874, 39.94314 ], [ -75.246874, 39.943141 ], [ -75.246875, 39.943141 ], [ -75.246875, 39.943142 ], [ -75.246967, 39.943275 ], [ -75.246968, 39.943275 ], [ -75.247024, 39.943388 ], [ -75.247024, 39.943389 ], [ -75.247024, 39.943389 ], [ -75.247035, 39.94344 ], [ -75.247035, 39.94344 ], [ -75.247044, 39.943488 ], [ -75.247044, 39.943488 ], [ -75.247055, 39.943567 ], [ -75.247055, 39.943568 ], [ -75.247055, 39.943568 ], [ -75.247109, 39.943692 ], [ -75.247109, 39.943693 ], [ -75.247211, 39.943914 ], [ -75.247211, 39.943914 ], [ -75.247212, 39.943915 ], [ -75.247212, 39.943915 ], [ -75.247306, 39.944019 ], [ -75.247306, 39.94402 ], [ -75.247306, 39.94402 ], [ -75.247381, 39.944149 ], [ -75.247381, 39.944149 ], [ -75.247381, 39.944149 ], [ -75.247424, 39.944299 ], [ -75.247424, 39.944299 ], [ -75.247424, 39.9443 ], [ -75.247424, 39.9443 ], [ -75.24751, 39.944415 ], [ -75.247511, 39.944415 ], [ -75.247511, 39.944416 ], [ -75.247635, 39.944531 ], [ -75.247635, 39.944531 ], [ -75.247758, 39.94466 ], [ -75.247759, 39.94466 ], [ -75.247899, 39.9448 ], [ -75.2479, 39.9448 ], [ -75.248094, 39.944944 ], [ -75.248094, 39.944944 ], [ -75.248094, 39.944944 ], [ -75.248169, 39.945031 ], [ -75.248169, 39.945031 ], [ -75.24817, 39.945031 ], [ -75.248214, 39.945121 ], [ -75.248214, 39.945121 ], [ -75.248214, 39.945122 ], [ -75.248234, 39.945248 ], [ -75.248234, 39.945249 ], [ -75.248235, 39.945249 ], [ -75.248235, 39.94525 ], [ -75.248235, 39.94525 ], [ -75.248321, 39.945364 ], [ -75.248321, 39.945364 ], [ -75.248415, 39.945474 ], [ -75.248415, 39.945474 ], [ -75.248416, 39.945475 ], [ -75.248416, 39.945475 ], [ -75.248565, 39.945571 ], [ -75.248565, 39.945571 ], [ -75.248707, 39.945687 ], [ -75.248707, 39.945687 ], [ -75.248898, 39.945847 ], [ -75.248898, 39.945848 ], [ -75.249081, 39.946007 ], [ -75.249081, 39.946007 ], [ -75.249246, 39.946169 ], [ -75.249246, 39.94617 ], [ -75.249429, 39.946328 ], [ -75.249429, 39.946329 ], [ -75.24943, 39.946329 ], [ -75.249495, 39.946371 ], [ -75.249496, 39.946371 ], [ -75.249554, 39.946407 ], [ -75.249555, 39.946407 ], [ -75.249556, 39.946407 ], [ -75.249615, 39.946427 ], [ -75.249615, 39.946428 ], [ -75.249711, 39.946465 ], [ -75.249712, 39.946465 ], [ -75.249712, 39.946465 ], [ -75.249812, 39.946548 ], [ -75.249812, 39.946549 ], [ -75.249919, 39.94664 ], [ -75.249919, 39.94664 ], [ -75.249919, 39.94664 ], [ -75.249968, 39.946721 ], [ -75.249968, 39.946721 ], [ -75.250037, 39.946827 ], [ -75.250037, 39.946827 ], [ -75.250117, 39.946983 ], [ -75.250117, 39.946984 ], [ -75.250117, 39.946984 ], [ -75.250155, 39.947124 ], [ -75.250155, 39.947125 ], [ -75.250205, 39.947257 ], [ -75.250205, 39.947257 ], [ -75.250205, 39.947257 ], [ -75.25023, 39.947399 ], [ -75.25023, 39.947399 ], [ -75.250271, 39.947588 ], [ -75.250271, 39.947588 ], [ -75.250311, 39.947731 ], [ -75.250311, 39.947731 ], [ -75.250342, 39.947858 ], [ -75.250342, 39.947858 ], [ -75.250367, 39.94799 ], [ -75.250367, 39.94799 ], [ -75.250367, 39.947991 ], [ -75.250418, 39.948103 ], [ -75.250419, 39.948104 ], [ -75.250475, 39.94819 ], [ -75.250476, 39.94819 ], [ -75.250476, 39.948191 ], [ -75.250559, 39.948263 ], [ -75.250559, 39.948263 ], [ -75.250725, 39.948388 ], [ -75.250726, 39.948388 ], [ -75.251065, 39.948701 ], [ -75.251065, 39.948701 ], [ -75.251194, 39.948836 ], [ -75.251194, 39.948836 ], [ -75.251318, 39.948947 ], [ -75.251319, 39.948947 ], [ -75.251443, 39.949045 ], [ -75.251444, 39.949045 ], [ -75.251444, 39.949045 ], [ -75.251508, 39.94912 ], [ -75.251509, 39.94912 ], [ -75.251509, 39.94912 ], [ -75.25156, 39.949234 ], [ -75.25156, 39.949234 ], [ -75.25156, 39.949234 ], [ -75.25157, 39.949441 ], [ -75.25157, 39.949442 ], [ -75.25157, 39.949442 ], [ -75.25152, 39.949642 ], [ -75.25152, 39.949642 ], [ -75.25152, 39.949642 ], [ -75.251414, 39.949842 ], [ -75.251414, 39.949842 ], [ -75.251313, 39.949976 ], [ -75.251313, 39.949977 ], [ -75.251313, 39.949977 ], [ -75.251245, 39.950135 ], [ -75.251245, 39.950135 ], [ -75.251197, 39.950275 ], [ -75.251197, 39.950275 ], [ -75.251156, 39.950425 ], [ -75.251155, 39.950425 ], [ -75.251155, 39.950426 ], [ -75.251151, 39.950584 ], [ -75.251151, 39.950585 ], [ -75.251142, 39.950689 ], [ -75.251142, 39.950689 ], [ -75.251142, 39.95069 ], [ -75.251142, 39.95069 ], [ -75.251143, 39.950691 ], [ -75.251175, 39.95077 ], [ -75.251175, 39.95077 ], [ -75.251269, 39.950963 ], [ -75.25127, 39.950963 ], [ -75.25127, 39.950964 ], [ -75.251351, 39.951064 ], [ -75.251351, 39.951064 ], [ -75.251426, 39.95115 ], [ -75.251427, 39.95115 ], [ -75.251427, 39.951151 ], [ -75.251427, 39.951151 ], [ -75.251493, 39.951195 ], [ -75.251493, 39.951195 ], [ -75.251543, 39.951223 ], [ -75.251544, 39.951223 ], [ -75.251544, 39.951223 ], [ -75.251587, 39.95129 ], [ -75.251588, 39.95129 ], [ -75.251588, 39.95129 ], [ -75.25161, 39.951393 ], [ -75.25161, 39.951394 ], [ -75.25161, 39.951394 ], [ -75.251612, 39.951509 ], [ -75.251612, 39.951509 ], [ -75.251628, 39.951634 ], [ -75.251628, 39.951634 ], [ -75.251649, 39.951757 ], [ -75.251649, 39.951757 ], [ -75.251651, 39.951856 ], [ -75.251651, 39.951856 ], [ -75.251647, 39.951964 ], [ -75.251647, 39.951964 ], [ -75.251647, 39.951964 ], [ -75.251617, 39.952055 ], [ -75.251616, 39.952056 ], [ -75.25158, 39.952136 ], [ -75.25158, 39.952136 ], [ -75.251515, 39.95225 ], [ -75.251515, 39.95225 ], [ -75.251412, 39.952386 ], [ -75.251284, 39.952551 ], [ -75.251189, 39.952672 ], [ -75.251189, 39.952672 ], [ -75.251189, 39.952673 ], [ -75.251154, 39.952759 ], [ -75.251154, 39.952759 ], [ -75.251154, 39.95276 ], [ -75.251153, 39.95276 ], [ -75.251153, 39.952858 ], [ -75.251153, 39.952858 ], [ -75.251154, 39.952859 ], [ -75.25118, 39.952952 ], [ -75.25118, 39.952952 ], [ -75.251207, 39.953039 ], [ -75.251207, 39.953039 ], [ -75.251207, 39.95304 ], [ -75.251186, 39.953099 ], [ -75.251186, 39.953099 ], [ -75.251151, 39.953171 ], [ -75.251151, 39.953172 ], [ -75.251104, 39.953238 ], [ -75.251104, 39.953238 ], [ -75.25105, 39.953305 ], [ -75.25105, 39.953305 ], [ -75.251049, 39.953305 ], [ -75.250925, 39.953401 ], [ -75.250925, 39.953401 ], [ -75.250792, 39.953505 ], [ -75.250792, 39.953506 ], [ -75.250651, 39.953623 ], [ -75.250651, 39.953623 ], [ -75.250489, 39.953747 ], [ -75.250489, 39.953748 ], [ -75.250354, 39.953871 ], [ -75.250354, 39.953871 ], [ -75.25014, 39.954075 ], [ -75.25005, 39.954159 ], [ -75.25005, 39.954159 ], [ -75.250049, 39.95416 ], [ -75.250049, 39.95416 ], [ -75.250005, 39.954242 ], [ -75.250005, 39.954242 ], [ -75.249957, 39.954338 ], [ -75.249957, 39.954339 ], [ -75.249957, 39.954339 ], [ -75.249892, 39.954386 ], [ -75.249891, 39.954387 ], [ -75.249891, 39.954387 ], [ -75.24984, 39.95444 ], [ -75.249839, 39.95444 ], [ -75.249839, 39.954441 ], [ -75.249801, 39.954505 ], [ -75.249801, 39.954506 ], [ -75.249772, 39.95458 ], [ -75.249771, 39.95458 ], [ -75.24975, 39.954649 ], [ -75.24975, 39.954649 ], [ -75.249749, 39.95465 ], [ -75.249749, 39.95465 ], [ -75.24975, 39.954651 ], [ -75.249761, 39.954716 ], [ -75.249761, 39.954716 ], [ -75.24977, 39.95477 ], [ -75.24977, 39.95477 ], [ -75.24977, 39.95477 ], [ -75.249751, 39.954837 ], [ -75.249751, 39.954837 ], [ -75.249698, 39.954985 ], [ -75.249698, 39.954985 ], [ -75.249615, 39.955189 ], [ -75.249615, 39.95519 ], [ -75.249599, 39.955248 ], [ -75.249599, 39.955248 ], [ -75.249599, 39.955248 ], [ -75.24956, 39.955299 ], [ -75.249559, 39.955299 ], [ -75.249497, 39.955361 ], [ -75.249497, 39.955361 ], [ -75.249496, 39.955361 ], [ -75.249424, 39.95539 ], [ -75.249424, 39.95539 ], [ -75.249359, 39.955414 ], [ -75.249359, 39.955414 ], [ -75.249359, 39.955414 ], [ -75.249284, 39.955425 ], [ -75.249284, 39.955425 ], [ -75.249283, 39.955425 ], [ -75.249239, 39.955437 ], [ -75.249238, 39.955438 ], [ -75.249238, 39.955438 ], [ -75.249237, 39.955438 ], [ -75.249236, 39.955438 ], [ -75.249236, 39.955439 ], [ -75.249236, 39.955439 ], [ -75.249202, 39.955475 ], [ -75.249201, 39.955476 ], [ -75.249166, 39.955524 ], [ -75.249166, 39.955524 ], [ -75.249166, 39.955524 ], [ -75.249166, 39.955525 ], [ -75.249146, 39.95558 ], [ -75.249146, 39.95558 ], [ -75.249123, 39.955665 ], [ -75.249123, 39.955666 ], [ -75.249123, 39.955666 ], [ -75.249123, 39.955667 ], [ -75.249137, 39.955765 ], [ -75.249137, 39.955765 ], [ -75.249138, 39.955766 ], [ -75.249177, 39.955859 ], [ -75.249177, 39.95586 ], [ -75.249218, 39.955943 ], [ -75.249218, 39.955943 ], [ -75.249264, 39.956052 ], [ -75.249264, 39.956052 ], [ -75.249264, 39.956052 ], [ -75.249275, 39.956133 ], [ -75.249275, 39.956133 ], [ -75.249275, 39.956134 ], [ -75.249236, 39.956226 ], [ -75.249236, 39.956226 ], [ -75.249236, 39.956226 ], [ -75.249116, 39.956336 ], [ -75.249116, 39.956336 ], [ -75.249116, 39.956336 ], [ -75.249047, 39.956382 ], [ -75.249047, 39.956383 ], [ -75.249046, 39.956383 ], [ -75.24899, 39.956437 ], [ -75.24899, 39.956437 ], [ -75.24899, 39.956438 ], [ -75.248989, 39.956438 ], [ -75.248989, 39.956439 ], [ -75.24896, 39.956525 ], [ -75.248959, 39.956525 ], [ -75.248929, 39.956637 ], [ -75.248929, 39.956638 ], [ -75.248929, 39.956638 ], [ -75.248929, 39.956639 ], [ -75.248949, 39.956756 ], [ -75.248949, 39.956757 ], [ -75.249007, 39.956916 ], [ -75.249007, 39.956916 ], [ -75.249008, 39.956917 ], [ -75.249008, 39.956917 ], [ -75.249008, 39.956918 ], [ -75.249009, 39.956918 ], [ -75.249066, 39.956966 ], [ -75.249066, 39.956966 ], [ -75.249067, 39.956967 ], [ -75.249067, 39.956967 ], [ -75.249196, 39.957022 ], [ -75.249196, 39.957022 ], [ -75.249317, 39.957076 ], [ -75.249317, 39.957076 ], [ -75.249318, 39.957076 ], [ -75.249403, 39.95713 ], [ -75.249403, 39.95713 ], [ -75.249533, 39.957222 ], [ -75.249533, 39.957223 ], [ -75.249533, 39.957223 ], [ -75.24964, 39.95733 ], [ -75.24964, 39.957331 ], [ -75.24964, 39.957331 ], [ -75.249781, 39.957434 ], [ -75.249781, 39.957434 ], [ -75.250038, 39.957663 ], [ -75.250038, 39.957663 ], [ -75.250181, 39.957801 ], [ -75.250181, 39.957801 ], [ -75.250244, 39.957882 ], [ -75.250244, 39.957882 ], [ -75.250362, 39.958023 ], [ -75.250362, 39.958023 ], [ -75.250465, 39.958128 ], [ -75.250465, 39.958129 ], [ -75.250563, 39.95824 ], [ -75.250563, 39.958241 ], [ -75.250668, 39.958337 ], [ -75.250668, 39.958337 ], [ -75.250668, 39.958338 ], [ -75.250738, 39.958436 ], [ -75.250738, 39.958437 ], [ -75.250795, 39.958538 ], [ -75.250795, 39.958538 ], [ -75.250841, 39.958647 ], [ -75.250878, 39.958737 ], [ -75.250878, 39.958738 ], [ -75.250878, 39.958738 ], [ -75.250884, 39.958819 ], [ -75.250894, 39.958952 ], [ -75.250894, 39.958952 ], [ -75.250885, 39.959034 ], [ -75.250885, 39.959034 ], [ -75.250885, 39.959034 ], [ -75.250852, 39.959108 ], [ -75.250852, 39.959108 ], [ -75.250852, 39.959108 ], [ -75.250756, 39.959165 ], [ -75.25061, 39.959249 ], [ -75.25061, 39.959249 ], [ -75.250457, 39.959328 ], [ -75.250457, 39.959328 ], [ -75.250293, 39.959407 ], [ -75.250293, 39.959407 ], [ -75.250083, 39.95949 ], [ -75.250083, 39.959491 ], [ -75.249828, 39.959582 ], [ -75.249828, 39.959582 ], [ -75.249655, 39.959649 ], [ -75.249654, 39.959649 ], [ -75.249556, 39.95969 ], [ -75.249555, 39.95969 ], [ -75.249554, 39.959691 ], [ -75.249445, 39.959762 ], [ -75.249445, 39.959762 ], [ -75.249321, 39.959849 ], [ -75.249321, 39.959849 ], [ -75.249216, 39.959932 ], [ -75.249216, 39.959932 ], [ -75.249124, 39.96 ], [ -75.249124, 39.96 ], [ -75.249124, 39.96 ], [ -75.248975, 39.960081 ], [ -75.248975, 39.960082 ], [ -75.248839, 39.960139 ], [ -75.248839, 39.960139 ], [ -75.248694, 39.960209 ], [ -75.248694, 39.960209 ], [ -75.248549, 39.960279 ], [ -75.248548, 39.96028 ], [ -75.248548, 39.96028 ], [ -75.248461, 39.960342 ], [ -75.248461, 39.960342 ], [ -75.24846, 39.960342 ], [ -75.24846, 39.960343 ], [ -75.248386, 39.960435 ], [ -75.248386, 39.960435 ], [ -75.248385, 39.960436 ], [ -75.248338, 39.960525 ], [ -75.248338, 39.960525 ], [ -75.248284, 39.960629 ], [ -75.248284, 39.960629 ], [ -75.248284, 39.96063 ], [ -75.248201, 39.960733 ], [ -75.248201, 39.960733 ], [ -75.248062, 39.960896 ], [ -75.248062, 39.960897 ], [ -75.247977, 39.961007 ], [ -75.247977, 39.961007 ], [ -75.247926, 39.961095 ], [ -75.247926, 39.961095 ], [ -75.247926, 39.961096 ], [ -75.247894, 39.96119 ], [ -75.247894, 39.961191 ], [ -75.247894, 39.961191 ], [ -75.247874, 39.961349 ], [ -75.247874, 39.96135 ], [ -75.247874, 39.961439 ], [ -75.247874, 39.961439 ], [ -75.24787, 39.961503 ], [ -75.24787, 39.961503 ], [ -75.247842, 39.961622 ], [ -75.247842, 39.961622 ], [ -75.247825, 39.961699 ], [ -75.247825, 39.961699 ], [ -75.24781, 39.961774 ], [ -75.24781, 39.961774 ], [ -75.24781, 39.961774 ], [ -75.247777, 39.961846 ], [ -75.247777, 39.961846 ], [ -75.247744, 39.961914 ], [ -75.24771, 39.961985 ], [ -75.247709, 39.961986 ], [ -75.247709, 39.961986 ], [ -75.247709, 39.961987 ], [ -75.247705, 39.962065 ], [ -75.247705, 39.962065 ], [ -75.247705, 39.962066 ], [ -75.247729, 39.962176 ], [ -75.247729, 39.962177 ], [ -75.247729, 39.962177 ], [ -75.247729, 39.962178 ], [ -75.247764, 39.962234 ], [ -75.247764, 39.962234 ], [ -75.247764, 39.962234 ], [ -75.247779, 39.962311 ], [ -75.247779, 39.962311 ], [ -75.247779, 39.962312 ], [ -75.247756, 39.962462 ], [ -75.247756, 39.962462 ], [ -75.247693, 39.962811 ], [ -75.247693, 39.962811 ], [ -75.247691, 39.962828 ], [ -75.247691, 39.962829 ], [ -75.247662, 39.962942 ], [ -75.247662, 39.962942 ], [ -75.247661, 39.962942 ], [ -75.247608, 39.963003 ], [ -75.247608, 39.963003 ], [ -75.24749, 39.963129 ], [ -75.24749, 39.963129 ], [ -75.247423, 39.963199 ], [ -75.247422, 39.9632 ], [ -75.247422, 39.9632 ], [ -75.247422, 39.963201 ], [ -75.247421, 39.963201 ], [ -75.247402, 39.963257 ], [ -75.247402, 39.963257 ], [ -75.247402, 39.963258 ], [ -75.247402, 39.963258 ], [ -75.247406, 39.963335 ], [ -75.247406, 39.963336 ], [ -75.247406, 39.963336 ], [ -75.247437, 39.963426 ], [ -75.247437, 39.963426 ], [ -75.247482, 39.963537 ], [ -75.247483, 39.963538 ], [ -75.247483, 39.963539 ], [ -75.247568, 39.963648 ], [ -75.247568, 39.963649 ], [ -75.247687, 39.963787 ], [ -75.247688, 39.963787 ], [ -75.24778, 39.963885 ], [ -75.247781, 39.963885 ], [ -75.247906, 39.963989 ], [ -75.247907, 39.96399 ], [ -75.248058, 39.964083 ], [ -75.248059, 39.964084 ], [ -75.248617, 39.964362 ], [ -75.248618, 39.964362 ], [ -75.248969, 39.964504 ], [ -75.248969, 39.964504 ], [ -75.249468, 39.964731 ], [ -75.249468, 39.964731 ], [ -75.249851, 39.964917 ], [ -75.249852, 39.964918 ], [ -75.249914, 39.964957 ], [ -75.249914, 39.964957 ], [ -75.249993, 39.96501 ], [ -75.249993, 39.96501 ], [ -75.250056, 39.965052 ], [ -75.250057, 39.965052 ], [ -75.250057, 39.965053 ], [ -75.250058, 39.965053 ], [ -75.250136, 39.965077 ], [ -75.250136, 39.965077 ], [ -75.250137, 39.965078 ], [ -75.250137, 39.965078 ], [ -75.250223, 39.965086 ], [ -75.250224, 39.965086 ], [ -75.250224, 39.965086 ], [ -75.250315, 39.965079 ], [ -75.250316, 39.965079 ], [ -75.250317, 39.965079 ], [ -75.250317, 39.965078 ], [ -75.250318, 39.965078 ], [ -75.250449, 39.965027 ], [ -75.250449, 39.965027 ], [ -75.250608, 39.964957 ], [ -75.250609, 39.964957 ], [ -75.250761, 39.964888 ], [ -75.250761, 39.964888 ], [ -75.250761, 39.964888 ], [ -75.250916, 39.964847 ], [ -75.250916, 39.964847 ], [ -75.250916, 39.964847 ], [ -75.251051, 39.964843 ], [ -75.251052, 39.964843 ], [ -75.251052, 39.964843 ], [ -75.251104, 39.964866 ], [ -75.251104, 39.964867 ], [ -75.251202, 39.964921 ], [ -75.251202, 39.964921 ], [ -75.251202, 39.964921 ], [ -75.251286, 39.965013 ], [ -75.251286, 39.965013 ], [ -75.251344, 39.965082 ], [ -75.251344, 39.965082 ], [ -75.251344, 39.965082 ], [ -75.251338, 39.965147 ], [ -75.251338, 39.965148 ], [ -75.251343, 39.965202 ], [ -75.251344, 39.965202 ], [ -75.251344, 39.965203 ], [ -75.251344, 39.965203 ], [ -75.251371, 39.965259 ], [ -75.251372, 39.965259 ], [ -75.251372, 39.96526 ], [ -75.251372, 39.96526 ], [ -75.251373, 39.96526 ], [ -75.25143, 39.965311 ], [ -75.25143, 39.965311 ], [ -75.251431, 39.965312 ], [ -75.251431, 39.965312 ], [ -75.2515, 39.965346 ], [ -75.2515, 39.965346 ], [ -75.251501, 39.965346 ], [ -75.251502, 39.965346 ], [ -75.251604, 39.965365 ], [ -75.251605, 39.965365 ], [ -75.251606, 39.965365 ], [ -75.251606, 39.965365 ], [ -75.25171, 39.965356 ], [ -75.251711, 39.965356 ], [ -75.251815, 39.965339 ], [ -75.251815, 39.965339 ], [ -75.251924, 39.965327 ], [ -75.251924, 39.965327 ], [ -75.252098, 39.965315 ], [ -75.252098, 39.965315 ], [ -75.252336, 39.965289 ], [ -75.252336, 39.965289 ], [ -75.252639, 39.965261 ], [ -75.252639, 39.965261 ], [ -75.252846, 39.965253 ], [ -75.252846, 39.965253 ], [ -75.252974, 39.965244 ], [ -75.252975, 39.965244 ], [ -75.252975, 39.965244 ], [ -75.253079, 39.965223 ], [ -75.253079, 39.965223 ], [ -75.253225, 39.965193 ], [ -75.253225, 39.965193 ], [ -75.253225, 39.965193 ], [ -75.253318, 39.965235 ], [ -75.253318, 39.965235 ], [ -75.253411, 39.965269 ], [ -75.253411, 39.96527 ], [ -75.253412, 39.96527 ], [ -75.253584, 39.965309 ], [ -75.253585, 39.965309 ], [ -75.253715, 39.965338 ], [ -75.253716, 39.965338 ], [ -75.253937, 39.965399 ], [ -75.253938, 39.965399 ], [ -75.253939, 39.965399 ], [ -75.254048, 39.965411 ], [ -75.254049, 39.965411 ], [ -75.25414, 39.965413 ], [ -75.25414, 39.965413 ], [ -75.254141, 39.965413 ], [ -75.254142, 39.965413 ], [ -75.254142, 39.965413 ], [ -75.254143, 39.965413 ], [ -75.254143, 39.965412 ], [ -75.254144, 39.965412 ], [ -75.254145, 39.965412 ], [ -75.254145, 39.965411 ], [ -75.254226, 39.965346 ], [ -75.254304, 39.965284 ], [ -75.254304, 39.965284 ], [ -75.254305, 39.965284 ], [ -75.254305, 39.965283 ], [ -75.254305, 39.965283 ], [ -75.254341, 39.96522 ], [ -75.254341, 39.96522 ], [ -75.254383, 39.965136 ], [ -75.254383, 39.965136 ], [ -75.254383, 39.965136 ], [ -75.254459, 39.965056 ], [ -75.254459, 39.965056 ], [ -75.254459, 39.965056 ], [ -75.254547, 39.965001 ], [ -75.254547, 39.965 ], [ -75.254635, 39.964935 ], [ -75.254635, 39.964935 ], [ -75.254741, 39.964861 ], [ -75.254741, 39.964861 ], [ -75.254741, 39.96486 ], [ -75.254941, 39.964772 ], [ -75.254941, 39.964771 ], [ -75.255115, 39.964701 ], [ -75.255115, 39.964701 ], [ -75.255115, 39.964701 ], [ -75.255269, 39.964665 ], [ -75.25527, 39.964665 ], [ -75.255411, 39.964639 ], [ -75.255412, 39.964639 ], [ -75.255546, 39.964604 ], [ -75.255547, 39.964603 ], [ -75.255689, 39.964556 ], [ -75.255689, 39.964556 ], [ -75.25569, 39.964556 ], [ -75.25569, 39.964555 ], [ -75.255813, 39.964482 ], [ -75.255813, 39.964482 ], [ -75.255814, 39.964481 ], [ -75.255855, 39.964447 ], [ -75.255855, 39.964447 ], [ -75.255856, 39.964446 ], [ -75.255856, 39.964446 ], [ -75.255894, 39.964382 ], [ -75.255894, 39.964382 ], [ -75.255894, 39.964382 ], [ -75.255969, 39.964322 ], [ -75.255969, 39.964321 ], [ -75.256084, 39.964253 ], [ -75.256084, 39.964252 ], [ -75.256194, 39.964164 ], [ -75.256194, 39.964164 ], [ -75.256284, 39.96409 ], [ -75.256285, 39.964089 ], [ -75.256385, 39.963983 ], [ -75.256385, 39.963983 ], [ -75.256589, 39.96381 ], [ -75.256589, 39.96381 ], [ -75.256689, 39.963729 ], [ -75.256689, 39.963729 ], [ -75.256689, 39.963729 ], [ -75.256749, 39.963697 ], [ -75.256749, 39.963697 ], [ -75.256749, 39.963697 ], [ -75.256818, 39.963686 ], [ -75.256819, 39.963686 ], [ -75.256903, 39.963681 ], [ -75.256903, 39.963681 ], [ -75.256903, 39.963681 ], [ -75.256984, 39.963697 ], [ -75.256984, 39.963697 ], [ -75.257129, 39.963736 ], [ -75.257129, 39.963736 ], [ -75.257253, 39.963762 ], [ -75.257337, 39.96378 ], [ -75.257337, 39.96378 ], [ -75.257338, 39.96378 ], [ -75.257339, 39.96378 ], [ -75.257339, 39.96378 ], [ -75.257419, 39.963775 ], [ -75.25742, 39.963775 ], [ -75.257421, 39.963775 ], [ -75.257421, 39.963775 ], [ -75.257488, 39.963753 ], [ -75.257489, 39.963753 ], [ -75.257489, 39.963753 ], [ -75.25749, 39.963753 ], [ -75.257546, 39.963715 ], [ -75.257546, 39.963715 ], [ -75.257546, 39.963714 ], [ -75.257633, 39.963674 ], [ -75.257707, 39.96364 ], [ -75.257707, 39.96364 ], [ -75.25779, 39.963611 ], [ -75.25779, 39.963611 ], [ -75.257791, 39.963611 ], [ -75.25786, 39.963605 ], [ -75.25786, 39.963605 ], [ -75.25786, 39.963605 ], [ -75.257938, 39.963634 ], [ -75.257938, 39.963634 ], [ -75.257938, 39.963634 ], [ -75.257996, 39.963687 ], [ -75.257996, 39.963687 ], [ -75.257996, 39.963687 ], [ -75.258016, 39.963748 ], [ -75.258016, 39.963748 ], [ -75.258016, 39.963748 ], [ -75.258015, 39.963863 ], [ -75.258015, 39.963863 ], [ -75.258015, 39.964002 ], [ -75.258015, 39.964002 ], [ -75.258015, 39.964002 ], [ -75.257994, 39.964104 ], [ -75.257994, 39.964105 ], [ -75.257994, 39.964105 ], [ -75.257965, 39.96417 ], [ -75.257964, 39.96417 ], [ -75.257946, 39.964244 ], [ -75.257946, 39.964245 ], [ -75.257946, 39.964246 ], [ -75.257947, 39.96431 ], [ -75.257947, 39.964311 ], [ -75.257947, 39.964311 ], [ -75.257947, 39.964312 ], [ -75.257977, 39.964386 ], [ -75.257977, 39.964386 ], [ -75.257978, 39.964387 ], [ -75.257978, 39.964387 ], [ -75.257979, 39.964387 ], [ -75.257979, 39.964388 ], [ -75.257979, 39.964388 ], [ -75.258011, 39.964408 ], [ -75.258011, 39.964409 ], [ -75.258061, 39.964438 ], [ -75.258061, 39.964438 ], [ -75.258062, 39.964438 ], [ -75.258063, 39.964439 ], [ -75.258121, 39.964456 ], [ -75.258121, 39.964456 ], [ -75.258122, 39.964456 ], [ -75.258123, 39.964456 ], [ -75.258191, 39.96446 ], [ -75.258191, 39.96446 ], [ -75.258273, 39.964461 ], [ -75.258273, 39.964461 ], [ -75.258343, 39.964458 ], [ -75.258343, 39.964458 ], [ -75.258409, 39.964462 ], [ -75.258409, 39.964462 ], [ -75.258409, 39.964462 ], [ -75.258472, 39.964494 ], [ -75.258472, 39.964494 ], [ -75.258472, 39.964494 ], [ -75.258513, 39.964544 ], [ -75.258513, 39.964544 ], [ -75.258513, 39.964544 ], [ -75.258551, 39.964627 ], [ -75.258551, 39.964628 ], [ -75.258594, 39.964717 ], [ -75.258594, 39.964718 ], [ -75.258594, 39.964718 ], [ -75.25864, 39.964775 ], [ -75.25864, 39.964775 ], [ -75.258685, 39.964856 ], [ -75.258685, 39.964856 ], [ -75.25871, 39.964912 ], [ -75.25871, 39.964912 ], [ -75.25871, 39.964913 ], [ -75.258717, 39.964974 ], [ -75.258717, 39.964974 ], [ -75.258718, 39.965068 ], [ -75.258718, 39.965068 ], [ -75.258715, 39.965249 ], [ -75.258715, 39.965249 ], [ -75.258702, 39.965333 ], [ -75.258702, 39.965334 ], [ -75.258702, 39.965334 ], [ -75.258702, 39.965335 ], [ -75.258714, 39.965387 ], [ -75.258714, 39.965388 ], [ -75.258769, 39.965526 ], [ -75.25877, 39.965526 ], [ -75.258799, 39.96558 ], [ -75.2588, 39.96558 ], [ -75.2588, 39.965581 ], [ -75.25884, 39.965623 ], [ -75.258841, 39.965624 ], [ -75.258841, 39.965624 ], [ -75.25889, 39.965657 ], [ -75.258891, 39.965658 ], [ -75.258892, 39.965658 ], [ -75.258892, 39.965658 ], [ -75.258977, 39.965684 ], [ -75.258978, 39.965684 ], [ -75.258978, 39.965685 ], [ -75.25908, 39.965702 ], [ -75.259081, 39.965702 ], [ -75.259081, 39.965702 ], [ -75.259218, 39.965708 ], [ -75.259218, 39.965708 ], [ -75.259335, 39.965707 ], [ -75.259336, 39.965707 ], [ -75.259336, 39.965707 ], [ -75.259403, 39.965725 ], [ -75.259403, 39.965725 ], [ -75.259403, 39.965725 ], [ -75.259426, 39.96577 ], [ -75.259426, 39.96577 ], [ -75.259426, 39.96577 ], [ -75.25943, 39.965822 ], [ -75.25943, 39.965822 ], [ -75.25943, 39.965901 ], [ -75.25943, 39.965901 ], [ -75.25943, 39.965902 ], [ -75.259431, 39.965902 ], [ -75.259453, 39.965955 ], [ -75.259453, 39.965956 ], [ -75.259453, 39.965956 ], [ -75.259453, 39.965957 ], [ -75.259454, 39.965957 ], [ -75.259454, 39.965958 ], [ -75.259455, 39.965958 ], [ -75.259554, 39.966019 ], [ -75.259554, 39.966019 ], [ -75.259555, 39.96602 ], [ -75.259555, 39.96602 ], [ -75.259651, 39.966051 ], [ -75.259651, 39.966051 ], [ -75.25978, 39.96609 ], [ -75.25978, 39.966091 ], [ -75.259911, 39.966123 ], [ -75.259911, 39.966124 ], [ -75.259911, 39.966124 ], [ -75.260066, 39.966205 ], [ -75.260067, 39.966205 ], [ -75.260067, 39.966205 ], [ -75.260068, 39.966205 ], [ -75.260313, 39.966267 ], [ -75.260313, 39.966267 ], [ -75.260489, 39.966322 ], [ -75.26049, 39.966322 ], [ -75.260491, 39.966322 ], [ -75.260492, 39.966322 ], [ -75.260492, 39.966322 ], [ -75.260493, 39.966322 ], [ -75.260494, 39.966322 ], [ -75.260494, 39.966322 ], [ -75.260495, 39.966322 ], [ -75.260496, 39.966322 ], [ -75.260587, 39.966282 ], [ -75.260587, 39.966282 ], [ -75.260587, 39.966282 ], [ -75.260664, 39.966279 ], [ -75.260664, 39.966279 ], [ -75.260664, 39.966279 ], [ -75.260751, 39.96629 ], [ -75.260752, 39.96629 ], [ -75.260753, 39.96629 ], [ -75.260754, 39.96629 ], [ -75.260831, 39.96628 ], [ -75.260831, 39.966279 ], [ -75.260832, 39.966279 ], [ -75.260934, 39.966252 ], [ -75.260934, 39.966251 ], [ -75.260935, 39.966251 ], [ -75.261028, 39.966208 ], [ -75.261029, 39.966208 ], [ -75.261029, 39.966208 ], [ -75.261118, 39.966146 ], [ -75.261118, 39.966146 ], [ -75.261118, 39.966145 ], [ -75.261119, 39.966145 ], [ -75.261163, 39.966092 ], [ -75.261163, 39.966092 ], [ -75.261219, 39.966035 ], [ -75.261219, 39.966035 ], [ -75.261219, 39.966035 ], [ -75.261286, 39.966006 ], [ -75.261286, 39.966006 ], [ -75.261286, 39.966006 ], [ -75.261389, 39.966011 ], [ -75.261389, 39.966011 ], [ -75.261389, 39.966011 ], [ -75.261449, 39.96604 ], [ -75.261449, 39.96604 ], [ -75.261449, 39.96604 ], [ -75.261482, 39.966084 ], [ -75.261483, 39.966084 ], [ -75.261483, 39.966085 ], [ -75.261483, 39.966085 ], [ -75.261484, 39.966085 ], [ -75.261549, 39.966124 ], [ -75.261549, 39.966125 ], [ -75.26155, 39.966125 ], [ -75.261663, 39.966168 ], [ -75.261664, 39.966169 ], [ -75.261739, 39.96619 ], [ -75.261739, 39.966191 ], [ -75.26174, 39.966191 ], [ -75.261812, 39.9662 ], [ -75.261813, 39.9662 ], [ -75.261814, 39.9662 ], [ -75.261814, 39.9662 ], [ -75.261815, 39.9662 ], [ -75.261816, 39.9662 ], [ -75.261895, 39.966182 ], [ -75.261895, 39.966182 ], [ -75.262015, 39.966145 ], [ -75.262016, 39.966145 ], [ -75.262016, 39.966144 ], [ -75.262017, 39.966144 ], [ -75.262093, 39.966098 ], [ -75.262093, 39.966098 ], [ -75.262094, 39.966097 ], [ -75.262094, 39.966097 ], [ -75.262094, 39.966096 ], [ -75.262095, 39.966096 ], [ -75.262095, 39.966095 ], [ -75.262095, 39.966095 ], [ -75.262106, 39.966063 ], [ -75.262106, 39.966063 ], [ -75.262119, 39.966016 ], [ -75.262119, 39.966016 ], [ -75.262119, 39.966016 ], [ -75.262142, 39.965974 ], [ -75.262142, 39.965974 ], [ -75.262142, 39.965974 ], [ -75.262164, 39.965949 ], [ -75.262164, 39.965949 ], [ -75.262164, 39.965948 ], [ -75.262244, 39.96589 ], [ -75.262245, 39.96589 ], [ -75.262345, 39.965793 ], [ -75.262345, 39.965793 ], [ -75.262385, 39.965748 ], [ -75.262386, 39.965747 ], [ -75.262386, 39.965747 ], [ -75.262423, 39.965687 ], [ -75.262424, 39.965686 ], [ -75.262461, 39.965642 ], [ -75.262461, 39.965642 ], [ -75.262461, 39.965642 ], [ -75.262513, 39.965621 ], [ -75.262513, 39.965621 ], [ -75.262514, 39.965621 ], [ -75.262561, 39.965628 ], [ -75.262561, 39.965628 ], [ -75.26262, 39.965634 ], [ -75.26262, 39.965634 ], [ -75.26268, 39.965647 ], [ -75.262681, 39.965647 ], [ -75.262766, 39.965655 ], [ -75.262767, 39.965655 ], [ -75.262768, 39.965655 ], [ -75.262768, 39.965655 ], [ -75.26284, 39.965649 ], [ -75.26284, 39.965649 ], [ -75.262841, 39.965649 ], [ -75.262842, 39.965648 ], [ -75.262919, 39.965619 ], [ -75.26292, 39.965619 ], [ -75.262921, 39.965619 ], [ -75.262921, 39.965618 ], [ -75.262962, 39.965588 ], [ -75.262963, 39.965588 ], [ -75.263032, 39.96554 ], [ -75.263032, 39.96554 ], [ -75.263094, 39.965497 ], [ -75.263095, 39.965496 ], [ -75.263147, 39.965469 ], [ -75.263147, 39.965469 ], [ -75.263147, 39.965469 ], [ -75.263197, 39.965466 ], [ -75.263197, 39.965466 ], [ -75.263197, 39.965466 ], [ -75.263253, 39.965483 ], [ -75.263254, 39.965483 ], [ -75.263254, 39.965483 ], [ -75.26331, 39.965513 ], [ -75.263386, 39.965555 ], [ -75.263387, 39.965555 ], [ -75.263469, 39.965587 ], [ -75.263469, 39.965587 ], [ -75.263532, 39.965614 ], [ -75.263532, 39.965614 ], [ -75.263533, 39.965614 ], [ -75.263534, 39.965615 ], [ -75.263617, 39.96563 ], [ -75.263617, 39.96563 ], [ -75.263618, 39.96563 ], [ -75.263619, 39.96563 ], [ -75.263698, 39.965624 ], [ -75.263698, 39.965623 ], [ -75.263699, 39.965623 ], [ -75.263773, 39.965606 ], [ -75.263773, 39.965606 ], [ -75.263774, 39.965606 ], [ -75.263775, 39.965605 ], [ -75.263857, 39.965565 ], [ -75.263858, 39.965565 ], [ -75.263931, 39.965538 ], [ -75.263932, 39.965538 ], [ -75.263932, 39.965537 ], [ -75.263991, 39.965501 ], [ -75.263991, 39.965501 ], [ -75.263992, 39.965501 ], [ -75.263992, 39.9655 ], [ -75.263992, 39.9655 ], [ -75.26402, 39.965466 ], [ -75.26402, 39.965466 ], [ -75.264059, 39.96543 ], [ -75.264059, 39.965429 ], [ -75.264059, 39.965429 ], [ -75.264133, 39.965382 ], [ -75.264134, 39.965382 ], [ -75.264245, 39.965321 ], [ -75.264245, 39.965321 ], [ -75.264375, 39.965252 ], [ -75.264376, 39.965252 ], [ -75.264498, 39.965206 ], [ -75.264499, 39.965205 ], [ -75.264556, 39.96519 ], [ -75.264556, 39.96519 ], [ -75.264557, 39.96519 ], [ -75.264646, 39.965189 ], [ -75.264646, 39.965189 ], [ -75.26476, 39.965193 ], [ -75.26476, 39.965193 ], [ -75.264922, 39.965198 ], [ -75.264922, 39.965198 ], [ -75.265061, 39.965201 ], [ -75.265061, 39.965201 ], [ -75.265257, 39.965216 ], [ -75.265257, 39.965216 ], [ -75.26539, 39.965233 ], [ -75.26539, 39.965233 ], [ -75.26539, 39.965233 ], [ -75.265451, 39.965266 ], [ -75.265451, 39.965266 ], [ -75.265451, 39.965266 ], [ -75.26553, 39.96536 ], [ -75.26553, 39.96536 ], [ -75.265569, 39.965413 ], [ -75.265659, 39.965535 ], [ -75.265659, 39.965536 ], [ -75.265746, 39.965636 ], [ -75.265746, 39.965636 ], [ -75.265807, 39.965725 ], [ -75.265807, 39.965725 ], [ -75.26586, 39.9658 ], [ -75.26586, 39.965801 ], [ -75.265923, 39.965869 ], [ -75.265923, 39.965869 ], [ -75.265924, 39.965869 ], [ -75.265924, 39.96587 ], [ -75.265925, 39.96587 ], [ -75.266051, 39.965935 ], [ -75.266051, 39.965935 ], [ -75.266052, 39.965936 ], [ -75.266196, 39.965977 ], [ -75.266196, 39.965977 ], [ -75.266316, 39.966012 ], [ -75.266317, 39.966013 ], [ -75.266397, 39.966028 ], [ -75.266398, 39.966028 ], [ -75.266398, 39.966028 ], [ -75.266547, 39.966031 ], [ -75.266548, 39.966031 ], [ -75.266709, 39.966031 ], [ -75.26671, 39.966031 ], [ -75.26671, 39.96603 ], [ -75.266798, 39.966019 ], [ -75.266798, 39.966019 ], [ -75.266798, 39.966019 ], [ -75.266912, 39.966018 ], [ -75.266912, 39.966018 ], [ -75.266912, 39.966018 ], [ -75.267025, 39.966035 ], [ -75.267026, 39.966035 ], [ -75.267026, 39.966035 ], [ -75.26714, 39.966071 ], [ -75.26714, 39.966072 ], [ -75.267217, 39.966102 ], [ -75.267218, 39.966102 ], [ -75.267218, 39.966102 ], [ -75.267295, 39.966167 ], [ -75.267296, 39.966167 ], [ -75.267367, 39.966213 ], [ -75.267367, 39.966214 ], [ -75.267476, 39.966269 ], [ -75.267477, 39.966269 ], [ -75.267478, 39.96627 ], [ -75.267479, 39.96627 ], [ -75.267533, 39.96628 ], [ -75.267534, 39.96628 ], [ -75.267535, 39.96628 ], [ -75.267602, 39.966283 ], [ -75.267602, 39.966283 ], [ -75.267602, 39.966283 ], [ -75.267672, 39.966307 ], [ -75.267672, 39.966307 ], [ -75.267781, 39.96635 ], [ -75.267781, 39.96635 ], [ -75.267911, 39.966409 ], [ -75.267911, 39.96641 ], [ -75.268133, 39.966501 ], [ -75.268133, 39.966501 ], [ -75.268395, 39.966598 ], [ -75.268395, 39.966598 ], [ -75.268463, 39.966627 ], [ -75.268464, 39.966627 ], [ -75.268464, 39.966627 ], [ -75.268516, 39.966661 ], [ -75.268516, 39.966662 ], [ -75.26857, 39.966701 ], [ -75.26857, 39.966701 ], [ -75.268703, 39.966806 ], [ -75.268703, 39.966806 ], [ -75.268774, 39.966869 ], [ -75.268774, 39.966869 ], [ -75.26885, 39.966956 ], [ -75.26885, 39.966956 ], [ -75.268919, 39.96705 ], [ -75.268919, 39.967051 ], [ -75.269019, 39.967245 ], [ -75.269019, 39.967245 ], [ -75.269048, 39.967295 ], [ -75.269048, 39.967295 ], [ -75.269081, 39.967339 ], [ -75.269082, 39.967339 ], [ -75.269082, 39.96734 ], [ -75.269083, 39.96734 ], [ -75.269126, 39.96737 ], [ -75.269127, 39.967371 ], [ -75.269127, 39.967371 ], [ -75.269128, 39.967371 ], [ -75.26916, 39.967384 ], [ -75.26916, 39.967384 ], [ -75.269161, 39.967384 ], [ -75.269162, 39.967384 ], [ -75.269208, 39.96739 ], [ -75.269208, 39.96739 ], [ -75.269274, 39.9674 ], [ -75.269274, 39.9674 ], [ -75.269358, 39.967411 ], [ -75.269359, 39.967411 ], [ -75.269359, 39.967411 ], [ -75.26936, 39.967411 ], [ -75.269361, 39.967411 ], [ -75.269447, 39.967397 ], [ -75.269448, 39.967397 ], [ -75.269499, 39.967385 ], [ -75.2695, 39.967384 ], [ -75.2695, 39.967384 ], [ -75.26955, 39.967364 ], [ -75.26955, 39.967363 ], [ -75.269615, 39.967342 ], [ -75.269615, 39.967342 ], [ -75.269671, 39.967326 ], [ -75.269671, 39.967326 ], [ -75.269671, 39.967326 ], [ -75.269743, 39.967324 ], [ -75.269743, 39.967324 ], [ -75.269743, 39.967324 ], [ -75.269805, 39.967336 ], [ -75.269805, 39.967336 ], [ -75.269859, 39.967352 ], [ -75.269859, 39.967352 ], [ -75.26986, 39.967352 ], [ -75.269922, 39.967389 ], [ -75.269922, 39.967389 ], [ -75.269922, 39.96739 ], [ -75.269963, 39.967436 ], [ -75.269964, 39.967436 ], [ -75.270004, 39.967489 ], [ -75.270004, 39.967489 ], [ -75.270004, 39.967489 ], [ -75.270034, 39.967561 ], [ -75.270034, 39.967561 ], [ -75.270057, 39.967663 ], [ -75.270057, 39.967663 ], [ -75.270075, 39.967738 ], [ -75.270076, 39.967739 ], [ -75.270076, 39.967739 ], [ -75.2701, 39.967791 ], [ -75.2701, 39.967791 ], [ -75.270143, 39.967882 ], [ -75.270193, 39.967987 ], [ -75.270193, 39.967987 ], [ -75.2703, 39.968192 ], [ -75.2703, 39.968193 ], [ -75.270391, 39.96833 ], [ -75.270391, 39.96833 ], [ -75.270391, 39.968331 ], [ -75.270404, 39.968366 ], [ -75.270404, 39.968367 ], [ -75.270416, 39.968438 ], [ -75.270416, 39.968438 ], [ -75.270425, 39.968488 ], [ -75.270425, 39.968489 ], [ -75.270425, 39.968489 ], [ -75.270425, 39.96849 ], [ -75.270449, 39.968536 ], [ -75.27045, 39.968536 ], [ -75.27045, 39.968537 ], [ -75.270503, 39.968595 ], [ -75.270503, 39.968595 ], [ -75.270503, 39.968596 ], [ -75.270572, 39.968647 ], [ -75.270572, 39.968648 ], [ -75.270601, 39.968668 ], [ -75.270601, 39.968668 ], [ -75.270602, 39.968669 ], [ -75.270603, 39.968669 ], [ -75.270603, 39.968669 ], [ -75.270652, 39.968683 ], [ -75.270652, 39.968683 ], [ -75.270653, 39.968683 ], [ -75.270654, 39.968683 ], [ -75.270655, 39.968683 ], [ -75.270719, 39.968681 ], [ -75.27072, 39.968681 ], [ -75.270776, 39.968673 ], [ -75.270777, 39.968672 ], [ -75.270777, 39.968672 ], [ -75.270841, 39.968653 ], [ -75.270842, 39.968653 ], [ -75.270916, 39.968627 ], [ -75.270916, 39.968627 ], [ -75.270916, 39.968627 ], [ -75.270989, 39.968613 ], [ -75.270989, 39.968613 ], [ -75.27099, 39.968613 ], [ -75.271046, 39.968619 ], [ -75.271046, 39.968619 ], [ -75.271112, 39.968629 ], [ -75.271112, 39.968629 ], [ -75.27117, 39.968643 ], [ -75.27117, 39.968643 ], [ -75.271171, 39.968643 ], [ -75.271242, 39.968671 ], [ -75.271243, 39.968672 ], [ -75.27133, 39.968701 ], [ -75.271331, 39.968701 ], [ -75.271331, 39.968701 ], [ -75.27141, 39.968714 ], [ -75.271411, 39.968714 ], [ -75.271492, 39.968718 ], [ -75.271492, 39.968718 ], [ -75.271592, 39.968724 ], [ -75.271592, 39.968724 ], [ -75.2717, 39.968739 ], [ -75.2717, 39.968739 ], [ -75.271701, 39.968739 ], [ -75.271805, 39.968766 ], [ -75.271805, 39.968766 ], [ -75.271805, 39.968766 ], [ -75.271865, 39.968815 ], [ -75.271865, 39.968816 ], [ -75.271924, 39.968869 ], [ -75.271924, 39.968869 ], [ -75.271924, 39.968869 ], [ -75.271989, 39.968953 ], [ -75.271989, 39.968953 ], [ -75.272026, 39.968992 ], [ -75.272026, 39.968993 ], [ -75.272027, 39.968993 ], [ -75.272027, 39.968994 ], [ -75.272028, 39.968994 ], [ -75.272088, 39.969021 ], [ -75.272089, 39.969021 ], [ -75.272199, 39.969056 ], [ -75.272199, 39.969056 ], [ -75.272345, 39.969104 ], [ -75.272346, 39.969105 ], [ -75.272508, 39.969141 ], [ -75.272508, 39.969141 ], [ -75.272509, 39.969141 ], [ -75.272628, 39.969188 ], [ -75.272728, 39.969227 ], [ -75.272729, 39.969227 ], [ -75.272818, 39.969253 ], [ -75.272819, 39.969253 ], [ -75.272959, 39.969302 ], [ -75.272959, 39.969302 ], [ -75.27296, 39.969302 ], [ -75.273055, 39.969315 ], [ -75.273055, 39.969315 ], [ -75.273056, 39.969315 ], [ -75.273187, 39.969314 ], [ -75.273188, 39.969314 ], [ -75.273282, 39.969305 ], [ -75.273282, 39.969305 ], [ -75.273418, 39.969291 ], [ -75.273419, 39.969291 ], [ -75.273494, 39.969285 ], [ -75.273494, 39.969285 ], [ -75.273494, 39.969285 ], [ -75.273572, 39.969288 ], [ -75.273572, 39.969288 ], [ -75.273684, 39.969297 ], [ -75.273684, 39.969297 ], [ -75.273812, 39.969306 ], [ -75.273812, 39.969307 ], [ -75.273915, 39.969318 ], [ -75.273916, 39.969318 ], [ -75.274015, 39.969325 ], [ -75.274015, 39.969325 ], [ -75.274152, 39.969326 ], [ -75.274153, 39.969326 ], [ -75.274327, 39.969326 ], [ -75.274328, 39.969326 ], [ -75.27449, 39.969318 ], [ -75.27449, 39.969318 ], [ -75.27481, 39.969302 ], [ -75.27481, 39.969302 ], [ -75.274892, 39.969295 ], [ -75.274893, 39.969295 ], [ -75.27503, 39.969298 ], [ -75.27503, 39.969298 ], [ -75.27503, 39.969298 ], [ -75.275086, 39.969306 ], [ -75.275087, 39.969307 ], [ -75.2752, 39.969335 ], [ -75.2752, 39.969335 ], [ -75.2752, 39.969335 ], [ -75.27527, 39.969374 ], [ -75.27527, 39.969374 ], [ -75.27527, 39.969374 ], [ -75.275323, 39.96942 ], [ -75.275323, 39.96942 ], [ -75.275323, 39.96942 ], [ -75.275366, 39.969513 ], [ -75.275366, 39.969513 ], [ -75.275398, 39.969584 ], [ -75.275398, 39.969584 ], [ -75.275458, 39.969787 ], [ -75.275458, 39.969787 ], [ -75.275495, 39.969938 ], [ -75.275495, 39.969939 ], [ -75.27557, 39.970135 ], [ -75.27557, 39.970135 ], [ -75.275608, 39.970219 ], [ -75.275608, 39.97022 ], [ -75.275609, 39.97022 ], [ -75.275609, 39.970221 ], [ -75.275654, 39.970268 ], [ -75.275654, 39.970269 ], [ -75.275655, 39.970269 ], [ -75.275655, 39.970269 ], [ -75.275706, 39.970301 ], [ -75.275706, 39.970301 ], [ -75.275707, 39.970301 ], [ -75.275707, 39.970302 ], [ -75.275708, 39.970302 ], [ -75.275709, 39.970302 ], [ -75.27582, 39.970319 ], [ -75.275821, 39.970319 ], [ -75.275821, 39.970319 ], [ -75.276006, 39.97032 ], [ -75.276006, 39.97032 ], [ -75.276189, 39.970333 ], [ -75.27619, 39.970333 ], [ -75.276246, 39.970339 ], [ -75.276246, 39.970339 ], [ -75.276247, 39.970339 ], [ -75.276304, 39.97036 ], [ -75.276305, 39.97036 ], [ -75.276305, 39.97036 ], [ -75.276374, 39.970397 ], [ -75.276375, 39.970397 ], [ -75.276414, 39.970425 ], [ -75.276415, 39.970425 ], [ -75.276415, 39.970426 ], [ -75.276441, 39.970478 ], [ -75.276441, 39.970478 ], [ -75.27647, 39.97053 ], [ -75.27647, 39.97053 ], [ -75.27651, 39.970599 ], [ -75.276616, 39.970785 ], [ -75.276616, 39.970785 ], [ -75.276642, 39.970838 ], [ -75.276659, 39.970871 ], [ -75.276659, 39.970871 ], [ -75.276659, 39.970872 ], [ -75.276671, 39.970917 ], [ -75.276672, 39.970917 ], [ -75.276677, 39.970955 ], [ -75.276677, 39.970956 ], [ -75.276677, 39.970956 ], [ -75.276663, 39.970992 ], [ -75.276663, 39.970992 ], [ -75.276663, 39.970993 ], [ -75.276639, 39.971026 ], [ -75.276639, 39.971026 ], [ -75.276639, 39.971026 ], [ -75.276589, 39.971066 ], [ -75.276589, 39.971066 ], [ -75.276531, 39.971103 ], [ -75.276531, 39.971104 ], [ -75.276477, 39.971143 ], [ -75.276477, 39.971143 ], [ -75.276476, 39.971143 ], [ -75.276476, 39.971144 ], [ -75.276476, 39.971144 ], [ -75.276475, 39.971145 ], [ -75.276475, 39.971145 ], [ -75.276475, 39.971146 ], [ -75.276475, 39.971146 ], [ -75.276475, 39.971147 ], [ -75.276475, 39.971147 ], [ -75.276475, 39.971148 ], [ -75.276488, 39.971186 ], [ -75.276489, 39.971186 ], [ -75.276489, 39.971187 ], [ -75.276489, 39.971187 ], [ -75.276527, 39.971233 ], [ -75.276528, 39.971234 ], [ -75.276528, 39.971234 ], [ -75.276529, 39.971234 ], [ -75.276583, 39.971269 ], [ -75.276584, 39.97127 ], [ -75.276584, 39.97127 ], [ -75.276585, 39.97127 ], [ -75.276586, 39.97127 ], [ -75.276586, 39.971271 ], [ -75.276587, 39.971271 ], [ -75.276588, 39.971271 ], [ -75.276588, 39.971271 ], [ -75.276691, 39.971263 ], [ -75.276691, 39.971263 ], [ -75.276762, 39.971253 ], [ -75.276762, 39.971253 ], [ -75.276763, 39.971252 ], [ -75.276764, 39.971252 ], [ -75.276828, 39.971224 ], [ -75.276828, 39.971224 ], [ -75.276899, 39.971186 ], [ -75.276899, 39.971185 ], [ -75.277075, 39.971114 ], [ -75.277075, 39.971114 ], [ -75.277075, 39.971114 ], [ -75.277138, 39.971099 ], [ -75.277138, 39.971099 ], [ -75.2772, 39.97109 ], [ -75.277201, 39.97109 ], [ -75.277201, 39.97109 ], [ -75.277268, 39.971091 ], [ -75.277268, 39.971091 ], [ -75.277341, 39.971093 ], [ -75.277341, 39.971093 ], [ -75.277342, 39.971094 ], [ -75.277425, 39.971108 ], [ -75.277425, 39.971108 ], [ -75.277494, 39.97112 ], [ -75.277494, 39.97112 ], [ -75.277494, 39.97112 ], [ -75.277543, 39.971138 ], [ -75.277543, 39.971138 ], [ -75.277543, 39.971138 ], [ -75.277578, 39.97116 ], [ -75.277578, 39.97116 ], [ -75.277613, 39.971184 ], [ -75.277613, 39.971184 ], [ -75.27766, 39.971218 ], [ -75.27766, 39.971218 ], [ -75.27766, 39.971219 ], [ -75.277689, 39.971256 ], [ -75.277689, 39.971256 ], [ -75.277689, 39.971256 ], [ -75.277707, 39.971293 ], [ -75.277707, 39.971294 ], [ -75.277707, 39.971294 ], [ -75.277715, 39.971331 ], [ -75.277715, 39.971331 ], [ -75.277715, 39.971331 ], [ -75.277691, 39.971354 ], [ -75.277691, 39.971354 ], [ -75.277691, 39.971354 ], [ -75.277651, 39.971372 ], [ -75.277651, 39.971372 ], [ -75.277651, 39.971372 ], [ -75.277599, 39.971387 ], [ -75.277598, 39.971387 ], [ -75.277598, 39.971387 ], [ -75.277555, 39.971394 ], [ -75.277554, 39.971395 ], [ -75.277554, 39.971395 ], [ -75.277553, 39.971395 ], [ -75.277552, 39.971395 ], [ -75.277528, 39.97141 ], [ -75.277527, 39.97141 ], [ -75.277527, 39.97141 ], [ -75.277526, 39.971411 ], [ -75.277526, 39.971411 ], [ -75.277525, 39.971412 ], [ -75.277512, 39.971433 ], [ -75.277511, 39.971433 ], [ -75.277511, 39.971434 ], [ -75.277511, 39.971434 ], [ -75.277507, 39.971461 ], [ -75.277507, 39.971461 ], [ -75.277507, 39.971496 ], [ -75.277507, 39.971497 ], [ -75.277507, 39.971497 ], [ -75.277517, 39.971528 ], [ -75.277517, 39.971529 ], [ -75.277531, 39.971564 ], [ -75.277531, 39.971564 ], [ -75.277532, 39.971565 ], [ -75.277532, 39.971565 ], [ -75.277557, 39.971592 ], [ -75.277557, 39.971593 ], [ -75.277593, 39.971624 ], [ -75.277593, 39.971625 ], [ -75.277594, 39.971625 ], [ -75.277642, 39.971652 ], [ -75.277643, 39.971652 ], [ -75.277676, 39.971669 ], [ -75.277677, 39.971669 ], [ -75.277678, 39.971669 ], [ -75.277678, 39.971669 ], [ -75.277767, 39.971688 ], [ -75.277768, 39.971688 ], [ -75.277888, 39.971703 ], [ -75.277889, 39.971703 ], [ -75.277889, 39.971703 ], [ -75.27797, 39.971724 ], [ -75.27797, 39.971724 ], [ -75.27797, 39.971724 ], [ -75.27802, 39.97176 ], [ -75.278021, 39.97176 ], [ -75.278299, 39.971937 ], [ -75.278299, 39.971937 ], [ -75.2783, 39.971937 ], [ -75.278355, 39.972021 ], [ -75.278355, 39.972022 ], [ -75.278356, 39.972022 ], [ -75.278452, 39.972116 ], [ -75.278452, 39.972116 ], [ -75.27854, 39.972194 ], [ -75.27854, 39.972195 ], [ -75.278612, 39.972273 ], [ -75.278612, 39.972273 ], [ -75.278659, 39.972341 ], [ -75.27866, 39.972341 ], [ -75.278699, 39.972424 ], [ -75.278699, 39.972424 ], [ -75.278699, 39.972425 ], [ -75.278727, 39.97254 ], [ -75.278727, 39.972541 ], [ -75.278763, 39.972644 ], [ -75.278763, 39.972644 ], [ -75.278778, 39.972702 ], [ -75.278778, 39.972702 ], [ -75.278784, 39.972754 ], [ -75.278784, 39.972755 ], [ -75.278786, 39.97285 ], [ -75.278786, 39.972851 ], [ -75.278798, 39.972959 ], [ -75.278798, 39.972959 ], [ -75.278814, 39.973061 ], [ -75.278814, 39.973061 ], [ -75.278834, 39.973171 ], [ -75.278835, 39.973172 ], [ -75.278862, 39.973255 ], [ -75.278862, 39.973256 ], [ -75.278862, 39.973256 ], [ -75.278862, 39.973257 ], [ -75.278918, 39.973324 ], [ -75.278918, 39.973324 ], [ -75.278954, 39.973369 ], [ -75.278954, 39.973369 ], [ -75.278954, 39.973369 ], [ -75.278972, 39.973456 ], [ -75.278972, 39.973456 ], [ -75.279001, 39.973536 ], [ -75.279002, 39.973537 ], [ -75.27905, 39.973628 ], [ -75.27905, 39.973628 ], [ -75.279085, 39.973701 ], [ -75.279085, 39.973701 ], [ -75.279085, 39.973702 ], [ -75.279111, 39.973821 ], [ -75.279111, 39.973822 ], [ -75.279126, 39.973923 ], [ -75.279127, 39.973923 ], [ -75.279127, 39.973923 ], [ -75.279127, 39.973924 ], [ -75.279127, 39.973924 ], [ -75.279173, 39.973995 ], [ -75.279174, 39.973995 ], [ -75.279174, 39.973996 ], [ -75.279175, 39.973996 ], [ -75.279175, 39.973997 ], [ -75.279243, 39.974041 ], [ -75.279243, 39.974041 ], [ -75.279244, 39.974041 ], [ -75.279245, 39.974042 ], [ -75.279362, 39.974082 ], [ -75.279362, 39.974082 ], [ -75.279469, 39.974133 ], [ -75.279469, 39.974133 ], [ -75.279604, 39.974195 ], [ -75.279604, 39.974195 ], [ -75.279604, 39.974195 ], [ -75.279808, 39.974329 ], [ -75.279808, 39.974329 ], [ -75.279957, 39.974433 ], [ -75.279958, 39.974433 ], [ -75.279958, 39.974433 ], [ -75.28003, 39.974511 ], [ -75.28003, 39.974511 ], [ -75.28003, 39.974511 ], [ -75.280046, 39.97455 ], [ -75.280046, 39.97455 ], [ -75.280088, 39.974633 ], [ -75.280088, 39.974634 ], [ -75.280134, 39.974745 ], [ -75.280134, 39.974746 ], [ -75.280194, 39.974844 ], [ -75.280194, 39.974845 ], [ -75.280306, 39.975001 ], [ -75.280306, 39.975001 ] ] ] } }
]
}
