{"type":"FeatureCollection","features":[{"type":"Feature","id":1,"geometry":{"type":"Polygon","coordinates":[[[-75.152458521627992,40.006176455282414],[-75.152458521627992,40.006176455282414],[-75.152458433375756,40.00617686324901],[-75.15271242893364,40.006209330361528],[-75.152764420311371,40.005968696683752],[-75.152510425731961,40.005936226985227],[-75.152458521627992,40.006176455282414]]]},"properties":{"OBJECTID":1,"PROPERTY_A":"Kresge West Building","PROPERTY_1":"1402-1410 W. Tioga Street","CAMPUS":"HSC","BUILDING__":"568","BUILDING_C":" ","Ownership_":"Temple University","fact_id":95,"HISTORICAL_SIMPLE":null,"PHC_HISTORICAL_DISTRICT":null,"HISTORICAL_DESIGNATION":"No","Garage":null,"Shape_Length":321.98035460955828,"Shape_Area":6409.4716342738657}},{"type":"Feature","id":2,"geometry":{"type":"Polygon","coordinates":[[[-75.152251222673215,40.005654330659866],[-75.152251222673215,40.005654330659866],[-75.15220067658781,40.005888077927004],[-75.152145203056691,40.005881002083747],[-75.152091517086944,40.006129427935392],[-75.152377826610348,40.006166038272582],[-75.15234229671097,40.006311746259975],[-75.152369619075756,40.00631529457916],[-75.15240518245497,40.006169536885089],[-75.152459259398981,40.005919223114766],[-75.152395607312712,40.005911082954263],[-75.152408102724863,40.005853337388501],[-75.152452207572466,40.005858974645335],[-75.152489787852375,40.005685049877833],[-75.152469176013994,40.005682415673299],[-75.152251222673215,40.005654330659866]]]},"properties":{"OBJECTID":2,"PROPERTY_A":"Kresge Hall","PROPERTY_1":"3440 N. Broad Street","CAMPUS":"HSC","BUILDING__":"557","BUILDING_C":"KRESGE","Ownership_":"Commonwealth","fact_id":93,"HISTORICAL_SIMPLE":null,"PHC_HISTORICAL_DISTRICT":null,"HISTORICAL_DESIGNATION":"No","Garage":null,"Shape_Length":667.25496910785239,"Shape_Area":14174.679596336593}},{"type":"Feature","id":3,"geometry":{"type":"Polygon","coordinates":[[[-75.153589501378718,40.005779631591651],[-75.153589501378718,40.005779631591651],[-75.153596074372203,40.005780490247474],[-75.153627185366148,40.005639376304423],[-75.153539910254167,40.00562799316333],[-75.15322901360922,40.005587442623451],[-75.153240462891617,40.005535523632311],[-75.153129773674209,40.005521074203294],[-75.153117807530393,40.005575261970925],[-75.153006013598528,40.005560684718745],[-75.153005410785212,40.005560608011223],[-75.152974816318888,40.005699457527101],[-75.152975244259338,40.005699511357534],[-75.153589501378718,40.005779631591651]]]},"properties":{"OBJECTID":3,"PROPERTY_A":"Central Storage (Carlisle)","PROPERTY_1":"3430 N. Carlisle Street","CAMPUS":"HSC","BUILDING__":"510","BUILDING_C":" ","Ownership_":"Temple University","fact_id":87,"HISTORICAL_SIMPLE":null,"PHC_HISTORICAL_DISTRICT":null,"HISTORICAL_DESIGNATION":"No","Garage":null,"Shape_Length":495.69182800931191,"Shape_Area":9780.4670552096795}},{"type":"Feature","id":4,"geometry":{"type":"Polygon","coordinates":[[[-75.152818874826323,40.004835720442458],[-75.152818874826323,40.004835720442458],[-75.15273616293608,40.005218396652879],[-75.152924903771122,40.005242520408281],[-75.153008344913189,40.004856465545458],[-75.152819605293686,40.00483233742559],[-75.152819086753027,40.004834744027931],[-75.152818874826323,40.004835720442458]]]},"properties":{"OBJECTID":4,"PROPERTY_A":"Chiller Building","PROPERTY_1":"3401-3417 Carlisle Street","CAMPUS":"HSC","BUILDING__":"730","BUILDING_C":" ","Ownership_":"Temple University","fact_id":115,"HISTORICAL_SIMPLE":null,"PHC_HISTORICAL_DISTRICT":null,"HISTORICAL_DESIGNATION":"No","Garage":null,"Shape_Length":392.32460416680976,"Shape_Area":7641.2387140874653}},{"type":"Feature","id":5,"geometry":{"type":"Polygon","coordinates":[[[-75.153116251266795,40.004729035501263],[-75.153116251266795,40.004729035501263],[-75.153193124755447,40.004373615259844],[-75.152992797233964,40.004347999894058],[-75.152838740951367,40.00432830548246],[-75.152833880621529,40.004350796671744],[-75.152745711666341,40.004339517906267],[-75.152740548616308,40.004363459190365],[-75.152572667554978,40.004341974882927],[-75.152583995596558,40.004289557644924],[-75.152492342441448,40.00427781601784],[-75.15242687314327,40.004580515824955],[-75.152438635360284,40.004582044287581],[-75.152425962878894,40.004640749936883],[-75.153116251266795,40.004729035501263]]]},"properties":{"OBJECTID":5,"PROPERTY_A":"Student Faculty Center","PROPERTY_1":"3340 N. Broad Street","CAMPUS":"HSC","BUILDING__":"603","BUILDING_C":"SFC","Ownership_":"Commonwealth","fact_id":101,"HISTORICAL_SIMPLE":null,"PHC_HISTORICAL_DISTRICT":null,"HISTORICAL_DESIGNATION":"No","Garage":null,"Shape_Length":699.97893792948275,"Shape_Area":25128.792517617276}},{"type":"Feature","id":6,"geometry":{"type":"Polygon","coordinates":[[[-75.1495929395399,40.004060115392008],[-75.1495929395399,40.004060115392008],[-75.149572695629274,40.004155995628643],[-75.149487327559882,40.004145329211156],[-75.149508847619956,40.004219308327372],[-75.149942455225684,40.004273427266575],[-75.149977358254688,40.004108094136512],[-75.1495929395399,40.004060115392008]]]},"properties":{"OBJECTID":6,"PROPERTY_A":"Steam Plant","PROPERTY_1":"1218 W. Ontario Street","CAMPUS":"HSC","BUILDING__":"729","BUILDING_C":" ","Ownership_":"Commonwealth","fact_id":114,"HISTORICAL_SIMPLE":null,"PHC_HISTORICAL_DISTRICT":null,"HISTORICAL_DESIGNATION":"No","Garage":null,"Shape_Length":380.40853415351842,"Shape_Area":7146.4363319756894}},{"type":"Feature","id":7,"geometry":{"type":"Polygon","coordinates":[[[-75.152877429664969,40.004187992054838],[-75.152877429664969,40.004187992054838],[-75.15297035733083,40.004199952322402],[-75.153017672827289,40.00398250050862],[-75.152970553434059,40.00397643303819],[-75.152616395441939,40.003930851920394],[-75.152608262337239,40.003968236773098],[-75.152568079380075,40.004152925709434],[-75.152724192584898,40.004173018427856],[-75.152877429664969,40.004187992054838]]]},"properties":{"OBJECTID":7,"PROPERTY_A":"Medical Office Building (MOB)","PROPERTY_1":"3322 N. Broad Street","CAMPUS":"HSC","BUILDING__":"511","BUILDING_C":" ","Ownership_":"Temple University","fact_id":88,"HISTORICAL_SIMPLE":null,"PHC_HISTORICAL_DISTRICT":null,"HISTORICAL_DESIGNATION":"No","Garage":null,"Shape_Length":390.32725803943362,"Shape_Area":9266.8150865770731}},{"type":"Feature","id":8,"geometry":{"type":"Polygon","coordinates":[[[-75.151956642651243,40.003953492023008],[-75.151956642651243,40.003953492023008],[-75.152085289749081,40.003970219542062],[-75.152088313712525,40.00395647175413],[-75.152092939524735,40.003935461063747],[-75.152039390130767,40.003928480032812],[-75.152046739982026,40.003894977096884],[-75.152164574953289,40.003910302042279],[-75.152278375109503,40.00339264617778],[-75.15227389836808,40.003392063733784],[-75.152075078220392,40.003366238427766],[-75.152061198703024,40.003429419116458],[-75.151902078986382,40.00340873572187],[-75.151889582650981,40.003465495502184],[-75.151747092250858,40.003446972254821],[-75.151745770284037,40.003452982764507],[-75.151660736724523,40.003839939673796],[-75.151754443152598,40.003852137514592],[-75.151746007196095,40.003890504781097],[-75.151713105560972,40.00388621642211],[-75.151705494677628,40.003920841507913],[-75.151709156529705,40.003921318131312],[-75.151956642651243,40.003953492023008]]]},"properties":{"OBJECTID":8,"PROPERTY_A":"Pharmacy Allied Health Building","PROPERTY_1":"3307-3323 N. Broad Street","CAMPUS":"HSC","BUILDING__":"602","BUILDING_C":"TUSP","Ownership_":"Commonwealth","fact_id":100,"HISTORICAL_SIMPLE":null,"PHC_HISTORICAL_DISTRICT":null,"HISTORICAL_DESIGNATION":"No","Garage":null,"Shape_Length":768.95724445079509,"Shape_Area":26955.361963262749}},{"type":"Feature","id":9,"geometry":{"type":"Polygon","coordinates":[[[-75.151578076608772,40.002190119874747],[-75.151578076608772,40.002190119874747],[-75.151461457616364,40.002723390867672],[-75.152146142088995,40.002811938825303],[-75.152149300654798,40.002797457950415],[-75.152389097064983,40.002828468568396],[-75.152396377727669,40.002829410888843],[-75.152509645580665,40.002311549091417],[-75.152398136885836,40.002297131649172],[-75.151578076608772,40.002190119874747]]]},"properties":{"OBJECTID":9,"PROPERTY_A":"Dental School (Original)","PROPERTY_1":"3223 N. Broad Street","CAMPUS":"HSC","BUILDING__":"600","BUILDING_C":"OLDDNT","Ownership_":"Temple University","fact_id":98,"HISTORICAL_SIMPLE":null,"PHC_HISTORICAL_DISTRICT":null,"HISTORICAL_DESIGNATION":"No","Garage":null,"Shape_Length":923.03560490220775,"Shape_Area":51716.41537150224}},{"type":"Feature","id":10,"geometry":{"type":"Polygon","coordinates":[[[-75.15204082627541,40.006272596086767],[-75.15204082627541,40.006272596086767],[-75.152017029213255,40.006268840940187],[-75.151953044471639,40.006560196978896],[-75.15200589443063,40.006567108113686],[-75.151887027933824,40.00710015388691],[-75.151858806886935,40.007096781544021],[-75.151830993391172,40.007109549352307],[-75.151806468293458,40.007125820850256],[-75.151785968645711,40.007145104545891],[-75.15177011054611,40.007166824217194],[-75.151759371372364,40.007190323916035],[-75.151754074595956,40.007214897357613],[-75.151754378625469,40.007239803886151],[-75.151760276873659,40.007264297309163],[-75.151771590284795,40.007287637441138],[-75.151787978970901,40.007309122804067],[-75.151808947478656,40.007328106064122],[-75.151802570062628,40.007356087031475],[-75.152383536757256,40.007430698125326],[-75.152621606426948,40.006348018284491],[-75.15204082627541,40.006272596086767]]]},"properties":{"OBJECTID":10,"PROPERTY_A":"Medical Education and \nResearch Building (MERB)","PROPERTY_1":"3500 N. Broad Street","CAMPUS":"HSC","BUILDING__":"561","BUILDING_C":"MERB","Ownership_":"Joint","fact_id":94,"HISTORICAL_SIMPLE":null,"PHC_HISTORICAL_DISTRICT":null,"HISTORICAL_DESIGNATION":"No","Garage":null,"Shape_Length":1174.6355141103281,"Shape_Area":66493.020519939135}},{"type":"Feature","id":11,"geometry":{"type":"Polygon","coordinates":[[[-75.149945310990304,40.006783200638118],[-75.149945310990304,40.006783200638118],[-75.149902399480524,40.006649654647681],[-75.149635099415306,40.006704329302046],[-75.149602728585151,40.006843354091096],[-75.149945310990304,40.006783200638118]]]},"properties":{"OBJECTID":11,"PROPERTY_A":"Facilities Mgmt-Germantown Ave.","PROPERTY_1":"3525-3529 Germantown Avenue","CAMPUS":"HSC","BUILDING__":"651","BUILDING_C":" ","Ownership_":"Temple University","fact_id":103,"HISTORICAL_SIMPLE":null,"PHC_HISTORICAL_DISTRICT":null,"HISTORICAL_DESIGNATION":"No","Garage":null,"Shape_Length":277.48273500946709,"Shape_Area":4271.8694968250411}},{"type":"Feature","id":12,"geometry":{"type":"Polygon","coordinates":[[[-75.149507974006184,40.00651022291931],[-75.149507974006184,40.00651022291931],[-75.149532228503233,40.006395276958159],[-75.149037827336699,40.006489420794992],[-75.149010515599201,40.006603955020424],[-75.149507974006184,40.00651022291931]]]},"properties":{"OBJECTID":12,"PROPERTY_A":"Ford Building - 3511 N. 13th","PROPERTY_1":"3511 N. 13th Street","CAMPUS":"HSC","BUILDING__":"536","BUILDING_C":" ","Ownership_":"Temple University","fact_id":91,"HISTORICAL_SIMPLE":null,"PHC_HISTORICAL_DISTRICT":null,"HISTORICAL_DESIGNATION":"No","Garage":null,"Shape_Length":370.99707291505302,"Shape_Area":5559.6638858172255}},{"type":"Feature","id":13,"geometry":{"type":"Polygon","coordinates":[[[-75.151578076608772,40.002190119874747],[-75.151578076608772,40.002190119874747],[-75.152398136885836,40.002297131649172],[-75.152422109274909,40.002187493027947],[-75.15242622845129,40.002168663943159],[-75.15244743448703,40.002071706729346],[-75.152508982367365,40.002079661476969],[-75.152578840238291,40.001760142528774],[-75.15237704280716,40.001734048446288],[-75.152383117033708,40.001706224583288],[-75.152383360185922,40.001705105614086],[-75.152265849176842,40.001689925092116],[-75.152265818119844,40.001690063146185],[-75.152258750399142,40.001722417369542],[-75.15203481199552,40.001693456480268],[-75.152041567936053,40.001662547654632],[-75.151921956135595,40.001647098485314],[-75.151921934374357,40.001647207917102],[-75.151915464030509,40.001676775276508],[-75.151713699912605,40.001650679869798],[-75.151643573088023,40.00197142849278],[-75.151780205501069,40.001989074214812],[-75.151773956532892,40.002017660863899],[-75.151765619322418,40.002055780781788],[-75.151759774272179,40.002082506958253],[-75.151758828202233,40.002086716729828],[-75.151605036214221,40.002066840008219],[-75.151578592004327,40.00218776546518],[-75.151578076608772,40.002190119874747]]]},"properties":{"OBJECTID":13,"PROPERTY_A":"Kornberg School of Dentistry","PROPERTY_1":"3201 N. Broad Street","CAMPUS":"HSC","BUILDING__":"601","BUILDING_C":"NEWDNT","Ownership_":"Commonwealth","fact_id":99,"HISTORICAL_SIMPLE":null,"PHC_HISTORICAL_DISTRICT":null,"HISTORICAL_DESIGNATION":"No","Garage":null,"Shape_Length":1025.1045316465829,"Shape_Area":47339.434907993134}},{"type":"Feature","id":14,"geometry":{"type":"Polygon","coordinates":[[[-75.152251222673215,40.005654330659866],[-75.152251222673215,40.005654330659866],[-75.152469176013994,40.005682415673299],[-75.152475252488713,40.005654235049974],[-75.152551871620716,40.005664046207976],[-75.152614149768283,40.005375772419633],[-75.152540759819914,40.005366395665028],[-75.152545710808909,40.005343438006754],[-75.152339765182731,40.005317110591704],[-75.152333779378921,40.005344849959336],[-75.152267318930981,40.005336354240335],[-75.152263020101813,40.005335803756147],[-75.152201662355822,40.005619704848122],[-75.152257173139589,40.005626812146417],[-75.152251222673215,40.005654330659866]]]},"properties":{"OBJECTID":14,"PROPERTY_A":"Medical Research Building (MRB)","PROPERTY_1":"3428 N. Broad Street","CAMPUS":"HSC","BUILDING__":"556","BUILDING_C":"MEDRB","Ownership_":"Temple University","fact_id":92,"HISTORICAL_SIMPLE":null,"PHC_HISTORICAL_DISTRICT":null,"HISTORICAL_DESIGNATION":"No","Garage":null,"Shape_Length":449.43245334694961,"Shape_Area":11687.824829870322}},{"type":"Feature","id":15,"geometry":{"type":"Polygon","coordinates":[[[-75.152724192584898,40.004173018427856],[-75.152724192584898,40.004173018427856],[-75.152715741810383,40.004211878275449],[-75.152566559349168,40.004192657766474],[-75.152552480443205,40.004257260306964],[-75.152768188853912,40.004285018348952],[-75.15278127266528,40.004224922693425],[-75.152799612034599,40.004227287394798],[-75.152786615178897,40.004286917390715],[-75.153000014208217,40.004314375867956],[-75.153014619769223,40.004247174044764],[-75.152868635697402,40.004228383087131],[-75.152877429664969,40.004187992054838],[-75.152724192584898,40.004173018427856]]]},"properties":{"OBJECTID":15,"PROPERTY_A":"Medical Office Building (MOB) Annex","PROPERTY_1":"3322 N. Broad Street","CAMPUS":"HSC","BUILDING__":"512","BUILDING_C":" ","Ownership_":"Temple University","fact_id":89,"HISTORICAL_SIMPLE":null,"PHC_HISTORICAL_DISTRICT":null,"HISTORICAL_DESIGNATION":"No","Garage":null,"Shape_Length":376.38009554347383,"Shape_Area":3610.2785381591175}},{"type":"Feature","id":16,"geometry":{"type":"Polygon","coordinates":[[[-75.191402301254584,40.166198161677883],[-75.191402301254584,40.166198161677883],[-75.191454998238811,40.166240706213912],[-75.191584162678964,40.166344980629972],[-75.191824936435864,40.166169439925177],[-75.191759389652333,40.166116517833117],[-75.191770357479257,40.166108497701067],[-75.191768371107997,40.166106892114598],[-75.191718537268571,40.166066648550583],[-75.191718081530027,40.166066277119157],[-75.191704936916565,40.166075898581141],[-75.191602568139402,40.165993269116491],[-75.191537857501231,40.166040440193839],[-75.191424949502093,40.166122749859319],[-75.19136396646897,40.166167209726616],[-75.191402301254584,40.166198161677883]]]},"properties":{"OBJECTID":16,"PROPERTY_A":"Widener Hall","PROPERTY_1":"580 Meetinghouse Road","CAMPUS":"AMB","BUILDING__":"936","BUILDING_C":"AMWIDE","Ownership_":"Temple University","fact_id":132,"HISTORICAL_SIMPLE":null,"PHC_HISTORICAL_DISTRICT":null,"HISTORICAL_DESIGNATION":"No","Garage":null,"Shape_Length":372.79904037609003,"Shape_Area":8347.8751092750099}},{"type":"Feature","id":17,"geometry":{"type":"Polygon","coordinates":[[[-75.193544967534478,40.166031677480525],[-75.193544967534478,40.166031677480525],[-75.193498212874715,40.166074365113928],[-75.193585411636207,40.166130578286918],[-75.193686121116784,40.166195503220962],[-75.193750593368435,40.166136625323801],[-75.193683950918796,40.166093652257494],[-75.193698073936488,40.166080752858264],[-75.193757834684789,40.166119265386911],[-75.193772624537289,40.166105780727179],[-75.193810611232863,40.166130268477268],[-75.193855361126793,40.166089382333446],[-75.193819194244455,40.166066060365679],[-75.193914211416612,40.165979305558089],[-75.193840204718512,40.16593159014112],[-75.193742732313481,40.16586874646422],[-75.193741590132461,40.165869790576245],[-75.193596181227491,40.166002529958753],[-75.193654507010024,40.166040132195036],[-75.19364459092165,40.166049168763514],[-75.193633891379505,40.166058924042119],[-75.193564282960168,40.166014040675471],[-75.193544967534478,40.166031677480525]]]},"properties":{"OBJECTID":17,"PROPERTY_A":"Greenhouse (New)","PROPERTY_1":"580 Meetinghouse Road","CAMPUS":"AMB","BUILDING__":"907","BUILDING_C":"AMNGRN","Ownership_":"Temple University","fact_id":124,"HISTORICAL_SIMPLE":null,"PHC_HISTORICAL_DISTRICT":null,"HISTORICAL_DESIGNATION":"No","Garage":null,"Shape_Length":453.72048180087495,"Shape_Area":6437.0388203758557}},{"type":"Feature","id":18,"geometry":{"type":"Polygon","coordinates":[[[-75.191284184362019,40.165722713466437],[-75.191284184362019,40.165722713466437],[-75.191308738878348,40.165742457884718],[-75.191285655214088,40.165759353710428],[-75.19128748459579,40.165760824269455],[-75.191484304738211,40.165919073604364],[-75.19161385584313,40.165824241518344],[-75.191462698091129,40.165702707862323],[-75.19147414406369,40.165694340693499],[-75.191465382371106,40.16568729831188],[-75.191444801805986,40.165670762436534],[-75.191438152214246,40.165665416738427],[-75.191482180332557,40.165633222685237],[-75.191380460826721,40.165551430946145],[-75.191347987068866,40.16552531970887],[-75.19126963564986,40.16546232146878],[-75.191280813793995,40.165454142078744],[-75.19129951419518,40.165440455457905],[-75.191357290670055,40.165398166924206],[-75.191266772722116,40.165325371014873],[-75.191258570890355,40.165318774444152],[-75.191234448719413,40.165299372092171],[-75.191019563335402,40.165456651862023],[-75.191027275655671,40.16546283842257],[-75.191021516804284,40.165467054074064],[-75.190961159854723,40.165511239326108],[-75.191057772143026,40.165588936371854],[-75.191089212162993,40.16556593654073],[-75.191258916447751,40.165702392759641],[-75.191284184362019,40.165722713466437]]]},"properties":{"OBJECTID":18,"PROPERTY_A":"Bright Hall","PROPERTY_1":"580 Meetinghouse Road","CAMPUS":"AMB","BUILDING__":"903","BUILDING_C":"AMBRHT","Ownership_":"Temple University","fact_id":121,"HISTORICAL_SIMPLE":null,"PHC_HISTORICAL_DISTRICT":null,"HISTORICAL_DESIGNATION":"No","Garage":null,"Shape_Length":658.00157096300393,"Shape_Area":14505.923794027805}},{"type":"Feature","id":19,"geometry":{"type":"Polygon","coordinates":[[[-75.189136662501255,40.165795659855149],[-75.189136662501255,40.165795659855149],[-75.189208936783629,40.165791539622909],[-75.189206675785925,40.165768124619206],[-75.18920621237227,40.165763328203518],[-75.18923864013,40.165761469343558],[-75.189239068064154,40.165765868530301],[-75.189246061859748,40.165837869770129],[-75.189436155381827,40.165827023224864],[-75.189432456166998,40.165788869230333],[-75.189411123620587,40.165568813157833],[-75.189218017526443,40.165579839481936],[-75.189220819905174,40.165608846416156],[-75.18918810478111,40.165610728607724],[-75.189180588007076,40.165533116918979],[-75.188989166320496,40.165544043389069],[-75.189014217166942,40.16580263783451],[-75.189136662501255,40.165795659855149]]]},"properties":{"OBJECTID":19,"PROPERTY_A":"Dining Center","PROPERTY_1":"580 Meetinghouse Road","CAMPUS":"AMB","BUILDING__":"923","BUILDING_C":" ","Ownership_":"Temple University","fact_id":129,"HISTORICAL_SIMPLE":null,"PHC_HISTORICAL_DISTRICT":null,"HISTORICAL_DESIGNATION":"No","Garage":null,"Shape_Length":499.80861244717181,"Shape_Area":10670.083123968354}},{"type":"Feature","id":20,"geometry":{"type":"Polygon","coordinates":[[[-75.192658990348619,40.165601860908545],[-75.192658990348619,40.165601860908545],[-75.192654746441846,40.165598428402042],[-75.192643959914633,40.165606317493946],[-75.192496386451253,40.165487393075225],[-75.192503378375889,40.165482305560452],[-75.192498239724358,40.165478153988907],[-75.192507368722048,40.165471489470036],[-75.19251501062071,40.165477647332871],[-75.192538109460585,40.165460774131333],[-75.192575859409132,40.165433191108264],[-75.192474662422597,40.165351686773818],[-75.19241348280913,40.165396382465801],[-75.192420850292194,40.165402311690038],[-75.192412822714147,40.165408203298213],[-75.192404658871837,40.165401623874168],[-75.192393323924321,40.165409885479953],[-75.192417467775741,40.165429314191414],[-75.192400865208327,40.165441442936626],[-75.192377832437089,40.165422913784269],[-75.192374931474689,40.165425033327679],[-75.192354293934414,40.165440108749721],[-75.192324455930759,40.165461905650041],[-75.192351831017348,40.165483935291427],[-75.192379881618933,40.165463412313002],[-75.192389539071982,40.165471180013093],[-75.192361045330131,40.165491993177071],[-75.192412426542248,40.165533368270907],[-75.192440590660809,40.165512793740838],[-75.192451739798273,40.165521801023012],[-75.192404437558068,40.165556369777548],[-75.192702916498348,40.165796870446158],[-75.192729861367525,40.165777203986075],[-75.192745666034128,40.165789942108312],[-75.192740330606043,40.165793832082159],[-75.192772637413213,40.165819840992626],[-75.192828187038558,40.165779251086825],[-75.19280442577903,40.16576010307044],[-75.192820992061826,40.165748002292808],[-75.192845032297228,40.165767351120344],[-75.192926937605748,40.165707515865563],[-75.192788812510599,40.165596218794924],[-75.192795846564223,40.165591072732958],[-75.19273327812185,40.165540664489363],[-75.192723339285749,40.165547938123602],[-75.192728516611396,40.165552092346068],[-75.192717769825038,40.165559924663818],[-75.192711655559066,40.165554986475158],[-75.192661038290083,40.165591975625986],[-75.192668891046068,40.165598303947249],[-75.192661378981256,40.165603792569911],[-75.192658990348619,40.165601860908545]]]},"properties":{"OBJECTID":20,"PROPERTY_A":"Dixon Hall","PROPERTY_1":"580 Meetinghouse Road","CAMPUS":"AMB","BUILDING__":"938","BUILDING_C":"AMDIXN","Ownership_":"Temple University","fact_id":133,"HISTORICAL_SIMPLE":null,"PHC_HISTORICAL_DISTRICT":null,"HISTORICAL_DESIGNATION":"No","Garage":null,"Shape_Length":671.30373172735722,"Shape_Area":9654.8842814631462}},{"type":"Feature","id":21,"geometry":{"type":"Polygon","coordinates":[[[-75.188551166854396,40.165579333258222],[-75.188551166854396,40.165579333258222],[-75.188591723400179,40.165577050945686],[-75.188597612862807,40.165569044214287],[-75.188608454819615,40.165554298323634],[-75.188609725035448,40.165552572351736],[-75.188642905860576,40.165550704294233],[-75.188643985124287,40.165550642721207],[-75.188643957193008,40.165550356482953],[-75.188626384221251,40.165365703927584],[-75.188624148151803,40.165365828050234],[-75.188589760627437,40.165367744925383],[-75.188588223773166,40.165351615278503],[-75.188553464058401,40.165353560799311],[-75.18855487112782,40.165368339664056],[-75.188543982570565,40.165368946041745],[-75.188529080937442,40.165369773036232],[-75.188532959332662,40.165410534947355],[-75.1885490377976,40.165579453454505],[-75.188551166854396,40.165579333258222]]]},"properties":{"OBJECTID":21,"PROPERTY_A":"Pool House","PROPERTY_1":"580 Meetinghouse Road","CAMPUS":"AMB","BUILDING__":"905","BUILDING_C":"AMPOOL","Ownership_":"Temple University","fact_id":123,"HISTORICAL_SIMPLE":null,"PHC_HISTORICAL_DISTRICT":null,"HISTORICAL_DESIGNATION":"No","Garage":null,"Shape_Length":214.45711826750946,"Shape_Area":2026.7028772940491}},{"type":"Feature","id":22,"geometry":{"type":"Polygon","coordinates":[[[-75.192215292062173,40.165376761478768],[-75.192215292062173,40.165376761478768],[-75.192219246710494,40.165373795896542],[-75.19225818633754,40.165344597800683],[-75.19215190970759,40.165261218818394],[-75.192067432701066,40.16532461927504],[-75.192173676453109,40.165407966970314],[-75.192215292062173,40.165376761478768]]]},"properties":{"OBJECTID":22,"PROPERTY_A":"Hilda Justice Hall","PROPERTY_1":"580 Meetinghouse Road","CAMPUS":"AMB","BUILDING__":"919","BUILDING_C":"AMJUST","Ownership_":"Temple University","fact_id":128,"HISTORICAL_SIMPLE":null,"PHC_HISTORICAL_DISTRICT":null,"HISTORICAL_DESIGNATION":"No","Garage":null,"Shape_Length":151.00477409169594,"Shape_Area":1402.8326150360383}},{"type":"Feature","id":23,"geometry":{"type":"Polygon","coordinates":[[[-75.191851824013028,40.164921548625919],[-75.191851824013028,40.164921548625919],[-75.191875593977372,40.164906495174456],[-75.191962340877339,40.164851549827539],[-75.191926686130017,40.164818433060063],[-75.192149035961037,40.164677524740874],[-75.192034290043182,40.164570904441689],[-75.192025853254975,40.164563066533304],[-75.191674487761233,40.164785723670882],[-75.19171750468611,40.164825680582723],[-75.191833326297754,40.164933264850205],[-75.191851824013028,40.164921548625919]]]},"properties":{"OBJECTID":23,"PROPERTY_A":"Red Barn Gymnasium","PROPERTY_1":"580 Meetinghouse Road","CAMPUS":"AMB","BUILDING__":"904","BUILDING_C":"AMGYM","Ownership_":"Temple University","fact_id":122,"HISTORICAL_SIMPLE":null,"PHC_HISTORICAL_DISTRICT":null,"HISTORICAL_DESIGNATION":"No","Garage":null,"Shape_Length":394.15333761210275,"Shape_Area":7618.224245497323}},{"type":"Feature","id":24,"geometry":{"type":"Polygon","coordinates":[[[-75.192250686068633,40.164335881441978],[-75.192250686068633,40.164335881441978],[-75.192264268670428,40.164327649988742],[-75.192380066895069,40.164257454655939],[-75.192325406216554,40.164204364841559],[-75.192221914381079,40.164267097687272],[-75.192202992692557,40.164248716627633],[-75.192174720553737,40.164265850483801],[-75.192156316969744,40.164277008427234],[-75.192094046412748,40.164314756421696],[-75.192163967671348,40.164382632147785],[-75.192199940266534,40.16436080406519],[-75.192203638782942,40.164364401965166],[-75.192250686068633,40.164335881441978]]]},"properties":{"OBJECTID":24,"PROPERTY_A":"Haines House","PROPERTY_1":"580 Meetinghouse Road","CAMPUS":"AMB","BUILDING__":"912","BUILDING_C":" ","Ownership_":"Temple University","fact_id":127,"HISTORICAL_SIMPLE":null,"PHC_HISTORICAL_DISTRICT":null,"HISTORICAL_DESIGNATION":"No","Garage":null,"Shape_Length":217.6922622606977,"Shape_Area":2174.5355334457035}},{"type":"Feature","id":25,"geometry":{"type":"Polygon","coordinates":[[[-75.189487825187598,40.166393888103663],[-75.189487825187598,40.166393888103663],[-75.189486003851201,40.166389471430293],[-75.189454583421664,40.166006515684778],[-75.189174120886321,40.166019486920533],[-75.189231539385815,40.166661971820965],[-75.189500454295938,40.166656046045944],[-75.18949381891575,40.166579214448632],[-75.189619457666097,40.166525541567623],[-75.189720209854613,40.166609667658101],[-75.189854108405839,40.166634972376933],[-75.189917626098776,40.166329573030943],[-75.189820234150929,40.166311253284555],[-75.189720382838928,40.166317576000495],[-75.189633081248758,40.166365037215527],[-75.189607726688067,40.166319240290768],[-75.189552167256664,40.166394168221466],[-75.189487825187598,40.166393888103663]]]},"properties":{"OBJECTID":25,"PROPERTY_A":"Ambler Learning Center","PROPERTY_1":"580 Meetinghouse Road","CAMPUS":"AMB","BUILDING__":"925","BUILDING_C":"AMLRNC","Ownership_":"Temple University","fact_id":130,"HISTORICAL_SIMPLE":null,"PHC_HISTORICAL_DISTRICT":null,"HISTORICAL_DESIGNATION":"No","Garage":null,"Shape_Length":944.27342469822361,"Shape_Area":28140.685322359153}},{"type":"Feature","id":26,"geometry":{"type":"Polygon","coordinates":[[[-75.191599072690607,40.164767347961231],[-75.191599072690607,40.164767347961231],[-75.191382483989003,40.164897503793462],[-75.191430763579504,40.164943111752933],[-75.191471667159234,40.164981031465729],[-75.191500176623165,40.164964685115258],[-75.191648032265192,40.164875266832048],[-75.19167451952292,40.164858355607336],[-75.191686590409518,40.16486860521362],[-75.191670831935497,40.164878596531814],[-75.1917053644936,40.164911137022202],[-75.191740233769181,40.164888588976311],[-75.19169262516661,40.164844520555334],[-75.191646010766377,40.16480270598742],[-75.191639975746483,40.164806804705563],[-75.191599072690607,40.164767347961231]]]},"properties":{"OBJECTID":26,"PROPERTY_A":"Facilities Management - Physical Plant","PROPERTY_1":"580 Meetinghouse Road","CAMPUS":"AMB","BUILDING__":"902","BUILDING_C":" ","Ownership_":"Temple University","fact_id":120,"HISTORICAL_SIMPLE":null,"PHC_HISTORICAL_DISTRICT":null,"HISTORICAL_DESIGNATION":"No","Garage":null,"Shape_Length":288.70960902723431,"Shape_Area":3303.4217302445963}},{"type":"Feature","id":27,"geometry":{"type":"Polygon","coordinates":[[[-75.198896837630315,40.165180291503148],[-75.198896837630315,40.165180291503148],[-75.19892377549715,40.164986794403667],[-75.19866852470831,40.164965877249152],[-75.19864158608695,40.165159375189496],[-75.198896837630315,40.165180291503148]]]},"properties":{"OBJECTID":27,"PROPERTY_A":"Field House","PROPERTY_1":"580 Meetinghouse Road","CAMPUS":"AMB","BUILDING__":"941","BUILDING_C":" ","Ownership_":"Temple University","fact_id":134,"HISTORICAL_SIMPLE":null,"PHC_HISTORICAL_DISTRICT":null,"HISTORICAL_DESIGNATION":"No","Garage":null,"Shape_Length":285.26519134052523,"Shape_Area":5085.832092851876}},{"type":"Feature","id":28,"geometry":{"type":"Polygon","coordinates":[[[-75.149755429047673,39.980411142487192],[-75.149755429047673,39.980411142487192],[-75.149720497124221,39.980677202496643],[-75.1497199610493,39.980681292694378],[-75.149719901035184,39.980681728329294],[-75.149720512916772,39.98068180706673],[-75.150267976563754,39.980752091681843],[-75.150442398010298,39.979948270384561],[-75.150440832698337,39.979948070941617],[-75.149826586038103,39.979869177469467],[-75.149755429047673,39.980411142487192]]]},"properties":{"OBJECTID":28,"PROPERTY_A":"Kardon Building","PROPERTY_1":"1851 N. 10th Street","CAMPUS":"MC","BUILDING__":"067","BUILDING_C":"KARDON","Ownership_":"Temple University Ground Leased","fact_id":53,"HISTORICAL_SIMPLE":null,"PHC_HISTORICAL_DISTRICT":null,"HISTORICAL_DESIGNATION":"No","Garage":null,"Shape_Length":925.05584611186748,"Shape_Area":49085.586101930116}},{"type":"Feature","id":29,"geometry":{"type":"Polygon","coordinates":[[[-75.157423563914236,39.98394558029085],[-75.157557021290302,39.98396279140924],[-75.157555260115743,39.98397088060733],[-75.157653292885684,39.983983528766899],[-75.157663248134682,39.983938008972366],[-75.157431672978078,39.983908293753828],[-75.157423563914236,39.98394558029085]]]},"properties":{"OBJECTID":29,"PROPERTY_A":"2025 N. Carlisle Street","PROPERTY_1":"2025 N. Carlisle Street","CAMPUS":"MC","BUILDING__":"132","BUILDING_C":"2025CL","Ownership_":"Temple University","fact_id":65,"HISTORICAL_SIMPLE":null,"PHC_HISTORICAL_DISTRICT":null,"HISTORICAL_DESIGNATION":"No","Garage":null,"Shape_Length":165.13986535848386,"Shape_Area":990.96962772851487}},{"type":"Feature","id":30,"geometry":{"type":"Polygon","coordinates":[[[-75.157403236211962,39.984037629471253],[-75.157536729453298,39.984053660185381],[-75.157535005304823,39.98406166912806],[-75.15763348399534,39.984074114734234],[-75.157643760280507,39.984027120018617],[-75.157411108812624,39.983998836498309],[-75.157403236211962,39.984037629471253]]]},"properties":{"OBJECTID":30,"PROPERTY_A":"2029 N. Carlisle Street","PROPERTY_1":"2029 N. Carlisle Street","CAMPUS":"MC","BUILDING__":"133","BUILDING_C":"2029CL","Ownership_":"Temple University","fact_id":66,"HISTORICAL_SIMPLE":null,"PHC_HISTORICAL_DISTRICT":null,"HISTORICAL_DESIGNATION":"No","Garage":null,"Shape_Length":166.45157631710327,"Shape_Area":1024.5871136623789}},{"type":"Feature","id":31,"geometry":{"type":"Polygon","coordinates":[[[-75.192296845670811,40.165036696003959],[-75.192296845670811,40.165036696003959],[-75.19213103352881,40.164883214280991],[-75.192079655249032,40.164913553114395],[-75.192246634677076,40.165067035628596],[-75.192296845670811,40.165036696003959]]]},"properties":{"OBJECTID":31,"PROPERTY_A":"Woman’s National Farm &\n Garden Visitors Center","PROPERTY_1":"580 Meetinghouse Road","CAMPUS":"AMB","BUILDING__":"909","BUILDING_C":"AMVSTC","Ownership_":"Temple University","fact_id":126,"HISTORICAL_SIMPLE":null,"PHC_HISTORICAL_DISTRICT":null,"HISTORICAL_DESIGNATION":"No","Garage":null,"Shape_Length":181.43025253755923,"Shape_Area":1307.694908764126}},{"type":"Feature","id":32,"geometry":{"type":"Polygon","coordinates":[[[-75.151714079434555,39.9807728550973],[-75.151714079434555,39.9807728550973],[-75.151701885955376,39.980828354834252],[-75.151856758568186,39.980848333579694],[-75.151868950823058,39.980792831999388],[-75.152127186583883,39.97961737858293],[-75.151515941409187,39.979538529635086],[-75.151257705732036,39.980713986418969],[-75.151714079434555,39.9807728550973]]]},"properties":{"OBJECTID":32,"PROPERTY_A":"Montgomery Avenue Parking Garage","PROPERTY_1":"1859 N. 11th Street","CAMPUS":"MC","BUILDING__":"064","BUILDING_C":"MONGAR","Ownership_":"Temple University","fact_id":51,"HISTORICAL_SIMPLE":null,"PHC_HISTORICAL_DISTRICT":null,"HISTORICAL_DESIGNATION":"No","Garage":1,"Shape_Length":1256.925132872944,"Shape_Area":76329.718897602957}},{"type":"Feature","id":33,"geometry":{"type":"Polygon","coordinates":[[[-75.157930924348889,39.980340790318046],[-75.157926767001655,39.980359712393614],[-75.1578797314952,39.980353646665115],[-75.157873261048991,39.980383092637574],[-75.157732301520795,39.980364910362205],[-75.157731855043863,39.980366941983],[-75.157574089794451,39.981085062743865],[-75.157573644478319,39.981087094390439],[-75.157575778536568,39.981087368752874],[-75.157674781575437,39.981100140721786],[-75.157668759896666,39.981127552413646],[-75.157667867032089,39.981131612953931],[-75.157672070995815,39.981132154819903],[-75.157679437788389,39.981130320965221],[-75.157684362031475,39.981130955687178],[-75.157690539463673,39.981134537112389],[-75.157691128022776,39.981134613478197],[-75.157698494815151,39.981132779622321],[-75.157723226654824,39.981135970141018],[-75.15771985708318,39.981151311341065],[-75.157723684611554,39.981151804156383],[-75.157731051370476,39.98114997119859],[-75.15775225058843,39.981152706191793],[-75.157758428094965,39.981156285812894],[-75.157759016619977,39.981156363078568],[-75.157766383412849,39.981154529218294],[-75.157791115263663,39.981157719722368],[-75.157787744570399,39.981173059997758],[-75.157791573201948,39.981173554637671],[-75.157798940030162,39.981171719875121],[-75.15782013922329,39.981174455755976],[-75.157826315565075,39.981178035346964],[-75.157827280596365,39.981178159860242],[-75.157834647355415,39.981176326895856],[-75.157859003915902,39.98117946926358],[-75.157855633236906,39.981194809540902],[-75.157859460699996,39.981195304152173],[-75.157866828664609,39.981193470311894],[-75.157888064075564,39.981196208800078],[-75.157894208343748,39.981199769642558],[-75.157894796903648,39.981199846007314],[-75.15790212349755,39.98119802204257],[-75.157923397288371,39.981200767698112],[-75.157929540388551,39.981204328512241],[-75.157930128948536,39.981204404876806],[-75.157936840667347,39.981202733710411],[-75.157958642478491,39.981205546247388],[-75.157959242775206,39.981205621975896],[-75.157964862595307,39.981208899763033],[-75.157965458176733,39.981208976285998],[-75.157972824969761,39.981207142412472],[-75.157994023045092,39.981209877334578],[-75.158000200500794,39.981213458743127],[-75.158000789095269,39.981213534207086],[-75.158008157058035,39.981211700357747],[-75.1580293563064,39.981214435299755],[-75.158035532628517,39.981218015779724],[-75.158036122393355,39.981218091269938],[-75.158043489185474,39.981216257391907],[-75.158064688436696,39.981218992327342],[-75.15807086472671,39.981222573705693],[-75.158071453287022,39.98122265006954],[-75.158078821248864,39.98122081621564],[-75.15810002053729,39.981223550244373],[-75.158106196898316,39.98122712982029],[-75.158106786628949,39.981227206210377],[-75.158114153420058,39.981225372327835],[-75.158135352676993,39.981228107250217],[-75.158141528971569,39.981231688624774],[-75.15814211753208,39.981231764988259],[-75.158149485493013,39.981229931129832],[-75.158170684787137,39.981232665145463],[-75.158176861083987,39.981236246518115],[-75.158177450883457,39.981236321107325],[-75.158184817639352,39.981234488120478],[-75.158206016936305,39.981237222129607],[-75.158212193235443,39.981240803500299],[-75.158212781796067,39.981240879863407],[-75.158220148585869,39.981239045974085],[-75.158241347851302,39.981241780876879],[-75.15824752539163,39.981245360471647],[-75.158251352860461,39.981245855069851],[-75.15825472352131,39.981230512980432],[-75.158279455422701,39.981233703379267],[-75.15828563406582,39.981237284798922],[-75.158286221456279,39.981237361135236],[-75.158293589413915,39.98123552726755],[-75.158314788715572,39.981238261256628],[-75.158320965054898,39.981241841721229],[-75.158324792524013,39.98124233631696],[-75.158328163168136,39.981226994225402],[-75.158352896241894,39.981230184634867],[-75.158359073718358,39.98123376602409],[-75.15835966231343,39.98123384148623],[-75.158367029132847,39.981232006687215],[-75.158388228367656,39.981234742463151],[-75.158394404710521,39.981238322923836],[-75.15839838021499,39.981238836177369],[-75.158401354028712,39.981225298870719],[-75.158401502803784,39.981224622863273],[-75.158403416623997,39.981224867909226],[-75.158403565399055,39.981224191901752],[-75.158405332285753,39.981224420114344],[-75.158405580289923,39.98122329223493],[-75.158407343700262,39.981223519467939],[-75.158407445235511,39.981223068549056],[-75.15846540024387,39.981230776302013],[-75.15845717099522,39.981268227770407],[-75.158456795727204,39.981268178750447],[-75.158456539053546,39.981269349683075],[-75.158433096148542,39.981266326286374],[-75.158431600412428,39.981273050140281],[-75.158417320749336,39.981271206761399],[-75.158415536207272,39.981279329680433],[-75.158429815940721,39.981281171259091],[-75.158414887558706,39.981349123156548],[-75.158478508822668,39.981357330074388],[-75.158514024006934,39.981361635206021],[-75.158528894008171,39.98129395228478],[-75.158536547888147,39.98129493873514],[-75.158536945903137,39.981293133073727],[-75.15854725003075,39.981294464089729],[-75.158547448453007,39.981293561245764],[-75.158627093012399,39.98130383462447],[-75.158626894591166,39.981304737468541],[-75.158637199961305,39.981306066702416],[-75.158636804323692,39.981307871516783],[-75.158644458172461,39.981308858860167],[-75.158644855014444,39.981307053171967],[-75.158645443541772,39.981307130433109],[-75.158709041492685,39.981315333994004],[-75.15870864585699,39.981317138808599],[-75.158716300912403,39.981318125273368],[-75.158716697718177,39.981316320485178],[-75.158727000751327,39.981317649658124],[-75.158727200307112,39.981316747740564],[-75.158806832224954,39.981327077471953],[-75.158806646501972,39.981327923838926],[-75.158816951879118,39.981329253056643],[-75.158816556246151,39.981331057871621],[-75.158824210100164,39.981332045203011],[-75.15882460807336,39.981330240440876],[-75.158825195465226,39.981330316774418],[-75.158826683484776,39.981323548592137],[-75.158825506360671,39.981323395872181],[-75.158826843234223,39.981317304545335],[-75.158841994746993,39.981319259461372],[-75.158848171155796,39.981322838997414],[-75.15884876088812,39.9813229153837],[-75.158856126465025,39.981321082327334],[-75.158877325816007,39.981323816212473],[-75.158883503328639,39.981327397573466],[-75.158884091925145,39.981327473032898],[-75.158891458706222,39.981325639100433],[-75.158912658025713,39.981328373879336],[-75.158918835540604,39.981331955238431],[-75.158922074491244,39.981332372554547],[-75.158922618925814,39.981329890830814],[-75.158920225931752,39.98132424599104],[-75.158922890476575,39.981312119891783],[-75.158967326431139,39.981317851674952],[-75.158984004631591,39.981241933685951],[-75.158983526795339,39.981241871539872],[-75.158986785403997,39.9812270368786],[-75.158946361154534,39.981221822757519],[-75.1589464107673,39.981221596821285],[-75.158944017740779,39.981215952882195],[-75.158947677181629,39.981199300008697],[-75.158952043815603,39.981195179131902],[-75.158964294387047,39.981196759488007],[-75.158964356695463,39.981196477074292],[-75.15899268297099,39.981200132303208],[-75.158998358107368,39.981174299421369],[-75.158992543435389,39.98117354914509],[-75.159005095615882,39.981116412509522],[-75.15901082523439,39.981117150953857],[-75.159016426523351,39.981091656988603],[-75.158976100239045,39.981086455900154],[-75.158976149851654,39.981086229963914],[-75.158974216780635,39.981081669521373],[-75.158973756861727,39.981080585125213],[-75.158977325767125,39.981064340169802],[-75.158981998009224,39.981059607193011],[-75.158982047587386,39.981059382157035],[-75.15899413261549,39.981060941653659],[-75.159008535847491,39.981062799464489],[-75.159008498930703,39.981062968923254],[-75.159022336904997,39.981064753602411],[-75.159022803106453,39.981064813683716],[-75.159062955797623,39.980882676746916],[-75.159063469052413,39.980880336679498],[-75.159074069265401,39.980881703166538],[-75.159075357666055,39.980875837799395],[-75.159055630496738,39.980873293060476],[-75.159058455361404,39.980860432645272],[-75.159063128754084,39.98085569969156],[-75.159063229114167,39.980855248745677],[-75.15906083498929,39.980849602982047],[-75.159064403827387,39.980833358924095],[-75.159069076047501,39.980828625943737],[-75.159069176407542,39.980828174997846],[-75.159066783453341,39.980822529260735],[-75.159070351118388,39.980806285176165],[-75.159073561341017,39.980803033798949],[-75.159090861911551,39.980805266060877],[-75.159092150378001,39.980799398893069],[-75.159087439437826,39.980798791572191],[-75.159102938113676,39.98072824223231],[-75.159107649014814,39.980728850452721],[-75.159108938579891,39.980722985111576],[-75.159104227713556,39.98072237599095],[-75.159119729072756,39.980651816798762],[-75.159124440037388,39.980652423218039],[-75.159125728463749,39.980646556950049],[-75.159121017499487,39.980645950530835],[-75.159136518892495,39.980575389535701],[-75.159141229817678,39.980575996854547],[-75.159142519377014,39.980570131513019],[-75.159131919211262,39.980568765032309],[-75.159131647069501,39.980570004094197],[-75.159122518913065,39.980568827621568],[-75.159123882306318,39.980562623362566],[-75.159128555673917,39.980557890406217],[-75.159128654897273,39.980557438533566],[-75.159126261913315,39.980551793697941],[-75.159129829549912,39.980535549611382],[-75.15913450294957,39.98053081575447],[-75.15913460210416,39.980530365682384],[-75.15913220915499,39.98052471994658],[-75.159135777993299,39.980508474985996],[-75.15914045135635,39.980503742029057],[-75.159140996912171,39.980501261230941],[-75.159137756829622,39.980500843894582],[-75.159130391349237,39.980502676969088],[-75.159109191108371,39.980499942203927],[-75.159103013659106,39.980496360854978],[-75.159102425103924,39.980496284496425],[-75.159095058384153,39.980498119342684],[-75.159086078271628,39.980496961526526],[-75.159087540890269,39.980490305395406],[-75.159089159760953,39.980490514037832],[-75.159090944167374,39.980482392008334],[-75.159083289269361,39.980481403768032],[-75.159082569279207,39.980484680731152],[-75.158997771866936,39.980473741691021],[-75.158998491792417,39.980470466528942],[-75.158990836862756,39.980469479182716],[-75.158990116902558,39.980472755244968],[-75.158905319520102,39.980461816136575],[-75.158906039449874,39.980458540975036],[-75.1588983845229,39.980457553622664],[-75.158897664558424,39.98046082968439],[-75.158812868375946,39.980449890534068],[-75.158813587139846,39.980446615346708],[-75.158805932284238,39.980445626187645],[-75.158805212246747,39.980448904049275],[-75.158722107956834,39.980438531929394],[-75.158722901763838,39.98043491695136],[-75.158715245671999,39.980433929560348],[-75.158711999737832,39.980448707736784],[-75.158706405408722,39.980447985846276],[-75.158685206372255,39.980445251029231],[-75.158679028950317,39.980441669657466],[-75.158678440396031,39.980441593296725],[-75.158671073670789,39.980443428115819],[-75.158649873432566,39.980440694166106],[-75.158643697183095,39.98043711281877],[-75.158643107458744,39.980437036431496],[-75.158635741971878,39.980438869474249],[-75.158614542941095,39.980436134644137],[-75.158608364284817,39.980432555042611],[-75.158605126583552,39.980432136843866],[-75.158604580940008,39.980434619439961],[-75.158606973910807,39.980440263386271],[-75.158603404846602,39.980456511031178],[-75.158600561382073,39.980459389546709],[-75.158602710397048,39.98045967053524],[-75.158602116516178,39.980462373692347],[-75.158573313840392,39.980458658046132],[-75.15856713642313,39.980455076668349],[-75.158566547800149,39.980455002107483],[-75.158559181104792,39.980456836019165],[-75.158545102062419,39.980455018806936],[-75.158552579081672,39.980420978719629],[-75.158453231858047,39.980408163675747],[-75.158445753620214,39.980442203730227],[-75.158431985725954,39.980440427768968],[-75.158425808317787,39.980436846383569],[-75.158425219695189,39.980436771822028],[-75.158417852997928,39.980438605724622],[-75.158396652805791,39.980435870827854],[-75.158390476570105,39.980432289466982],[-75.158389886846038,39.980432213078359],[-75.158382521284182,39.980434047905327],[-75.158375769608384,39.980433177324386],[-75.158383249050544,39.980399137300928],[-75.15828424572976,39.98038636591626],[-75.158276767409603,39.980420405959762],[-75.158255272332596,39.980417633742512],[-75.158249096071657,39.980414053274281],[-75.158248507552514,39.980413976011079],[-75.158241140852965,39.980415809902304],[-75.158219940675068,39.980413074972937],[-75.15821376438204,39.980409495403038],[-75.158213174658385,39.980409419013498],[-75.15820580795841,39.980411252902456],[-75.158199109910854,39.980410388928298],[-75.158206588268769,39.980376348889884],[-75.158107585014463,39.98036357735284],[-75.158100106573954,39.980397618285068],[-75.158099811712219,39.980397580089992],[-75.158078612750245,39.980394844260687],[-75.158072435296148,39.980391264656774],[-75.158071846743056,39.98039118829292],[-75.158064480041205,39.980393022172819],[-75.158043279843156,39.980390288111067],[-75.158037103664583,39.980386705830924],[-75.158036513872617,39.980386631240961],[-75.158029148340546,39.980388465145026],[-75.158022449195954,39.980387599333604],[-75.158029927571206,39.980353561107172],[-75.157930924348889,39.980340790318046]]]},"properties":{"OBJECTID":33,"PROPERTY_A":"Pearson-McGonigle Hall","PROPERTY_1":"1800-1828 N. Broad Street","CAMPUS":"MC","BUILDING__":"048","BUILDING_C":"PEARMC","Ownership_":"Commonwealth","fact_id":38,"HISTORICAL_SIMPLE":null,"PHC_HISTORICAL_DISTRICT":null,"HISTORICAL_DESIGNATION":"No","Garage":null,"Shape_Length":1759.6518061890044,"Shape_Area":120970.33196281282}},{"type":"Feature","id":34,"geometry":{"type":"Polygon","coordinates":[[[-75.159606679809983,39.979300137095102],[-75.159589528225041,39.979378210512351],[-75.159379245757847,39.979347405433685],[-75.15937504222326,39.979366537347204],[-75.15958550065065,39.979396538191764],[-75.159560682910907,39.979509510652449],[-75.15954596183343,39.979507611490462],[-75.159534449625951,39.979560009770729],[-75.159545325778083,39.979561413983014],[-75.159540766340541,39.979582170511023],[-75.159529890150836,39.979580767198541],[-75.159507684540259,39.979681843017758],[-75.159522406824607,39.979683742211044],[-75.159366982021098,39.980391217338379],[-75.159971750626141,39.980469228299903],[-75.160211448270687,39.979378148808244],[-75.159606679809983,39.979300137095102]]]},"properties":{"OBJECTID":34,"PROPERTY_A":"Liacouras Center Parking Garage","PROPERTY_1":"1710 N. 15th Street","CAMPUS":"MC","BUILDING__":"102","BUILDING_C":"LIAPRK","Ownership_":"Temple University","fact_id":61,"HISTORICAL_SIMPLE":null,"PHC_HISTORICAL_DISTRICT":null,"HISTORICAL_DESIGNATION":"No","Garage":1,"Shape_Length":1284.7095940589172,"Shape_Area":69932.174213517355}},{"type":"Feature","id":35,"geometry":{"type":"Polygon","coordinates":[[[-75.159105329582246,39.979308711166638],[-75.159105329582246,39.979308711166638],[-75.159096657345287,39.979348180858494],[-75.159077079864417,39.979437299976347],[-75.159076769429092,39.97943865260271],[-75.159076180883119,39.979438576244007],[-75.159061955367306,39.979503328343675],[-75.159024267501806,39.979498467034347],[-75.159014963741441,39.979488450308985],[-75.159001890451478,39.979495580431589],[-75.158913561736242,39.979484185848762],[-75.158904255653709,39.979474169061554],[-75.158891184660959,39.979481300124711],[-75.158692146799766,39.979455623978239],[-75.158682841923962,39.979445607199537],[-75.158669769743284,39.979452738211023],[-75.158611765445713,39.979445256470463],[-75.158611663983166,39.979445705589058],[-75.158581339608034,39.979441794291624],[-75.158581438764699,39.979441344219964],[-75.158572133941533,39.979431326532037],[-75.158559061751959,39.979438457530918],[-75.158558962560818,39.979438908502807],[-75.158225369188955,39.97939587675409],[-75.158221404553771,39.979413926499973],[-75.157988505538938,39.979383883922516],[-75.157984144061842,39.979403737545759],[-75.157974364172006,39.979402948111385],[-75.157944065127325,39.979623385186486],[-75.157954665052927,39.979624753577426],[-75.157889238394972,39.979922566809222],[-75.157878639560067,39.979921199338897],[-75.157812945050921,39.980137542784675],[-75.157841210315652,39.980141187920893],[-75.157836848712606,39.98016104243834],[-75.158051195847975,39.980188692132913],[-75.158047231120264,39.980206741872394],[-75.158380826054838,39.980249773184575],[-75.15838072569106,39.980250224129847],[-75.158390031802696,39.980260240959225],[-75.158403102929228,39.980253111753839],[-75.158403202191309,39.980252658981648],[-75.158491531820118,39.980264053956965],[-75.158491433797508,39.980264504955151],[-75.158500738757169,39.980274521749145],[-75.158513811079416,39.980267391657357],[-75.158513909101899,39.980266940659099],[-75.158602240006701,39.980278333775132],[-75.158602140780246,39.980278785647258],[-75.158611445792587,39.980288801532048],[-75.158624518071576,39.980281672327884],[-75.158624617297875,39.980281220455652],[-75.158712947000893,39.980292615260595],[-75.158712848979718,39.980293066259023],[-75.158722152805808,39.980303083008614],[-75.158735225144596,39.980295951991337],[-75.158735324301489,39.980295501919592],[-75.158823655246252,39.98030689576548],[-75.158823554885331,39.980307346711172],[-75.158832861070096,39.980317363504639],[-75.158845932229823,39.980310232448339],[-75.158846031386034,39.980309782376423],[-75.159040071923613,39.980334811971844],[-75.159040468715048,39.980333007182459],[-75.159052245949653,39.980334526389264],[-75.159051850328723,39.980336331205123],[-75.159158718419235,39.98035011652474],[-75.159167045256766,39.980312212205675],[-75.159187065924797,39.980314795991589],[-75.159201143896539,39.980250719912966],[-75.159198788513635,39.980250414454332],[-75.159200175976622,39.980244100813984],[-75.159202530257801,39.980244404445678],[-75.159223348910217,39.980149645928861],[-75.15918994736532,39.980145336460865],[-75.159227223062572,39.980082041770657],[-75.159255833124888,39.980016130409901],[-75.159275473175725,39.979948305514796],[-75.159285934352823,39.979879284089115],[-75.159287106611202,39.97980980248461],[-75.159278975966672,39.979740596516194],[-75.159312269004417,39.97974488999791],[-75.159333086214801,39.979650130533081],[-75.159331024438103,39.979649865943387],[-75.159332413115436,39.979643550527236],[-75.159334473653118,39.979643816890999],[-75.159348550210879,39.979579739866359],[-75.159328529753338,39.979577156108597],[-75.159381712017662,39.979335069418617],[-75.159273802411278,39.979321149032735],[-75.159273405666283,39.979322952922708],[-75.159262364008256,39.979321528728988],[-75.159262760753535,39.97931972483903],[-75.159229787290329,39.979315471890295],[-75.159105329582246,39.979308711166638]]]},"properties":{"OBJECTID":35,"PROPERTY_A":"Liacouras Center","PROPERTY_1":"1776 N. Broad Street","CAMPUS":"MC","BUILDING__":"029","BUILDING_C":"LIACTR","Ownership_":"Temple University","fact_id":23,"HISTORICAL_SIMPLE":null,"PHC_HISTORICAL_DISTRICT":null,"HISTORICAL_DESIGNATION":"No","Garage":null,"Shape_Length":1585.9499119368102,"Shape_Area":120181.57364129434}},{"type":"Feature","id":36,"geometry":{"type":"Polygon","coordinates":[[[-75.158151838019691,39.978853237956194],[-75.158149927376385,39.978861934674228],[-75.158124925457884,39.978875571839886],[-75.158114679905594,39.978874250209486],[-75.158114284268265,39.978876055022205],[-75.158115461348373,39.978876207749444],[-75.158115064540894,39.978878012535681],[-75.158113887426381,39.978877860708671],[-75.158113490618845,39.978879665494958],[-75.158120956576383,39.978880627912673],[-75.158110262109162,39.978929310725768],[-75.158102729720525,39.978928339598923],[-75.158102331742214,39.978930144358735],[-75.158103509993424,39.978930297112534],[-75.158103113185291,39.978932101898721],[-75.158101936104245,39.978931949171354],[-75.158101539261708,39.978933754857842],[-75.158109005225015,39.978934717276303],[-75.15809827402893,39.978983564145253],[-75.158090688080605,39.978982584599976],[-75.158090292441997,39.978984389412581],[-75.158091469523924,39.97898454214004],[-75.158091073885331,39.978986346952695],[-75.158089895598849,39.97898619509899],[-75.158089498790034,39.978987999885192],[-75.158096964759139,39.978988962304442],[-75.158086308655044,39.979037467580838],[-75.158078849633227,39.979036507119929],[-75.158078453993994,39.97903831193252],[-75.158079632315719,39.979038462886059],[-75.158079235472002,39.979040268572447],[-75.158078058354789,39.979040116745068],[-75.158077660409518,39.979041920604558],[-75.158085126315612,39.979042884825041],[-75.158074394982208,39.979091734392327],[-75.158067042098523,39.979090785338137],[-75.158066645288486,39.979092590124267],[-75.15806782354241,39.979092742878429],[-75.158067426732387,39.979094547664488],[-75.158066248478434,39.979094394910334],[-75.158065852838519,39.979096199722854],[-75.158073317648942,39.979097162117228],[-75.158062611793781,39.979145896027902],[-75.158055146978157,39.979144933632831],[-75.158054748997316,39.979146738392437],[-75.158055927252136,39.979146891146691],[-75.158055530441501,39.979148695932764],[-75.158054353356803,39.979148543204893],[-75.158053956511722,39.97915034889116],[-75.158061422498164,39.979151311312741],[-75.1580507082992,39.979200079272807],[-75.158043642103607,39.979199167327081],[-75.158043245292319,39.979200972113091],[-75.158044423616786,39.979201123066986],[-75.158044026805499,39.979202927853024],[-75.15804284961682,39.979202777825769],[-75.158042452805489,39.979204582611764],[-75.158049519070389,39.97920549275706],[-75.158045436900878,39.979224074146572],[-75.158042787838042,39.979223731395656],[-75.158042229521854,39.979226269566304],[-75.158069102842546,39.979229735449636],[-75.158068296524846,39.979233401499172],[-75.158070653037569,39.979233707007452],[-75.15807085028996,39.97923280413783],[-75.158073205735576,39.979233106918926],[-75.158073008448881,39.979234010688756],[-75.158075363860206,39.979234314369997],[-75.158076255539669,39.979230252899647],[-75.158139853818028,39.97923845682925],[-75.158138962142303,39.979242518300111],[-75.158141317588559,39.979242821079801],[-75.158141514805635,39.979241919110343],[-75.158143870217543,39.979242222790205],[-75.158143673000453,39.979243124759705],[-75.158146028378042,39.979243429339711],[-75.15814692001905,39.979239368769065],[-75.158210518314547,39.979247572659524],[-75.15820962667722,39.979251633230682],[-75.158211982089753,39.979251936909151],[-75.158212179305963,39.979251034939573],[-75.158214534718439,39.979251338617985],[-75.158214337502343,39.979252240587577],[-75.158216692880558,39.979252545166162],[-75.158217584586126,39.979248482794489],[-75.158281182898676,39.979256686645805],[-75.158280290060915,39.979260748091328],[-75.158282645439741,39.979261052668548],[-75.158282843859539,39.979260149825052],[-75.158285199238378,39.97926045440223],[-75.158285000852942,39.979261356345553],[-75.158287356266143,39.979261660022459],[-75.158288249103492,39.979257598576872],[-75.15835184626286,39.97926580236264],[-75.158350954599399,39.979269863835114],[-75.158353310013212,39.979270167510677],[-75.158353507227574,39.979269265540864],[-75.158355862641386,39.97926956921637],[-75.158355665392691,39.979270472086455],[-75.158358020806531,39.979270775761911],[-75.158358912435233,39.979266715189624],[-75.158422510781847,39.979274918962595],[-75.158421619156897,39.979278979535415],[-75.158423974571335,39.979279283209507],[-75.158424171819092,39.979278380339345],[-75.158426527199182,39.979278684913623],[-75.158426329985744,39.979279586883614],[-75.158428685400239,39.979279890557635],[-75.158429577024833,39.979275829984743],[-75.158493175388571,39.979284033718621],[-75.158492232984585,39.979288320201547],[-75.158494588399677,39.97928862387424],[-75.158494786782398,39.979287721930561],[-75.158497142197461,39.979288025603203],[-75.158496943780435,39.979288928447097],[-75.158499299195526,39.979289232119697],[-75.158500241599043,39.979284945636635],[-75.15852747972599,39.979288459294395],[-75.15853203357041,39.979267734209245],[-75.158538464737148,39.979268560604247],[-75.158538862774606,39.979266754042513],[-75.158537684413488,39.979266603993878],[-75.158538081246377,39.97926479830592],[-75.158539258368535,39.979264950128602],[-75.158539655167019,39.979263145340887],[-75.158533408273229,39.979262339325402],[-75.158544113877781,39.97921360357055],[-75.158550362006082,39.979214407811405],[-75.158550759044445,39.979212596721936],[-75.158549581923154,39.979212444899368],[-75.158549978721084,39.979210640111653],[-75.15855115704683,39.979210791060353],[-75.15855155267451,39.979208986246213],[-75.15854530461533,39.979208180204949],[-75.158556013988189,39.97915943732621],[-75.158562262042949,39.979160243366891],[-75.158562657670046,39.979158438552659],[-75.158561480584027,39.979158285830032],[-75.158561876211095,39.979156481015785],[-75.158563054467237,39.979156633764859],[-75.158563451298804,39.979154828076823],[-75.158557203244499,39.979154022036198],[-75.158567902931935,39.979105317681736],[-75.15857415098192,39.979106123721756],[-75.158574546608321,39.979104318907503],[-75.158573369523225,39.979104166184953],[-75.158573766319876,39.979102361397096],[-75.158574943439291,39.979102513219445],[-75.158575340235856,39.979100708431602],[-75.158569092152064,39.979099903291882],[-75.158579807339322,39.979051129908228],[-75.15858605538449,39.979051935947624],[-75.158586451010251,39.979050131133313],[-75.158585273926064,39.979049978410856],[-75.15858567072209,39.979048173623021],[-75.158586847840581,39.979048325445198],[-75.158587244636536,39.979046520657285],[-75.158580996591922,39.979045714617982],[-75.158591703298399,39.978996978884759],[-75.158597950168399,39.978997784897089],[-75.158598348133992,39.978995980135565],[-75.158597169846203,39.978995828287132],[-75.158597566641589,39.978994023499176],[-75.158598743724767,39.978994176221477],[-75.158599140520082,39.978992371433563],[-75.158592893650493,39.978991565421268],[-75.158603597827764,39.978942834135239],[-75.158609845863211,39.978943640173348],[-75.158610242657943,39.97894183538537],[-75.158609064371078,39.978941683537002],[-75.158609461200115,39.978939877848809],[-75.158610639452675,39.978940030597407],[-75.158611035077158,39.978938225783011],[-75.158598374663342,39.978936592876188],[-75.158597917039813,39.978938672001853],[-75.15857307984956,39.978935469364082],[-75.158576908015903,39.978918046338073],[-75.158580735390331,39.978918540025077],[-75.158582865829075,39.978908839124848],[-75.158580510426773,39.978908535453989],[-75.158580313182114,39.978909438324436],[-75.158577956643967,39.978909133726908],[-75.158578155058834,39.978908230882837],[-75.158575799622227,39.978907928112115],[-75.158574560793681,39.97891356843818],[-75.158510962801259,39.978905363849087],[-75.158512201634935,39.978899723523718],[-75.158509846233258,39.978899419851366],[-75.158509649022108,39.978900321821513],[-75.158507292450224,39.978900018122744],[-75.158507490865958,39.978899115278807],[-75.158505135464381,39.978898811606392],[-75.158503768917626,39.978905036511037],[-75.158440170873035,39.978896833683237],[-75.158441537494141,39.978890606978815],[-75.158439182058757,39.978890304205287],[-75.158438984812264,39.978891207075542],[-75.158436628275396,39.978890902475079],[-75.158436826657748,39.9788900005315],[-75.15843447125674,39.978889696857649],[-75.158433104703704,39.978895921761449],[-75.158369506744918,39.978887717093983],[-75.158370873303639,39.978881492190943],[-75.158368517868865,39.978881189415986],[-75.158368320655796,39.978882091385849],[-75.158365964085249,39.978881787684173],[-75.158366162537178,39.978880883940242],[-75.158363807102461,39.978880581165186],[-75.15836251434321,39.978886468051194],[-75.158298916401748,39.978878263344612],[-75.158300284136928,39.978872038468786],[-75.158297928737156,39.978871734792143],[-75.158297730353027,39.978872636735503],[-75.158295374953241,39.97887233305876],[-75.158295573337398,39.978871431115465],[-75.158293217937739,39.978871127438673],[-75.158291850201891,39.978877352314413],[-75.158228252243219,39.978869148468917],[-75.158229545013782,39.978863261584387],[-75.158227189648969,39.978862957006022],[-75.158226991229583,39.978863859849476],[-75.158224635796074,39.97886355707157],[-75.15822483424985,39.978862653327901],[-75.158222478816427,39.978862350549917],[-75.158221186079587,39.978868236534126],[-75.158157611404249,39.978860036779004],[-75.158158904180837,39.978854149895277],[-75.15815654878233,39.978853846215706],[-75.158156351566532,39.978854748185228],[-75.158153996167997,39.978854444505629],[-75.158154193452532,39.978853540735656],[-75.158151838019691,39.978853237956194]]]},"properties":{"OBJECTID":36,"PROPERTY_A":"1700 N. Broad Street","PROPERTY_1":"1700-1722 N. Broad Street","CAMPUS":"MC","BUILDING__":"062","BUILDING_C":"1700NB","Ownership_":"Temple University","fact_id":49,"HISTORICAL_SIMPLE":null,"PHC_HISTORICAL_DISTRICT":null,"HISTORICAL_DESIGNATION":"No","Garage":null,"Shape_Length":674.76879492034766,"Shape_Area":18763.035378013705}},{"type":"Feature","id":37,"geometry":{"type":"Polygon","coordinates":[[[-75.156079032898916,39.979125946369983],[-75.156079032898916,39.979125946369983],[-75.156151299813132,39.979134096863113],[-75.156153970601707,39.97911908860226],[-75.156156533434967,39.979119419536886],[-75.156157534310239,39.979114863184911],[-75.156154180844155,39.97911125269453],[-75.156187155220607,39.978961153140773],[-75.15624692142481,39.978968852543474],[-75.156251884504456,39.978945556266893],[-75.156284246863876,39.978949732295284],[-75.156313050509937,39.97893401990239],[-75.156358786529367,39.97893991997443],[-75.156354007723166,39.978961673371508],[-75.156388941150851,39.978966179585427],[-75.156378279392129,39.979014708930478],[-75.156422698485642,39.979020439554759],[-75.156437400556399,39.979036265727942],[-75.156430010547908,39.97906990491088],[-75.156613724312152,39.979093603378274],[-75.156621116950831,39.979059954333813],[-75.156641755823117,39.979048697591139],[-75.156685617913126,39.979054355157245],[-75.156695749344166,39.979008237542637],[-75.156686327789473,39.97900702180376],[-75.156689202609343,39.978993936411108],[-75.156698625366829,39.978995151275917],[-75.156703379978381,39.978973507244433],[-75.156673808806616,39.978969692646992],[-75.156686067880599,39.978913893020476],[-75.156715636654027,39.978917708462113],[-75.156720073448966,39.978897516897312],[-75.156710651909179,39.978896301160439],[-75.156713525583882,39.978883214840415],[-75.156722948326475,39.978884429703278],[-75.156733201482012,39.978837760710881],[-75.156689339527887,39.978832103162979],[-75.156674646391608,39.978816288036377],[-75.156682031915921,39.978782670363962],[-75.156575109557636,39.978768878741519],[-75.156572539492601,39.978780577143979],[-75.156503311457442,39.978771647727655],[-75.156505881602811,39.978759947526306],[-75.156406737606559,39.978747157765362],[-75.156412735358998,39.978719859118492],[-75.156362975165791,39.978713440131983],[-75.156363951659003,39.978709000359935],[-75.156350308830099,39.978707241382672],[-75.156354055794495,39.978690180594114],[-75.156367698551392,39.978691941371444],[-75.15636888800833,39.978686525203798],[-75.156312259797119,39.978679221148042],[-75.156317017468837,39.978657560980928],[-75.156211597627987,39.978643963353498],[-75.156209024511554,39.978655678799548],[-75.156137717536737,39.978646479618952],[-75.156140276657283,39.978634762956858],[-75.156034281189321,39.97862108998406],[-75.156028363987346,39.978648023720787],[-75.156027024169148,39.978653420268465],[-75.156026430064003,39.978656127013394],[-75.156008180226266,39.978666162705714],[-75.156004647737802,39.978665707133366],[-75.155997610776652,39.978664798423694],[-75.155962182230567,39.978660227734736],[-75.155951712848861,39.978707883803231],[-75.155961724055373,39.978709176003534],[-75.155959047556564,39.978721358538536],[-75.155949036313913,39.978720067238285],[-75.155937916128835,39.978770687361049],[-75.156005142960268,39.978779360145992],[-75.155999412516678,39.97880545114603],[-75.155932281202737,39.97879679132965],[-75.15592706562542,39.978820532396313],[-75.155937075677798,39.978821824572286],[-75.155934399170135,39.978834007106705],[-75.155924389081591,39.978832715830734],[-75.155914815752197,39.97887628981578],[-75.155960777820525,39.978882218584275],[-75.155973899525534,39.978897285579563],[-75.155973305381792,39.97889999322441],[-75.155972360175383,39.978905207675631],[-75.155966412986444,39.978932281291051],[-75.156073159501915,39.978946050581371],[-75.156075954993071,39.978949060097619],[-75.156061110831615,39.979016628904333],[-75.156089388339382,39.979020276563503],[-75.156071147561406,39.979103304853695],[-75.156070851213229,39.979104655088626],[-75.156081618943148,39.979106042765451],[-75.156080824012847,39.979109653197639],[-75.15608256285536,39.979109878110513],[-75.156079032898916,39.979125946369983]]]},"properties":{"OBJECTID":37,"PROPERTY_A":"Ritter Hall Annex","PROPERTY_1":"1301-1343 Cecil B. Moore Avenue","CAMPUS":"MC","BUILDING__":"004","BUILDING_C":"RTTERX","Ownership_":"Commonwealth","fact_id":2,"HISTORICAL_SIMPLE":null,"PHC_HISTORICAL_DISTRICT":null,"HISTORICAL_DESIGNATION":"No","Garage":null,"Shape_Length":977.69166287759992,"Shape_Area":24280.821108575761}},{"type":"Feature","id":38,"geometry":{"type":"Polygon","coordinates":[[[-75.15701591708698,39.979109368122842],[-75.156973240005371,39.979321064773202],[-75.156980396507265,39.979321912149999],[-75.156980760719534,39.97932010302641],[-75.157107754434804,39.979335135232887],[-75.157113257894608,39.979307831694221],[-75.157364921613834,39.979337622425895],[-75.157362637306804,39.979348956079683],[-75.157510213479256,39.979366423355756],[-75.157511214964615,39.97936144983656],[-75.157512396112168,39.97936158824546],[-75.157513671890371,39.979355258583901],[-75.157512491981862,39.979355118401003],[-75.157513858835244,39.97934833578293],[-75.157515039948194,39.979348475092038],[-75.157516315794666,39.979342143629928],[-75.15751513585198,39.979342004347309],[-75.157521083996869,39.979312497037874],[-75.157522265074803,39.979312637247148],[-75.157523540954301,39.979306304884723],[-75.157522361012283,39.979306165602189],[-75.157523727898052,39.979299382083759],[-75.157524908975816,39.979299522292962],[-75.157526184786093,39.979293191731003],[-75.157525004912969,39.979293050648018],[-75.157530929996526,39.979263656345474],[-75.157532109903471,39.979263796528187],[-75.157533386882562,39.97925746599261],[-75.157532207010092,39.979257324909675],[-75.157533573825177,39.979250543191597],[-75.157534753766313,39.979250682474074],[-75.157536030779298,39.979244351038162],[-75.157534849702444,39.979244210829073],[-75.157540798966011,39.979214704445191],[-75.157542052388123,39.979214851694657],[-75.157543328229565,39.979208520232305],[-75.157542074841871,39.979208372082574],[-75.157543442859577,39.979201589490572],[-75.157544696212781,39.979201738540496],[-75.157545972088045,39.979195406177816],[-75.157544718666287,39.979195258928414],[-75.157545721419851,39.979190282734599],[-75.157398145620888,39.979172815504135],[-75.157395861324957,39.979184149158634],[-75.157144160783304,39.979154355848088],[-75.157149664248251,39.979127051407232],[-75.157022707016765,39.979112024567883],[-75.157023072396939,39.979110215470556],[-75.15701591708698,39.979109368122842]]]},"properties":{"OBJECTID":38,"PROPERTY_A":"Rock Hall","PROPERTY_1":"1715 N. Broad Street","CAMPUS":"MC","BUILDING__":"061","BUILDING_C":"ROCKHL","Ownership_":"Temple University","fact_id":48,"HISTORICAL_SIMPLE":null,"PHC_HISTORICAL_DISTRICT":null,"HISTORICAL_DESIGNATION":"No","Garage":null,"Shape_Length":480.70669089385808,"Shape_Area":9680.7345035497237}},{"type":"Feature","id":39,"geometry":{"type":"Polygon","coordinates":[[[-75.156599361373807,39.979606039121578],[-75.156537603241659,39.979887156763262],[-75.156550230876974,39.979904098350254],[-75.156534332635147,39.979902047859241],[-75.156511187185828,39.98000740342151],[-75.156540747132468,39.980011216896017],[-75.15674205987689,39.980037184226035],[-75.156738542966238,39.980053189726476],[-75.157310855684443,39.980127013417253],[-75.157340798236348,39.980110681362589],[-75.15737031094082,39.979976345911361],[-75.157351150791627,39.979962790630971],[-75.157353282643243,39.97995308888008],[-75.157374220411668,39.979955790113806],[-75.157384827688674,39.979907507239432],[-75.157330651666442,39.979900520405316],[-75.157345184221626,39.979834367127673],[-75.157327554665684,39.97981538715451],[-75.157316954654249,39.97981402050614],[-75.157338064284431,39.979717933539099],[-75.157274465585274,39.979709730965851],[-75.157278013594848,39.979693581991867],[-75.156599361373807,39.979606039121578]]]},"properties":{"OBJECTID":39,"PROPERTY_A":"Klein Law Building","PROPERTY_1":"1719 N. Broad Street","CAMPUS":"MC","BUILDING__":"055","BUILDING_C":"KLEIN","Ownership_":"Temple University","fact_id":43,"HISTORICAL_SIMPLE":null,"PHC_HISTORICAL_DISTRICT":null,"HISTORICAL_DESIGNATION":"No","Garage":null,"Shape_Length":786.86375465714707,"Shape_Area":34231.564345816223}},{"type":"Feature","id":40,"geometry":{"type":"Polygon","coordinates":[[[-75.15498503195785,39.978852426884181],[-75.154938638165163,39.979063606385722],[-75.15486090805814,39.979053579100452],[-75.154846129118795,39.979120849213423],[-75.154840756382015,39.979120155568573],[-75.154841363237182,39.97911739235284],[-75.15483444395251,39.979116498847944],[-75.154833835858071,39.979119263837681],[-75.154796590221764,39.979114457982135],[-75.154797198248858,39.979111694793083],[-75.154790278896542,39.979110803085987],[-75.154789672039328,39.979113566301471],[-75.154752425170301,39.979108762205605],[-75.154753033267951,39.979105997216294],[-75.154746113916772,39.979105105506584],[-75.154745507057825,39.979107868721812],[-75.154708261365215,39.979103064638075],[-75.154708868260087,39.979100300522788],[-75.154701948910073,39.979099408810413],[-75.154701044366092,39.979103525831277],[-75.154669244859093,39.979099424255423],[-75.154669542577338,39.979098069549373],[-75.154662476368941,39.979097159195987],[-75.154643344317321,39.979184247855635],[-75.15461971582765,39.979181199640436],[-75.154607224912922,39.979238055241858],[-75.154630853421821,39.979241103459692],[-75.154630160038934,39.979244261165825],[-75.154668951149631,39.979249266010733],[-75.154654924621909,39.979313114833111],[-75.154580653301934,39.979303535003041],[-75.154565732070182,39.979371455107341],[-75.154561989969096,39.979371948028245],[-75.154561320740768,39.979374994554057],[-75.154564645976848,39.979376399661575],[-75.154564507079115,39.979377030837355],[-75.1545662739737,39.97937725730857],[-75.154560202703138,39.979404895699794],[-75.154558435842262,39.979404668328257],[-75.154558297013253,39.979405297703565],[-75.154554556011632,39.979405792451161],[-75.154553886851446,39.979408837176422],[-75.154557210850029,39.979410244058172],[-75.154557073225561,39.979410872559733],[-75.154558838881997,39.979411100805031],[-75.154552767605381,39.979438739195878],[-75.154551000778071,39.979438510924012],[-75.154550863119084,39.979439140325702],[-75.15454711980955,39.979439634119899],[-75.154546450579943,39.979442680645633],[-75.154549775819007,39.979444085753627],[-75.154549636955352,39.9794447160291],[-75.154551403817294,39.9794449434008],[-75.154545332569029,39.979472580890935],[-75.154543565706447,39.979472353519199],[-75.154543426877098,39.979472982894428],[-75.154539685871697,39.979473477641605],[-75.154539016710174,39.979476522366753],[-75.154542340711771,39.979477929248958],[-75.1545422030526,39.979478558650683],[-75.154543969949742,39.979478785122247],[-75.154537897456464,39.979506424385974],[-75.154536131797641,39.979506196140314],[-75.154535993002511,39.979506824615363],[-75.154532251960788,39.979507320262506],[-75.154531582798612,39.979510364987611],[-75.154534905631536,39.979511771843583],[-75.154534768006584,39.979512400345044],[-75.154536534835827,39.979512628617186],[-75.154530462370886,39.979540266980287],[-75.154528696745601,39.979540037834276],[-75.154528557881562,39.979540668109728],[-75.15452481573648,39.979541161929724],[-75.154524146504883,39.979544208455238],[-75.154527471748466,39.979545613563886],[-75.154527332884399,39.979546243839351],[-75.154529099748899,39.97954647121135],[-75.154523028482515,39.979574108700298],[-75.154521261617361,39.979573881328157],[-75.154521122787585,39.979574510703408],[-75.154517381776387,39.979575005449817],[-75.154516712612903,39.979578050174858],[-75.154520036619019,39.979579457057689],[-75.154519898993797,39.979580085559128],[-75.154521664688971,39.97958031290478],[-75.15451559334771,39.979607952193753],[-75.15451382651608,39.979607723921312],[-75.154513688856397,39.979608353322988],[-75.154509946707478,39.979608847142472],[-75.15450927747456,39.979611893667894],[-75.154512601550891,39.9796132987505],[-75.154505710713835,39.979644667742285],[-75.154642474635949,39.979662310440943],[-75.154637519095147,39.979684872501508],[-75.154635752226696,39.979684645131137],[-75.154632080178445,39.979701357072138],[-75.154625871590838,39.979729615865992],[-75.154622270191339,39.979746011344943],[-75.154624036992473,39.979746240515965],[-75.154618655005862,39.979770736428677],[-75.154683097262108,39.979779048757088],[-75.154682800711328,39.979780403489642],[-75.154704588026519,39.979783212726204],[-75.154704885678257,39.979781859820598],[-75.15474183805577,39.979786625728053],[-75.154741539200145,39.979787979507591],[-75.154763327621524,39.979790790559939],[-75.154763625306543,39.97978943675394],[-75.154800723348444,39.979794222154695],[-75.154800426834413,39.979795575987289],[-75.154822508947717,39.979798425205509],[-75.154822806665976,39.979797070499089],[-75.154874924094315,39.979803793926386],[-75.154877079386281,39.979793978314298],[-75.154885504238081,39.979797863003398],[-75.154886497295394,39.979796487078957],[-75.154938962494839,39.979812439364288],[-75.154938449890679,39.979814482996005],[-75.154956117517997,39.979816754824725],[-75.154956514579652,39.979814639201777],[-75.155013388125724,39.979817566901744],[-75.155013413096299,39.979819702880121],[-75.155031318039377,39.979819258086657],[-75.155031161902315,39.979817121845414],[-75.155087564535791,39.979811376469179],[-75.155088170444429,39.979813481433439],[-75.155093946810624,39.979812440721311],[-75.15508770447299,39.979840851946001],[-75.155179561011565,39.979852701363548],[-75.155180352487847,39.979849090858266],[-75.155208618695951,39.979852735768972],[-75.155213377903067,39.979831077475268],[-75.155218088707173,39.979831685855338],[-75.155232932646172,39.979764118933346],[-75.155240021650172,39.979760173276148],[-75.155283192918077,39.979731069779398],[-75.155287036143761,39.979727838223184],[-75.155293261884026,39.97973137492361],[-75.155285543329512,39.979739352823394],[-75.155304939242484,39.979750372918147],[-75.155359221306469,39.979730019008556],[-75.155368867463821,39.979684305887275],[-75.155349472798278,39.979673284029246],[-75.155341903039883,39.979681107618497],[-75.155335669316585,39.979677565334093],[-75.155338590576463,39.979673818272126],[-75.155363480692159,39.979634342465637],[-75.155369499679765,39.979621584976947],[-75.155371374930468,39.97962182649961],[-75.155374943450411,39.979605581629023],[-75.15538465790857,39.979561360335374],[-75.155388227523559,39.97954511729133],[-75.15537762762763,39.979543749563632],[-75.15537690189376,39.979547049804019],[-75.155338699103567,39.979542121576223],[-75.155338781075528,39.979541754012011],[-75.155335389629059,39.979540303280579],[-75.155341722582506,39.979511478724504],[-75.155345545428332,39.97951095696903],[-75.155346214554029,39.979507912239171],[-75.155342825518247,39.979506459760387],[-75.155349157226411,39.979477636977904],[-75.155352981240526,39.979477115248663],[-75.155353650399888,39.979474069618497],[-75.155350260229838,39.979472616213222],[-75.155356591897302,39.979443794330493],[-75.155360415909442,39.979443272601031],[-75.155361085068151,39.979440226970794],[-75.155357694865245,39.979438774465983],[-75.155364026560775,39.979409951682619],[-75.155367850536578,39.979409430853153],[-75.155368518558831,39.979406384296176],[-75.155365129527638,39.979404931818038],[-75.155371462387109,39.979376109060638],[-75.155375285225091,39.979375587304226],[-75.155375954416911,39.979372540773696],[-75.15537256414828,39.979371090069797],[-75.155378895899943,39.979342265485073],[-75.1553827199062,39.97934174375483],[-75.155383389028572,39.979338699024723],[-75.155380000000434,39.979337246546997],[-75.155387477312331,39.979303206638242],[-75.155380411141707,39.979302294528594],[-75.155381600653698,39.979296879271509],[-75.155388666823796,39.979297791381072],[-75.15538940979512,39.979294407735715],[-75.155326403896169,39.979283211674144],[-75.15534936388292,39.97920734064818],[-75.155370304538465,39.97921106227254],[-75.155387173664479,39.979214059324818],[-75.155404240965126,39.979157663923793],[-75.155367751188109,39.97914861442829],[-75.155384144388009,39.979094443720811],[-75.155385307665995,39.979094651126189],[-75.15544081658993,39.978911220786387],[-75.155359552882189,39.978900739122643],[-75.15535241480589,39.978933227036492],[-75.155055625910464,39.978894943834341],[-75.155062763023238,39.97886245411194],[-75.15498503195785,39.978852426884181]]]},"properties":{"OBJECTID":40,"PROPERTY_A":"Howard Gittis Student Center","PROPERTY_1":"1755 N. 13th Street","CAMPUS":"MC","BUILDING__":"045","BUILDING_C":"HGSC","Ownership_":"Temple University","fact_id":36,"HISTORICAL_SIMPLE":null,"PHC_HISTORICAL_DISTRICT":null,"HISTORICAL_DESIGNATION":"No","Garage":null,"Shape_Length":1342.6791063891008,"Shape_Area":64561.514463806372}},{"type":"Feature","id":41,"geometry":{"type":"Polygon","coordinates":[[[-75.15442107862367,39.978089392066138],[-75.15442107862367,39.978089392066138],[-75.154756733418779,39.978132690726689],[-75.154763672028025,39.978101106560416],[-75.154792527151955,39.978104828881243],[-75.154843171713651,39.978111352356009],[-75.154842874071988,39.978112705262106],[-75.15484640769408,39.978113160896662],[-75.154853642490025,39.978080230093987],[-75.154893392496405,39.978085348466344],[-75.154893243658933,39.978086025369585],[-75.154897079013296,39.978086522965576],[-75.154888150207157,39.978127129983228],[-75.155023589527602,39.978144602683393],[-75.155032461816958,39.978104216029614],[-75.155036289119707,39.978104709834781],[-75.155036487544891,39.978103807897099],[-75.155076227907927,39.978108934096589],[-75.15506899049808,39.978141874762947],[-75.155072532314449,39.978142330575757],[-75.155072829951678,39.978140977669099],[-75.155152328285311,39.978151230426064],[-75.155145377737114,39.978182825154128],[-75.155170708718686,39.978186090165764],[-75.155481041577858,39.978226123682347],[-75.15548642017184,39.978201643879522],[-75.155527047552994,39.978206883680976],[-75.155529628341299,39.978195154004894],[-75.155588515853282,39.978202750107172],[-75.155598230006206,39.978158527893363],[-75.155627673731274,39.97816232638079],[-75.155628070635046,39.978160520702829],[-75.155634712455026,39.978130287617986],[-75.155654438699813,39.978132832944922],[-75.155710944185188,39.977875622624758],[-75.155673836629731,39.977870836379594],[-75.155687227565451,39.977809919419357],[-75.155688110977053,39.977810033096439],[-75.155688706258431,39.977807326379633],[-75.155645120115892,39.977801703483372],[-75.155651812684596,39.977771244488821],[-75.15565298974002,39.977771397241341],[-75.155653585091244,39.977768688724233],[-75.155505198377782,39.977749546376444],[-75.155504602986426,39.977752255792964],[-75.15550637097769,39.977752483176445],[-75.155499678345592,39.977782942162541],[-75.155455514169518,39.977777244855801],[-75.155454920014932,39.977779952498103],[-75.155441534349322,39.977840879466186],[-75.155440940193557,39.977843587108374],[-75.155427557187139,39.977904505125224],[-75.15542696189452,39.977907211840638],[-75.155463177883192,39.977911883401426],[-75.15545465467423,39.977950681370189],[-75.155455824711268,39.977950833965991],[-75.155450967673659,39.977972943266657],[-75.155448619270075,39.977972641490723],[-75.155448022463617,39.977975357182203],[-75.155449199522124,39.97797550993679],[-75.155435819181349,39.978036419004859],[-75.155354261705241,39.978025898234954],[-75.155350728118663,39.978025441715815],[-75.15535052969787,39.978026343654051],[-75.155271042046465,39.978016090372215],[-75.155277733633824,39.97798563137318],[-75.155274190654126,39.977985175540255],[-75.155194692565232,39.977974921067151],[-75.15519116015254,39.977974464569535],[-75.155111663293269,39.97796420916513],[-75.155108129677117,39.977963753538724],[-75.15510114994764,39.977995560244864],[-75.155057567174666,39.977989939005361],[-75.155065917931609,39.977951921047485],[-75.155062385486573,39.977951465446139],[-75.155032793857544,39.97794764814909],[-75.15502926141302,39.977947192546729],[-75.154999964636957,39.977943413444187],[-75.15499643219286,39.977942957840831],[-75.154967135420492,39.977939178729883],[-75.154963601841004,39.977938722198815],[-75.154934011358876,39.977934905803053],[-75.154930478915631,39.97793445019763],[-75.154922126983664,39.977972466318768],[-75.154878550056793,39.977966846043806],[-75.154885538078787,39.977935039536476],[-75.15488201375824,39.977934585915271],[-75.154715502030385,39.977913104491954],[-75.154708810163712,39.977943564358476],[-75.154630196790421,39.977933423205464],[-75.154630395254884,39.977932520368228],[-75.154544862678165,39.97792148743963],[-75.154553385267221,39.977882688611693],[-75.154558242659249,39.977860577548498],[-75.154559420918332,39.977860729438412],[-75.154560091645962,39.977857673936576],[-75.154557735093491,39.977857371056963],[-75.154562518664491,39.977835598008028],[-75.154563696888758,39.977835750798157],[-75.154572148254104,39.977797282834267],[-75.154608362989606,39.97780195373808],[-75.154636986817906,39.977671656064359],[-75.154592821582,39.977665959299514],[-75.154599438485732,39.97763583742757],[-75.154601205266331,39.977636065698711],[-75.154601874475759,39.977633019172558],[-75.154453488251718,39.977613878165833],[-75.154452819104648,39.977616922890704],[-75.154453997324865,39.977617075681984],[-75.154447380392853,39.977647196645265],[-75.154403795591548,39.977641574204384],[-75.154403126373239,39.977644620729386],[-75.154404008610371,39.977644734389898],[-75.154390771215148,39.97770500596539],[-75.154353663398581,39.977700230996447],[-75.154297765879647,39.977954701902121],[-75.154297098202093,39.977957738550366],[-75.15431682785713,39.977960284186594],[-75.154310181681581,39.977990524317889],[-75.15430978625794,39.977992321015371],[-75.154339228324758,39.977996128809238],[-75.154329513409976,39.978040350016506],[-75.154388402133307,39.978047938658761],[-75.154385829344761,39.978059668494446],[-75.154426456418548,39.978064912286385],[-75.15442107862367,39.978089392066138]]]},"properties":{"OBJECTID":41,"PROPERTY_A":"Temple Towers","PROPERTY_1":"1200-1250 Cecil B. Moore Avenue","CAMPUS":"MC","BUILDING__":"058","BUILDING_C":"TMPTWR","Ownership_":"Temple University","fact_id":45,"HISTORICAL_SIMPLE":null,"PHC_HISTORICAL_DISTRICT":null,"HISTORICAL_DESIGNATION":"No","Garage":null,"Shape_Length":1530.789813151285,"Shape_Area":37914.938871719023}},{"type":"Feature","id":42,"geometry":{"type":"MultiPolygon","coordinates":[[[[-75.159728557312974,39.979017856738778],[-75.159728557312974,39.979017856738778],[-75.159727070672673,39.979024623159184],[-75.159702398981239,39.979021439820499],[-75.159696333618299,39.979024749306383],[-75.159658981233278,39.979045123349735],[-75.159654828575199,39.979064029363556],[-75.15964599787786,39.979062889375918],[-75.159643636845772,39.97907363477244],[-75.159644704415342,39.979073772397761],[-75.159642343382671,39.97908451779427],[-75.159643642893613,39.979084684982404],[-75.159640055811636,39.979101014238886],[-75.159638867022281,39.979100861263142],[-75.159635713620972,39.979115216268951],[-75.159636890777321,39.979115367180135],[-75.159633303692104,39.979131696436383],[-75.159632126604194,39.979131543724698],[-75.159628972029822,39.979145898703898],[-75.159630150253847,39.979146052342251],[-75.159626563165375,39.979162381598258],[-75.159625384941094,39.979162227959883],[-75.159614226860612,39.979213021418822],[-75.160239604712231,39.979293692173741],[-75.160272559560099,39.979143684914206],[-75.160265935058746,39.979142829926232],[-75.160275420182913,39.97909965370188],[-75.160283809211876,39.979100735919985],[-75.160286215175745,39.97908979240178],[-75.160272243547638,39.979087990434138],[-75.160270755755349,39.979094757735375],[-75.160214065107567,39.979087445202559],[-75.160215551803745,39.979080676075156],[-75.160201528896877,39.979078867535577],[-75.160200042199307,39.979085636662724],[-75.160143400508815,39.979078330605603],[-75.160144689987519,39.979072464352292],[-75.160130667118551,39.979070654903758],[-75.160129105418122,39.979077762921953],[-75.160072463776132,39.979070455929559],[-75.160074025482359,39.979063347912152],[-75.160060002548505,39.979061540255472],[-75.160059903402185,39.979061990328447],[-75.160038593987409,39.979059242449374],[-75.16003869316819,39.979058791476291],[-75.160022314890995,39.979056678373489],[-75.160020753213914,39.979063785489991],[-75.159919836768225,39.979050765968779],[-75.159921398386956,39.979043660654163],[-75.159905020117051,39.979041547534663],[-75.159904920969723,39.97904199760746],[-75.159883611567494,39.979039249699703],[-75.15988370957912,39.979038798700259],[-75.159869687894229,39.979036989246239],[-75.159868126167297,39.979044097260896],[-75.159811484547134,39.979036791040024],[-75.159813046279822,39.979029683026127],[-75.1597990233942,39.979027874437293],[-75.159797461694353,39.979034981550768],[-75.159740820158049,39.979027673494492],[-75.159742580229036,39.979019664436002],[-75.159728557312974,39.979017856738778]]],[[[-75.159657892886102,39.979008740942739],[-75.159657892886102,39.979008740942739],[-75.159655533062292,39.97901948546572],[-75.15966955473786,39.979021294945845],[-75.159671915729689,39.979010550449033],[-75.159657892886102,39.979008740942739]]]]},"properties":{"OBJECTID":42,"PROPERTY_A":"Entertainment & Community Education Center (ECEC)","PROPERTY_1":"1509-1511 C.B. Moore Avenue","CAMPUS":"MC","BUILDING__":"031","BUILDING_C":"ECEC","Ownership_":"Temple University","fact_id":25,"HISTORICAL_SIMPLE":null,"PHC_HISTORICAL_DISTRICT":null,"HISTORICAL_DESIGNATION":"No","Garage":null,"Shape_Length":555.11335538312881,"Shape_Area":12919.182570324501}},{"type":"Feature","id":43,"geometry":{"type":"Polygon","coordinates":[[[-75.160419781561046,39.98068608168866],[-75.160410894575222,39.980723734674307],[-75.160386013217291,39.980720258440918],[-75.16037899543241,39.980749987713381],[-75.160404912287589,39.980753614357191],[-75.160395156537419,39.98079494551142],[-75.160498765532537,39.98080942008211],[-75.160496033254901,39.980820995963768],[-75.160532409994417,39.980826076768629],[-75.160535522244984,39.980812890332679],[-75.160651153280725,39.980829041610662],[-75.16067643482863,39.980721932418163],[-75.160419781561046,39.98068608168866]]]},"properties":{"OBJECTID":43,"PROPERTY_A":"West POD (Electrical Substation)","PROPERTY_1":"16th & Montgomery","CAMPUS":"MC","BUILDING__":"063","BUILDING_C":"WSTPOD","Ownership_":"Temple University","fact_id":50,"HISTORICAL_SIMPLE":null,"PHC_HISTORICAL_DISTRICT":null,"HISTORICAL_DESIGNATION":"No","Garage":null,"Shape_Length":249.44859789160401,"Shape_Area":3040.7285427781894}},{"type":"Feature","id":44,"geometry":{"type":"Polygon","coordinates":[[[-75.155339285000736,39.978447927302639],[-75.155331600870937,39.978482906798767],[-75.155091371931547,39.978451918538454],[-75.155028929669413,39.978736152867526],[-75.154922933027919,39.978722480642567],[-75.1549167869738,39.978750457041521],[-75.154948586298005,39.978754559449122],[-75.15493872434692,39.978799448634255],[-75.15504472104287,39.978813122645057],[-75.155053793313556,39.978771825976992],[-75.155290582942541,39.978802370714178],[-75.155289974903837,39.978805134806102],[-75.155343030969703,39.978811979272869],[-75.155373069922717,39.97867523962033],[-75.155360710270585,39.978673646491252],[-75.155366267853637,39.978648346307629],[-75.155400294332125,39.978652735913002],[-75.15539777647939,39.978664196704294],[-75.155424863931174,39.978667689680513],[-75.15542724402701,39.978656860992174],[-75.15544618773356,39.978659292250363],[-75.155440762150576,39.978683989036185],[-75.1555449092168,39.978697423446107],[-75.155564001159306,39.978610522971209],[-75.155564041077056,39.978610336461863],[-75.155500725678166,39.978602169015772],[-75.155512323904546,39.978549374766494],[-75.155471091471739,39.978544056411891],[-75.155466037111651,39.97856706857791],[-75.155447494768865,39.978564677932461],[-75.155449873721722,39.978553848316878],[-75.155422786382857,39.978550353546034],[-75.155420406221211,39.978561184034845],[-75.155388608129229,39.978557081784366],[-75.155395150883692,39.978527299682874],[-75.155415760655274,39.978529958730157],[-75.155431177008083,39.978459780967],[-75.155339285000736,39.978447927302639]]]},"properties":{"OBJECTID":44,"PROPERTY_A":"Weiss Hall","PROPERTY_1":"1701-1711 N. 13th Street","CAMPUS":"MC","BUILDING__":"019","BUILDING_C":"WEISS","Ownership_":"Commonwealth","fact_id":16,"HISTORICAL_SIMPLE":null,"PHC_HISTORICAL_DISTRICT":null,"HISTORICAL_DESIGNATION":"No","Garage":null,"Shape_Length":702.90496807692477,"Shape_Area":13684.445753262891}},{"type":"Feature","id":45,"geometry":{"type":"Polygon","coordinates":[[[-75.157781144752974,39.981882140595594],[-75.157712149817741,39.982196187899639],[-75.157940003508969,39.982225578960239],[-75.157960216631309,39.982232985035523],[-75.157982479596072,39.982231057811646],[-75.15818909432258,39.982257708027419],[-75.158209307412903,39.98226511585932],[-75.158231570381062,39.982263188587133],[-75.158296307938713,39.982271537928661],[-75.158260620502745,39.982433975635516],[-75.158559765429388,39.982472563751109],[-75.158550645661563,39.982514074024131],[-75.158663708340029,39.982528658248008],[-75.158672035617727,39.982490756668206],[-75.158739437971988,39.982183959451618],[-75.158749102570084,39.982168472034608],[-75.158746587569226,39.982151412152319],[-75.158777509659828,39.982010662335441],[-75.15854965636143,39.981981272036677],[-75.158529443318443,39.981973864264617],[-75.158507180453469,39.981975791594607],[-75.15830056535809,39.981949140124208],[-75.158280352248752,39.981941735009023],[-75.158258116199718,39.981943665599225],[-75.158051474521656,39.98191700947163],[-75.158031261449011,39.981909604312598],[-75.158008998590986,39.981911531545968],[-75.157781144752974,39.981882140595594]]]},"properties":{"OBJECTID":45,"PROPERTY_A":"Student Pavilion","PROPERTY_1":"1901 N. 15th Street","CAMPUS":"MC","BUILDING__":"028","BUILDING_C":"STUPAV","Ownership_":"Temple University","fact_id":22,"HISTORICAL_SIMPLE":null,"PHC_HISTORICAL_DISTRICT":null,"HISTORICAL_DESIGNATION":"No","Garage":null,"Shape_Length":951.87482381118889,"Shape_Area":40432.154919065957}},{"type":"Feature","id":46,"geometry":{"type":"MultiPolygon","coordinates":[[[[-75.156739879414488,39.977238023550974],[-75.156739879414488,39.977238023550974],[-75.156738690012489,39.977243439722706],[-75.156745756055912,39.9772443499483],[-75.1567469453543,39.977238936477214],[-75.156739879414488,39.977238023550974]]],[[[-75.156697479925512,39.977232554907317],[-75.156697479925512,39.977232554907317],[-75.156696290588968,39.977237969278107],[-75.156703356562502,39.977238881306839],[-75.156704547103075,39.977233466062152],[-75.156697479925512,39.977232554907317]]],[[[-75.156655082818077,39.977227085400649],[-75.156655082818077,39.977227085400649],[-75.156653892273667,39.97723250064481],[-75.156660959485023,39.977233410902073],[-75.156662148789977,39.977227997431882],[-75.156655082818077,39.977227085400649]]],[[[-75.156612683411495,39.977221614925185],[-75.156612683411495,39.977221614925185],[-75.15661149399962,39.977227031095609],[-75.156618560005271,39.977227942229298],[-75.156618560005271,39.977227942229298],[-75.156619749382259,39.977222526959032],[-75.156612683411495,39.977221614925185]]],[[[-75.156146062327949,39.977088104142062],[-75.156146062327949,39.977088104142062],[-75.156079447336126,39.977391343492336],[-75.156103001823652,39.977394382539011],[-75.156060178273947,39.977589321156891],[-75.156153806845339,39.977601400030004],[-75.156155938828192,39.977591697400399],[-75.156170358730819,39.977593557764735],[-75.15615682756939,39.977655153672217],[-75.156261926511391,39.977668710794646],[-75.156246404578795,39.977683225866137],[-75.156234040954146,39.977699436856014],[-75.156225143788333,39.977716941667978],[-75.156219934605389,39.977735306513772],[-75.156218542244616,39.977754071182673],[-75.156218085360976,39.977754013102114],[-75.15613739403048,39.977743604364335],[-75.156123862843629,39.977805199367367],[-75.156109435910693,39.977803337938283],[-75.156111577164452,39.977793638221897],[-75.156017945995302,39.977781559261466],[-75.155975122026248,39.977976496044896],[-75.155951567273831,39.977973458772517],[-75.155884951853494,39.978276694427322],[-75.156002136203981,39.978291810709905],[-75.156003325614307,39.978286396346498],[-75.156089890230803,39.978297563226185],[-75.156146988299625,39.978037645947367],[-75.156170543014269,39.97804068498013],[-75.156209799440617,39.977861992147936],[-75.156234826073955,39.977865220313738],[-75.156230563351926,39.977884623801579],[-75.156280664375956,39.977891087504766],[-75.156260616750245,39.977932565974157],[-75.156302465864513,39.977949022860798],[-75.156346851830051,39.977960908537369],[-75.156392938783455,39.977967998677954],[-75.156439852213694,39.977970160889221],[-75.156451789165573,39.977945463456471],[-75.156483956077153,39.977954592423337],[-75.156500917340438,39.977919498159181],[-75.156543251884656,39.977924960893198],[-75.156547514554305,39.977905556493511],[-75.156572542355519,39.977908785512355],[-75.156533286856202,39.97808747846836],[-75.15655684167416,39.978090515621375],[-75.156499741652752,39.978350432124046],[-75.156586305262209,39.978361598602937],[-75.156585115862612,39.978367013872614],[-75.156702301626083,39.978382131267345],[-75.156768915842051,39.978078895192105],[-75.156745362223177,39.978075857208786],[-75.156788186453952,39.97788091839103],[-75.156694556180057,39.977868840909238],[-75.156692424299791,39.977878542648568],[-75.15667799733572,39.977876681290894],[-75.156691529204537,39.977815086249073],[-75.156586552336861,39.977801544900117],[-75.156603709138949,39.977782399456622],[-75.156616828700422,39.977761449037722],[-75.156625596755291,39.977739194716975],[-75.156629805662831,39.977716167007493],[-75.156710952681166,39.977726635251798],[-75.156724491511284,39.977665040364485],[-75.156738918431657,39.977666901716283],[-75.156736786564053,39.977676603456459],[-75.15683041775074,39.977688680930342],[-75.156873241493443,39.977493742078579],[-75.156896797256493,39.977496780088543],[-75.156963412145373,39.977193542144782],[-75.156869782856319,39.977181463005152],[-75.156868688052839,39.977186426301536],[-75.156745029142812,39.97717047527442],[-75.156744830708661,39.977171378115315],[-75.156728342270782,39.977169250327229],[-75.156728540670784,39.977168348386606],[-75.156601344800961,39.977151939748232],[-75.156600353859758,39.977156452177567],[-75.156599759790524,39.977159158925616],[-75.156606825754622,39.977160070960245],[-75.156607420993723,39.977157364238657],[-75.156626264792237,39.977159794854899],[-75.156626066390899,39.97716069679533],[-75.156633132355509,39.977161608828396],[-75.156633330756748,39.977160706887879],[-75.156668663059932,39.977165263498421],[-75.156668464590396,39.97716616723946],[-75.156675530590533,39.977167078369639],[-75.156675729025594,39.977166175528822],[-75.15671106126571,39.977170733926748],[-75.156710862865481,39.977171635867407],[-75.156717928866698,39.977172546994964],[-75.156718128437006,39.977171645080759],[-75.156744038245307,39.977174986804769],[-75.156742650479217,39.977181304016959],[-75.156755605333956,39.977182976227326],[-75.156756794664815,39.977177561855889],[-75.156760328251124,39.977178017431562],[-75.156760526685076,39.977177114590575],[-75.156795857766426,39.977181672935977],[-75.1567802946401,39.977252518788411],[-75.156782649976961,39.977252822496219],[-75.15678066932017,39.977261846484296],[-75.156632272899074,39.977242704454881],[-75.156613008854052,39.977253211972176],[-75.156600022683321,39.977312325319225],[-75.156597851474316,39.977312045591205],[-75.156596830766802,39.977316693401626],[-75.156592058364907,39.977326567027241],[-75.156615272369294,39.977333155493355],[-75.156618799911413,39.977325855874426],[-75.156694518875057,39.977347346164464],[-75.156583170861268,39.9775777330902],[-75.156429348026109,39.977534077620952],[-75.1564077630415,39.977578740704594],[-75.156393138977194,39.977574589873043],[-75.15639697492054,39.97755712924112],[-75.156305111980757,39.977545278784845],[-75.156304020571866,39.977550243955577],[-75.156278994085682,39.977547014904573],[-75.156315077475469,39.977382761226806],[-75.156291522982414,39.977379722223638],[-75.156315909616296,39.977268715645288],[-75.156348295754256,39.977272892211246],[-75.156346809848102,39.977279662215594],[-75.156438672436025,39.977291512638622],[-75.156451658777542,39.977232398409562],[-75.156437945959468,39.977217635262143],[-75.156440725541245,39.977204988321006],[-75.156464280049079,39.977208025493127],[-75.156479048092976,39.977140803622277],[-75.15649789067777,39.977143235133354],[-75.156497295434463,39.977145941854388],[-75.156504362565926,39.977146853921816],[-75.156505948825099,39.977139632971685],[-75.156494172166873,39.977138114403715],[-75.156493972593736,39.977139016317579],[-75.156484551301787,39.977137800562048],[-75.15648474970493,39.977136898621836],[-75.156238602430975,39.977105145494143],[-75.15623969380313,39.977100181224138],[-75.156146062327949,39.977088104142062]]]]},"properties":{"OBJECTID":46,"PROPERTY_A":"1300 Cecil B Moore Residence Hall","PROPERTY_1":"1300-1322 Cecil B. Moore Avenue","CAMPUS":"MC","BUILDING__":"057","BUILDING_C":"1300CB","Ownership_":"Temple University","fact_id":44,"HISTORICAL_SIMPLE":null,"PHC_HISTORICAL_DISTRICT":null,"HISTORICAL_DESIGNATION":"No","Garage":null,"Shape_Length":2646.9162966639651,"Shape_Area":63213.488337675211}},{"type":"Feature","id":47,"geometry":{"type":"MultiPolygon","coordinates":[[[[-75.157057556187283,39.978182866029471],[-75.157057556187283,39.978182866029471],[-75.157056672261362,39.978182919039796],[-75.157055812192453,39.978183083414329],[-75.157054999555811,39.978183355180676],[-75.157054255758297,39.9781837258124],[-75.157053599935196,39.978184184929539],[-75.157053054732202,39.978184722231667],[-75.157052630129314,39.978185321725952],[-75.157052339685862,39.978185965698295],[-75.157052193381872,39.978186638155982],[-75.157052190768894,39.978187320167493],[-75.157052336113566,39.978187992006774],[-75.157052623013371,39.978188637310936],[-75.157053043964609,39.978189237889985],[-75.157053589122967,39.978189775501178],[-75.157054241451249,39.978190236244309],[-75.157054982604848,39.978190609793614],[-75.15705579551215,39.978190883149182],[-75.157056654704334,39.978191048527428],[-75.157057537776183,39.978191109927081],[-75.157058420531996,39.97819105689031],[-75.157059281805573,39.978190891641979],[-75.15706009437352,39.978190621676056],[-75.157060839375575,39.978190250170535],[-75.157061492858389,39.978189791000425],[-75.157062039231562,39.978189253724707],[-75.157062463800031,39.97818865513068],[-75.157062753107553,39.97818801023157],[-75.157062901717453,39.978187338726997],[-75.15706290198996,39.978186656662622],[-75.157062757849744,39.978185983949558],[-75.157062470949796,39.978185338645396],[-75.157062048793989,39.9781847389402],[-75.157061506010365,39.978184200481678],[-75.157060852546223,39.978183738811921],[-75.157060110153765,39.978183367036685],[-75.157059298416698,39.978183093707585],[-75.157058439293323,39.978182926528937],[-75.157057556187283,39.978182866029471]]],[[[-75.15695847150846,39.978170106900983],[-75.15695847150846,39.978170106900983],[-75.156957547935775,39.978170186045219],[-75.15695665606745,39.978170385741201],[-75.156955822989275,39.978170702095881],[-75.156955072586072,39.978171123034699],[-75.156954428639224,39.978171639183778],[-75.156953910593387,39.978172232061183],[-75.156953533109302,39.978172885779827],[-75.156953308679192,39.978173579898531],[-75.156953243978762,39.978174292943798],[-75.156953341003174,39.978175003336226],[-75.156953594657608,39.978175691138311],[-75.156953999916027,39.978176334612002],[-75.156954544593916,39.978176915461681],[-75.156955209554425,39.978177413432554],[-75.156955977691723,39.978177816424804],[-75.156956824913252,39.97817811127986],[-75.156957724683082,39.978178287486919],[-75.156958613639944,39.978178348119279],[-75.156959502280941,39.978178294315249],[-75.156960368338389,39.978178126472677],[-75.156961185793492,39.978177851211775],[-75.156961932137961,39.978177475232151],[-75.156962587032098,39.978177009787387],[-75.156963132476321,39.978176466183989],[-75.156963552639823,39.978175860282612],[-75.156963836303603,39.978175209850143],[-75.156963976963752,39.978174531858905],[-75.156963968013343,39.978173845982013],[-75.156963809969525,39.978173169350569],[-75.156963510198651,39.978172523755312],[-75.156963074001723,39.978171923732468],[-75.156962515834806,39.978171389430933],[-75.156961848088812,39.978170933745034],[-75.156961092550162,39.978170568880238],[-75.15696026873384,39.978170305188648],[-75.156959399699602,39.978170152201585],[-75.15695847150846,39.978170106900983]]],[[[-75.157583555756133,39.977434023122612],[-75.157583555756133,39.977434023122612],[-75.157582647232616,39.977434076482098],[-75.157581763564977,39.977434245733328],[-75.157580927295669,39.977434523276443],[-75.157580163169769,39.977434905165275],[-75.157579490425363,39.977435378319285],[-75.157578928300495,39.977435929657688],[-75.157578492591327,39.977436544220055],[-75.157578194413517,39.977437206940245],[-75.157578042714135,39.977437898197927],[-75.157578041725216,39.977438599167407],[-75.157578189862406,39.977439289990436],[-75.157578485438179,39.977439953509624],[-75.157578918677075,39.977440569681612],[-75.157579478427138,39.977441123838346],[-75.157580148993432,39.977441597604802],[-75.157580910895376,39.977441979728752],[-75.157581745719753,39.977442261685042],[-75.157582629271005,39.977442433015874],[-75.15758353694136,39.977442494066381],[-75.157584445464991,39.977442440706952],[-75.157585329132672,39.977442271455672],[-75.157586164300668,39.977441992085588],[-75.157586929562356,39.977441611123396],[-75.157587602272429,39.977441138869629],[-75.157588164397268,39.977440587531149],[-75.157588600140727,39.977439972068474],[-75.157588897148329,39.977439309321817],[-75.157589048847612,39.977438618064099],[-75.157589050972177,39.977437918021309],[-75.157588902869279,39.977437226298065],[-75.157588607259058,39.977436563679191],[-75.157588174054482,39.977435946606967],[-75.157587614269957,39.97743539335054],[-75.157586943772429,39.977434917783611],[-75.157586181870499,39.977434535659697],[-75.15758534697747,39.977434255503937],[-75.157584463426375,39.977434084173147],[-75.157583555756133,39.977434023122612]]],[[[-75.157554700832932,39.977430299702789],[-75.157554700832932,39.977430299702789],[-75.15755379341087,39.977430354888973],[-75.15755290864179,39.97743052231305],[-75.157552073473809,39.977430801682836],[-75.157551308212007,39.977431182644857],[-75.157550636637652,39.977431655825086],[-75.15755007337674,39.977432206236706],[-75.157549637598663,39.977432822599454],[-75.157549340625081,39.977433484445747],[-75.157549188925401,39.977434175703401],[-75.157549186800381,39.977434875746205],[-75.157549334902896,39.977435567469499],[-75.157549630478385,39.977436230988744],[-75.157550063716982,39.977436847160902],[-75.157550623501194,39.9774374004175],[-75.15755129399848,39.97743787598462],[-75.157552055900283,39.977438258108755],[-75.15755289075878,39.977438539165014],[-75.157553774344279,39.977438709595809],[-75.157554681980201,39.977438771546773],[-75.15755559053818,39.977438717287285],[-75.1575564741715,39.977438548936519],[-75.157557310475411,39.977438270493366],[-75.157558074567078,39.977437889504884],[-75.157558747311626,39.977437416351052],[-75.157559309436706,39.977436865012727],[-75.157559745180365,39.977436249550159],[-75.157560043358359,39.977435586830012],[-75.15756019505794,39.977434895572337],[-75.157560196012696,39.977434195503101],[-75.157560047910067,39.977433503779821],[-75.157559752334507,39.977432840260647],[-75.157559319095853,39.977432224088538],[-75.157558759277237,39.977431671732198],[-75.157558089915753,39.977431197091811],[-75.157557326878219,39.977430814041035],[-75.157556492054141,39.977430532084561],[-75.157555608468741,39.977430361653795],[-75.157554700832932,39.977430299702789]]],[[[-75.157853228596139,39.977398516662035],[-75.157853228596139,39.977398516662035],[-75.157852298426263,39.977398584852004],[-75.157851397518655,39.97739877624128],[-75.157850553061678,39.977399084235977],[-75.157849791142638,39.977399500415167],[-75.157849134544307,39.977400010877062],[-75.157848602470224,39.977400603441318],[-75.157848212161568,39.977401255971948],[-75.157847974836983,39.977401950701889],[-75.157847905259999,39.977402669043407],[-75.15784799627005,39.977403383804123],[-75.157848248554302,39.977404076979269],[-75.157848653610486,39.977404725851265],[-75.157849196982227,39.977405310271237],[-75.157849864110304,39.977405812791041],[-75.15785063448142,39.977406218530938],[-75.157851485035934,39.977406517959885],[-75.157852389375449,39.977406696966369],[-75.157853320620632,39.977406754042129],[-75.157854251960728,39.977406685878641],[-75.157855152834102,39.977406495389552],[-75.157855996189639,39.977406185567901],[-75.157856759210148,39.977405771215658],[-75.15785741587726,39.977405258953176],[-75.15785794671244,39.977404668162961],[-75.157858337055316,39.977404014732066],[-75.157858575584271,39.977403319128229],[-75.157858645092503,39.977402602587219],[-75.15785855298094,39.977401885999583],[-75.157858300627808,39.977401194624967],[-75.157857896707441,39.977400546679689],[-75.157857353335615,39.977399962259682],[-75.157856686276247,39.977399457939534],[-75.157855914769385,39.977399051272997],[-75.157855065316383,39.977398753670997],[-75.157854159875527,39.977398572837636],[-75.157853228596139,39.977398516662035]]],[[[-75.15786988302942,39.977322707305738],[-75.15786988302942,39.977322707305738],[-75.157868952860667,39.977322775495821],[-75.15786805078389,39.977322966858793],[-75.157867207532519,39.977323273979813],[-75.157866445580069,39.977323691059297],[-75.157865788948214,39.977324202421563],[-75.157865256943609,39.97732479318546],[-75.157864866635535,39.977325445716112],[-75.157864629242695,39.977326142246575],[-75.157864558530108,39.977326859661446],[-75.157864650744784,39.977327573548287],[-75.157864903028937,39.977328266723411],[-75.157865306983354,39.977328913768439],[-75.157865850285887,39.977329499988841],[-75.157866517378977,39.977330003408774],[-75.157867288885186,39.977330410075197],[-75.157868138337349,39.977330707677133],[-75.157869042675898,39.977330886683475],[-75.157869975090165,39.977330943785581],[-75.157870905259088,39.977330875595477],[-75.157871806097106,39.977330686006503],[-75.157872650587407,39.977330377111421],[-75.1578734125399,39.977329960031923],[-75.15787406917174,39.977329448669614],[-75.157874601176331,39.97732885790569],[-75.157874990314099,39.97732820534857],[-75.157875228877046,39.977327508844454],[-75.15787529835066,39.977326793203694],[-75.157875206204608,39.977326077516288],[-75.157874955090492,39.977325384367681],[-75.157874551170366,39.977324736422403],[-75.157874006628873,39.977324151976113],[-75.157873339570131,39.977323647656014],[-75.15787256919981,39.977323241916281],[-75.157871718611929,39.977322943387726],[-75.157870814307785,39.977322763481169],[-75.15786988302942,39.977322707305738]]],[[[-75.157147127747493,39.977216879504667],[-75.157147127747493,39.977216879504667],[-75.157138696320402,39.977255264280068],[-75.157130381422448,39.977293111978163],[-75.156948173114614,39.978122531116121],[-75.156969372492199,39.978125267180815],[-75.157048280117692,39.978135444903103],[-75.157050263104779,39.978126420963534],[-75.157067928952983,39.97812869874258],[-75.15706594706964,39.978137724509352],[-75.157068302438404,39.978138028211333],[-75.157089520548524,39.978140764676837],[-75.157091503530253,39.978131740736529],[-75.157154051799978,39.978139808886823],[-75.157152068791888,39.978148833728405],[-75.157166054117496,39.978150638193583],[-75.157168334787968,39.978140258639215],[-75.157156556771383,39.978138740112819],[-75.157169061901357,39.978081818831726],[-75.157180839839668,39.97808333915733],[-75.15720608853276,39.977968402735364],[-75.157194311749635,39.977966883339057],[-75.157197087229648,39.977954248903956],[-75.157208864044989,39.97795576739977],[-75.157211639556166,39.977943132064063],[-75.157199862777333,39.977941612668324],[-75.157212552054375,39.977883853993696],[-75.157224328823531,39.977885373388133],[-75.157227105670984,39.977872733577314],[-75.157215328903987,39.977871214183139],[-75.157218105786868,39.977858573472247],[-75.157229882551775,39.977860092866109],[-75.157232658020803,39.977847458430134],[-75.157220873101167,39.977845937951216],[-75.157223648605665,39.97783330261521],[-75.157235433488779,39.977834823994051],[-75.157252484440832,39.977757208118099],[-75.157240706488722,39.977755689600343],[-75.157243483121604,39.977743055190494],[-75.157255259901447,39.977744573681512],[-75.157258035360996,39.977731939244904],[-75.157246258617675,39.977730419853913],[-75.157249034112709,39.977717784517203],[-75.157260810853913,39.977719303907904],[-75.15726358631143,39.977706669471161],[-75.157251809537982,39.977705150980952],[-75.157264498829846,39.977647389599468],[-75.157276275559212,39.977648908988606],[-75.15727905101096,39.977636274551415],[-75.15726727428374,39.977634755162555],[-75.157270049736582,39.977622120725563],[-75.157281827631834,39.977623640140571],[-75.157284603115897,39.977611004802981],[-75.157272825222762,39.977609485388278],[-75.1572855144789,39.9775517240043],[-75.157297291192094,39.977553243391299],[-75.157300066567302,39.977540610754012],[-75.15728828985624,39.977539091367291],[-75.157291065301266,39.977526456929802],[-75.15730284201021,39.977527976316239],[-75.157305617520805,39.977515340077822],[-75.15729384081402,39.977513820691705],[-75.157296616394433,39.977501182653079],[-75.157308394269322,39.977502702065365],[-75.157328331073259,39.977411947865747],[-75.1574649489894,39.977429570473966],[-75.157467527279437,39.977417835299768],[-75.157555856644905,39.97742922927489],[-75.157584711636446,39.977432950893913],[-75.157667733628074,39.977443660848664],[-75.157665155337213,39.977455396927617],[-75.157681642669431,39.977457525454902],[-75.157684222161976,39.977445788501797],[-75.157703064908844,39.977448218914844],[-75.157700486589619,39.977459955894759],[-75.157716975197289,39.977462081742722],[-75.157719112663941,39.97745235218251],[-75.157737956549681,39.977454783516485],[-75.157735819085644,39.97746451307701],[-75.157815326150299,39.977474770503065],[-75.157831781122823,39.977399862168291],[-75.157832499729963,39.977396591488024],[-75.157820723031918,39.977395072155929],[-75.157836657758807,39.977322532557984],[-75.157838243777348,39.977315314290216],[-75.157802911386426,39.977310756239255],[-75.157804894317948,39.977301730485962],[-75.157703761679983,39.977288684241273],[-75.157701778735444,39.977297709992826],[-75.15762670163528,39.97728802559098],[-75.157628684589511,39.977278999840706],[-75.157614983781897,39.977277232490003],[-75.157613002030416,39.977286257366231],[-75.157591802819923,39.977283523220819],[-75.157593784608494,39.977274497444718],[-75.15758009894607,39.977272732233992],[-75.157578116019863,39.977281757083183],[-75.157503035478896,39.977272071620867],[-75.157505018380363,39.977263047673233],[-75.157214258825334,39.977225538637398],[-75.157212276987721,39.977234564406949],[-75.157162775381011,39.977228178616969],[-75.157164757190614,39.97721915374855],[-75.157147127747493,39.977216879504667]]]]},"properties":{"OBJECTID":47,"PROPERTY_A":"Morgan Hall South","PROPERTY_1":"1601 N. Broad Street","CAMPUS":"MC","BUILDING__":"084S","BUILDING_C":"MORGAN","Ownership_":"Temple University","fact_id":58,"HISTORICAL_SIMPLE":null,"PHC_HISTORICAL_DISTRICT":null,"HISTORICAL_DESIGNATION":"No","Garage":null,"Shape_Length":1271.790885652201,"Shape_Area":28168.096762899975}},{"type":"Feature","id":48,"geometry":{"type":"MultiPolygon","coordinates":[[[[-75.157697603550517,39.978504925324522],[-75.157697603550517,39.978504925324522],[-75.157696503826543,39.9785049860794],[-75.157695434880694,39.978505191692307],[-75.157694426310997,39.978505533821767],[-75.157693508851509,39.978506005052765],[-75.157692710103504,39.978506587988456],[-75.157692052815804,39.978507269627563],[-75.157691556639179,39.978508026086409],[-75.157691236405896,39.978508836976651],[-75.157691110285228,39.978509655855788],[-75.157691163202358,39.978510478779306],[-75.157691391301114,39.978511284035577],[-75.157691791964353,39.978512048139002],[-75.157692350769949,39.978512750040515],[-75.157693054397328,39.978513370517732],[-75.157693882401645,39.978513892890525],[-75.157694813099297,39.978514302252819],[-75.157695816512089,39.978514586214196],[-75.157696869442674,39.97851473884451],[-75.15769794050226,39.978514754028645],[-75.157698999197393,39.978514632879794],[-75.157700017340673,39.978514377464272],[-75.157700966538513,39.978513995249898],[-75.157701818294143,39.978513496405149],[-75.157702552096112,39.978512896684983],[-75.157703145161165,39.978512209991045],[-75.15770358262256,39.978511457611916],[-75.157703850749201,39.978510661762925],[-75.15770393456944,39.978509815798731],[-75.157703828579699,39.978508971853991],[-75.157703537737703,39.978508153467246],[-75.157703069306891,39.978507385129937],[-75.157702436436239,39.978506690565652],[-75.157701658228461,39.978506090929201],[-75.157700758741925,39.97850560027937],[-75.157699763033591,39.97850523720254],[-75.157698700083003,39.978505009561395],[-75.157697603550517,39.978504925324522]]],[[[-75.15744795700148,39.978469004348895],[-75.15744795700148,39.978469004348895],[-75.157447097748999,39.978469055216614],[-75.157446261321567,39.978469213821086],[-75.15744547122577,39.978469477990352],[-75.157444747732683,39.978469838271096],[-75.157444112317961,39.978470284336304],[-75.157443579367367,39.97847080750077],[-75.157443167120846,39.978471390156201],[-75.157442885558396,39.97847201630978],[-75.157442742319631,39.978472669915789],[-75.157442740466564,39.978473332121951],[-75.15744288061768,39.978473986724005],[-75.157443160018403,39.978474613837257],[-75.157443569925945,39.978475197045931],[-75.157444099291311,39.97847571898108],[-75.157444733314463,39.978476168496094],[-75.157445456197152,39.978476529916804],[-75.157446244741834,39.978476797312993],[-75.157447080672441,39.978476958558559],[-75.157447938073076,39.978477017573155],[-75.157448798564545,39.978476964931374],[-75.157449634992062,39.97847680632686],[-75.15745042508793,39.978476542157587],[-75.15745114858106,39.978476181876822],[-75.157451783995796,39.978475735811607],[-75.157452315741835,39.978475213520909],[-75.157452728022662,39.978474629965191],[-75.157453009550665,39.978474004711828],[-75.157453152823692,39.97847335020559],[-75.157453154676674,39.978472687999407],[-75.157453014525458,39.978472033397367],[-75.157452735124593,39.978471406284093],[-75.157452325182646,39.978470823975726],[-75.157451795851671,39.978470301140391],[-75.157451161828476,39.978469851625427],[-75.157450440150413,39.978469489330955],[-75.157449650332495,39.978469224609029],[-75.157448815640905,39.978469061589415],[-75.15744795700148,39.978469004348895]]],[[[-75.15741910281632,39.97846528092154],[-75.15741910281632,39.97846528092154],[-75.157418243529563,39.978465332689311],[-75.157417407102045,39.978465491293598],[-75.157416615835999,39.978465755436147],[-75.157415893478657,39.978466116643403],[-75.15741525685921,39.978466563582266],[-75.157414725112943,39.978467085872758],[-75.157414312900556,39.978467667627889],[-75.157414031303503,39.978468294681647],[-75.15741388809883,39.978468947387348],[-75.157413886245465,39.97846960959351],[-75.157414027566503,39.978470264222047],[-75.157414305796792,39.978470891308973],[-75.157414715704064,39.978471474517747],[-75.157415245000394,39.978471998253461],[-75.157415879057751,39.978472446868395],[-75.157416600735644,39.978472809163101],[-75.157417390519129,39.97847307478542],[-75.157418226449622,39.97847323603122],[-75.157419083850172,39.978473295046065],[-75.157419943137029,39.978473243278273],[-75.157420779599008,39.978473083773764],[-75.157421570865111,39.978472819631143],[-75.157422293153758,39.978472460224332],[-75.157422929841957,39.978472011484975],[-75.157423461519457,39.97847149099487],[-75.157423873731744,39.978470909239739],[-75.157424155328741,39.97847028218596],[-75.157424298602066,39.97846962767975],[-75.157424300455332,39.978468965473589],[-75.157424159134209,39.978468310845088],[-75.157423880869473,39.97846768465844],[-75.157423470996505,39.978467100549445],[-75.157422941700148,39.97846657681373],[-75.157422307608442,39.978466129099097],[-75.15742158596494,39.978465765904204],[-75.157420796147179,39.978465501182093],[-75.157419960251133,39.97846533903612],[-75.15741910281632,39.97846528092154]]],[[[-75.157324294519569,39.97845305211947],[-75.157324294519569,39.97845305211947],[-75.15732343526723,39.978453102986279],[-75.157322598839656,39.978453261589856],[-75.157321808743546,39.978453525758255],[-75.157321085250047,39.978453886038203],[-75.157320448595712,39.978454333876762],[-75.157319918053346,39.978454855293052],[-75.157319505805859,39.978455437948085],[-75.157319223072179,39.978456064074912],[-75.157319079832263,39.97845671768075],[-75.157319077943598,39.978457380787141],[-75.157319219298074,39.978458034515562],[-75.157319498697603,39.978458661629105],[-75.157319907433759,39.978459244811788],[-75.15732043672935,39.978459768547971],[-75.157321070820302,39.97846021626323],[-75.157321792463208,39.978460579458705],[-75.157322582246167,39.978460845081734],[-75.157323418176233,39.978461006328203],[-75.157324276746778,39.978461065370148],[-75.157325134829037,39.978461014476913],[-75.157325971325363,39.978460854072821],[-75.157326762591708,39.978460589930847],[-75.157327486085308,39.978460229650864],[-75.157328122670933,39.978459783612777],[-75.157328653247575,39.978459261296187],[-75.157329065460644,39.978458679541362],[-75.15732934705845,39.978458052487802],[-75.15732949150285,39.97845739800821],[-75.157329493357039,39.978456735801977],[-75.15732935203684,39.978456081173405],[-75.157329072637225,39.978455454059848],[-75.157328662696415,39.978454871750976],[-75.157328133400839,39.978454348014836],[-75.157327499378667,39.978453898499161],[-75.157326778802855,39.97845353803087],[-75.157325989019967,39.978453272407883],[-75.157325153124305,39.978453110261206],[-75.157324294519569,39.97845305211947]]],[[[-75.157295439212135,39.978449327734332],[-75.157295439212135,39.978449327734332],[-75.157294581061294,39.97844938042784],[-75.157293744564996,39.978449540831726],[-75.157292954503191,39.978449804099668],[-75.157292231009507,39.978450164379446],[-75.157291594389449,39.978450611317569],[-75.157291062642358,39.978451133607535],[-75.157290650429005,39.978451715362226],[-75.157290368830857,39.978452342415679],[-75.15729022445484,39.978452995094777],[-75.157290223736126,39.978453658227615],[-75.157290363920083,39.978454311929639],[-75.157290643284966,39.978454939943518],[-75.15729105322545,39.978455522252489],[-75.157291582520756,39.978456045988821],[-75.157292216577076,39.97845649460443],[-75.157292938254216,39.978456856899868],[-75.157293728036976,39.978457122523082],[-75.157294563966957,39.978457283769778],[-75.157295421367238,39.978457342785504],[-75.157296281824173,39.978457291045125],[-75.157297118251833,39.978457132441747],[-75.157297908313708,39.978456869173755],[-75.157298631841783,39.97845650799367],[-75.157299267291705,39.978456061029085],[-75.157299799038768,39.978455538739077],[-75.157300211252064,39.978454956984379],[-75.157300492850112,39.978454329930905],[-75.157300636055822,39.97845367722536],[-75.157300637979034,39.978453013218683],[-75.157300496590395,39.978452360390484],[-75.157300217191064,39.978451733276884],[-75.157299808455122,39.978451150094109],[-75.157299279159787,39.978450626357848],[-75.15729864510341,39.978450177742275],[-75.15729792342637,39.978449815446822],[-75.157297133712362,39.978449548023185],[-75.157296298952659,39.978449386802978],[-75.157295439212135,39.978449327734332]]],[[[-75.157200632130085,39.978437098856567],[-75.157200632130085,39.978437098856567],[-75.15719977287786,39.978437149722488],[-75.157198936381462,39.978437310125607],[-75.157198146285097,39.978437574293153],[-75.157197422791057,39.978437934572334],[-75.157196786204779,39.978438380609738],[-75.157196254457077,39.978438902899242],[-75.157195842243041,39.97843948465357],[-75.157195561814248,39.978440111733228],[-75.157195417368584,39.978440766212714],[-75.157195415513101,39.978441428418868],[-75.157195556831965,39.978442083047689],[-75.157195836230358,39.978442710161552],[-75.157196246169875,39.978443292470836],[-75.157196775498747,39.978443815307379],[-75.157197409519952,39.978444264823786],[-75.157198130060607,39.978444626193145],[-75.157198919842898,39.978444891816999],[-75.157199755738148,39.978445053964649],[-75.157200614342713,39.978445112107266],[-75.157201473595052,39.978445061241352],[-75.157202310022768,39.978444902638671],[-75.157203100119247,39.978444638471096],[-75.157203823613273,39.97844427819188],[-75.157204459098125,39.978443830327542],[-75.157204990811451,39.978443308938253],[-75.157205403059848,39.978442726283625],[-75.157205685794537,39.978442100157039],[-75.15720582903549,39.978441446551386],[-75.157205829755085,39.97844078341852],[-75.157205689571967,39.978440129716425],[-75.157205410173518,39.978439502602562],[-75.157205001438442,39.978438919419467],[-75.157204472143931,39.978438395682765],[-75.157203838053945,39.978437947966924],[-75.157203115241742,39.978437584744199],[-75.157202326629687,39.978437319146821],[-75.157201490700203,39.978437157899435],[-75.157200632130085,39.978437098856567]]],[[[-75.157171777903329,39.978433377167541],[-75.157171777903329,39.978433377167541],[-75.157170918616785,39.978433428933407],[-75.157170082189069,39.978433587535889],[-75.157169292092604,39.978433851703237],[-75.157168567462648,39.978434211055543],[-75.15716793197771,39.978434658919724],[-75.157167401434322,39.978435180335318],[-75.157166989151278,39.978435763889983],[-75.157166706450639,39.978436389116226],[-75.15716656320933,39.978437042721865],[-75.157166561319173,39.978437705828263],[-75.157166702637753,39.978438360457119],[-75.15716698203579,39.978438987571074],[-75.157167390770582,39.978439570754297],[-75.157167920099141,39.978440093590898],[-75.15716855412019,39.978440543107453],[-75.157169275830796,39.978440904503437],[-75.157170065578569,39.978441171027747],[-75.15717090033786,39.978441332248899],[-75.157171760078199,39.978441391318427],[-75.157172618194664,39.978441339526107],[-75.157173454656757,39.978441180023317],[-75.157174244753293,39.978440915856005],[-75.157174969417682,39.978440555603385],[-75.157175604833895,39.978440109539697],[-75.157176136581768,39.978439587250257],[-75.157176548830392,39.978439004595749],[-75.157176830395159,39.978438378442867],[-75.157176974840979,39.978437723963395],[-75.157176975526426,39.978437061730787],[-75.157176835343606,39.978436408028635],[-75.157176555979845,39.978435780014472],[-75.157176146074832,39.978435196804817],[-75.157175616711839,39.978434674868495],[-75.157174982690861,39.978434225351997],[-75.157174261048965,39.978433862155526],[-75.157173471232582,39.978433597431732],[-75.157172636507696,39.978433435310386],[-75.157171777903329,39.978433377167541]]],[[[-75.157718976612529,39.978407005278576],[-75.157718976612529,39.978407005278576],[-75.157717865533925,39.978407087401507],[-75.157716788675231,39.978407316262356],[-75.157715780315215,39.978407683625107],[-75.157714870052033,39.978408181148353],[-75.157714085486901,39.978408791435143],[-75.157713450676269,39.978409497909531],[-75.157712985202096,39.97841027848844],[-75.157712700557894,39.978411108202984],[-75.157712617495804,39.978411964996539],[-75.157712726652434,39.978412818022967],[-75.15771302764783,39.978413646550251],[-75.157713509914061,39.978414420606178],[-75.157714160199262,39.978415119167892],[-75.15771495709464,39.978415720127423],[-75.15771587671361,39.978416204924784],[-75.157716893724483,39.978416562175603],[-75.157717973537274,39.978416777583242],[-75.1577190871037,39.978416845085377],[-75.157720198148127,39.978416763862676],[-75.157721273836771,39.978416534975381],[-75.157722282231191,39.978416166712265],[-75.157723192494458,39.978415669189012],[-75.157723975923773,39.978415057975525],[-75.157724611870137,39.978414352427741],[-75.157725077344253,39.97841357184879],[-75.157725361988284,39.978412742134196],[-75.157725446220383,39.978411885367059],[-75.157725335927822,39.978411031413991],[-75.157725034863574,39.978410204687179],[-75.157724552631606,39.978409429731109],[-75.157723902346305,39.978408731169417],[-75.157723105450927,39.978408130209971],[-75.157722184730588,39.978407643585726],[-75.15772116882124,39.978407288161854],[-75.157720088974216,39.978407073654523],[-75.157718976612529,39.978407005278576]]],[[[-75.1573578991283,39.978300080570634],[-75.1573578991283,39.978300080570634],[-75.157357041048144,39.978300131464117],[-75.157356204588183,39.978300290968164],[-75.157355413358204,39.978300554210129],[-75.15735469100224,39.978300915416945],[-75.157354054383973,39.97830136235546],[-75.157353522638545,39.978301884645717],[-75.157353110426641,39.978302466400592],[-75.157352828829687,39.978303093454201],[-75.157352684454594,39.978303746133385],[-75.157352683702115,39.978304410166508],[-75.157352823886356,39.978305063868447],[-75.157353103285573,39.978305690981927],[-75.157353513225686,39.978306273290691],[-75.157354042520311,39.978306797026718],[-75.157354676575665,39.978307245642007],[-75.157355398251553,39.978307607937062],[-75.157356186862657,39.978307873533367],[-75.157357023961097,39.978308034806084],[-75.157357881359545,39.978308093821354],[-75.157358740609993,39.978308042954303],[-75.15735957710443,39.978307882549927],[-75.157360368368856,39.978307618407733],[-75.157361090656096,39.97830725900134],[-75.157361727274392,39.978306812062804],[-75.15736225901982,39.978306289772519],[-75.157362671231667,39.978305708017579],[-75.157362952828535,39.978305080963935],[-75.157363096067684,39.978304427358061],[-75.157363097921561,39.97830376515185],[-75.157362956601347,39.978303110523306],[-75.157362678372209,39.978302483436252],[-75.157362268432053,39.978301901127509],[-75.157361739137428,39.978301377391546],[-75.157361105082074,39.978300928776321],[-75.157360383406257,39.978300566481302],[-75.157359593625017,39.978300300858535],[-75.157358757696855,39.978300139612315],[-75.1573578991283,39.978300080570634]]],[[[-75.157329044985516,39.978296358020849],[-75.157329044985516,39.978296358020849],[-75.157328185735125,39.978296408887651],[-75.157327349240816,39.978296569291778],[-75.157326559215264,39.978296831659698],[-75.157325835689093,39.97829719283996],[-75.157325200240805,39.978297639804715],[-75.157324668495164,39.978298162094838],[-75.157324256283019,39.978298743849649],[-75.157323974685838,39.978299370903152],[-75.157323830310503,39.978300023582342],[-75.157323829557697,39.978300687615452],[-75.15732396977603,39.978301340417154],[-75.157324249106281,39.978301969331199],[-75.157324657875918,39.978302551613623],[-75.157325188374827,39.978303074475988],[-75.15732582122547,39.978303523965202],[-75.157326544105629,39.97830388538663],[-75.157327333886784,39.978304151009638],[-75.157328168610391,39.978304313129868],[-75.157329027213336,39.97830437127157],[-75.157329886463771,39.978304320404725],[-75.157330722889483,39.978304161801077],[-75.157331512983774,39.978303897632635],[-75.157332236475696,39.97830353735263],[-75.157332871958317,39.978303089487554],[-75.15733340366954,39.978302568097625],[-75.157333817086155,39.978301985468981],[-75.157334098648903,39.978301359315694],[-75.157334241888378,39.978300705709835],[-75.157334243776887,39.978300042603415],[-75.15733410242261,39.978299388875023],[-75.157333824193756,39.978298761787947],[-75.157333414288217,39.978298178578875],[-75.157332884993878,39.97829765484272],[-75.157332250973084,39.97829720532711],[-75.157331528092897,39.978296843905703],[-75.157330738311813,39.978296578282738],[-75.157329903588291,39.978296416162522],[-75.157329044985516,39.978296358020849]]],[[[-75.157864278506366,39.977625333454512],[-75.157864278506366,39.977625333454512],[-75.157858764669456,39.977650434699228],[-75.157826377122916,39.977646257632777],[-75.157824802586859,39.977653420296811],[-75.157776626872604,39.977647206189246],[-75.157778200312165,39.977640041698976],[-75.157742868892171,39.977635484556274],[-75.15773410785944,39.977675363018463],[-75.157699842797527,39.977670943479147],[-75.157671292829377,39.9778009028676],[-75.157611228407063,39.977793154201031],[-75.157523547380634,39.978192280411662],[-75.157504777880007,39.978189858836593],[-75.157477715649208,39.978313043707374],[-75.157444812756466,39.978308798133625],[-75.15744223449741,39.97832053150649],[-75.157356702248862,39.978309497998922],[-75.157327846931906,39.978305775422392],[-75.157242313584717,39.978294740902903],[-75.157244891774212,39.978283010235224],[-75.157142576000638,39.978269811554846],[-75.157128300233921,39.978334794780487],[-75.157082957324107,39.978328945336195],[-75.157061049523008,39.978428669653894],[-75.157123770527363,39.978436760638729],[-75.157126151720774,39.978425926540091],[-75.157172958533778,39.978431964015897],[-75.157201813895853,39.978435686631315],[-75.157296622111971,39.97844791643481],[-75.157325475147218,39.978451638966277],[-75.157420283407887,39.978463868667582],[-75.157449138865715,39.978467589420354],[-75.157495953824395,39.978473629650225],[-75.15749357265392,39.978484464656745],[-75.157527433743667,39.978488830972744],[-75.157528250403445,39.978485109297033],[-75.157542383837097,39.978486932377685],[-75.157541962794014,39.978488850143066],[-75.157644130980515,39.978502028905908],[-75.157649674659325,39.978476794091364],[-75.157678676925173,39.978480535221649],[-75.157695181507549,39.978408848257679],[-75.157724226455954,39.978276634883606],[-75.157720694010578,39.978276178463865],[-75.157725849154986,39.978252714379785],[-75.157729382769347,39.978253170825809],[-75.157736370965537,39.978221356069461],[-75.157787161172465,39.978227907656482],[-75.157794942825589,39.978192486927163],[-75.157803039191393,39.978193531183585],[-75.157918427204308,39.977668281776687],[-75.157910330933674,39.977667236628108],[-75.157918013299962,39.977632265960928],[-75.157864278506366,39.977625333454512]]]]},"properties":{"OBJECTID":48,"PROPERTY_A":"Morgan Hall North","PROPERTY_1":"1601 N. Broad Street","CAMPUS":"MC","BUILDING__":"084N","BUILDING_C":"MORGAN","Ownership_":"Temple University","fact_id":57,"HISTORICAL_SIMPLE":null,"PHC_HISTORICAL_DISTRICT":null,"HISTORICAL_DESIGNATION":"No","Garage":null,"Shape_Length":1154.3173063044005,"Shape_Area":27678.526973884251}},{"type":"Feature","id":49,"geometry":{"type":"MultiPolygon","coordinates":[[[[-75.157274948549002,39.97249506205592],[-75.15729266924285,39.972413639207637],[-75.157190920369217,39.972399472869959],[-75.157173175743296,39.972481519569918],[-75.157274948549002,39.97249506205592]]],[[[-75.157332868335274,39.972418475925032],[-75.157312843756245,39.972509635382345],[-75.157316267597253,39.972510075852455],[-75.157316464840093,39.972509172983976],[-75.157384774038235,39.972517986686306],[-75.15737644705851,39.972555893585522],[-75.157308126122587,39.972547079613868],[-75.157308336202178,39.972546177936472],[-75.157304913563877,39.972545736592281],[-75.157284888944162,39.972636895144156],[-75.157900955729872,39.97271637317899],[-75.157908526933724,39.972681907281853],[-75.157859061237588,39.972675525232127],[-75.15786951496986,39.972627943463351],[-75.157867066525625,39.97262762866086],[-75.157875194903369,39.972590622768656],[-75.157927107778207,39.972597320486557],[-75.157948935536851,39.972497953755685],[-75.157332868335274,39.972418475925032]]],[[[-75.157219853596374,39.972747407790195],[-75.157244229509516,39.972640525689471],[-75.157137731879715,39.972623129085292],[-75.15711326175186,39.972732505759112],[-75.157219853596374,39.972747407790195]]]]},"properties":{"OBJECTID":49,"PROPERTY_A":"Temple Sports Complex","PROPERTY_1":"1389 N. Broad Street","CAMPUS":"MC","BUILDING__":"161","BUILDING_C":"TUSC","Ownership_":"Temple University","fact_id":76,"HISTORICAL_SIMPLE":null,"PHC_HISTORICAL_DISTRICT":null,"HISTORICAL_DESIGNATION":"No","Garage":null,"Shape_Length":842.29871013783725,"Shape_Area":15484.952924001474}},{"type":"Feature","id":50,"geometry":{"type":"Polygon","coordinates":[[[-75.15944370417624,39.980632262079041],[-75.15944370417624,39.980632262079041],[-75.159384790120328,39.980654713630784],[-75.159399009478136,39.980676620280313],[-75.159373596906576,39.980686304704797],[-75.159372998430896,39.980685382969625],[-75.159351732481156,39.980693488706528],[-75.159331907200396,39.980783729443949],[-75.159327380364275,39.980783147012353],[-75.159194036040645,39.98139027948713],[-75.159204781962274,39.981391666368964],[-75.159204923813959,39.981391018135852],[-75.159275037064376,39.981400062245925],[-75.159264476346479,39.981448136381744],[-75.159263630157326,39.981448028078709],[-75.159260999900468,39.98145999367653],[-75.159377118102228,39.981474971478526],[-75.15937814697395,39.981470290493533],[-75.159424078401543,39.981476215334737],[-75.159423062228328,39.981480839842618],[-75.159438962062723,39.981482890860079],[-75.15998009431857,39.981552693034345],[-75.159995994220935,39.981554743074433],[-75.159997072695035,39.981549835246987],[-75.160043004161793,39.981555761641005],[-75.160041925725181,39.981560668568612],[-75.160057273137085,39.98156264846665],[-75.160057260476506,39.981562704043931],[-75.160058328086095,39.981562841665408],[-75.160060713324341,39.981551984179866],[-75.160203196982593,39.980898085301106],[-75.160197270425769,39.980897320847561],[-75.160208887378914,39.980844441027102],[-75.160215071486334,39.980845239223662],[-75.160242731253831,39.980719333605336],[-75.159554173456954,39.980630501068497],[-75.159529407916281,39.980627306577233],[-75.159493348742146,39.980641049459379],[-75.15945825424923,39.98065467985483],[-75.15944370417624,39.980632262079041]]]},"properties":{"OBJECTID":50,"PROPERTY_A":"ARAMARK Student Training and Recreation Complex","PROPERTY_1":"1800 N. 15th Street","CAMPUS":"MC","BUILDING__":"156","BUILDING_C":"ASTARC","Ownership_":"Temple University","fact_id":73,"HISTORICAL_SIMPLE":null,"PHC_HISTORICAL_DISTRICT":null,"HISTORICAL_DESIGNATION":"No","Garage":null,"Shape_Length":1129.6753069230854,"Shape_Area":76384.253421304835}},{"type":"Feature","id":51,"geometry":{"type":"Polygon","coordinates":[[[-75.150524704372742,39.980368849456397],[-75.150451884632687,39.980700313314628],[-75.151061008789227,39.980778886319612],[-75.151116672668422,39.980525513340957],[-75.150874054714521,39.980494217198277],[-75.150891211503776,39.980416125148516],[-75.150727729506812,39.98039503824355],[-75.150524704372742,39.980368849456397]]]},"properties":{"OBJECTID":51,"PROPERTY_A":"Bresser Generation Station","PROPERTY_1":"1800-1822 N. 10th Street","CAMPUS":"MC","BUILDING__":"059","BUILDING_C":null,"Ownership_":"Commonwealth","fact_id":41,"HISTORICAL_SIMPLE":null,"PHC_HISTORICAL_DISTRICT":null,"HISTORICAL_DESIGNATION":"No","Garage":null,"Shape_Length":591.08649883424346,"Shape_Area":19206.716222247611}},{"type":"Feature","id":52,"geometry":{"type":"Polygon","coordinates":[[[-75.150744556315857,39.98032823482253],[-75.150744556315857,39.98032823482253],[-75.150865789770151,39.980343873283303],[-75.15091085114031,39.980138761252434],[-75.150793481565941,39.980123621208357],[-75.150830583759671,39.979954736442366],[-75.150833066665641,39.979959176137292],[-75.150836458628319,39.97996324357635],[-75.150840668926364,39.979966830384377],[-75.150845582952357,39.979969840259592],[-75.150851069095424,39.979972192733413],[-75.150856982218144,39.979973824150434],[-75.150863162382336,39.979974690342232],[-75.150869442937775,39.979974769514136],[-75.150875656476217,39.979974059676714],[-75.150881636036033,39.979972577772038],[-75.150887220746853,39.979970365207741],[-75.150892259649979,39.979967479834322],[-75.150896620853587,39.979964001558571],[-75.150900182549677,39.979960022228958],[-75.150902855145105,39.979955648839827],[-75.150904561574293,39.97995099767941],[-75.15090360015941,39.979945913075881],[-75.150901514790505,39.979941031876066],[-75.150898367827651,39.979936499655494],[-75.150894253673911,39.979932451001957],[-75.150889294060619,39.979929010309945],[-75.150883637462357,39.979926276450129],[-75.15087745520762,39.979924332592432],[-75.150870928882242,39.979923238712566],[-75.15086425528564,39.979923024496152],[-75.150857634418912,39.97992369717597],[-75.150851262601449,39.979925237771823],[-75.150845331335134,39.979927600163791],[-75.150840016703796,39.979930712654458],[-75.150835479166375,39.979934483369867],[-75.150851798340909,39.979858168989388],[-75.150916095734146,39.979866463941768],[-75.150946918793792,39.979726160543791],[-75.150882621495072,39.979717866508821],[-75.150891474386654,39.979677567076287],[-75.150684584326299,39.979650880125881],[-75.150587547213576,39.980092584912136],[-75.150584578723965,39.980092203218128],[-75.150580923695074,39.980108841554248],[-75.150584456222234,39.98010929729346],[-75.150577022577494,39.980143140610764],[-75.15057348887845,39.980142684844822],[-75.150538562945371,39.980301662569438],[-75.150744556315857,39.98032823482253]]]},"properties":{"OBJECTID":52,"PROPERTY_A":"Central Steam Plant","PROPERTY_1":"1840 N. 10th Street","CAMPUS":"MC","BUILDING__":"053","BUILDING_C":"CTRLSP","Ownership_":"Commonwealth","fact_id":46,"HISTORICAL_SIMPLE":null,"PHC_HISTORICAL_DISTRICT":null,"HISTORICAL_DESIGNATION":"No","Garage":null,"Shape_Length":752.52750906345068,"Shape_Area":17972.722349670581}},{"type":"Feature","id":53,"geometry":{"type":"Polygon","coordinates":[[[-75.152831634571626,39.979716229610943],[-75.152831634571626,39.979716229610943],[-75.15281363082498,39.979799228601614],[-75.152773500173168,39.979794118033254],[-75.152758324314036,39.979864082901756],[-75.152798455006049,39.979869193475466],[-75.152747736317835,39.980103013395734],[-75.15271133060007,39.98009837635162],[-75.152695868213698,39.980168755505474],[-75.152703524188183,39.980169743297957],[-75.152686193995194,39.980249639090452],[-75.152678535189537,39.980248663847178],[-75.152644853146086,39.980403940034627],[-75.153415359327695,39.980502074824237],[-75.15341635445273,39.980497490430103],[-75.153453023799557,39.980502162041965],[-75.15345408586478,39.980497266508522],[-75.153494373137931,39.980502397491243],[-75.153503319264431,39.980461153029566],[-75.153517449215116,39.980462953093571],[-75.153518044674996,39.980460244587775],[-75.153463620455852,39.980453313385652],[-75.153477731972075,39.980388257435912],[-75.153502619944376,39.980391427178631],[-75.153507417247639,39.980369308483127],[-75.153517179783066,39.980359188366833],[-75.153633108515749,39.979824744488965],[-75.153633178998675,39.979823636028357],[-75.153633009108333,39.979822534743782],[-75.153632601185237,39.979821471322786],[-75.153631969375184,39.979820474017068],[-75.153631128925412,39.9798195729051],[-75.15363010348095,39.979818792849464],[-75.153628922709984,39.979818154343739],[-75.153627620961387,39.979817677987377],[-75.15362623406412,39.97981737630429],[-75.153427713612047,39.979792091953669],[-75.153433906940108,39.979763540937832],[-75.153033669587245,39.979712563701483],[-75.153027464531007,39.979741172099281],[-75.152831634571626,39.979716229610943]]]},"properties":{"OBJECTID":53,"PROPERTY_A":"Bell Building","PROPERTY_1":"1101 W. Montgomery Avenue","CAMPUS":"MC","BUILDING__":"068","BUILDING_C":"TECH","Ownership_":"Temple University","fact_id":54,"HISTORICAL_SIMPLE":null,"PHC_HISTORICAL_DISTRICT":null,"HISTORICAL_DESIGNATION":"No","Garage":null,"Shape_Length":1064.8194223987189,"Shape_Area":60667.632214255886}},{"type":"Feature","id":54,"geometry":{"type":"Polygon","coordinates":[[[-75.152312623215423,39.979622433993413],[-75.152195649012071,39.980154887979459],[-75.152340510016856,39.980173574470761],[-75.152339768019829,39.980176959023034],[-75.152481095396723,39.980195189625235],[-75.152481838591541,39.980191804198249],[-75.152630234605851,39.980210946957826],[-75.152747207805717,39.9796784934831],[-75.152598814057214,39.979659351801125],[-75.152599556035682,39.979655967247091],[-75.152458228578467,39.979637736763998],[-75.152457485422971,39.979641121290648],[-75.152312623215423,39.979622433993413]]]},"properties":{"OBJECTID":54,"PROPERTY_A":"Bell Building Garage","PROPERTY_1":"1840 N. 11th Street","CAMPUS":"MC","BUILDING__":"066","BUILDING_C":"BELGAR","Ownership_":"Temple University","fact_id":52,"HISTORICAL_SIMPLE":null,"PHC_HISTORICAL_DISTRICT":null,"HISTORICAL_DESIGNATION":"No","Garage":1,"Shape_Length":645.40867218511698,"Shape_Area":24392.550070368736}},{"type":"Feature","id":55,"geometry":{"type":"Polygon","coordinates":[[[-75.153627996671702,39.981383586048466],[-75.153614911535527,39.981443146496346],[-75.15362933913859,39.981445009138966],[-75.153624679744937,39.981466215524605],[-75.153556371192778,39.981457405200125],[-75.153543583696461,39.981515611836919],[-75.153545055710453,39.98151580191756],[-75.153543469103241,39.981523021025275],[-75.153541997054674,39.98152283184487],[-75.153530497221794,39.981575174048956],[-75.153531970441676,39.981575363255956],[-75.153530383797303,39.981582583263751],[-75.153528911781919,39.981582393182919],[-75.1535174131335,39.981634734511857],[-75.153518885184411,39.98163492369256],[-75.153517298537224,39.981642143700142],[-75.153515826520547,39.981641953619175],[-75.153504326647365,39.98169429582039],[-75.153505799835344,39.981694485927996],[-75.15350421439004,39.981701705061639],[-75.153502741167486,39.98170151585424],[-75.153476038558637,39.981823062839929],[-75.15347933108923,39.981823487829168],[-75.153468635310773,39.981872166657304],[-75.153465072384108,39.981871706717527],[-75.153358804348557,39.982355411958558],[-75.153424758244611,39.982363919523934],[-75.153420098689637,39.982385126800835],[-75.153408321191165,39.982383607916596],[-75.153395533428068,39.982441813634956],[-75.153702333561341,39.98248138867671],[-75.153715121103431,39.982423182024036],[-75.153700694391659,39.982421321219149],[-75.153705353861497,39.982400113930886],[-75.153773957078698,39.982408962346149],[-75.153879726870159,39.981927522389995],[-75.153839095050529,39.981922281953182],[-75.153839591284296,39.981920024413604],[-75.153799229866351,39.981914818912074],[-75.153803568979356,39.981895065826244],[-75.153805042172507,39.981895255930006],[-75.153805735689573,39.981892096428673],[-75.153804263632338,39.981891907251608],[-75.153809963824813,39.981865962520388],[-75.153849123586014,39.981871012890821],[-75.153863050934262,39.981807616913713],[-75.153903682687158,39.981812857342064],[-75.153916421471237,39.981754876626241],[-75.153915832910997,39.98175480024107],[-75.153917418313782,39.981747581101757],[-75.153918008044243,39.981747657513367],[-75.153929506437535,39.98169531524433],[-75.153928917843317,39.981695239759489],[-75.153930504448013,39.981688019746223],[-75.153931093007685,39.981688096131293],[-75.153942591380812,39.981635753860779],[-75.15394200282158,39.981635677475793],[-75.153943589354625,39.981628459262815],[-75.153944177982694,39.981628533847321],[-75.15395567743704,39.981576193402397],[-75.153955087708084,39.981576116990993],[-75.153956674272777,39.981568897877565],[-75.153957262865845,39.981568973362272],[-75.153970051222402,39.981510765805709],[-75.153904686644438,39.981502334938568],[-75.153909346021976,39.981481126741159],[-75.153921711898747,39.981482722859447],[-75.15393479684235,39.98142316057622],[-75.153627996671702,39.981383586048466]]]},"properties":{"OBJECTID":55,"PROPERTY_A":"Biology-Life Sciences","PROPERTY_1":"1900 N. 12th Street","CAMPUS":"MC","BUILDING__":"015","BUILDING_C":"BIOSCI","Ownership_":"Commonwealth","fact_id":13,"HISTORICAL_SIMPLE":null,"PHC_HISTORICAL_DISTRICT":null,"HISTORICAL_DESIGNATION":"No","Garage":null,"Shape_Length":1100.7029551596627,"Shape_Area":43403.282454186221}},{"type":"Feature","id":56,"geometry":{"type":"Polygon","coordinates":[[[-75.152682512735367,39.980523230424218],[-75.152682512735367,39.980523230424218],[-75.152661129137599,39.980620666520593],[-75.152553979161283,39.980606857939812],[-75.152543493733702,39.980654587275907],[-75.1525265977603,39.980652408229879],[-75.152526003463777,39.980655115856756],[-75.152529164282669,39.980655522576264],[-75.152519397831341,39.980699978562569],[-75.152516237079325,39.98069957004234],[-75.152515641611757,39.980702277642678],[-75.152524474777351,39.980703417331462],[-75.15251320629072,39.980754715899444],[-75.152524318468778,39.980766671646251],[-75.152516776192485,39.980770396043901],[-75.152509600405054,39.980762669574176],[-75.152376725032553,39.980745530462087],[-75.152374989588523,39.980753422852821],[-75.152370755368096,39.980752877403447],[-75.152408066500456,39.980582661630727],[-75.152318560140557,39.980571115489596],[-75.152323564945803,39.980548328470206],[-75.152317676953089,39.980547568985152],[-75.152316833376148,39.980551404450779],[-75.152292395657682,39.98054825185099],[-75.152293239235917,39.98054441638552],[-75.152213445980408,39.980534124392321],[-75.152202443841318,39.980584210785743],[-75.152185933687946,39.980582080968396],[-75.152113567578809,39.980911476416225],[-75.152209869158099,39.980923898242089],[-75.152221887794511,39.980869192805628],[-75.1522463256252,39.980872345420423],[-75.15224620353456,39.980872903991788],[-75.152284686634061,39.9808778675132],[-75.152279434031129,39.9809017733945],[-75.152333598698874,39.980908760546924],[-75.152329630930026,39.980926818164086],[-75.1523331635114,39.980927273849488],[-75.152326889523181,39.980955836507277],[-75.1523233126441,39.980955375313982],[-75.15232242059804,39.980959436739397],[-75.152471290290407,39.980978639944873],[-75.152468347419912,39.980992041770925],[-75.152615628718664,39.981011038542526],[-75.152615777550793,39.981010362542541],[-75.152663049667481,39.981016460110595],[-75.152662900835821,39.981017136110637],[-75.152668788838668,39.981017896478185],[-75.152672996291656,39.980998745032515],[-75.152671819187006,39.980998592249456],[-75.152681243826947,39.980955691784118],[-75.15268241046769,39.980955842528253],[-75.152684789945056,39.9809450129708],[-75.152683622134262,39.980944862200204],[-75.152693538480236,39.980899731126925],[-75.152694742395028,39.980899887219614],[-75.152697121868442,39.980889057661898],[-75.152695916783657,39.980888901542755],[-75.152704493394268,39.980849860770753],[-75.1527062124797,39.980850082583771],[-75.15270639703833,39.98084923800068],[-75.152767393754885,39.980857106692554],[-75.152767207992369,39.98085795214952],[-75.152774275494281,39.980858863546217],[-75.152777545800816,39.980843972531382],[-75.152812879795349,39.980848529427952],[-75.152809633967721,39.980863423700654],[-75.152816672318579,39.980864331731958],[-75.152819944956505,39.980849440768864],[-75.152888857667506,39.980858330093326],[-75.152885613026271,39.980873224394685],[-75.152886936991706,39.980873395816396],[-75.152874941744543,39.980927993717359],[-75.152876726089474,39.980928224212754],[-75.152872100261689,39.980949282664128],[-75.152871273879455,39.980949177464943],[-75.152871007335662,39.980950389610705],[-75.152871832547703,39.980950494783407],[-75.152867209504834,39.980971541584417],[-75.152865425158808,39.980971311088865],[-75.152850054598986,39.9810412787728],[-75.152856266654354,39.981042079801803],[-75.152856564382844,39.981040726000813],[-75.152887517379327,39.981044718801854],[-75.152888263282321,39.981041323522668],[-75.152902659425095,39.981043179239954],[-75.152901615760769,39.981047929220622],[-75.153263280590807,39.981094581263697],[-75.153369367224471,39.980611696449124],[-75.152860183249018,39.980546015981709],[-75.152851846393091,39.98058396654946],[-75.152715675377095,39.980566400942386],[-75.152723986457787,39.980528575041156],[-75.152682512735367,39.980523230424218]]]},"properties":{"OBJECTID":56,"PROPERTY_A":"Mazur Hall","PROPERTY_1":"1835-1899 N. 12th Street","CAMPUS":"MC","BUILDING__":"022","BUILDING_C":"MAZUR","Ownership_":"Commonwealth","fact_id":18,"HISTORICAL_SIMPLE":null,"PHC_HISTORICAL_DISTRICT":null,"HISTORICAL_DESIGNATION":"No","Garage":null,"Shape_Length":1399.0045505907706,"Shape_Area":46398.227697695496}},{"type":"Feature","id":57,"geometry":{"type":"Polygon","coordinates":[[[-75.154863912206679,39.979953504120616],[-75.154856277046491,39.979988263950574],[-75.1548707091587,39.979990123842434],[-75.154868125814261,39.980001884984958],[-75.154853693802892,39.980000022392012],[-75.154834814171991,39.980085960782787],[-75.154849208926507,39.980087818030071],[-75.154846428586538,39.980100473933952],[-75.154832033795032,39.980098617586556],[-75.154812211495084,39.980188841525916],[-75.15482662489093,39.980190701900092],[-75.154823844611343,39.980203356002924],[-75.154809450968912,39.980201499679175],[-75.154771724129361,39.980373225809963],[-75.154795561717293,39.980376299436202],[-75.1547922538129,39.980391359039508],[-75.15401478676894,39.980290372091666],[-75.153990146850489,39.980403894502423],[-75.154178584876632,39.980428201933599],[-75.154155586647832,39.980532883770813],[-75.154654751230979,39.98059728940013],[-75.154654604037432,39.980597953726047],[-75.154675498771311,39.980600649971599],[-75.154642688836887,39.980739717220942],[-75.154663058012545,39.980742344818069],[-75.15468312643759,39.980660186975634],[-75.154688410735858,39.980660838079245],[-75.154688793672193,39.980659092456193],[-75.154709526385204,39.980661768812681],[-75.154707172776455,39.980672481857219],[-75.154714817169207,39.98067346835068],[-75.154715652524516,39.980669660616158],[-75.154802218830227,39.980680827539359],[-75.154801382378196,39.980684633447574],[-75.154808465033469,39.980685546863548],[-75.154809285170813,39.980681738784298],[-75.154896437787883,39.980692980163631],[-75.154895601306578,39.9806967869728],[-75.154902667581297,39.980697700012449],[-75.154903504096609,39.980693892303023],[-75.154990656710382,39.980705134511048],[-75.154989820199859,39.980708942221092],[-75.154996886545888,39.980709853454528],[-75.154999116700395,39.980699703453055],[-75.154999856830727,39.980699797676408],[-75.154999981548428,39.980699231052903],[-75.155021256304764,39.980701975472307],[-75.155021132895058,39.980702538521342],[-75.155021868310186,39.980702633538954],[-75.155021991719892,39.980702070489905],[-75.155025158372638,39.980702478173249],[-75.155025691415844,39.980700052971422],[-75.155026605186393,39.98070017004229],[-75.155038487850334,39.980646081188894],[-75.155050924744117,39.98064768510136],[-75.155052145661031,39.98064227686406],[-75.15503967046061,39.980640663976381],[-75.155051560056279,39.98058657708075],[-75.155050647491876,39.980586459136347],[-75.155051180533206,39.980584033934392],[-75.155048013954683,39.980583624451299],[-75.155048138671731,39.980583057827708],[-75.155025383830974,39.980580121365946],[-75.155127023644965,39.980117386860414],[-75.155087589765614,39.980112300973147],[-75.155095370564055,39.980076883976885],[-75.15507298997953,39.980073996528994],[-75.155079752716503,39.980043215680041],[-75.155055613387262,39.980040102850893],[-75.155064362978592,39.980000266642719],[-75.15500106486131,39.979992104746138],[-75.155005531074721,39.979971771539475],[-75.154863912206679,39.979953504120616]]]},"properties":{"OBJECTID":57,"PROPERTY_A":"Tuttleman Learning Center","PROPERTY_1":"1809 N. 13th Street","CAMPUS":"MC","BUILDING__":"008","BUILDING_C":"TTLMAN","Ownership_":"Commonwealth","fact_id":6,"HISTORICAL_SIMPLE":null,"PHC_HISTORICAL_DISTRICT":null,"HISTORICAL_DESIGNATION":"No","Garage":null,"Shape_Length":1256.5535689178855,"Shape_Area":36681.738803811473}},{"type":"Feature","id":58,"geometry":{"type":"Polygon","coordinates":[[[-75.15493630669188,39.980771997301176],[-75.154668967107654,39.980737526453375],[-75.154676870563975,39.98070093011723],[-75.154680611241716,39.980701395842452],[-75.154681059733718,39.980699068742886],[-75.154674298096836,39.980698152667628],[-75.154664714158883,39.980742987755967],[-75.154632342751285,39.980738875055991],[-75.154642064831805,39.980694134096858],[-75.154635414780103,39.98069324036512],[-75.154634922643353,39.980695514218439],[-75.154638504550491,39.98069602771249],[-75.154630239097699,39.980734434115249],[-75.154629541476041,39.980734453478171],[-75.154628933465389,39.980737399573776],[-75.154608805598969,39.980734801755311],[-75.154613770100312,39.980711946165435],[-75.154033782304936,39.980637413772065],[-75.154033952005108,39.980635854343262],[-75.153982884326581,39.980629291247887],[-75.153950829986215,39.98077591604968],[-75.153791336464252,39.980784403305037],[-75.153750275215884,39.980915882708388],[-75.153787167607945,39.981067556863579],[-75.153778207696533,39.981069087728919],[-75.153783261570879,39.981088973114879],[-75.153791954469924,39.981087870499721],[-75.153810311316917,39.981163304595526],[-75.153852271351525,39.981156888886275],[-75.153899979460689,39.981151156416757],[-75.153955019376383,39.981146622347275],[-75.15399935282025,39.981144942867665],[-75.15405433425785,39.981144757546261],[-75.154100567313662,39.98114587000488],[-75.15414977834368,39.981149140167496],[-75.154180657349485,39.981152038007814],[-75.154215877460118,39.981156056685727],[-75.154216342268114,39.981155080583626],[-75.15431709823558,39.981178731660016],[-75.154319877013222,39.981172035067907],[-75.154341424001444,39.981174738914874],[-75.154341940381272,39.981172413351807],[-75.154368436023816,39.981175817484853],[-75.154367874006041,39.981178142015807],[-75.154389000405274,39.98118084895539],[-75.154389396402365,39.981179466739007],[-75.154398184882766,39.981180582745402],[-75.154397834560001,39.981182026363072],[-75.154424347589497,39.981185374112151],[-75.154424657333692,39.98118401156929],[-75.154484682261767,39.981191730315018],[-75.15448440087944,39.98119308629127],[-75.154510829766025,39.981196521318012],[-75.154511213886437,39.981195143337743],[-75.15452005843845,39.981196263305883],[-75.15451971892395,39.981197608056284],[-75.154546221572716,39.981201043842013],[-75.154546532656738,39.981199676824126],[-75.15455531945608,39.981200806295604],[-75.154555079721632,39.981202175828173],[-75.154616856409504,39.98121008999739],[-75.154617111114888,39.981208727110456],[-75.154626025952808,39.981209846857837],[-75.154625703891057,39.981211225340864],[-75.154652153958565,39.981214627476085],[-75.154652520970615,39.981213268029869],[-75.154661299375448,39.98121440270949],[-75.154660997622258,39.981215832108937],[-75.154693311401147,39.981219926373022],[-75.154693671290246,39.981218692007154],[-75.154780813008415,39.981229745800633],[-75.154780601561924,39.981230712316957],[-75.15480051629028,39.98123328275652],[-75.154802195149287,39.981231523189507],[-75.154807304485956,39.98120852400146],[-75.154901334631859,39.981220579530373],[-75.154902632736437,39.981215144207091],[-75.154892137943193,39.981213716646685],[-75.154975789009171,39.980828335156481],[-75.154925513956599,39.980821927363564],[-75.15493630669188,39.980771997301176]]]},"properties":{"OBJECTID":58,"PROPERTY_A":"Paley Hall","PROPERTY_1":"1210 W. Berks Street","CAMPUS":"MC","BUILDING__":"017","BUILDING_C":"PALEY","Ownership_":"Commonwealth","fact_id":15,"HISTORICAL_SIMPLE":null,"PHC_HISTORICAL_DISTRICT":null,"HISTORICAL_DESIGNATION":"No","Garage":null,"Shape_Length":1101.6693479649255,"Shape_Area":55556.424453085056}},{"type":"Feature","id":59,"geometry":{"type":"Polygon","coordinates":[[[-75.156699940584289,39.985117007298541],[-75.156680611334565,39.985204990119485],[-75.15669827777208,39.985207269728924],[-75.15663206645371,39.985508628233305],[-75.156630251685399,39.985508393507779],[-75.156627516914952,39.985520840542691],[-75.156625749853688,39.985520614103258],[-75.156624560400687,39.985526027571666],[-75.156633394228038,39.985527167844388],[-75.156621498180073,39.985581311504767],[-75.156612665481845,39.985580172157832],[-75.156611475992321,39.985585586526334],[-75.156613241884912,39.985585812939547],[-75.156610508209781,39.985598261800966],[-75.156612321878853,39.98559849469985],[-75.156557313736883,39.98584886814259],[-75.15653788123808,39.985846362097185],[-75.156508412069343,39.985980490252913],[-75.156732770804467,39.986009428731087],[-75.156747065734251,39.985944363965629],[-75.156757644390808,39.985945823868342],[-75.156832020081438,39.985607305285292],[-75.156856753543821,39.985610495089986],[-75.156854967565238,39.985618617057007],[-75.156900932335859,39.985634167372112],[-75.156949706583859,39.985643350580325],[-75.156999810950609,39.985645889980717],[-75.157049728051149,39.985641707140644],[-75.157051079037387,39.985635559384505],[-75.157072278457406,39.985638294476395],[-75.156992280076352,39.986002407507911],[-75.157207806288824,39.986030206639533],[-75.157361210297708,39.985331983911557],[-75.157142151090184,39.985303728576916],[-75.157091941655565,39.985532259146048],[-75.157067209415331,39.985529068518233],[-75.157068992991171,39.985520947395244],[-75.156881733517892,39.985496794221767],[-75.15687994871557,39.985504916215653],[-75.156855216529621,39.985501724641921],[-75.156918859183861,39.985212058167825],[-75.156901192737692,39.985209778592328],[-75.156915467447718,39.985144805258663],[-75.156699940584289,39.985117007298541]]]},"properties":{"OBJECTID":59,"PROPERTY_A":"James S. White Hall","PROPERTY_1":"2108-2110 N. Broad Street","CAMPUS":"MC","BUILDING__":"034","BUILDING_C":"WHITE","Ownership_":"Commonwealth","fact_id":28,"HISTORICAL_SIMPLE":null,"PHC_HISTORICAL_DISTRICT":null,"HISTORICAL_DESIGNATION":"No","Garage":null,"Shape_Length":1498.0878750791128,"Shape_Area":38781.559307053984}},{"type":"Feature","id":60,"geometry":{"type":"Polygon","coordinates":[[[-75.154129657811126,39.982974709268248],[-75.154120934512875,39.983014415369581],[-75.15406204760643,39.983006820421906],[-75.154043684883263,39.983090402531154],[-75.154035146252966,39.983089301164824],[-75.154008949065286,39.983208544975383],[-75.154010126211219,39.983208697744722],[-75.154009135078454,39.983213208350392],[-75.154051255223621,39.983218570673856],[-75.154044861834137,39.983247665916217],[-75.154002742772875,39.983242305417392],[-75.154001751570277,39.983246817823478],[-75.154000573253441,39.983246665027607],[-75.153975472092412,39.983361041093197],[-75.154041742841429,39.983369590586939],[-75.154033093336423,39.983408956866533],[-75.154235664759995,39.983435086600394],[-75.154244388045242,39.983395380490862],[-75.15430377177708,39.983403040634677],[-75.154387986221579,39.983048862763752],[-75.154328215846888,39.983041152465105],[-75.154336940197695,39.983001446374551],[-75.154129657811126,39.982974709268248]]]},"properties":{"OBJECTID":60,"PROPERTY_A":"Presser Hall","PROPERTY_1":"2001-2059 N. 13th Street","CAMPUS":"MC","BUILDING__":"012","BUILDING_C":"PRESSR","Ownership_":"Commonwealth","fact_id":9,"HISTORICAL_SIMPLE":null,"PHC_HISTORICAL_DISTRICT":null,"HISTORICAL_DESIGNATION":"No","Garage":null,"Shape_Length":533.88301362733864,"Shape_Area":13850.371754612577}},{"type":"Feature","id":61,"geometry":{"type":"Polygon","coordinates":[[[-75.156068762899864,39.981639780025013],[-75.155980264250957,39.982047310464765],[-75.155982914790059,39.982047647888258],[-75.155980954814012,39.982056675938246],[-75.155978304343378,39.982056336714273],[-75.155977541549333,39.98205981001697],[-75.155983870621355,39.982060617122805],[-75.155980718317835,39.982097520049955],[-75.156123752702783,39.98212727171645],[-75.156140252749651,39.982080610600661],[-75.156187346670137,39.982086616167997],[-75.156187921044818,39.982083966641234],[-75.156185166798636,39.982083615165415],[-75.156192606930929,39.982049350015558],[-75.156189074265299,39.982048894448951],[-75.156193293857143,39.982029462052608],[-75.156196826487417,39.982029918519309],[-75.156205073573418,39.981991943194259],[-75.156257457948726,39.981998624231586],[-75.15626532536389,39.981962400911499],[-75.156209404534749,39.981955272334567],[-75.156213430512693,39.981936738381854],[-75.156217553148011,39.98193726404584],[-75.156233542784733,39.981863635626972],[-75.156230008992637,39.981863179134912],[-75.156234072089902,39.981844470322081],[-75.156289295778308,39.981851511051985],[-75.15629750455922,39.981813708752512],[-75.156245506055356,39.981807078799093],[-75.156253518776026,39.981770178495317],[-75.156249986124493,39.981769722930586],[-75.156254052170013,39.981750997965563],[-75.156370481104204,39.981765842573289],[-75.15638394699458,39.981703825284775],[-75.156369152046224,39.981701917747721],[-75.156374245838435,39.98167872983737],[-75.156213053436005,39.981658175630557],[-75.156212759213645,39.981659531320126],[-75.15618140892883,39.981655533150288],[-75.156181701912814,39.981654179234852],[-75.156068762899864,39.981639780025013]]]},"properties":{"OBJECTID":61,"PROPERTY_A":"1900-1916  N. Liacouras Walk","PROPERTY_1":"1900 - 1916  N. Liacouras Walk","CAMPUS":"MC","BUILDING__":"285","BUILDING_C":"1910LW","Ownership_":"Temple University","fact_id":81,"HISTORICAL_SIMPLE":"Declared by PHC.","PHC_HISTORICAL_DISTRICT":"Park Avenue Historic District","HISTORICAL_DESIGNATION":"Building & property declared historic by PHC as part of the Park Avenue Historic District.","Garage":null,"Shape_Length":591.80519810230214,"Shape_Area":11143.799595429684}},{"type":"Feature","id":62,"geometry":{"type":"Polygon","coordinates":[[[-75.156393524424587,39.983071573450232],[-75.156393524424587,39.983071573450232],[-75.15671269046554,39.983112742492501],[-75.156746395211798,39.98295933092453],[-75.156654531927657,39.9829474809085],[-75.156651756108388,39.982960116228753],[-75.156635268574547,39.982957989380807],[-75.156688204134355,39.982717041504486],[-75.156255975092833,39.982661288557644],[-75.156254388712554,39.982668508602828],[-75.156155458173032,39.982655747004891],[-75.156157044529152,39.982648527861308],[-75.15596919533121,39.982624297512167],[-75.155970045679211,39.982620433344501],[-75.15586581441741,39.982606989447397],[-75.155862190589346,39.98262348536754],[-75.155853945653675,39.982622423211076],[-75.155828974652408,39.982736086241161],[-75.155835930459119,39.982736984106971],[-75.155842746320658,39.982733266497362],[-75.155858737275949,39.98273532907632],[-75.155849877674825,39.982775656610372],[-75.155854735556218,39.982776283601339],[-75.155849669861112,39.982799342382201],[-75.155891782335587,39.98284467392331],[-75.155948214746715,39.982813894856321],[-75.155950227356229,39.982816062244829],[-75.155951112003635,39.982816175946319],[-75.155957475710863,39.982812704899978],[-75.155957505650235,39.982812565017859],[-75.156004320062806,39.982818603075174],[-75.156004298692324,39.982818702605158],[-75.156008553501238,39.982823282240069],[-75.156015510523929,39.98282417922124],[-75.156017087056597,39.982817003106071],[-75.156037108377376,39.982819586540856],[-75.156036878773449,39.982820630136352],[-75.156046518978997,39.982831007905048],[-75.156108132042021,39.98283895537844],[-75.156121675265084,39.982831567682481],[-75.156121904867703,39.98283052408685],[-75.156150171196572,39.982834168738904],[-75.15614984348376,39.982835665131304],[-75.15616487025062,39.982851841946676],[-75.156242196956768,39.98286181587941],[-75.156263745572673,39.982885010339331],[-75.156313213906131,39.982891392068602],[-75.156343482103495,39.982874882893313],[-75.156352999147458,39.982831563488517],[-75.156437796873817,39.98284250082763],[-75.156438786704143,39.982837989274238],[-75.156455275372934,39.982840116176867],[-75.156427915369221,39.982964651071114],[-75.156417316089104,39.982963283466013],[-75.156393524424587,39.983071573450232]]]},"properties":{"OBJECTID":62,"PROPERTY_A":"1940 Residence Hall","PROPERTY_1":"1940 Liacouras Walk","CAMPUS":"MC","BUILDING__":"032","BUILDING_C":"1940NR","Ownership_":"Temple University","fact_id":26,"HISTORICAL_SIMPLE":"Declared by PHC. Exempt from review.","PHC_HISTORICAL_DISTRICT":"Park Avenue Historic District","HISTORICAL_DESIGNATION":"East portion of property declared historic by PHC as part of the Park Avenue Historic District. Building is exempt from PHC review.","Garage":null,"Shape_Length":901.15233091279538,"Shape_Area":22165.828802607582}},{"type":"Feature","id":63,"geometry":{"type":"Polygon","coordinates":[[[-75.157075631988874,39.980440971068688],[-75.157075631988874,39.980440971068688],[-75.157075091966902,39.980443427656262],[-75.157078308698559,39.980443842721563],[-75.157078032253082,39.980445101504579],[-75.15707979797925,39.980445328810923],[-75.157080074390308,39.980444070928115],[-75.15708084129821,39.980444169347116],[-75.157082645969609,39.980435952293412],[-75.157093385880472,39.980437338340458],[-75.157093558719026,39.980436553854922],[-75.157199149255774,39.980450481530795],[-75.157203639433632,39.980458404711769],[-75.157214231267972,39.980469805818458],[-75.157236996698344,39.980472742084324],[-75.157236706216665,39.980474061819748],[-75.157268483186513,39.980478160354991],[-75.157269695835396,39.980472749208282],[-75.157246837164465,39.980469800931246],[-75.157262373703546,39.980461326469111],[-75.157266813464531,39.980441116932184],[-75.157254176174476,39.980427519790418],[-75.157247285842473,39.980426630692911],[-75.157252518182986,39.980402809763255],[-75.157261422428434,39.980403959702691],[-75.157260564818472,39.980407863358614],[-75.157274705631892,39.980409687531001],[-75.157275682399188,39.980405239649251],[-75.157276934122663,39.980405401279015],[-75.157277255880899,39.980403937186274],[-75.157282977229016,39.980404675531773],[-75.15728586186853,39.980391546197943],[-75.157280845648344,39.980390898567421],[-75.157282231675495,39.980384596626934],[-75.157276611690875,39.980383872284634],[-75.157269421910229,39.980376131391282],[-75.157258684277139,39.980374747214064],[-75.157262406709791,39.980357803878938],[-75.15727298112904,39.980359168150152],[-75.157283663790381,39.980353340239141],[-75.157288948057086,39.980354022757901],[-75.157290301772449,39.980347861547195],[-75.157295315649122,39.980348509124433],[-75.157298239785518,39.980335204083204],[-75.157293023117575,39.980334530300183],[-75.157293378939883,39.980332910199856],[-75.157291622508879,39.980332684908809],[-75.157292490129024,39.980328733724946],[-75.157278349331989,39.980326909554734],[-75.157277481711105,39.980330860738462],[-75.157268577440519,39.980329711700506],[-75.157274160944013,39.980304300298179],[-75.157288290102798,39.98030612240408],[-75.15729350531852,39.980282381276659],[-75.15730233847529,39.980283521498087],[-75.157305348215957,39.980269814734804],[-75.157296516162376,39.980268676340543],[-75.157297996224344,39.980261935926734],[-75.157280329916873,39.980259655482513],[-75.157278849818823,39.980266396796338],[-75.157247866665216,39.980262399990643],[-75.157245289399484,39.980274135185297],[-75.15713557446955,39.98025998281306],[-75.157136236330999,39.980256973050032],[-75.157128626896949,39.98024878206806],[-75.157112812502888,39.980246741663024],[-75.157101900214087,39.980252694116579],[-75.157101270868068,39.980255557748137],[-75.157046543390422,39.980248497958016],[-75.157047658978087,39.980243420699892],[-75.157034079944324,39.98024166955981],[-75.157032964355679,39.980246746817784],[-75.156975297546794,39.980239307927867],[-75.156976638419238,39.980233207699243],[-75.156963059423745,39.980231455650532],[-75.156961718550107,39.980237555879],[-75.156904051756882,39.980230116953251],[-75.156905391430925,39.98022401759922],[-75.156891812439099,39.98022226554216],[-75.156890472729486,39.980228365796158],[-75.156833599634183,39.980221029464467],[-75.156834779136375,39.980215659019443],[-75.156820075432123,39.980213762605281],[-75.156818895928865,39.980219133050163],[-75.156812061587601,39.980218250597162],[-75.156809576810545,39.980229555385023],[-75.156816411152903,39.980230437838188],[-75.156806864935433,39.980273894466485],[-75.156799128523076,39.980272895220523],[-75.156796741225875,39.98028376341518],[-75.156804477708178,39.980284760860826],[-75.156794877761172,39.980328458648174],[-75.156787142444287,39.980327461228313],[-75.156784741172473,39.980338388574168],[-75.156792476421884,39.980339387794729],[-75.156782991320313,39.980382561982033],[-75.156775267283948,39.980381514359337],[-75.156772790890997,39.980392783295372],[-75.156780526215172,39.980393780716227],[-75.156779175136904,39.980399932971409],[-75.156793880050444,39.980401829417254],[-75.156795231058723,39.980395678962395],[-75.156852103194595,39.980403013486153],[-75.156850752122565,39.980409165742181],[-75.156864331185062,39.980410916903928],[-75.15686568218716,39.980404766448217],[-75.156923350294662,39.980412205419654],[-75.156921999297666,39.980418355876012],[-75.156935578329467,39.980420107929575],[-75.156936929359659,39.980413956572782],[-75.156993897557371,39.980421383297937],[-75.156992338216185,39.98042848142336],[-75.157005917286185,39.980430232568381],[-75.157005677829602,39.980431320092634],[-75.157067735199035,39.980439324891066],[-75.157067601793727,39.980439935470024],[-75.157075631988874,39.980440971068688]]]},"properties":{"OBJECTID":63,"PROPERTY_A":"Conwell Hall","PROPERTY_1":"1801-35 N. Broad Street","CAMPUS":"MC","BUILDING__":"041","BUILDING_C":"CNWELL","Ownership_":"Temple University","fact_id":34,"HISTORICAL_SIMPLE":"Eligible for NHR/PHMC.","PHC_HISTORICAL_DISTRICT":null,"HISTORICAL_DESIGNATION":"Eligible for NHR by PHMC.","Garage":null,"Shape_Length":546.76709801181516,"Shape_Area":9135.9896310582844}},{"type":"Feature","id":64,"geometry":{"type":"Polygon","coordinates":[[[-75.156203781280965,39.981107204374126],[-75.156202542318525,39.981112841973484],[-75.156185559860944,39.981110652506466],[-75.156133620172056,39.981347069839352],[-75.156143098006154,39.981348292294442],[-75.156141253554154,39.981356688640801],[-75.156136342181711,39.981356054143596],[-75.156135052141636,39.981361924852635],[-75.156130933258851,39.981361393863587],[-75.156122646960256,39.981399108803757],[-75.156124053583454,39.981400980475044],[-75.156125540780764,39.981401171766628],[-75.156125176631505,39.981402825013518],[-75.156123689434125,39.981402633721849],[-75.1561233221192,39.981404308521597],[-75.156124809316566,39.981404499813237],[-75.156123490815887,39.9814105023286],[-75.156122003652712,39.981410310136717],[-75.156121635167452,39.98141198490999],[-75.156123122365031,39.98141217620168],[-75.156122759351462,39.981413830375203],[-75.156121272188244,39.981413638183312],[-75.15611914387344,39.981415053332654],[-75.156110858697588,39.981452769198619],[-75.156114977585759,39.981453300188356],[-75.156113886031434,39.98145826715718],[-75.156118798581304,39.981458901681812],[-75.156115484172417,39.981473984596775],[-75.156118197469752,39.981474334248297],[-75.156116323210284,39.981482866875368],[-75.156124539960601,39.981483927478003],[-75.156120241638575,39.981503489641049],[-75.156286227639711,39.981524900169688],[-75.156288335245975,39.981523751250535],[-75.156288858511829,39.981521366368632],[-75.156292757056633,39.981521870747599],[-75.156293325539579,39.981519283257555],[-75.156294105262234,39.981519383773211],[-75.15629718537636,39.981517703607928],[-75.156297483141515,39.981516347097269],[-75.156295669680119,39.981514394152171],[-75.156289530956286,39.981513603077637],[-75.156293103519928,39.981497341154281],[-75.156295887959459,39.981493650442566],[-75.156342836621334,39.98149970763432],[-75.156343225903512,39.981503806152809],[-75.156339653351552,39.981520068077728],[-75.156334180147908,39.981519362325763],[-75.15633163230514,39.981520752680417],[-75.156331333404822,39.981522108264429],[-75.156333526040299,39.981524468028219],[-75.156334305763153,39.981524568543605],[-75.156333737247365,39.981527156934128],[-75.156338954066143,39.981527828960267],[-75.156338430870761,39.981530212041925],[-75.156339930421581,39.981531828119294],[-75.156427498027455,39.981543124537247],[-75.156431796332271,39.981523560562216],[-75.156434147134718,39.981523864171351],[-75.156436022525611,39.981515331565554],[-75.156438023736186,39.981515588530335],[-75.156472505214282,39.981358640076564],[-75.15648451970641,39.981357783515335],[-75.156486429050361,39.981349097602106],[-75.156476865538309,39.981338800889368],[-75.156518829256569,39.981147791842758],[-75.156203781280965,39.981107204374126]]]},"properties":{"OBJECTID":64,"PROPERTY_A":"Sullivan Hall","PROPERTY_1":"1330 W. Berks Street","CAMPUS":"MC","BUILDING__":"007","BUILDING_C":"SULLVN","Ownership_":"Temple University","fact_id":5,"HISTORICAL_SIMPLE":"Declared by PHC.","PHC_HISTORICAL_DISTRICT":"Park Avenue Historic District","HISTORICAL_DESIGNATION":"Building & property declared historic by PHC as part of the Park Avenue Historic District.","Garage":null,"Shape_Length":522.55990705646252,"Shape_Area":13548.66262797564}},{"type":"Feature","id":65,"geometry":{"type":"Polygon","coordinates":[[[-75.156299541839687,39.980965012043377],[-75.156298439054069,39.98097002831576],[-75.156301657044821,39.980970441628749],[-75.156301136708578,39.98097281125952],[-75.156305846465756,39.980973418668256],[-75.156305295090306,39.980975926354354],[-75.156311306831597,39.98097672897557],[-75.15630786069687,39.980992502701611],[-75.156301824587146,39.980991724757985],[-75.156301267464755,39.980994260245723],[-75.15629655887642,39.980993652863241],[-75.156295668512698,39.980997707144098],[-75.156300377135679,39.980998313626408],[-75.156295128792678,39.981022206240581],[-75.156265456525404,39.981018378460789],[-75.156266940835522,39.981011621935437],[-75.156261649472199,39.981010940111183],[-75.156260166331776,39.981017696662896],[-75.156251348206823,39.981016559405838],[-75.156254368068176,39.981002808743746],[-75.156249077910246,39.981002126045119],[-75.156248184687456,39.981006193776302],[-75.15622351237063,39.9810030114906],[-75.156224401224733,39.980998966186263],[-75.156219115403204,39.980998261959783],[-75.156218219494406,39.981002338640288],[-75.156214694213816,39.981001875130985],[-75.156213803913857,39.981005927610688],[-75.156217330674295,39.98100638304431],[-75.156217258203398,39.981006716585114],[-75.156222141669431,39.981008909209912],[-75.156218699362981,39.981024582106272],[-75.156213147069238,39.981025427014167],[-75.156213073393687,39.981025761428732],[-75.15620954659785,39.981025306895212],[-75.156208656228543,39.981029361175388],[-75.156212183024522,39.981029815708936],[-75.156211289764741,39.981033884340043],[-75.156214816561032,39.981034338873528],[-75.15620531089904,39.981077609867867],[-75.156201782964786,39.98107715440743],[-75.156200892594313,39.981081208687542],[-75.156204419358559,39.98108166412154],[-75.156202438891484,39.981090678195905],[-75.156198912161187,39.981090221861564],[-75.156197575194,39.981096309556925],[-75.156519934623574,39.981137892109636],[-75.156520110223511,39.98113709687501],[-75.156521140543845,39.981137229181897],[-75.156538109797097,39.981059986359895],[-75.156542820766958,39.981060592885115],[-75.156543712527665,39.981056532327102],[-75.156539001592392,39.981055924901682],[-75.156544975270336,39.98102873923068],[-75.156559181485662,39.98103057127382],[-75.156560966208701,39.981022449283778],[-75.156557138730491,39.981021955529449],[-75.156560124394659,39.981008362667062],[-75.156563951872201,39.981008856421298],[-75.156565946466159,39.980999777787758],[-75.156565355534624,39.980999702263532],[-75.156565651950061,39.980998350226933],[-75.156470164326862,39.980986032462745],[-75.156469965809151,39.980986937103602],[-75.156299541839687,39.980965012043377]]]},"properties":{"OBJECTID":65,"PROPERTY_A":"Shusterman Hall","PROPERTY_1":"1834 Liacouras Walk","CAMPUS":"MC","BUILDING__":"060","BUILDING_C":"SHUSTR","Ownership_":"Temple University","fact_id":47,"HISTORICAL_SIMPLE":"Declared by PHC.","PHC_HISTORICAL_DISTRICT":"Park Avenue Historic District","HISTORICAL_DESIGNATION":"Building & property declared historic by PHC as part of the Park Avenue Historic District.","Garage":null,"Shape_Length":340.00657262539261,"Shape_Area":4371.5635456917407}},{"type":"Feature","id":66,"geometry":{"type":"Polygon","coordinates":[[[-75.156816193940557,39.98209537052297],[-75.156815694526472,39.982097468521154],[-75.156835448790844,39.982100231396238],[-75.156829493371092,39.982125282982281],[-75.156833017614176,39.982125775280402],[-75.156838985836657,39.98210072578555],[-75.156887101594748,39.982107456045867],[-75.156900491456796,39.982051253959703],[-75.156912974746035,39.982053000171675],[-75.156912271414342,39.982055960341874],[-75.156917116762742,39.982056638363701],[-75.156917944250083,39.982053156606348],[-75.15692469796511,39.982054100298292],[-75.156927109711603,39.982043973289649],[-75.156920647286285,39.982043069517111],[-75.156917745723362,39.982039398083813],[-75.15691329647106,39.982038775864638],[-75.156911405861649,39.982039763010057],[-75.156910578848937,39.982043109625373],[-75.156894542272525,39.982040865054572],[-75.156898659355434,39.982023805403585],[-75.156901267100409,39.982022533522048],[-75.156901745769076,39.982020672022486],[-75.15689985224401,39.982018545184268],[-75.156904046359458,39.982000940355867],[-75.156920119101159,39.982003188445823],[-75.156919322378101,39.982006539349669],[-75.156920635600244,39.982007974609338],[-75.156925084850613,39.982008596828223],[-75.156929492660737,39.982005948316974],[-75.156935952742174,39.982006852036143],[-75.156938367996048,39.981996725106612],[-75.156931616627048,39.981995781468385],[-75.15693250515875,39.981992050607303],[-75.156928082687472,39.981991432597802],[-75.156927009125852,39.98199592964842],[-75.156924011398957,39.981995543856399],[-75.156925385095107,39.981989781350102],[-75.156919815126841,39.981989001359239],[-75.156920336560432,39.9819868173605],[-75.156916149478278,39.981986169529421],[-75.156925396804667,39.981947355388968],[-75.156929578133216,39.981947939117504],[-75.156930006414754,39.981946139550629],[-75.156935881642113,39.981946961577982],[-75.156938400780419,39.981936383783747],[-75.156932558183158,39.981935566097846],[-75.15693295503992,39.981933761315823],[-75.156928776121475,39.981933175839849],[-75.156938268613189,39.981893339176771],[-75.156942447494941,39.98189392555264],[-75.156942877014771,39.981892124211704],[-75.156948751101766,39.981892945311692],[-75.156951272542145,39.981882368470302],[-75.156945398490407,39.981881546470156],[-75.156945827975704,39.981879746029428],[-75.156941649026109,39.981879161454131],[-75.15695113795762,39.981839325610835],[-75.15695532045001,39.981839909364872],[-75.156955749934781,39.981838108924073],[-75.156961624017256,39.98183893002345],[-75.156964144317726,39.981828352255064],[-75.156958302899724,39.981827534596889],[-75.156958697414709,39.981825729761894],[-75.156954518433906,39.981825146087324],[-75.156966596952813,39.981774451120707],[-75.156899978586793,39.981765130469626],[-75.156900741516566,39.981761928371313],[-75.156898391631898,39.981761600465227],[-75.156899464193287,39.981757098887222],[-75.156887675292154,39.98175545035496],[-75.156886602729941,39.981759951932844],[-75.156884252914097,39.981759622225965],[-75.156883487608738,39.981762825171508],[-75.156827613102436,39.981755007760441],[-75.156828376069896,39.981751804762389],[-75.156826025050009,39.981751475928128],[-75.156827097650464,39.981746973450583],[-75.156819576218652,39.981745922303304],[-75.156818136896078,39.981751961740038],[-75.156808154018449,39.981740896924578],[-75.156808797097455,39.981738195787642],[-75.156806189993262,39.981737671952764],[-75.156802903505863,39.981740002508467],[-75.156774707589761,39.981736058658598],[-75.15677270722793,39.981732987840246],[-75.15677002744745,39.981732772312476],[-75.156769383196703,39.981735473422766],[-75.156754998795165,39.981742874617957],[-75.156755736473713,39.981739781874111],[-75.156748280302025,39.981738739404868],[-75.156747485156302,39.981742079531081],[-75.156737502325981,39.981731013809181],[-75.156738145407743,39.981728312672701],[-75.156735536032699,39.98172778698283],[-75.156732251815129,39.981730119389887],[-75.156704053601146,39.981726174569559],[-75.156702056719155,39.981723104729483],[-75.156699373428552,39.981722889120796],[-75.156698769653588,39.981725634394195],[-75.15668434831305,39.981732990596115],[-75.15668508479007,39.981729898726456],[-75.156677810352434,39.981728881983685],[-75.156677015272109,39.981732220308942],[-75.156667031250095,39.9817211554547],[-75.156667675504806,39.981718454345028],[-75.156665067232183,39.981717930480507],[-75.1566617807066,39.981720261932409],[-75.156633583671024,39.981716317121212],[-75.156631585622193,39.98171324725346],[-75.156628904707105,39.981713030795738],[-75.156628261621165,39.981715731931665],[-75.156616248880624,39.981722092867344],[-75.156617314233898,39.981717627169395],[-75.15660479600993,39.981715877431206],[-75.156603745629738,39.981720380409165],[-75.156601372446289,39.981720049267381],[-75.156600608298248,39.981723252237451],[-75.156548536353895,39.981715970225864],[-75.156549300504352,39.981712767256099],[-75.156546950657386,39.981712438442543],[-75.156548023275661,39.981707935967577],[-75.156534217719823,39.981706005759406],[-75.156533145169362,39.981710506433743],[-75.156530796458455,39.981710178546578],[-75.156530031171314,39.981713380589497],[-75.156464950726559,39.981704275542143],[-75.156380295290532,39.982059595303021],[-75.156310828580956,39.982351164368247],[-75.15674531403964,39.982411943559612],[-75.156761558844011,39.982343767497383],[-75.156776777652084,39.982345897198151],[-75.156823678172913,39.982149054687056],[-75.156805310331933,39.982146484419644],[-75.15681404143335,39.982109842689212],[-75.156810728111466,39.982109378582855],[-75.156801996973925,39.982146021213289],[-75.156766100332973,39.982141023066909],[-75.156772171713115,39.982115542516347],[-75.156778241918516,39.98209006193899],[-75.156816193940557,39.98209537052297]]]},"properties":{"OBJECTID":66,"PROPERTY_A":"Mitten Hall","PROPERTY_1":"1913 N. Broad Street","CAMPUS":"MC","BUILDING__":"043","BUILDING_C":"MITTEN","Ownership_":"Temple University","fact_id":35,"HISTORICAL_SIMPLE":"Eligible for NHR/PHMC.","PHC_HISTORICAL_DISTRICT":null,"HISTORICAL_DESIGNATION":"Eligible for NHR by PHMC.","Garage":null,"Shape_Length":948.14372901573995,"Shape_Area":32428.906710057603}},{"type":"Feature","id":67,"geometry":{"type":"Polygon","coordinates":[[[-75.14994782548203,39.983975732155159],[-75.149910749779067,39.984144483062224],[-75.149967870341953,39.984151849996131],[-75.149910375314278,39.984413548839719],[-75.149896243193069,39.9844117248727],[-75.149880183298677,39.984484820279597],[-75.149931414631709,39.984491428494962],[-75.149912282258811,39.984578510208692],[-75.150006686625687,39.984795305155586],[-75.15001539444188,39.984796427770242],[-75.150012638381881,39.984808971502474],[-75.150086960369691,39.984979653143938],[-75.150140547671299,39.984986565111022],[-75.150147685296361,39.984954079248418],[-75.150143563936439,39.984953547091365],[-75.150149511563626,39.984926475530244],[-75.150153632921885,39.984927007687084],[-75.150161563540919,39.984890910479812],[-75.15015744098001,39.984890379196969],[-75.150163389800866,39.984863306761298],[-75.150167511155402,39.984863838917661],[-75.150169501278057,39.984854780095603],[-75.150170679648667,39.984854932030593],[-75.150178899648395,39.984817516878621],[-75.150195388636106,39.984819643779936],[-75.15019816328828,39.984807011264273],[-75.150197572365173,39.984806934807054],[-75.150206694033997,39.98476542512131],[-75.150207283855337,39.984765499751482],[-75.15021005967337,39.984752867262024],[-75.150209469920995,39.984752790831372],[-75.150218590405018,39.984711281118059],[-75.15021917905564,39.984711355721707],[-75.150221954869252,39.984698723231936],[-75.150221365117304,39.984698646801334],[-75.150230485586803,39.984657137087012],[-75.150231074236956,39.98465721169061],[-75.150233850046135,39.984644579200527],[-75.150233260294669,39.98464450277001],[-75.150242381988818,39.98460299128071],[-75.150242970569636,39.984603067684681],[-75.150245745238536,39.984590434267524],[-75.150245157793648,39.984590358790349],[-75.150254277063794,39.984548849047478],[-75.150254866848854,39.984548924577645],[-75.150257047092424,39.984538998775008],[-75.150256458546636,39.984538921470886],[-75.150266473873785,39.984493341395179],[-75.150267062453693,39.984493417799037],[-75.150269240042988,39.984483500045258],[-75.150268651463207,39.984483423641414],[-75.150277771874826,39.984441913923099],[-75.150278360454323,39.984441990326879],[-75.150281037026915,39.984429807899978],[-75.150264548131148,39.984427681010892],[-75.150282789036822,39.984344658873233],[-75.1501856250473,39.984332126797092],[-75.150239254749835,39.984088024596943],[-75.150237487747177,39.984087798059164],[-75.150245567086088,39.984051024848242],[-75.150235850074267,39.984049770364948],[-75.150229168633842,39.984021998253702],[-75.1501912560623,39.984017080342348],[-75.150189130876612,39.98400824996132],[-75.150155103153821,39.984003860638978],[-75.150155402119367,39.984002506871569],[-75.14994782548203,39.983975732155159]]]},"properties":{"OBJECTID":67,"PROPERTY_A":"Edberg-Olson Hall","PROPERTY_1":"1001 W. Diamond Street","CAMPUS":"MC","BUILDING__":"027","BUILDING_C":"EDBERG","Ownership_":"Temple University","fact_id":21,"HISTORICAL_SIMPLE":null,"PHC_HISTORICAL_DISTRICT":null,"HISTORICAL_DESIGNATION":"No","Garage":null,"Shape_Length":906.26353579522095,"Shape_Area":26632.246001976226}},{"type":"Feature","id":68,"geometry":{"type":"Polygon","coordinates":[[[-75.153243342569681,39.980999925892306],[-75.153243342569681,39.980999925892306],[-75.153311945483011,39.98100877461053],[-75.153311165424057,39.981012328599476],[-75.153313374047201,39.981012612837873],[-75.153373137282344,39.980740580602664],[-75.153366070954817,39.980739669269298],[-75.15336597055709,39.98074012021015],[-75.153354194515188,39.980738601346737],[-75.153354292607006,39.980738149452684],[-75.153292904319343,39.98073023076482],[-75.153292110392016,39.980733841204035],[-75.153292698942735,39.980733917592367],[-75.153290716550643,39.980742941492807],[-75.153290127965462,39.980742866004661],[-75.153286558921678,39.98075910990962],[-75.153295981863195,39.980760325053673],[-75.153291322378024,39.980781532326453],[-75.153291910929127,39.980781608714757],[-75.153289928501138,39.980790633515355],[-75.1532893387797,39.980790557100512],[-75.153283787269316,39.98081582670617],[-75.153284377059748,39.980815901320547],[-75.15328239462977,39.980824926121016],[-75.153281804908104,39.980824849706146],[-75.153276254562257,39.98085011933788],[-75.153276843148433,39.980850194826068],[-75.153274860681961,39.980859220526639],[-75.153274272130176,39.980859144138215],[-75.153268720677389,39.980884411942554],[-75.153269309229415,39.980884488331021],[-75.153267325625166,39.980893513104732],[-75.153266738243317,39.98089343674274],[-75.153261185545858,39.980918706320722],[-75.153261775337228,39.980918780935241],[-75.153259792901224,39.980927805735305],[-75.153259203178635,39.980927729320307],[-75.153253651645784,39.980952998924337],[-75.153254241403019,39.980953074439135],[-75.153252258965026,39.980962099239036],[-75.153251669276557,39.980962021923794],[-75.153246118908342,39.980987291553916],[-75.153246707461193,39.98098736794249],[-75.153244725055615,39.980996391842062],[-75.153244136468274,39.980996316353682],[-75.153243342569681,39.980999925892306]]]},"properties":{"OBJECTID":68,"PROPERTY_A":"Anderson Food Court","PROPERTY_1":"1835-1899 N. 12th Street","CAMPUS":"MC","BUILDING__":"103","BUILDING_C":"ANFOOD","Ownership_":"Temple University","fact_id":62,"HISTORICAL_SIMPLE":null,"PHC_HISTORICAL_DISTRICT":null,"HISTORICAL_DESIGNATION":"No","Garage":null,"Shape_Length":249.61369884179769,"Shape_Area":2020.1795491853775}},{"type":"Feature","id":69,"geometry":{"type":"Polygon","coordinates":[[[-75.157074767586749,39.983868383457796],[-75.156949287420986,39.983852877431204],[-75.1569236208597,39.983975560354402],[-75.156999650988254,39.983984955730428],[-75.15699786787988,39.983993494934758],[-75.157036526491325,39.983998271566669],[-75.157038272190476,39.983989914423212],[-75.157047573969606,39.983991064339939],[-75.157049971959296,39.983979580985753],[-75.157070313728084,39.983982094885015],[-75.157079872841848,39.983994144818091],[-75.15710886943765,39.983997727332024],[-75.157126487298399,39.983988478164605],[-75.157220200126702,39.984000057800777],[-75.157219150883137,39.984005083399815],[-75.157250325146052,39.984008935823702],[-75.15725222865936,39.983999819080871],[-75.157282527412647,39.984003563417538],[-75.157291910166748,39.983958626289059],[-75.157299696465216,39.983959587875333],[-75.157304389366217,39.983937109884323],[-75.157287086788784,39.983934971931582],[-75.157291362399576,39.98391449648652],[-75.157207010924907,39.983904073562044],[-75.157208034497444,39.983899168119521],[-75.157071852308206,39.983882341033215],[-75.157074767586749,39.983868383457796]]]},"properties":{"OBJECTID":69,"PROPERTY_A":"2016-2018 N. Broad Street","PROPERTY_1":"2016-2018 N. Broad","CAMPUS":"MC","BUILDING__":"139","BUILDING_C":"2020NB","Ownership_":"Temple University","fact_id":69,"HISTORICAL_SIMPLE":"Declared by PHC.","PHC_HISTORICAL_DISTRICT":"Conwell House Block Historic District","HISTORICAL_DESIGNATION":"Building & property declared \"contributing\" by PHC as part of the Conwell House Block Historic District.","Garage":null,"Shape_Length":310.0258486537565,"Shape_Area":3983.4557470515579}},{"type":"Feature","id":70,"geometry":{"type":"Polygon","coordinates":[[[-75.154869961106556,39.983700081851794],[-75.154869961106556,39.983700081851794],[-75.155197693722741,39.983742355191175],[-75.155210032126874,39.983743946034345],[-75.155233043618694,39.983639209346315],[-75.155408931109122,39.983661898181957],[-75.155442641308383,39.98350845911844],[-75.155234917675514,39.983481663620751],[-75.155246441778758,39.983429211895995],[-75.155244969684205,39.98342902273744],[-75.155248154189024,39.983414527072036],[-75.155249626248931,39.983414717130771],[-75.155285678935968,39.983250617059575],[-75.155284206879514,39.983250427001273],[-75.155287403997988,39.983235876658142],[-75.155288876054129,39.983236066716394],[-75.155291255195877,39.983225237105707],[-75.155173480906555,39.983210044780009],[-75.15517329509872,39.983210892041242],[-75.155154305180432,39.983208441701635],[-75.155154490919713,39.983207596240945],[-75.155144773903501,39.983206343073313],[-75.155144588198553,39.983207187633809],[-75.155125891949893,39.983204776365987],[-75.155126077655098,39.983203931805498],[-75.155007714831356,39.983188663831051],[-75.155005335680102,39.98319949253559],[-75.155006807734622,39.983199682597494],[-75.155003617441025,39.98321420605793],[-75.155002145386149,39.983214015996047],[-75.154966080538799,39.983378171581592],[-75.154967552597128,39.983378361643929],[-75.154964368068534,39.983392856401338],[-75.154962895975487,39.983392667239158],[-75.154951047968211,39.983444700752045],[-75.154944090930485,39.98344380280615],[-75.154943842791923,39.983444932478491],[-75.154924411074731,39.983442425259511],[-75.154924659144797,39.983441297387692],[-75.154740600789495,39.983417555342861],[-75.154706815157567,39.983571334015707],[-75.154883733958826,39.98359415240472],[-75.154860723079594,39.983698889949608],[-75.154869961106556,39.983700081851794]]]},"properties":{"OBJECTID":70,"PROPERTY_A":"Tomlinson Theater","PROPERTY_1":"2020 N. 13th Street","CAMPUS":"MC","BUILDING__":"010","BUILDING_C":"TMLSON","Ownership_":"Commonwealth","fact_id":7,"HISTORICAL_SIMPLE":null,"PHC_HISTORICAL_DISTRICT":null,"HISTORICAL_DESIGNATION":"No","Garage":null,"Shape_Length":784.5530691480825,"Shape_Area":22776.180005984181}},{"type":"Feature","id":71,"geometry":{"type":"Polygon","coordinates":[[[-75.154871617038111,39.983700119295818],[-75.154871617038111,39.983700119295818],[-75.154870830284082,39.983703696569023],[-75.154872885424865,39.983704168320614],[-75.15487080679064,39.983713629765369],[-75.154869056184495,39.983714230804637],[-75.154868894394042,39.983714970486417],[-75.154824726682406,39.983723243234266],[-75.154806686978858,39.983805349674775],[-75.154718357872824,39.983793956472489],[-75.154647357231738,39.984117124786458],[-75.154739219475616,39.984128974554807],[-75.154743184106437,39.984110925805666],[-75.154771452029976,39.984114571723737],[-75.154765888065057,39.984139898775609],[-75.155114496528697,39.98418486357285],[-75.155120064222103,39.98415952758107],[-75.155148328675239,39.984163173327019],[-75.155144361430089,39.984181231939822],[-75.155236225017646,39.98419308133694],[-75.155240705272121,39.984172692573459],[-75.155241183159973,39.984172753834883],[-75.155242968123162,39.984164631866172],[-75.155242489065117,39.984164570578258],[-75.155246503157088,39.984146296777389],[-75.155246983385325,39.984146358091728],[-75.155248767176857,39.984138236096413],[-75.155248288118997,39.984138174808564],[-75.155252697779801,39.984118100706155],[-75.155253178007825,39.984118162020408],[-75.15525496179788,39.98411004002503],[-75.155254482809013,39.984109976936722],[-75.155258103904259,39.984093497187992],[-75.155258582961849,39.984093558475763],[-75.155260366750625,39.984085436480271],[-75.15525988769312,39.9840853751925],[-75.155274835835115,39.984017342080342],[-75.155275313721916,39.984017403341632],[-75.155277098608195,39.98400928317281],[-75.15527661958555,39.984009220984852],[-75.155280436631159,39.983991842845413],[-75.15528091685826,39.983991904159609],[-75.155282700641692,39.983983782163733],[-75.155282221584898,39.983983720876019],[-75.15528710454015,39.983961497732295],[-75.155287583562455,39.983961559920225],[-75.155289367344281,39.983953437924249],[-75.15528888832209,39.98395337573632],[-75.155292904901643,39.9839350974854],[-75.15529338392372,39.983935159673301],[-75.155295167704168,39.983927037677219],[-75.155294688647757,39.983926976389625],[-75.155298704053919,39.98390869811201],[-75.15529918311023,39.983908759399625],[-75.155300968059592,39.983900637429954],[-75.155300489003352,39.983900576142311],[-75.155307225277397,39.983869912712443],[-75.155215362114461,39.983858063372068],[-75.155211397623845,39.983876112137672],[-75.155183132116449,39.983872466380824],[-75.155188681931094,39.983847198459756],[-75.155176620932892,39.983845642719253],[-75.155177017950592,39.98384383524273],[-75.155175842119334,39.983843157221749],[-75.155178982606515,39.983828864192596],[-75.155180430939609,39.983828295959214],[-75.155181688551878,39.983822572292226],[-75.155180676350966,39.983821842107751],[-75.155183982787705,39.983806792371034],[-75.155185251521672,39.983806357031789],[-75.15518650923633,39.983800630664042],[-75.155185365894056,39.983799807412737],[-75.155187521027131,39.983789998097691],[-75.155188493065538,39.983789664172519],[-75.155189750710832,39.983783939605217],[-75.155188737340112,39.983783209394339],[-75.155191963000021,39.983768526347653],[-75.155193231733264,39.983768091008329],[-75.155194489377763,39.983762366440935],[-75.155193346104781,39.983761541389214],[-75.155196516285031,39.983747114779327],[-75.155196827509045,39.983747154252526],[-75.155198423776753,39.983746607384013],[-75.155199349689866,39.983742391730196],[-75.154871617038111,39.983700119295818]]]},"properties":{"OBJECTID":71,"PROPERTY_A":"Annenberg Hall","PROPERTY_1":"2020 N. 13th Street","CAMPUS":"MC","BUILDING__":"011","BUILDING_C":"ANNBRG","Ownership_":"Commonwealth","fact_id":8,"HISTORICAL_SIMPLE":null,"PHC_HISTORICAL_DISTRICT":null,"HISTORICAL_DESIGNATION":"No","Garage":null,"Shape_Length":701.7809717909455,"Shape_Area":24261.48312838293}},{"type":"Feature","id":72,"geometry":{"type":"Polygon","coordinates":[[[-75.153262278327247,39.982947259794656],[-75.153006045915347,39.984113544293393],[-75.153052097529411,39.984119485187541],[-75.153081508793932,39.984123278131527],[-75.15309471439204,39.984124980727955],[-75.153113846749577,39.984127448142317],[-75.153123096403647,39.984128643150562],[-75.153131437063408,39.98412971757714],[-75.153144037700159,39.984131343408002],[-75.153159743389693,39.984133368366869],[-75.153185316470129,39.984136668078506],[-75.15319755119161,39.984138245078164],[-75.153209727537529,39.984139817151615],[-75.153221535625548,39.98414134034563],[-75.153231549990196,39.984142631036264],[-75.153247592449191,39.98414470144558],[-75.153334633943743,39.984155926984151],[-75.153362408110382,39.984029513527815],[-75.153517280351863,39.984049488945374],[-75.153504244272554,39.984108822541579],[-75.153546097628421,39.984114222251605],[-75.153532517908332,39.984177022385019],[-75.153778776072912,39.984208785067999],[-75.153792566565855,39.98414601130294],[-75.153849321425994,39.984153332883629],[-75.153922181639828,39.983821696919669],[-75.153526462484393,39.983770653867431],[-75.153626175783302,39.983316793294513],[-75.153952499118432,39.983358885193134],[-75.153952609738326,39.983358381322859],[-75.153953198415735,39.983358455007128],[-75.153953155668461,39.983358654066294],[-75.153956246612367,39.98335905375675],[-75.153955918951908,39.983360547442103],[-75.153954777875185,39.983360400894291],[-75.153952014306,39.983372977871731],[-75.153971912214715,39.983375544456827],[-75.153975531104365,39.983359129565464],[-75.154000646307765,39.983244753817445],[-75.154001824624544,39.983244906613358],[-75.154002815827099,39.983240394207265],[-75.154044934887196,39.98324575470604],[-75.154051327106217,39.983216659437197],[-75.15400920809806,39.983211298040509],[-75.154010199230825,39.983206787434817],[-75.154009022084921,39.983206634665528],[-75.154035219340543,39.983087389054432],[-75.153954106980549,39.983076927949021],[-75.153958382174181,39.983057468945645],[-75.153882418037483,39.983047670259651],[-75.153878144165006,39.983067124785478],[-75.153792455934493,39.983056075306159],[-75.153585819339284,39.982979541705355],[-75.153473175215936,39.982996475075723],[-75.153473028348657,39.982996456435586],[-75.153262278327247,39.982947259794656]]]},"properties":{"OBJECTID":72,"PROPERTY_A":"Tyler School of Art","PROPERTY_1":"2001-2059 N. 13th Street","CAMPUS":"MC","BUILDING__":"013","BUILDING_C":"TYLER","Ownership_":"Commonwealth","fact_id":11,"HISTORICAL_SIMPLE":null,"PHC_HISTORICAL_DISTRICT":null,"HISTORICAL_DESIGNATION":"No","Garage":null,"Shape_Length":1661.6916126502113,"Shape_Area":76837.689093095003}},{"type":"Feature","id":73,"geometry":{"type":"Polygon","coordinates":[[[-75.157004121481179,39.980631855100292],[-75.156998310780295,39.980658305638315],[-75.156966118829004,39.980654153503572],[-75.156966613710637,39.980651897724442],[-75.156946592959031,39.980649315351805],[-75.156946098111064,39.980651570230627],[-75.15684844306621,39.980638974039131],[-75.156848576095783,39.98063837336305],[-75.156845274205466,39.980637949159146],[-75.156832325750798,39.980696891294237],[-75.156815181403942,39.980694680239999],[-75.15681458731234,39.980697386988801],[-75.156858477258723,39.980703048697698],[-75.156847094708922,39.980754936107424],[-75.156849008235383,39.980755188381238],[-75.156843859585138,39.980778653483036],[-75.156841357296727,39.98077833024044],[-75.156837100313112,39.980797736582041],[-75.156849583948485,39.980799344958321],[-75.156845949409686,39.980815884810681],[-75.156845802546201,39.9808158661749],[-75.156833901552233,39.980825931035888],[-75.156832712129258,39.980831346307788],[-75.156842280837481,39.980832579770087],[-75.15684000119704,39.980842959343612],[-75.15683985436786,39.980842939807552],[-75.156827954538457,39.980853004694367],[-75.156826765114559,39.980858419966133],[-75.156836333792128,39.980859654329194],[-75.156834053014038,39.980870032975965],[-75.156833906219163,39.980870012539633],[-75.156822006315466,39.980880079226296],[-75.156820816959282,39.98088549269756],[-75.156830385606185,39.980886727961334],[-75.156828106030829,39.980897105734115],[-75.156827957996981,39.980897087071853],[-75.156816058156394,39.980907151957432],[-75.156814868730535,39.980912567229062],[-75.156824438620134,39.980913800719357],[-75.156822157838363,39.980924179365793],[-75.156822010974693,39.980924160729955],[-75.156810111128408,39.980934225614902],[-75.156808921701611,39.98093964088649],[-75.156818490424726,39.980940874350814],[-75.156816210777009,39.980951253923834],[-75.156816062811757,39.980951233461049],[-75.156804162959872,39.980961298345349],[-75.156799900206195,39.980980701852566],[-75.156802403706379,39.980981024222231],[-75.156797248035986,39.981004488262862],[-75.156794745705113,39.981004165919536],[-75.156794051234684,39.981007323612097],[-75.157115573719366,39.981048798183139],[-75.157116267073874,39.981045638661726],[-75.157114018783517,39.981045349996592],[-75.157116298354524,39.981034971317918],[-75.157125614188956,39.981036172012104],[-75.157126803523425,39.981030758537671],[-75.157119938585524,39.981018403655341],[-75.157122246439499,39.981007897671105],[-75.157131562235961,39.981009099264995],[-75.157132751603839,39.981003684890297],[-75.1571258866676,39.980991330008358],[-75.157128194485381,39.980980824924174],[-75.157137510312594,39.980982025617386],[-75.157138699679521,39.980976611242617],[-75.157131834710569,39.980964257261235],[-75.15713414259524,39.980953750376486],[-75.157143457214218,39.980954951942998],[-75.157144646545888,39.980949538468437],[-75.15713778161296,39.980937183587088],[-75.157140089461421,39.980926677602469],[-75.157149405247011,39.980927879194923],[-75.157150594646467,39.980922463919782],[-75.157143729680811,39.98091010993906],[-75.157146037561816,39.980899603054091],[-75.157155353309406,39.980900805546298],[-75.157156542707938,39.980895390271101],[-75.157149677778307,39.980883035390526],[-75.157151986758919,39.980872530332277],[-75.157161301332721,39.980873732797633],[-75.157162490730286,39.980868317522365],[-75.157155546838979,39.980855822101297],[-75.157157827601864,39.980845442547995],[-75.157167248249792,39.98084665822163],[-75.157177359663905,39.980800633822021],[-75.157130250573246,39.980794556218228],[-75.157131439937544,39.980789141843537],[-75.157058125999669,39.980779683502519],[-75.157074290539057,39.980706105795313],[-75.157071676289306,39.980705770116884],[-75.157080808992689,39.980664030476824],[-75.157062516311655,39.980661679986014],[-75.157067278115363,39.980640000963341],[-75.157004121481179,39.980631855100292]]]},"properties":{"OBJECTID":73,"PROPERTY_A":"Wachman Hall","PROPERTY_1":"1805 N. Broad Street","CAMPUS":"MC","BUILDING__":"054","BUILDING_C":"WCHMAN","Ownership_":"Temple University","fact_id":42,"HISTORICAL_SIMPLE":null,"PHC_HISTORICAL_DISTRICT":null,"HISTORICAL_DESIGNATION":"No","Garage":null,"Shape_Length":553.77829471168616,"Shape_Area":11326.657949463151}},{"type":"Feature","id":74,"geometry":{"type":"Polygon","coordinates":[[[-75.156764547206834,39.980421143065314],[-75.15676256707394,39.980430150847866],[-75.156773117057384,39.980431511008909],[-75.156772256631726,39.980435426311409],[-75.156776033965528,39.98043591352009],[-75.156773789839491,39.980446129909566],[-75.156769850498421,39.980445621920673],[-75.156769255236952,39.980448328642844],[-75.156773195748428,39.980448836658198],[-75.156771007021717,39.980458798410417],[-75.156767067714355,39.980458289521188],[-75.156766472452702,39.980460996243316],[-75.156770412964789,39.980461504258798],[-75.156768041381653,39.980472298023614],[-75.156764100937636,39.980471788207645],[-75.156763251900685,39.980475650607374],[-75.156752866292109,39.980474310378284],[-75.156750444983047,39.980485332778734],[-75.156760978626238,39.980486691670436],[-75.156760136711782,39.980490520893468],[-75.156763930362786,39.980491010273198],[-75.156761659427403,39.980501345892108],[-75.156757720083249,39.980500837902838],[-75.156757126025411,39.980503543751105],[-75.156761065301041,39.980504053540912],[-75.156758828396406,39.980514234052677],[-75.156754883511368,39.980513748463544],[-75.156754289350189,39.980516457012527],[-75.156758227525003,39.980516964975514],[-75.156755928096374,39.980527433301141],[-75.156752158914799,39.980526947177161],[-75.156751296591622,39.980530820088831],[-75.156740754198793,39.98052944478038],[-75.156738343002203,39.980540416952202],[-75.156748860339377,39.980541773674283],[-75.156748002595094,39.980545680027063],[-75.1567518125634,39.980546171577906],[-75.156749520393149,39.980556603125706],[-75.156745581114635,39.980556093335508],[-75.156744985748148,39.980558802758281],[-75.156748926265777,39.980559310774467],[-75.15674663426654,39.980569737820986],[-75.156742693748285,39.980569229804765],[-75.156742232994688,39.980571327775088],[-75.156746173513,39.980571835791388],[-75.156743820400436,39.980582544376553],[-75.156739881051664,39.980582036386629],[-75.156738209881013,39.980589639255349],[-75.156854497476473,39.980604638800656],[-75.156854355672721,39.980605285230354],[-75.156855680813209,39.980605456632773],[-75.156848428274998,39.980638471837942],[-75.156848295211049,39.980639073414245],[-75.156945950221655,39.980651670506106],[-75.156946445103983,39.980649414727068],[-75.15696646585566,39.980651997099756],[-75.156965971008347,39.980654251978649],[-75.156998162890943,39.980658405913886],[-75.15700397362626,39.980631954475584],[-75.157067130260501,39.980640100338775],[-75.157068384833266,39.980634389201057],[-75.15708668879688,39.980636750758173],[-75.157088860587805,39.980626863402755],[-75.157079145075286,39.980625610425228],[-75.157079391929017,39.980624482522188],[-75.157077310749031,39.980622240620988],[-75.157075396984879,39.980621994652708],[-75.157077743130074,39.980611313836057],[-75.15707950996206,39.980611542969307],[-75.157080885544005,39.980610791965468],[-75.157081034330815,39.980610115959692],[-75.157080054458149,39.980609061254242],[-75.157078288762136,39.980608833047704],[-75.157080634872045,39.980598153131233],[-75.157082548635486,39.980598399099406],[-75.157085471953081,39.980596805473432],[-75.157086265677194,39.980593195007977],[-75.157095982355415,39.980594448011352],[-75.157098361082177,39.980583619262553],[-75.157088644439867,39.980582365359147],[-75.15708901589025,39.980580673531001],[-75.157086934642479,39.980578433430452],[-75.157085022118522,39.980578185688287],[-75.157087437802176,39.980567186581318],[-75.157089204701734,39.980567413913889],[-75.157090580282699,39.980566662909965],[-75.157090729069367,39.980565986904196],[-75.157089749197141,39.980564932198853],[-75.157087983502223,39.980564703992449],[-75.157090064621627,39.980555228155566],[-75.157091831486568,39.980555456388366],[-75.157093208203079,39.980554706311089],[-75.157093355853817,39.980554029378673],[-75.157092377186345,39.980552973799483],[-75.15709061025278,39.98055274736717],[-75.157093026037742,39.980541745559321],[-75.157094940901089,39.980541993354251],[-75.157097864250318,39.980540398827742],[-75.157098210202818,39.980538822654786],[-75.157107928043729,39.980540075683557],[-75.157110306835449,39.980529245134036],[-75.157100590131861,39.980527993032098],[-75.1571008624136,39.980526751274276],[-75.157098781132731,39.980524512074226],[-75.157096867440075,39.980524264305814],[-75.157099655774175,39.980511572496575],[-75.157100097533061,39.980511628429412],[-75.157100246319516,39.980510952423629],[-75.157102013183291,39.980511180656293],[-75.157103388762962,39.980510429652192],[-75.157103537618113,39.980509751845943],[-75.157102558882414,39.980508698067311],[-75.157100791984277,39.980508470734932],[-75.157100939669192,39.980507792902202],[-75.157100499080542,39.980507736995776],[-75.157102738502346,39.980497949379206],[-75.157104564806176,39.980498185261894],[-75.157107489357884,39.980496589861325],[-75.157107737415302,39.980495461084402],[-75.157117452840978,39.980496715860035],[-75.157118124890388,39.980493654068226],[-75.157133828652846,39.980495679357439],[-75.157136524796329,39.980483408041906],[-75.157263720045805,39.980499815026739],[-75.157264909359924,39.980494401550843],[-75.157197609631069,39.980485718889014],[-75.157203634958961,39.980458399204601],[-75.157199168116676,39.980450478352843],[-75.157093576340955,39.98043655245106],[-75.15709340474136,39.980437335162549],[-75.157082664761788,39.980435950915982],[-75.157080860090375,39.980444167969665],[-75.157080093251224,39.980444067750177],[-75.157079816771414,39.980445327433465],[-75.157078049875082,39.980445100100717],[-75.157078326320487,39.980443841317687],[-75.157075110759095,39.980443426278839],[-75.157075087492274,39.980443422149101],[-75.157072031789184,39.980457226980988],[-75.157020120467394,39.980450639871975],[-75.157020711727043,39.980447945672587],[-75.15701179498717,39.980446816155613],[-75.157002570468208,39.980451846249814],[-75.156764547206834,39.980421143065314]]]},"properties":{"OBJECTID":74,"PROPERTY_A":"Carnell Hall","PROPERTY_1":"1803 N. Broad Street","CAMPUS":"MC","BUILDING__":"040","BUILDING_C":"CARNEL","Ownership_":"Temple University","fact_id":33,"HISTORICAL_SIMPLE":"Eligible for NHR/PHMC.","PHC_HISTORICAL_DISTRICT":null,"HISTORICAL_DESIGNATION":"Eligible for NHR by PHMC.","Garage":null,"Shape_Length":514.49008898486977,"Shape_Area":7097.5221106582521}},{"type":"Feature","id":75,"geometry":{"type":"Polygon","coordinates":[[[-75.155969152010059,39.982621046560745],[-75.155969152010059,39.982621046560745],[-75.155994622296816,39.982624388384011],[-75.15599600305616,39.982618228697596],[-75.156014824872528,39.98262063005059],[-75.156018649283226,39.982603021397736],[-75.156023237030951,39.982603606235436],[-75.15603890475812,39.982595025866999],[-75.156142137215667,39.982608186638018],[-75.156151766032906,39.982563844415218],[-75.156073866533987,39.982553911528349],[-75.156082123835148,39.982515886884705],[-75.15607770767258,39.982515317640612],[-75.156082019517058,39.982495464754827],[-75.156086583990614,39.982496045460017],[-75.15610356457114,39.982417853269737],[-75.156098705267723,39.982417233464773],[-75.156102992503918,39.982397717904014],[-75.15615109109801,39.982403889450516],[-75.156159797454706,39.982363796303105],[-75.156131237656552,39.982360112579428],[-75.156139902724391,39.982320211318047],[-75.156110066237602,39.982316405928806],[-75.156114672458997,39.98229519285124],[-75.156144510141345,39.982298997365476],[-75.156153028940722,39.982259766758979],[-75.156098836475664,39.982252857400518],[-75.156102947139644,39.982204598977276],[-75.155955047691307,39.982197220427565],[-75.155942435585331,39.982232915709965],[-75.155937206807579,39.982232248802731],[-75.1558568343833,39.982606559408204],[-75.155864961534391,39.982607608089893],[-75.155969177618033,39.982621050743639],[-75.155969152010059,39.982621046560745]]]},"properties":{"OBJECTID":75,"PROPERTY_A":"1926-1938 N. Liacouras Walk","PROPERTY_1":"1926 - 1938 N. Liacouras Walk","CAMPUS":"MC","BUILDING__":"295","BUILDING_C":"1938LW","Ownership_":"Temple University","fact_id":82,"HISTORICAL_SIMPLE":"Declared by PHC.","PHC_HISTORICAL_DISTRICT":"Park Avenue Historic District","HISTORICAL_DESIGNATION":"Building & property declared historic by PHC as part of the Park Avenue Historic District.","Garage":null,"Shape_Length":507.52011877946893,"Shape_Area":9000.8743338972454}},{"type":"Feature","id":76,"geometry":{"type":"Polygon","coordinates":[[[-75.156579574383727,39.981267779984485],[-75.156577245171022,39.981278382787117],[-75.156584901326951,39.981279370320735],[-75.156581827907559,39.981293359450632],[-75.156574175295134,39.981292371095918],[-75.1565731335008,39.981297109433228],[-75.156574653518732,39.981298465575925],[-75.156571777409027,39.981311550938337],[-75.156569763661508,39.981312450599454],[-75.156562177086116,39.981346969249195],[-75.156563695934707,39.98134832536558],[-75.156560722988374,39.981361860850491],[-75.156558708000276,39.981362762285443],[-75.156553900664093,39.981384646595487],[-75.156555419513339,39.981386002711972],[-75.156551752009165,39.981402697688232],[-75.156549737054064,39.981403598222812],[-75.156545176646418,39.981424352830153],[-75.156546695496388,39.981425708946702],[-75.156543027987922,39.981442403922657],[-75.156541012997153,39.981443305357303],[-75.1565364040991,39.981464286826125],[-75.156537922984143,39.981465642042593],[-75.156534948754214,39.981479180201084],[-75.156532935001209,39.981480079861534],[-75.156523841003491,39.981521468944734],[-75.156525641690848,39.981521701554094],[-75.156523306954995,39.981532325855561],[-75.156521507437617,39.981532093272584],[-75.156516032532494,39.981557012441293],[-75.156531932331319,39.981559062961168],[-75.156533022514552,39.9815541004631],[-75.156538174010564,39.981554765597821],[-75.156539364639926,39.981549350355564],[-75.156540248101564,39.981549464026067],[-75.156540346138982,39.981549013029522],[-75.156555657340789,39.981550988074645],[-75.156555558133263,39.981551439044786],[-75.156556441560625,39.981551553615432],[-75.156555053687669,39.981557870824517],[-75.156560941815371,39.981558630092202],[-75.156561437887319,39.981556374341331],[-75.156578514844824,39.981558576697658],[-75.156578217222616,39.981559929608103],[-75.156584843117827,39.981560783935052],[-75.156583751699259,39.981565748207615],[-75.156597885748411,39.981567571404447],[-75.156597586646953,39.981568932390658],[-75.156649700963641,39.981575654005766],[-75.156650000064147,39.981574293019449],[-75.15666413291224,39.981576117081886],[-75.156663833812075,39.981577478068253],[-75.15671594814188,39.981584199653362],[-75.156716247241036,39.98158283866686],[-75.156730380092696,39.981584662721112],[-75.156730081028201,39.981586022807427],[-75.156782196506995,39.981592745289127],[-75.156782495604872,39.981591384302448],[-75.156796627358617,39.981593206521644],[-75.15679771869334,39.981588244047536],[-75.15680132475444,39.981588709363457],[-75.156803094431368,39.98158754559109],[-75.156817228490993,39.981589368760858],[-75.15681840172789,39.981590911684123],[-75.156822010164134,39.981591376152032],[-75.156820918762406,39.981596340426862],[-75.15682783832581,39.981597233811932],[-75.156830018753254,39.981587306109546],[-75.156850629509321,39.981589964898951],[-75.156848449119153,39.981599891701542],[-75.156862287180388,39.981601675740798],[-75.156863377305868,39.981596714139876],[-75.156868676878105,39.981597397021766],[-75.156870446588485,39.98159623234806],[-75.156884579447095,39.981598056383326],[-75.15688575382157,39.981599600232578],[-75.156891054564497,39.981600283139869],[-75.156892824240174,39.981599119366074],[-75.156906955964118,39.981600942471928],[-75.156908131509397,39.981602486347398],[-75.156913431082543,39.981603169227199],[-75.156915200757922,39.981602005453055],[-75.156929333618919,39.981603829482872],[-75.156930507994517,39.981605373331668],[-75.156935808738353,39.981606056236842],[-75.156937578413419,39.981604892462393],[-75.156951710139751,39.981606715562734],[-75.156952885686152,39.981608259437728],[-75.156958185260208,39.981608942315432],[-75.156958095435016,39.981609730478496],[-75.156958167205289,39.98161051958968],[-75.156958398986689,39.981611289790834],[-75.156958785581153,39.981612023845074],[-75.156959314906615,39.981612700756081],[-75.156959976912106,39.981613307682466],[-75.156960754765976,39.981613825322619],[-75.15696162661186,39.981614243271416],[-75.156962574069624,39.981614552103458],[-75.156963572908126,39.981614742261009],[-75.156968577582049,39.98161538784052],[-75.156970347291193,39.981614223165295],[-75.156986247082685,39.981616274522487],[-75.156987421459803,39.981617818370701],[-75.156997723334641,39.981619147672426],[-75.156999597341425,39.981617521329106],[-75.157000884352499,39.981611666761864],[-75.157023260878958,39.981614552827772],[-75.157021975039981,39.98162040742168],[-75.157023052107064,39.981622413996092],[-75.157036003203402,39.981624084268297],[-75.157037246477117,39.981624161013613],[-75.157038487883284,39.981624071929446],[-75.157039689905645,39.981623817970188],[-75.157040818297915,39.981623406471265],[-75.157041834994075,39.981622852790913],[-75.157042711358514,39.981622170698472],[-75.157043420821196,39.981621381218019],[-75.15704394252576,39.981620509106861],[-75.157044259023465,39.981619581902315],[-75.157047877969148,39.981603112872257],[-75.15704791003165,39.981602825270961],[-75.157047883513727,39.981602538148181],[-75.157047799344994,39.981602257831995],[-75.157047659590901,39.981601991577264],[-75.157047466351429,39.981601745738452],[-75.157047225305917,39.981601524949106],[-75.157046943235031,39.981601335669424],[-75.157046625749544,39.981601184333407],[-75.157046281006572,39.98160107202628],[-75.157045918230637,39.981601002560588],[-75.157037527739945,39.981599920979761],[-75.15703772501287,39.981599018112],[-75.157038461610796,39.981599113143105],[-75.157042228210258,39.981581967180901],[-75.157041492782781,39.981581872176221],[-75.157041690055664,39.981580969308467],[-75.157050081679941,39.981582051815678],[-75.157052834019623,39.981580550735472],[-75.157056451825298,39.981564080778476],[-75.15705057478128,39.981557754397869],[-75.157053449604561,39.98154466989731],[-75.157051931912065,39.981543313813887],[-75.157054904837182,39.981529776515835],[-75.157056919754964,39.98152887687268],[-75.157058059518647,39.981523688434244],[-75.157056773634096,39.981522304250582],[-75.157055609314369,39.981522153603798],[-75.157053271502292,39.981519638302302],[-75.157053468362392,39.98151874623742],[-75.157052182477997,39.981517362053708],[-75.157050197648218,39.981517105469727],[-75.15705031512438,39.981516574721454],[-75.157049667088074,39.981515878009404],[-75.157048823276412,39.981515768842712],[-75.157052986754096,39.981496817197417],[-75.157053830565474,39.981496926364073],[-75.15705474084055,39.981496429746358],[-75.157054857146392,39.981495898971623],[-75.157056842009865,39.98149615465524],[-75.157058647003225,39.981495170078524],[-75.157058843863126,39.981494278013642],[-75.157062127330391,39.981492486191449],[-75.157063291684025,39.981492635937904],[-75.157065097847408,39.981491651387508],[-75.157066263038928,39.981486349094261],[-75.157064743007041,39.981484992958109],[-75.157067718267498,39.981471455712608],[-75.157069733183377,39.981470556069191],[-75.157070922564273,39.981465141695232],[-75.157069636680589,39.981463757511719],[-75.157068472327452,39.98146360776532],[-75.157066134551272,39.981461091563808],[-75.157066330240809,39.981460199472473],[-75.157065045493098,39.981458816215572],[-75.157063059494803,39.981458559605436],[-75.157063176970723,39.981458028857084],[-75.157062529003596,39.981457330344639],[-75.157061685158311,39.981457222078291],[-75.157065849798983,39.981438270458931],[-75.157066692439457,39.981438379599041],[-75.157067602679263,39.981437883881462],[-75.157067719019281,39.98143735220647],[-75.157069703846702,39.981437608790145],[-75.157071510077301,39.981436622439176],[-75.157071705766654,39.981435730347798],[-75.157074989196374,39.981433939425465],[-75.157076153514652,39.981434090072014],[-75.157077960846522,39.981433105547879],[-75.157079100641369,39.981427916208986],[-75.157077581746378,39.981426560999658],[-75.157080555865861,39.981413022827148],[-75.157082569609642,39.981412123157043],[-75.157085236205987,39.981399982723069],[-75.157086403238864,39.981400062250479],[-75.1570875723976,39.981399994059004],[-75.157088709676671,39.981399779182375],[-75.157089785648495,39.981399421460772],[-75.157090771712049,39.981398933763309],[-75.157091638130353,39.981398328032341],[-75.15709236439082,39.981397620022769],[-75.157092929774706,39.981396830890908],[-75.157093318278498,39.981395980998585],[-75.157096847372031,39.981380208226177],[-75.157096880570109,39.981379921551536],[-75.157096854052014,39.98137963442877],[-75.157096769848991,39.98137935501282],[-75.157096630129587,39.981379087857896],[-75.157096436890569,39.981378842019197],[-75.157096195845625,39.981378621229901],[-75.157095913706854,39.981378433750869],[-75.157095596256639,39.981378281514729],[-75.157095251549123,39.981378168307529],[-75.157094888705529,39.981378100642459],[-75.157087528635415,39.981377149566526],[-75.157087725872699,39.981376247598881],[-75.157086842412411,39.981376133932578],[-75.157090609021679,39.981358987068404],[-75.157091493617656,39.981359101661347],[-75.157091692059424,39.981358198819919],[-75.157099052196315,39.981359148095159],[-75.157099467009346,39.981359173685505],[-75.157099880442615,39.981359143381596],[-75.157100281895254,39.981359058745937],[-75.157100657221321,39.981358922161924],[-75.157100996887323,39.981358737919386],[-75.157101289053244,39.981358509354727],[-75.157101525115223,39.981358247085851],[-75.157101699015826,39.98135795638207],[-75.157101804491504,39.981357647914002],[-75.157105223866253,39.981342079896528],[-75.157103995795254,39.981337984956049],[-75.157099346802539,39.981335754418637],[-75.157099546414358,39.981334851603648],[-75.156918156256097,39.981311454337941],[-75.156583107045734,39.981268234638861],[-75.156579574383727,39.981267779984485]]]},"properties":{"OBJECTID":76,"PROPERTY_A":"Baptist Temple - Performing Arts Center (TPAC)","PROPERTY_1":"1823 N. Broad Street","CAMPUS":"MC","BUILDING__":"150","BUILDING_C":"TPAC","Ownership_":"Temple University","fact_id":72,"HISTORICAL_SIMPLE":"Declared by PHC. Eligible for NHR/PHMC.","PHC_HISTORICAL_DISTRICT":null,"HISTORICAL_DESIGNATION":"Building declared historic by PHC. Eligible for NHR by PHMC.","Garage":null,"Shape_Length":575.96704855113603,"Shape_Area":15612.965294364572}},{"type":"Feature","id":77,"geometry":{"type":"Polygon","coordinates":[[[-75.156713704937445,39.981284764146032],[-75.156713704937445,39.981284764146032],[-75.156917423671629,39.981311039535328],[-75.156926177462623,39.981271191589407],[-75.1570574952935,39.981288131616246],[-75.15711028600235,39.981259337573498],[-75.15713570621962,39.981143623841689],[-75.157106811577634,39.981112522022151],[-75.157114924214426,39.981075597797812],[-75.156975929647842,39.981057668053147],[-75.156976398587545,39.981055539632351],[-75.156915177553344,39.981047641092978],[-75.156914708508722,39.981049772214249],[-75.156742345885988,39.98102754001593],[-75.156746312178484,39.981009490348434],[-75.156721336297423,39.980982601836949],[-75.156723101967586,39.980982830949209],[-75.156727730423981,39.980961764319886],[-75.156729497263896,39.980961993458521],[-75.156730289806575,39.980958383869343],[-75.156680824011659,39.980952002345887],[-75.156680031569564,39.980955609233988],[-75.156681716871617,39.980955826619599],[-75.156677169835746,39.980976907701525],[-75.156678936744655,39.98097713504044],[-75.156643849008063,39.980996273568294],[-75.156610045660074,39.981150139686733],[-75.156608278712611,39.981149913247023],[-75.156604469770642,39.981167245652088],[-75.156738187608809,39.981183162667961],[-75.156713704937445,39.981284764146032]]]},"properties":{"OBJECTID":77,"PROPERTY_A":"Barrack Hall","PROPERTY_1":"1819 N. Broad Street","CAMPUS":"MC","BUILDING__":"039","BUILDING_C":"BARRKH","Ownership_":"Temple University","fact_id":32,"HISTORICAL_SIMPLE":"Declared by PHC. Eligible for NHR/PHMC.","PHC_HISTORICAL_DISTRICT":null,"HISTORICAL_DESIGNATION":"Building declared historic by PHC. Eligible for NHR by PHMC.","Garage":null,"Shape_Length":510.16434116894686,"Shape_Area":11693.367917232232}},{"type":"Feature","id":78,"geometry":{"type":"Polygon","coordinates":[[[-75.152794644735806,39.981688629686346],[-75.152794644735806,39.981688629686346],[-75.152796338200872,39.98168884821466],[-75.15285816902562,39.981696824017213],[-75.152862041769154,39.98167919672305],[-75.152828843702892,39.98167491524557],[-75.152835633499777,39.98164400897349],[-75.152864709097244,39.981647761063769],[-75.152868042891882,39.981632588563102],[-75.152881365677686,39.981634307362505],[-75.1529137203527,39.98148703635961],[-75.152937436261155,39.981379082245098],[-75.15294273815185,39.981379764460911],[-75.152972643742117,39.98124363678933],[-75.152934152744209,39.981238689543943],[-75.152940883317711,39.981207951318638],[-75.152819800936356,39.9811923851898],[-75.152813059468215,39.981223070002549],[-75.152777785924087,39.981218519884706],[-75.152738472339038,39.981397469972812],[-75.152410913092638,39.98135521847172],[-75.152457919423242,39.981141255092041],[-75.152218397778768,39.981110359006649],[-75.152154538694987,39.981401032026419],[-75.15211595625243,39.981396055406897],[-75.152095878001347,39.981487446296846],[-75.152134460494409,39.981492422923168],[-75.152292451343413,39.981512801402552],[-75.152299004310763,39.981482979128423],[-75.152324668455563,39.981486290126981],[-75.152312366335991,39.981542282119626],[-75.152421307433102,39.981556335064099],[-75.152433608329687,39.98150034213311],[-75.152459298163862,39.981503655484794],[-75.152459099660078,39.981504558318179],[-75.152469659051647,39.981505919986795],[-75.152458304270155,39.981557602235029],[-75.152485677240591,39.981587067914198],[-75.152483747035674,39.981595856917579],[-75.152489609479304,39.981596613110639],[-75.152491708377212,39.981587180092539],[-75.15251702015874,39.981590487576923],[-75.152508406207019,39.981629703192112],[-75.152579658858855,39.981638893425888],[-75.152588283681752,39.981599637506413],[-75.152613565149849,39.981602941580128],[-75.152611505884778,39.981612318732878],[-75.152719297953951,39.981626223747682],[-75.152725187249331,39.981626982338334],[-75.152727256274432,39.981617563957954],[-75.152752548735862,39.981620825901608],[-75.152743923970704,39.981660082733647],[-75.152799346878069,39.981667231477772],[-75.152794644735806,39.981688629686346]]]},"properties":{"OBJECTID":78,"PROPERTY_A":"Gladfelter Hall","PROPERTY_1":"1115 W. Berks Street","CAMPUS":"MC","BUILDING__":"025","BUILDING_C":"GLFLTR","Ownership_":"Commonwealth","fact_id":20,"HISTORICAL_SIMPLE":null,"PHC_HISTORICAL_DISTRICT":null,"HISTORICAL_DESIGNATION":"No","Garage":null,"Shape_Length":1091.6472093703412,"Shape_Area":26247.986799949889}},{"type":"Feature","id":79,"geometry":{"type":"Polygon","coordinates":[[[-75.155544191158413,39.980036063612999],[-75.15554403936369,39.98003675666844],[-75.155542200274141,39.980036518669444],[-75.155536399309796,39.980062915304735],[-75.155535517039368,39.980062801652949],[-75.155533950293034,39.980069936536225],[-75.155534832563546,39.980070050188047],[-75.155530453015956,39.980089988923091],[-75.155529569575009,39.980089875244801],[-75.155528001657231,39.98009701010151],[-75.155528885098335,39.980097123779835],[-75.155521619443149,39.980130190877603],[-75.155520737171884,39.98013007722566],[-75.155518970793196,39.980138114921054],[-75.155519855404947,39.980138228625869],[-75.155509724452486,39.980184338959646],[-75.15550884218051,39.980184225307667],[-75.155507075798951,39.980192263002785],[-75.155507959241277,39.980192376681295],[-75.155497829442837,39.980238487040346],[-75.155496946034333,39.980238372461585],[-75.155495180820211,39.980246410183],[-75.155496063092983,39.980246523835127],[-75.155485934448578,39.980292634219488],[-75.155485049869242,39.980292519614203],[-75.155483284617915,39.980300558235662],[-75.155484168095953,39.980300671014099],[-75.155474037094962,39.980346781344423],[-75.155473154855329,39.980346666791931],[-75.155472172876358,39.980351094720739],[-75.155477960696146,39.980351840065651],[-75.155478157986224,39.980350937200548],[-75.15550104053024,39.980353901689462],[-75.155497180040811,39.9803714734701],[-75.155486942436696,39.980370153590925],[-75.15548660632426,39.980371685832409],[-75.155476006263072,39.980370319014099],[-75.155476343580318,39.980368785898833],[-75.155474295839326,39.980368521557345],[-75.155474372546024,39.980368169191308],[-75.155468595291183,39.980367423184099],[-75.155450655162369,39.980449082339746],[-75.155470676968349,39.980451664999705],[-75.155527103704785,39.980458914427011],[-75.155527296383426,39.980458040290173],[-75.155638683781291,39.980472409508899],[-75.155637494338052,39.980477822967934],[-75.15564338229305,39.980478584083194],[-75.155644076880407,39.98047542459706],[-75.155714741261534,39.980484539236123],[-75.155715237353718,39.980482283488854],[-75.155727014539877,39.980483803036805],[-75.155725825034622,39.980489218297222],[-75.155731713060405,39.980489977607462],[-75.155732902565134,39.980484562346938],[-75.155744679786451,39.980486080992861],[-75.155744184796617,39.980488338567206],[-75.155803071979832,39.980495934505953],[-75.155803566967705,39.980493676931346],[-75.155815344123397,39.980495197370495],[-75.155814154659367,39.980500611731621],[-75.155820043857332,39.980501371063738],[-75.155821233320921,39.980495956702576],[-75.155833010546104,39.980497475339419],[-75.155832514423309,39.980499731987422],[-75.155891401626263,39.980507327880893],[-75.155891600081517,39.980506425041547],[-75.155890991670546,39.980506347316606],[-75.155891735834714,39.980502962794283],[-75.155911169121623,39.980505469002424],[-75.155925890313696,39.980507368630484],[-75.155925939935997,39.980507142695537],[-75.155929344346134,39.980507580956797],[-75.155926333112745,39.980521288557689],[-75.155935901760841,39.980522522095605],[-75.15593881488374,39.980509267290948],[-75.155969435614423,39.980513217513305],[-75.155966523667601,39.980526472345183],[-75.155975356868211,39.980527611768451],[-75.155978268813442,39.980514356936368],[-75.156008889548716,39.980518307148216],[-75.156005977609311,39.980531561981053],[-75.156010688469081,39.980532170328601],[-75.156008842577592,39.980540573848479],[-75.156014730610963,39.980541333144217],[-75.156019489678144,39.980519673017078],[-75.156018918541918,39.98051960064042],[-75.156020095291879,39.980514242754346],[-75.156013337890471,39.980513369201468],[-75.156018010616492,39.980492099065692],[-75.156049515961399,39.980496162967718],[-75.156062005831657,39.980439309012006],[-75.156030501751303,39.9804352433394],[-75.156035174466595,39.980413973202857],[-75.156037222211111,39.980414237534397],[-75.156037524415595,39.980412856797187],[-75.156056478615454,39.980415302596398],[-75.156056175275495,39.980416682406982],[-75.156064310393532,39.980417730359548],[-75.156064508777462,39.980416829320383],[-75.15606686425518,39.980417132142598],[-75.15606843091912,39.980409998152339],[-75.156067547507476,39.980409883577934],[-75.156077876498571,39.980362872156071],[-75.156078758842582,39.980362984003236],[-75.156080326674257,39.98035585003921],[-75.156079443228904,39.980355736365169],[-75.15609571953253,39.98028164952099],[-75.156096602976987,39.980281763194931],[-75.15609816966905,39.980274628303974],[-75.156097287360566,39.980274515556737],[-75.156113562420728,39.980200429583647],[-75.156114447103064,39.980200541483427],[-75.156116013757057,39.980193407492457],[-75.156115130313708,39.980193293818672],[-75.156132834236431,39.980112705955982],[-75.156115991871602,39.98011053495658],[-75.156116144796428,39.980109842827069],[-75.156106832651915,39.980108641230075],[-75.156106685578024,39.980109333491804],[-75.156080663959159,39.98010597740835],[-75.15608081571412,39.980105285252442],[-75.156071504741064,39.980104083679073],[-75.156071352986004,39.980104775834924],[-75.156045331370677,39.980101419743455],[-75.156045481371251,39.980100742865254],[-75.156036169229239,39.980099541262518],[-75.156036020433163,39.980100217266951],[-75.156009999957064,39.9800968620942],[-75.156010151747125,39.980096169038127],[-75.156009617957992,39.980096100208563],[-75.156011399797308,39.98008799347803],[-75.156004333467919,39.980087083207316],[-75.156002550010626,39.980095201614397],[-75.156000837782898,39.980094984510671],[-75.156000687816231,39.980095660488587],[-75.155974667343685,39.980092305307799],[-75.155974817344955,39.980091628429669],[-75.155965505205472,39.980090426821228],[-75.155965356408672,39.980091102825533],[-75.155939336008331,39.980087745836272],[-75.155939484805415,39.980087069831988],[-75.155930173802972,39.980085869147331],[-75.155930023801233,39.980086546025419],[-75.155798008064593,39.980069515890634],[-75.155798155692807,39.980068839860074],[-75.155788844729727,39.980067638263719],[-75.155788695931264,39.980068314267825],[-75.15576267547965,39.980064959039019],[-75.155762824347164,39.980064281234455],[-75.155753512180766,39.980063080509069],[-75.155753371606664,39.98006372516339],[-75.155727987445047,39.980060484323324],[-75.155729921109852,39.980051684541436],[-75.155722853617817,39.980050774226953],[-75.155721072984022,39.980058879178969],[-75.155544191158413,39.980036063612999]]]},"properties":{"OBJECTID":79,"PROPERTY_A":"Alter Hall","PROPERTY_1":"1801 Liacouras Walk","CAMPUS":"MC","BUILDING__":"005","BUILDING_C":"ALTER","Ownership_":"Temple University","fact_id":3,"HISTORICAL_SIMPLE":null,"PHC_HISTORICAL_DISTRICT":null,"HISTORICAL_DESIGNATION":"No","Garage":null,"Shape_Length":755.65674665351446,"Shape_Area":25455.43875096623}},{"type":"Feature","id":80,"geometry":{"type":"Polygon","coordinates":[[[-75.152683452494045,39.982198623728351],[-75.152683452494045,39.982198623728351],[-75.152846673929545,39.982219851407606],[-75.15286259306977,39.982147490414249],[-75.152919909506679,39.982152852872822],[-75.152915994104845,39.982170676526763],[-75.152917762167959,39.9821709048503],[-75.152917674466067,39.982171299314018],[-75.152918190783623,39.98217136596022],[-75.152917830716973,39.982173002171734],[-75.153158235140779,39.98220401218785],[-75.15316537226947,39.982171524360822],[-75.153163614944305,39.982171260243334],[-75.153173718529118,39.982125271996075],[-75.153175484285853,39.982125499362461],[-75.153178062152747,39.982113768761018],[-75.153176295294898,39.982113539567756],[-75.153186208799525,39.982068417402992],[-75.153187975656209,39.982068646596105],[-75.153190552417399,39.982056914167416],[-75.153188785492091,39.982056686774811],[-75.153198697775466,39.982011565482694],[-75.153200465904277,39.982011792001366],[-75.153203042592295,39.982000061372844],[-75.15320127690751,39.981999832206419],[-75.153211189139853,39.981954711813373],[-75.153212956062532,39.981954939205593],[-75.153215533950885,39.981943207703047],[-75.153213767028504,39.981942980310848],[-75.153223679313129,39.981897858116071],[-75.15322544619994,39.9818980864084],[-75.153228024118391,39.981886354005312],[-75.153226257197446,39.981886126613283],[-75.15323616946543,39.981841004417383],[-75.153237936419686,39.981841230909005],[-75.153240514230589,39.981829501206334],[-75.15313511779074,39.981815850023814],[-75.153146406841799,39.981764465370638],[-75.153148173793781,39.981764691863667],[-75.153148769176596,39.981761986060668],[-75.153137285521183,39.981760504429595],[-75.153148388697971,39.981709967934371],[-75.153159871209283,39.981711448637661],[-75.153160466625593,39.981708741934249],[-75.153158699778288,39.981708512740767],[-75.15322303479077,39.981415671360985],[-75.153028930013889,39.981390633204519],[-75.152938317582127,39.981378945411763],[-75.152914600539347,39.981486898599755],[-75.152882245831861,39.98163417050317],[-75.152868923046071,39.981632451703803],[-75.152865589251647,39.981647624204562],[-75.152836513654179,39.981643872114439],[-75.152829723857707,39.981674778386648],[-75.152862921889536,39.981679060764073],[-75.152859049180606,39.981696687158049],[-75.152795524925295,39.981688491927393],[-75.152784602641887,39.981738211659781],[-75.152779303168572,39.981737526788912],[-75.152776425861745,39.981750623759218],[-75.152778197424198,39.981750852164303],[-75.152773734282462,39.981771145725595],[-75.152771967365965,39.981770918326589],[-75.152770183306046,39.981779041184254],[-75.152777245087165,39.981779951548098],[-75.15277278504081,39.981800255991629],[-75.152765722121842,39.981799344700811],[-75.152763938060446,39.981807467558347],[-75.152765703841993,39.981807694030763],[-75.152761243790366,39.981827998473904],[-75.152759476838085,39.981827771974906],[-75.152757692843977,39.981835893031857],[-75.152759458523008,39.98183612220511],[-75.152754998467643,39.981856426647973],[-75.152753231617893,39.981856197448174],[-75.15275144634883,39.981864321179252],[-75.152753214437894,39.981864548605088],[-75.15274875320857,39.981884853021164],[-75.152746986289216,39.981884625621788],[-75.152745202257748,39.981892747578812],[-75.152746969177258,39.981892974978194],[-75.152742507944211,39.98191327939405],[-75.152740740989771,39.981913052894782],[-75.152738956991243,39.981921173951434],[-75.152740723877031,39.981921402251224],[-75.152736262605828,39.981941707567046],[-75.15273449575389,39.98194147836697],[-75.152732711685005,39.981949601224017],[-75.152734478640426,39.981949827723383],[-75.152730017331052,39.981970133939157],[-75.152728250443985,39.981969905639211],[-75.152726466442473,39.981978026695685],[-75.152733529379475,39.98197893798892],[-75.152729068136765,39.98199924240415],[-75.152722005128851,39.981998332911125],[-75.152720221125833,39.982006453967458],[-75.152721988013781,39.982006682267517],[-75.152717535129909,39.982026951731861],[-75.152715761047574,39.982026758408693],[-75.152713975803948,39.982034881238903],[-75.15272015879583,39.98203567891246],[-75.152715675414115,39.98205598012327],[-75.152709515721938,39.982055185679869],[-75.152694149368727,39.982125124612303],[-75.152699450110518,39.982125807713132],[-75.152690106311084,39.982168336088428],[-75.152700706596818,39.982169703163905],[-75.152694634352159,39.982197340553846],[-75.152683985667039,39.982196197637315],[-75.152683447813104,39.982198623622416],[-75.152683452494045,39.982198623728351]]]},"properties":{"OBJECTID":80,"PROPERTY_A":"Science, Education & Research Center (SERC)","PROPERTY_1":"1835-1899 N. 12th Street","CAMPUS":"MC","BUILDING__":"024","BUILDING_C":"SERC","Ownership_":"Commonwealth","fact_id":19,"HISTORICAL_SIMPLE":null,"PHC_HISTORICAL_DISTRICT":null,"HISTORICAL_DESIGNATION":"No","Garage":null,"Shape_Length":950.53628781401562,"Shape_Area":31786.197357325655}},{"type":"Feature","id":81,"geometry":{"type":"Polygon","coordinates":[[[-75.152860180476949,39.982147577277061],[-75.152844261368571,39.982219937369834],[-75.15268103989925,39.982198710587404],[-75.15243225919869,39.982166619772855],[-75.152416621399738,39.982237798640583],[-75.152358449823893,39.982230294675716],[-75.152351211861912,39.982263234292752],[-75.152409363674337,39.982270735110319],[-75.152383201949633,39.982389811823502],[-75.152454476308492,39.982399006212496],[-75.152430550959437,39.982507905182956],[-75.15267808934891,39.982539834506348],[-75.152675803542053,39.982550234596189],[-75.152718999763934,39.982555806482459],[-75.152736602866767,39.982475679886512],[-75.152823884482842,39.982486939228991],[-75.152820027515929,39.98250458129607],[-75.152827383070743,39.98250552983896],[-75.152818102942291,39.982547772239322],[-75.152810747383043,39.982546823695863],[-75.152802636017327,39.982583740491805],[-75.152988718411436,39.982607743251933],[-75.15302043954523,39.982463354657845],[-75.153013444049748,39.982462454820819],[-75.153023356508783,39.982417333544404],[-75.153101061212467,39.98242735420903],[-75.15315024565092,39.982203378193049],[-75.152915418157761,39.982173088135468],[-75.152915778224454,39.982171451923968],[-75.152915261872508,39.982171386177974],[-75.152915349608861,39.982170990814041],[-75.152913581545704,39.982170762490469],[-75.152917496879368,39.982152940637079],[-75.152860180476949,39.982147577277061]]]},"properties":{"OBJECTID":81,"PROPERTY_A":"Engineering Building","PROPERTY_1":"1947 N. 12th Street","CAMPUS":"MC","BUILDING__":"014","BUILDING_C":"ENGR","Ownership_":"Commonwealth","fact_id":12,"HISTORICAL_SIMPLE":null,"PHC_HISTORICAL_DISTRICT":null,"HISTORICAL_DESIGNATION":"No","Garage":null,"Shape_Length":821.19995062505211,"Shape_Area":24455.692125154957}},{"type":"Feature","id":82,"geometry":{"type":"Polygon","coordinates":[[[-75.150908318009812,39.98013997972653],[-75.150908318009812,39.98013997972653],[-75.150863256631169,39.980345091756391],[-75.150745556919603,39.980329908153486],[-75.150740011419757,39.980355149861538],[-75.15073288599001,39.980387581963321],[-75.150729353447403,39.980387126228685],[-75.150727753899403,39.980394400874076],[-75.150891235825938,39.980415489579471],[-75.150874079105776,39.980493579828781],[-75.151116697022971,39.980524876871641],[-75.151321133992184,39.97959430210792],[-75.151036249296226,39.979557553034063],[-75.150908318009812,39.98013997972653]]]},"properties":{"OBJECTID":82,"PROPERTY_A":"Facilities Management","PROPERTY_1":"1009 W. Montgomery Avenue","CAMPUS":"MC","BUILDING__":"052","BUILDING_C":"FMBLDG","Ownership_":"Commonwealth","fact_id":40,"HISTORICAL_SIMPLE":null,"PHC_HISTORICAL_DISTRICT":null,"HISTORICAL_DESIGNATION":"No","Garage":null,"Shape_Length":918.39365686108158,"Shape_Area":28288.518567217216}},{"type":"Feature","id":83,"geometry":{"type":"Polygon","coordinates":[[[-75.155537102011735,39.980459079193132],[-75.155531279329367,39.980485583459846],[-75.155532457601723,39.980485736240055],[-75.155529681708771,39.98049837063391],[-75.155503182141558,39.980494952259143],[-75.155464521402038,39.980670931897649],[-75.155472764924582,39.980671994055669],[-75.155472913727536,39.980671318052003],[-75.155495879636689,39.9806742799191],[-75.155479671893232,39.980748054689883],[-75.155448462463184,39.980744029760118],[-75.155409751918995,39.980920232612782],[-75.155436250477109,39.980923650982646],[-75.155435456695841,39.980927260536419],[-75.155434279517436,39.98092710958219],[-75.15543308998113,39.980932524839552],[-75.155434268329842,39.980932675820249],[-75.155433474548332,39.980936285374021],[-75.155432297369799,39.980936134419771],[-75.155427588949578,39.980957566813515],[-75.155516507654099,39.980969037754399],[-75.155516903372643,39.980967232950782],[-75.155830182729716,39.981007642691921],[-75.155829785814674,39.981009448370429],[-75.155918704689455,39.981020918099453],[-75.155923412993502,39.980999484785329],[-75.155922235881533,39.980999332035609],[-75.155925011687614,39.980986698532725],[-75.155951510297626,39.980990116783637],[-75.155989229645897,39.980818425298438],[-75.155990186511559,39.980818548741773],[-75.155991276756893,39.980813585348521],[-75.155982075242065,39.980812397957372],[-75.155981778712686,39.980813752693216],[-75.15595881276964,39.980810790023106],[-75.155964165965415,39.980786424054308],[-75.155962693994837,39.980786233104432],[-75.155968442926991,39.980760061430018],[-75.155969914931347,39.980760251479531],[-75.155975218531253,39.980736110544854],[-75.155998184449771,39.980739073211709],[-75.155997936373069,39.98074020198618],[-75.156006181013808,39.980741265932856],[-75.156044990357586,39.980564610134365],[-75.156010014209329,39.980560097462337],[-75.156014200767558,39.980541038248425],[-75.156008312768549,39.980540278052437],[-75.156010158660138,39.980531874532524],[-75.15600544780041,39.980531266184975],[-75.156008359739886,39.980518011352153],[-75.15597773897035,39.980514062040399],[-75.155974827025062,39.980527316872468],[-75.155965993858857,39.980526176548892],[-75.155968905805821,39.980512921717072],[-75.155938285040861,39.98050897239478],[-75.155935371917892,39.980522227199394],[-75.155925803269852,39.980520993661472],[-75.155928814468993,39.98050728696083],[-75.155925410093204,39.980506847799326],[-75.155925360505307,39.980507072833987],[-75.155910639278957,39.980505174106121],[-75.155891205992091,39.980502667897888],[-75.155890461827937,39.980506052420189],[-75.155891070204476,39.980506131045374],[-75.155890871783612,39.980507032984534],[-75.155831984581027,39.980499437090792],[-75.155832480703836,39.980497180442747],[-75.155820703478653,39.98049566180589],[-75.155819514049483,39.980501075266808],[-75.155813624817142,39.980500316834878],[-75.155814814315534,39.9804949015735],[-75.155803037125594,39.98049338203456],[-75.155802542172026,39.980495638708966],[-75.15574365498918,39.980488042769878],[-75.155744149910205,39.980485786996034],[-75.155732372757797,39.980484266549617],[-75.155731183252968,39.980489681810077],[-75.155725295227256,39.980488922499845],[-75.155726484732469,39.98048350723937],[-75.155714707512104,39.980481988591656],[-75.155714211419877,39.980484244338953],[-75.15564354707351,39.98047512879927],[-75.155642852486139,39.980478288285454],[-75.155636964496722,39.980477528070409],[-75.155638153974479,39.980472113711123],[-75.155537102011735,39.980459079193132]]]},"properties":{"OBJECTID":83,"PROPERTY_A":"Speakman Hall","PROPERTY_1":"1810 N. 13th Street","CAMPUS":"MC","BUILDING__":"006","BUILDING_C":"SPKMAN","Ownership_":"Temple University","fact_id":4,"HISTORICAL_SIMPLE":null,"PHC_HISTORICAL_DISTRICT":null,"HISTORICAL_DESIGNATION":"No","Garage":null,"Shape_Length":756.34933261585775,"Shape_Area":27297.200426975523}},{"type":"Feature","id":84,"geometry":{"type":"Polygon","coordinates":[[[-75.156028929960726,39.980640124561191],[-75.156028929960726,39.980640124561191],[-75.15629226260576,39.980673561913846],[-75.156292005473787,39.980673701166417],[-75.156276353351956,39.980745983887381],[-75.156520021368166,39.980777647266571],[-75.156518386644009,39.980785092377239],[-75.156573739193334,39.980792233211332],[-75.15662253658553,39.980570116847609],[-75.156599103882257,39.980567110418896],[-75.156627734314625,39.980436784537474],[-75.15661360163574,39.980434962270955],[-75.156618590056979,39.980412259422458],[-75.156632769735694,39.980413862902189],[-75.156681187910053,39.980193476015522],[-75.156508924285447,39.980171255563583],[-75.156511957924934,39.98015744844362],[-75.156405096422532,39.980143663492889],[-75.156396956189369,39.980180720401336],[-75.156396072745764,39.980180606729718],[-75.156395651659835,39.980182524490729],[-75.156396535103454,39.980182638162347],[-75.156394130849137,39.980193580751326],[-75.156393247405362,39.980193467079708],[-75.156392752507998,39.980195722856358],[-75.156393634781566,39.980195836501601],[-75.156393239090818,39.980197641308251],[-75.156392354442445,39.980197528510402],[-75.156391859544996,39.980199784287109],[-75.156392743023204,39.98019989705849],[-75.156390338733289,39.980210840547635],[-75.156389456459507,39.980210726902421],[-75.156389035373209,39.980212644663418],[-75.156389917647019,39.980212758308646],[-75.156375048023122,39.98028044280845],[-75.156374164578267,39.980280329136626],[-75.156373743491102,39.98028224689758],[-75.156374626936,39.980282360569369],[-75.156372359974682,39.980292682756357],[-75.156371490537779,39.980292570302169],[-75.156370624172311,39.980296517904584],[-75.156371491303162,39.980296629405643],[-75.156369224306516,39.980306952492818],[-75.15636834086132,39.980306838820987],[-75.1563679197738,39.980308756581898],[-75.156368803219053,39.980308870253751],[-75.156353747870909,39.980377399313099],[-75.156352864390428,39.980377286541405],[-75.15635226907861,39.980379994161666],[-75.156361395991453,39.980381170828139],[-75.156357332766646,39.980399671505502],[-75.156348204681123,39.980398494812277],[-75.156347610573562,39.980401201558685],[-75.156348494019923,39.980401315230687],[-75.156333277035955,39.98047057946988],[-75.156332393588684,39.980470465797758],[-75.15633197249916,39.980472383558556],[-75.156332854776196,39.980472497204218],[-75.156330613197781,39.980482706435993],[-75.156329729784716,39.980482591863641],[-75.156328862244166,39.980486539439269],[-75.156329745691636,39.980486653111399],[-75.156327501737408,39.98049686319046],[-75.156326619460017,39.980496749544777],[-75.156326197199959,39.980498667279058],[-75.156327081817835,39.980498780977683],[-75.156312409348359,39.980565562602209],[-75.156311527104478,39.980565448056147],[-75.156311031031478,39.980567703805995],[-75.156311914411205,39.980567819278761],[-75.156309907029382,39.980576956185658],[-75.156309023580732,39.980576842513365],[-75.156307635704749,39.98058315971965],[-75.156308519153427,39.980583273391943],[-75.156306710220662,39.980591507458755],[-75.156305826771813,39.980591393786383],[-75.15630533069843,39.980593649536239],[-75.156306214078541,39.980593765009033],[-75.156298482131163,39.980628960626454],[-75.15603862972273,39.980595974068173],[-75.156028929960726,39.980640124561191]]]},"properties":{"OBJECTID":84,"PROPERTY_A":"1810 Liacouras Walk","PROPERTY_1":"1810 Liacouras Walk","CAMPUS":"MC","BUILDING__":"200","BUILDING_C":"1810LW","Ownership_":"Temple University","fact_id":80,"HISTORICAL_SIMPLE":"Declared by PHC.","PHC_HISTORICAL_DISTRICT":"Park Avenue Historic District","HISTORICAL_DESIGNATION":"Building & property declared historic by PHC as part of the Park Avenue Historic District.","Garage":null,"Shape_Length":790.0469970731333,"Shape_Area":19093.625057065987}},{"type":"Feature","id":85,"geometry":{"type":"Polygon","coordinates":[[[-75.155413821022336,39.981552781779151],[-75.155395205286837,39.981599965312412],[-75.155372318786775,39.981645809784062],[-75.155345196897002,39.981690308783321],[-75.155372040966213,39.981699345613585],[-75.155370498431779,39.981703055371433],[-75.155361548149074,39.981715247427438],[-75.15535573475222,39.981728780838914],[-75.155346621012328,39.981741081825689],[-75.155341287906907,39.981754061156714],[-75.155332281888022,39.981766240237341],[-75.155326509093527,39.981779722306463],[-75.155317476568484,39.981791981878423],[-75.155311847018439,39.981805423936585],[-75.155303054243134,39.981817508724362],[-75.1552972741693,39.981830751857757],[-75.155288335970013,39.981842872100444],[-75.155282391805301,39.981856915231575],[-75.15527954789529,39.981855967935417],[-75.155279317817701,39.981856379905047],[-75.155279627727026,39.981856484221822],[-75.155281059616357,39.981857724861094],[-75.155282002457724,39.98185803180067],[-75.155224829959081,39.981957889287955],[-75.155223840615733,39.981957542552784],[-75.155221670201811,39.981957575473338],[-75.155221361496757,39.981957470282644],[-75.155221120576769,39.981957890116234],[-75.155223800793351,39.981958799473993],[-75.155215090064601,39.981970636528736],[-75.155209386925463,39.981984041779036],[-75.155200553768694,39.981996078793884],[-75.155194755216783,39.982009528739269],[-75.155185832878331,39.982021692582329],[-75.155180067913577,39.982035121662044],[-75.155171185838057,39.982047243165553],[-75.155165492492117,39.98206060628754],[-75.155156600602425,39.982072769916009],[-75.155150926730329,39.982086052386038],[-75.155141902908511,39.98209826619059],[-75.155136205216266,39.982111650837538],[-75.155127209750148,39.982123888708635],[-75.155121672921695,39.982137078768112],[-75.155112567621146,39.982149401553556],[-75.155106959438896,39.982162650367322],[-75.155097875851709,39.982175017792585],[-75.155092274413136,39.982188365870222],[-75.155088713556353,39.982193215729389],[-75.155024044796889,39.982210389271529],[-75.154989683570179,39.982671243677601],[-75.155128998635391,39.982697015562358],[-75.155130687721453,39.982691739546674],[-75.155302910320017,39.982724112776175],[-75.155301399937272,39.982728911690543],[-75.155386721956475,39.982744697431301],[-75.155417639114887,39.982646576321351],[-75.155588281972243,39.982654045305935],[-75.155621767719325,39.982203738162717],[-75.155560778950331,39.982192311279348],[-75.155582197842094,39.982125190286041],[-75.155641138333522,39.982129833042244],[-75.155705239871239,39.98183792679432],[-75.155684988098841,39.981832032249521],[-75.155682494887174,39.98182034014016],[-75.15567618463281,39.981807420153913],[-75.15567328222275,39.981793807734519],[-75.155666974209922,39.981780890501419],[-75.155664071837222,39.981767277181547],[-75.155657743655354,39.981754244161571],[-75.155660883616491,39.981753604239593],[-75.155660729508995,39.981753161960015],[-75.155658161536152,39.981753330965468],[-75.155657233786712,39.981753518128109],[-75.155639539832606,39.981702556602556],[-75.155640719111261,39.981702315658929],[-75.155642363599938,39.981701271612373],[-75.155642690575021,39.981701205120459],[-75.155642536467752,39.981700762840845],[-75.155639397679167,39.981701402788779],[-75.15563643611172,39.981687683611639],[-75.15563012584407,39.981674764523106],[-75.155627223448917,39.981661152102483],[-75.155620914321347,39.981648233940113],[-75.155618011929164,39.981634621519213],[-75.155611804339998,39.981621682225153],[-75.155610074132568,39.981612859084997],[-75.155627580519408,39.981586403594569],[-75.155629518367746,39.981580592585523],[-75.155413821022336,39.981552781779151]]]},"properties":{"OBJECTID":85,"PROPERTY_A":"Charles Library","PROPERTY_1":"1900 N. 13th Street","CAMPUS":"MC","BUILDING__":"021","BUILDING_C":"CHARLS","Ownership_":"Commonwealth","fact_id":17,"HISTORICAL_SIMPLE":null,"PHC_HISTORICAL_DISTRICT":null,"HISTORICAL_DESIGNATION":"No","Garage":null,"Shape_Length":1150.9865088352292,"Shape_Area":55016.035561403201}},{"type":"Feature","id":86,"geometry":{"type":"Polygon","coordinates":[[[-75.159104481278575,39.979309733590767],[-75.159104481278575,39.979309733590767],[-75.159228938954101,39.979316495215592],[-75.15924598903338,39.979238882674366],[-75.15928662073236,39.979244123924992],[-75.159299588937799,39.979185091908974],[-75.159317373861342,39.97917464605537],[-75.159332656345228,39.979162070466991],[-75.159345009541795,39.979147716816776],[-75.159354089175736,39.979131982791472],[-75.159359644213126,39.979115308728502],[-75.159361521230068,39.979098155188559],[-75.159359665720061,39.979080999381495],[-75.159354130902813,39.979064319146481],[-75.159345068809046,39.979048581037908],[-75.159332734648856,39.979034217898203],[-75.159345702774161,39.978975185876592],[-75.159182585793118,39.978954143560024],[-75.159181545352439,39.978958882847976],[-75.159082615121577,39.978946120064542],[-75.159083655500297,39.978941382577929],[-75.159071878506538,39.978939863374301],[-75.159070838127008,39.9789446008608],[-75.158971907834697,39.978931840682613],[-75.158972949425475,39.978927102323198],[-75.158961171266455,39.978925583081768],[-75.158960130845088,39.978930321467502],[-75.158861200697416,39.978917558493215],[-75.158862242226959,39.978912821935239],[-75.158850464072884,39.978911302682477],[-75.158849423712724,39.978916039266728],[-75.158750493503618,39.978903278897725],[-75.158751533939167,39.978898540513903],[-75.15873975696023,39.978897021276168],[-75.158695941213495,39.979096467729569],[-75.158806648676304,39.97911074827779],[-75.158772349057216,39.97926687787244],[-75.159104481278575,39.979309733590767]]]},"properties":{"OBJECTID":86,"PROPERTY_A":"IBC Student Recreation Center","PROPERTY_1":"1701-1723 N. 15th Street","CAMPUS":"MC","BUILDING__":"030","BUILDING_C":"IBC","Ownership_":"Temple University","fact_id":24,"HISTORICAL_SIMPLE":null,"PHC_HISTORICAL_DISTRICT":null,"HISTORICAL_DESIGNATION":"No","Garage":null,"Shape_Length":624.90568338245214,"Shape_Area":20652.02137915721}},{"type":"Feature","id":87,"geometry":{"type":"Polygon","coordinates":[[[-75.155780213787452,39.979086879444644],[-75.155762589872822,39.979118944730303],[-75.155738542142686,39.979126412062847],[-75.15571788043988,39.979220468104081],[-75.155737409233041,39.979233557166445],[-75.155740363810722,39.979268277119132],[-75.155813693487019,39.979277736698968],[-75.155817238401013,39.979272624264738],[-75.155864551551488,39.979275015575332],[-75.15586552019964,39.979281637429821],[-75.155909678677986,39.979290116771018],[-75.155913416082626,39.979284104062913],[-75.155922482265666,39.979285272186857],[-75.155911557563641,39.979335002917495],[-75.155917004945749,39.979335705407031],[-75.155914030719728,39.979349242650088],[-75.155912134479848,39.979348998859649],[-75.155911540364016,39.979351705603889],[-75.155913435399412,39.979351950268132],[-75.15591044778408,39.979365500723716],[-75.155878254205817,39.979361347330602],[-75.155877656131011,39.979364065698441],[-75.155885173358016,39.979365035727163],[-75.155881134565007,39.979383416205636],[-75.155873934127143,39.979416192865116],[-75.155869933038446,39.979415678041974],[-75.155870392469041,39.979413584549796],[-75.155866877426817,39.979413131170446],[-75.155866283274264,39.979415838814745],[-75.155868303075223,39.979416098013239],[-75.155863246169332,39.979439117345173],[-75.155791305478132,39.979429838768809],[-75.155789917577437,39.979436155969069],[-75.1557816743031,39.979435091133041],[-75.155768986100853,39.979492843397956],[-75.155777495121129,39.979493942173669],[-75.155773529898724,39.979511990034474],[-75.155765020841841,39.979510892158721],[-75.155752332370639,39.97956865072338],[-75.155760841434486,39.979569748600042],[-75.155756876168837,39.979587797360495],[-75.155748367033993,39.979586701284006],[-75.155735678568846,39.979644458946424],[-75.155744187710752,39.979645555023879],[-75.155740222367413,39.979663605584157],[-75.155731713257723,39.979662508606197],[-75.155719024764267,39.979720266266639],[-75.155727269345633,39.979721328432923],[-75.155725881398595,39.979727646532588],[-75.155801256985939,39.979737369504136],[-75.155802688939033,39.979730849669366],[-75.155826243089521,39.979733887845946],[-75.155824811172948,39.979740406780763],[-75.155900186754224,39.979750130587561],[-75.155901644059753,39.979743498697552],[-75.155925198253428,39.979746535953602],[-75.155923740881306,39.979753169644361],[-75.155927274595982,39.979753625245614],[-75.155929256643404,39.979744600399179],[-75.155927342908157,39.979744354411743],[-75.155931407381118,39.979725853775683],[-75.156003544207991,39.979735157413437],[-75.15599947851517,39.979753659826081],[-75.155997566052804,39.979753411165504],[-75.155995582809652,39.979762436886922],[-75.155999116490904,39.979762893386237],[-75.156000647668534,39.979755921679043],[-75.156024203006794,39.97975895984149],[-75.15602267066123,39.979765931522465],[-75.156098046367902,39.97977565339886],[-75.156099478258938,39.979769134460632],[-75.156123033640597,39.979772171702535],[-75.156121600512691,39.979778692415081],[-75.156196976178919,39.979788416027006],[-75.156198362878783,39.979782098795432],[-75.156206608610944,39.979783161853959],[-75.156219296701622,39.979725404139693],[-75.156210787610846,39.979724306297022],[-75.156214752763901,39.979706257520981],[-75.156223261921269,39.979707353562887],[-75.156235951119456,39.979649596773378],[-75.156227442037874,39.979648498931908],[-75.156231407216481,39.979630449255012],[-75.156239916295846,39.979631547096197],[-75.156252604329893,39.979573789377966],[-75.156244095291939,39.979572690637546],[-75.156248060392869,39.979554642760512],[-75.156256569463025,39.979555740600432],[-75.15626925726248,39.979497988281715],[-75.156261012734163,39.979496925254139],[-75.156262400661078,39.979490606247701],[-75.156187025247192,39.979480884479123],[-75.156185593370566,39.979487403418489],[-75.156162039255094,39.979484366215857],[-75.156163471168284,39.979477846376554],[-75.156088095885849,39.979468121842316],[-75.156086662726679,39.979474643454694],[-75.156063108723217,39.979471603531081],[-75.15606454061124,39.979465084593222],[-75.155989166458539,39.979455361820939],[-75.155987733358913,39.979461881631622],[-75.15596417812533,39.979458843461714],[-75.155965611261536,39.979452322751087],[-75.155936185578497,39.979448527474403],[-75.155944635581847,39.979411122595032],[-75.155946697303747,39.979411388145856],[-75.155947292554487,39.979408682328085],[-75.155945230867061,39.97940841587706],[-75.155948240464511,39.979394719051619],[-75.155973860873019,39.979398023754712],[-75.155978464092371,39.979377069208553],[-75.155981979167862,39.979377521684192],[-75.155982573246703,39.979374815839805],[-75.155979059444689,39.97937436068991],[-75.155982868823898,39.979357018401998],[-75.155981070501738,39.979356786737235],[-75.155984193578462,39.979342571687603],[-75.155989506870867,39.979343258528473],[-75.155990299434023,39.979339648944233],[-75.155986765740465,39.97933919334492],[-75.155995746731648,39.979298310821598],[-75.156009471205465,39.979300081595198],[-75.156009931189146,39.979303462701388],[-75.156059984296689,39.979309919988204],[-75.15607005353462,39.979293533710646],[-75.156092041380873,39.979301730802163],[-75.156095058263205,39.97931504395887],[-75.156108374238315,39.979314170910307],[-75.156109870266405,39.979316828489395],[-75.156130099554403,39.979315503510406],[-75.156130983589378,39.979312687987786],[-75.156140503500637,39.979312065214543],[-75.156141999529922,39.97931472279322],[-75.15615151830562,39.979314099092363],[-75.156152403475488,39.979311284496305],[-75.156173605906986,39.979309778775956],[-75.156176693635558,39.979295721502247],[-75.156181013112914,39.979295351503183],[-75.156184384110162,39.97928001037387],[-75.156180459154683,39.979278575540619],[-75.156183637381289,39.979264111250032],[-75.156173553367594,39.979260399092858],[-75.15617420700309,39.979257421585288],[-75.156176562372337,39.979257726205773],[-75.156187863735994,39.97920628482526],[-75.156185508368452,39.979205980204988],[-75.156186162002911,39.979203002697325],[-75.156197276579221,39.979202024920653],[-75.156200454764289,39.979187561529791],[-75.156204775439235,39.979187190655985],[-75.156208145289924,39.979171848599258],[-75.156204221475974,39.979170414693549],[-75.156207309157494,39.979156358319187],[-75.15618791981322,39.979149613855597],[-75.15618828627251,39.979146734375298],[-75.156179557421652,39.979143756542911],[-75.156177009282814,39.979145892928535],[-75.156168281602675,39.979142915121727],[-75.156168648131569,39.979140033841006],[-75.156151190434002,39.979134078172535],[-75.156078923554205,39.979125926779091],[-75.156049759063194,39.979122165363762],[-75.156043751903013,39.97913201106109],[-75.155951177102764,39.979120069493931],[-75.155949529316885,39.979108720864858],[-75.155904181553424,39.979105655000971],[-75.155900438272468,39.979111668476811],[-75.155854710404057,39.979102057114162],[-75.155853544409311,39.979096339925768],[-75.155780213787452,39.979086879444644]]]},"properties":{"OBJECTID":87,"PROPERTY_A":"Ritter Hall","PROPERTY_1":"1301-1343 Cecil B. Moore Avenue","CAMPUS":"MC","BUILDING__":"003","BUILDING_C":"RITTER","Ownership_":"Commonwealth","fact_id":1,"HISTORICAL_SIMPLE":null,"PHC_HISTORICAL_DISTRICT":null,"HISTORICAL_DESIGNATION":"No","Garage":null,"Shape_Length":1102.7680017793361,"Shape_Area":24206.382936313017}},{"type":"Feature","id":88,"geometry":{"type":"Polygon","coordinates":[[[-75.154358199339242,39.983740715540073],[-75.154358199339242,39.983740715540073],[-75.154382829779507,39.983743914378124],[-75.154381990327494,39.983708170909374],[-75.154408409052408,39.983637271679939],[-75.154381663799498,39.983633815079855],[-75.154381763127731,39.983633361410902],[-75.154391351636079,39.983589678842883],[-75.154377277149919,39.983587850422651],[-75.15438303364094,39.983561625821594],[-75.154385594970975,39.983549956092347],[-75.154402132142621,39.98355210420668],[-75.154413658035708,39.983499592223076],[-75.154317951371496,39.983487160565346],[-75.154325134055327,39.98344917929618],[-75.154294501564436,39.983445228397358],[-75.154303770606788,39.983403040608188],[-75.154244386875021,39.983395380464401],[-75.15423566355534,39.983435087474184],[-75.154033092166159,39.983408956840073],[-75.154041741671179,39.9833695905605],[-75.153975456878996,39.983361040749067],[-75.153971838023622,39.983377454740236],[-75.15395288126345,39.983466613321397],[-75.154046972732687,39.983509869540214],[-75.153992906015844,39.983756185230511],[-75.154344771695477,39.983801887446504],[-75.154358199339242,39.983740715540073]]]},"properties":{"OBJECTID":88,"PROPERTY_A":"Architecture Building","PROPERTY_1":"2001-59 N. 13th Street","CAMPUS":"MC","BUILDING__":"070","BUILDING_C":"ARCH","Ownership_":"Commonwealth","fact_id":56,"HISTORICAL_SIMPLE":null,"PHC_HISTORICAL_DISTRICT":null,"HISTORICAL_DESIGNATION":"No","Garage":null,"Shape_Length":584.1336057800155,"Shape_Area":13837.565563246872}},{"type":"Feature","id":89,"geometry":{"type":"Polygon","coordinates":[[[-75.15690538806831,39.984049413888016],[-75.157030923499462,39.984066426803757],[-75.157097001697366,39.984075382825111],[-75.157228659466412,39.984093225822804],[-75.157236568745702,39.984046326331253],[-75.157177849415277,39.984038544879205],[-75.157178388810777,39.98403613603066],[-75.157111131866287,39.9840272228031],[-75.157104208883823,39.984017576877669],[-75.157077536619624,39.984014042370617],[-75.157064694286078,39.98402129194308],[-75.15704283508633,39.984018395065952],[-75.157046000977545,39.984004254840421],[-75.156919131373357,39.983987246933879],[-75.15690538806831,39.984049413888016]]]},"properties":{"OBJECTID":89,"PROPERTY_A":"2020 N. Broad Street","PROPERTY_1":"2020 N. Broad Street","CAMPUS":"MC","BUILDING__":"136","BUILDING_C":" ","Ownership_":"Temple University","fact_id":68,"HISTORICAL_SIMPLE":"Declared by PHC.","PHC_HISTORICAL_DISTRICT":"Conwell House Block Historic District","HISTORICAL_DESIGNATION":"Building & property declared \"signifigant\" by PHC as part of the Conwell House Block Historic District.","Garage":null,"Shape_Length":232.48833664590938,"Shape_Area":1846.7361212631854}},{"type":"Feature","id":90,"geometry":{"type":"Polygon","coordinates":[[[-75.156605529961638,39.981167270511044],[-75.156605529961638,39.981167270511044],[-75.156583434622007,39.981267845593479],[-75.156714765164708,39.981284788103757],[-75.156739247834423,39.981183186625444],[-75.156605529961638,39.981167270511044]]]},"properties":{"OBJECTID":90,"PROPERTY_A":"Barrack Hall Annex","PROPERTY_1":"1819-1831 N. Broad Street","CAMPUS":"MC","BUILDING__":"038","BUILDING_C":"BRKANX","Ownership_":"Temple University","fact_id":31,"HISTORICAL_SIMPLE":null,"PHC_HISTORICAL_DISTRICT":null,"HISTORICAL_DESIGNATION":"No","Garage":null,"Shape_Length":150.03578582154643,"Shape_Area":1406.6648684025786}},{"type":"Feature","id":91,"geometry":{"type":"Polygon","coordinates":[[[-75.15430299191577,39.983401748055243],[-75.15430299191577,39.983401748055243],[-75.154293722838744,39.983443936744571],[-75.15433248142115,39.98344893550707],[-75.154333296904412,39.983445220129816],[-75.154481252919879,39.983464304418781],[-75.154498476454549,39.983385908879299],[-75.154463144641227,39.983381349880595],[-75.15447320739635,39.983335553431132],[-75.154508538085025,39.983340110599748],[-75.154576419061655,39.983031143949241],[-75.154393280317677,39.983007521228281],[-75.154386539448907,39.983038204331187],[-75.15438918874527,39.983038544465714],[-75.154387206362784,39.983047570184851],[-75.15430299191577,39.983401748055243]]]},"properties":{"OBJECTID":91,"PROPERTY_A":"Presser Hall Addition","PROPERTY_1":"2001-2059 N. 13th Street","CAMPUS":"MC","BUILDING__":"012","BUILDING_C":"PRSSRA","Ownership_":"Commonwealth","fact_id":10,"HISTORICAL_SIMPLE":null,"PHC_HISTORICAL_DISTRICT":null,"HISTORICAL_DESIGNATION":"No","Garage":null,"Shape_Length":448.74204699630951,"Shape_Area":8201.9582184286319}},{"type":"Feature","id":92,"geometry":{"type":"Polygon","coordinates":[[[-75.153481029283057,40.005620313804236],[-75.15322901360922,40.005587442623451],[-75.153117807530393,40.005575261970925],[-75.153005410785212,40.005560608011223],[-75.152974816318888,40.005699457527101],[-75.153454492857648,40.005762022232602],[-75.153481029283057,40.005620313804236]]]},"properties":{"OBJECTID":92,"PROPERTY_A":"HSC Facilities Management Building","PROPERTY_1":"3428 N. Carlisle Street","CAMPUS":"HSC","BUILDING__":"513","BUILDING_C":" ","Ownership_":"Temple University","fact_id":90,"HISTORICAL_SIMPLE":null,"PHC_HISTORICAL_DISTRICT":null,"HISTORICAL_DESIGNATION":"No","Garage":null,"Shape_Length":374.76035317373362,"Shape_Area":7032.5759593711673}},{"type":"Feature","id":93,"geometry":{"type":"Polygon","coordinates":[[[-75.1515820551909,40.006538620846591],[-75.1515820551909,40.006538620846591],[-75.151588811406242,40.006539499981464],[-75.151660021754523,40.006214847416672],[-75.151097200829639,40.006141868566601],[-75.151040801294542,40.006134554985117],[-75.150495392989043,40.006063829746608],[-75.150432801653679,40.006349320366063],[-75.150424214796047,40.006388479738582],[-75.150508726383407,40.006399436850138],[-75.150952958008617,40.006457046669581],[-75.150979148507403,40.006460442652383],[-75.151026980205117,40.006466645062922],[-75.151086643391551,40.00647438031887],[-75.1515820551909,40.006538620846591]]]},"properties":{"OBJECTID":93,"PROPERTY_A":"Boyer Pavilion Garage (Tioga St.)","PROPERTY_1":"3501-17 N. Broad Street","CAMPUS":"TUH","BUILDING__":"708","BUILDING_C":" ","Ownership_":"TUHS","fact_id":111,"HISTORICAL_SIMPLE":null,"PHC_HISTORICAL_DISTRICT":null,"HISTORICAL_DESIGNATION":"No","Garage":1,"Shape_Length":901.57674791006218,"Shape_Area":39680.56887611861}},{"type":"Feature","id":94,"geometry":{"type":"Polygon","coordinates":[[[-75.151106052773045,40.004345968112041],[-75.151106052773045,40.004345968112041],[-75.151158318396995,40.004352946640985],[-75.151143481201743,40.004418713109338],[-75.151356059690585,40.004447035466349],[-75.151444375996775,40.004055128058873],[-75.151227038807122,40.004026181831463],[-75.151221449081731,40.004050880167476],[-75.151173943367468,40.004044561739093],[-75.151173861067718,40.004044936501913],[-75.151173830145311,40.004045070954724],[-75.151106052773045,40.004345968112041]]]},"properties":{"OBJECTID":94,"PROPERTY_A":"Jones Hall","PROPERTY_1":"1316 W. Ontario Street","CAMPUS":"TUH","BUILDING__":"700","BUILDING_C":"JONES","Ownership_":"TUHS","fact_id":104,"HISTORICAL_SIMPLE":null,"PHC_HISTORICAL_DISTRICT":null,"HISTORICAL_DESIGNATION":"No","Garage":null,"Shape_Length":440.37113851945327,"Shape_Area":10425.46807224049}},{"type":"Feature","id":95,"geometry":{"type":"Polygon","coordinates":[[[-75.151033941750228,40.006710476885523],[-75.151033941750228,40.006710476885523],[-75.151529324609982,40.006774813356152],[-75.151532497016191,40.006760591398901],[-75.151579998133855,40.006547702508868],[-75.151084840409368,40.006482363076273],[-75.151033941750228,40.006710476885523]]]},"properties":{"OBJECTID":95,"PROPERTY_A":"Boyer Pavilion","PROPERTY_1":"3501-17 N. Broad Street","CAMPUS":"TUH","BUILDING__":"707","BUILDING_C":" ","Ownership_":"TUHS","fact_id":110,"HISTORICAL_SIMPLE":null,"PHC_HISTORICAL_DISTRICT":null,"HISTORICAL_DESIGNATION":"No","Garage":null,"Shape_Length":449.72926307124442,"Shape_Area":11839.798899705156}},{"type":"Feature","id":96,"geometry":{"type":"Polygon","coordinates":[[[-75.150106600055992,40.00524040536834],[-75.14988250914142,40.004541500460952],[-75.149472376546484,40.004612905201839],[-75.149512512226721,40.004740160688911],[-75.149744023865452,40.005465644234718],[-75.150154117043471,40.005397230708617],[-75.150106600055992,40.00524040536834]]]},"properties":{"OBJECTID":96,"PROPERTY_A":"Ontario East Parking Garage","PROPERTY_1":"3401-41 N. Broad Street","CAMPUS":"TUH","BUILDING__":"704","BUILDING_C":" ","Ownership_":"TUHS","fact_id":107,"HISTORICAL_SIMPLE":null,"PHC_HISTORICAL_DISTRICT":null,"HISTORICAL_DESIGNATION":"No","Garage":1,"Shape_Length":876.06423716686277,"Shape_Area":37805.453596357278}},{"type":"Feature","id":97,"geometry":{"type":"Polygon","coordinates":[[[-75.165633507970526,39.953044193629417],[-75.165633507970526,39.953044193629417],[-75.166620810386064,39.953166560677751],[-75.166672706200401,39.952918557987687],[-75.165685403608023,39.95279616517265],[-75.165633507970526,39.953044193629417]]]},"properties":{"OBJECTID":97,"PROPERTY_A":"TUCC, 1515 Market Street","PROPERTY_1":"1515 Market Street","CAMPUS":"TUCC","BUILDING__":"193","BUILDING_C":"TUCC","Ownership_":"Leased","fact_id":79,"HISTORICAL_SIMPLE":null,"PHC_HISTORICAL_DISTRICT":null,"HISTORICAL_DESIGNATION":null,"Garage":null,"Shape_Length":743.7461736980697,"Shape_Area":25656.323885021677}},{"type":"Feature","id":98,"geometry":{"type":"Polygon","coordinates":[[[-75.152955579769824,39.954523757451511],[-75.152955579769824,39.954523757451511],[-75.153121418928706,39.954544017456612],[-75.153168502089983,39.954315767471343],[-75.153390502526307,39.954342899126587],[-75.153417043551087,39.954214150408681],[-75.153113532937851,39.95417706898921],[-75.153112225845746,39.954183300585754],[-75.153056103058233,39.954176455499045],[-75.153030803662148,39.954187609546487],[-75.153021914473115,39.954230663564083],[-75.153016196475477,39.954229957467319],[-75.152955579769824,39.954523757451511]]]},"properties":{"OBJECTID":98,"PROPERTY_A":"PCPM Residence Hall","PROPERTY_1":"801 Cherry Street","CAMPUS":"POD","BUILDING__":"580","BUILDING_C":" ","Ownership_":"Temple University","fact_id":97,"HISTORICAL_SIMPLE":null,"PHC_HISTORICAL_DISTRICT":null,"HISTORICAL_DESIGNATION":null,"Garage":null,"Shape_Length":480.19743187645366,"Shape_Area":9085.0291995493117}},{"type":"Feature","id":99,"geometry":{"type":"Polygon","coordinates":[[[-75.195702421780268,40.138292546641502],[-75.195702421780268,40.138292546641502],[-75.195584080716628,40.138218402028031],[-75.195561035553325,40.138236485086892],[-75.195117875685867,40.137979194724274],[-75.19528064653538,40.137814028437312],[-75.195045614315902,40.13767149704131],[-75.19465832985658,40.138057667911532],[-75.195349233645757,40.138466356510619],[-75.195366693321603,40.138448149448585],[-75.195479824875036,40.138512166696437],[-75.195702421780268,40.138292546641502]]]},"properties":{"OBJECTID":99,"PROPERTY_A":"Fort Washington, 425 Commerce Drive","PROPERTY_1":"425 Commerce Drive","CAMPUS":"FTW","BUILDING__":"951","BUILDING_C":"FWCCTR","Ownership_":"Leased","fact_id":135,"HISTORICAL_SIMPLE":null,"PHC_HISTORICAL_DISTRICT":null,"HISTORICAL_DESIGNATION":null,"Garage":null,"Shape_Length":936.77920918312111,"Shape_Area":35210.201322491805}},{"type":"Feature","id":100,"geometry":{"type":"Polygon","coordinates":[[[-75.153222174343227,40.003982124890982],[-75.153222174343227,40.003982124890982],[-75.153165539221959,40.004246166653587],[-75.153143967642393,40.004243455889231],[-75.153136974167637,40.004275894733183],[-75.153212053434672,40.004285430981213],[-75.153226427623608,40.004287254512548],[-75.153144721348355,40.004668130944658],[-75.153167328829369,40.004670993983339],[-75.15325297347637,40.004681841393435],[-75.153244195092014,40.004722809454215],[-75.153248990719902,40.004723419794544],[-75.153807316426821,40.004794262072735],[-75.153977835651531,40.003999216094854],[-75.154093252985774,40.003461089945006],[-75.154093321118793,40.003460778832398],[-75.15402103344492,40.003451610812469],[-75.153543564224535,40.003391055045135],[-75.153451301368548,40.003379353529787],[-75.153357791020653,40.003367492174284],[-75.153354115793732,40.003367028815809],[-75.153222174343227,40.003982124890982]]]},"properties":{"OBJECTID":100,"PROPERTY_A":"Ontario West Parking Garage","PROPERTY_1":"1450 W. Ontario Street","CAMPUS":"TUH","BUILDING__":"705","BUILDING_C":" ","Ownership_":"TUHS","fact_id":108,"HISTORICAL_SIMPLE":null,"PHC_HISTORICAL_DISTRICT":null,"HISTORICAL_DESIGNATION":"No","Garage":1,"Shape_Length":1416.6615882909982,"Shape_Area":99938.920561858235}},{"type":"Feature","id":101,"geometry":{"type":"Polygon","coordinates":[[[-75.153162053862232,40.004866587535851],[-75.153162053862232,40.004866587535851],[-75.153023509136233,40.005504958760937],[-75.153648037631385,40.005586059813737],[-75.153785720986193,40.004947574780942],[-75.153163848755781,40.004865854161409],[-75.153162053862232,40.004866587535851]]]},"properties":{"OBJECTID":101,"PROPERTY_A":"Carlisle West Parking Garage","PROPERTY_1":"3423 N. 15th Street","CAMPUS":"HSC","BUILDING__":"706","BUILDING_C":" ","Ownership_":"Temple University","fact_id":109,"HISTORICAL_SIMPLE":null,"PHC_HISTORICAL_DISTRICT":null,"HISTORICAL_DESIGNATION":"No","Garage":1,"Shape_Length":826.26598653259907,"Shape_Area":41833.849531888809}},{"type":"Feature","id":102,"geometry":{"type":"Polygon","coordinates":[[[-75.151357953427663,40.005113184387383],[-75.151357953427663,40.005113184387383],[-75.151398522318743,40.004910554434147],[-75.151387122326014,40.004908499760653],[-75.151405898045923,40.004822724290037],[-75.150363575378293,40.004694789264505],[-75.150315295652959,40.00499064304794],[-75.150272938877606,40.005182629013149],[-75.150239797459761,40.005179662015586],[-75.150193189154422,40.005388885486084],[-75.150228552775332,40.005391499160687],[-75.150177781811408,40.005610380092691],[-75.150674496439265,40.005666727038651],[-75.150808822503024,40.005163225355567],[-75.150948297458086,40.005175552692982],[-75.150969755540217,40.005072825869227],[-75.151357953427663,40.005113184387383]]]},"properties":{"OBJECTID":102,"PROPERTY_A":"Rock Pavilion","PROPERTY_1":"3401-41 N. Broad Street","CAMPUS":"TUH","BUILDING__":"702","BUILDING_C":" ","Ownership_":"Commonwealth","fact_id":105,"HISTORICAL_SIMPLE":null,"PHC_HISTORICAL_DISTRICT":null,"HISTORICAL_DESIGNATION":"No","Garage":null,"Shape_Length":1277.3794267606022,"Shape_Area":67229.849912131322}},{"type":"Feature","id":103,"geometry":{"type":"Polygon","coordinates":[[[-75.151684751420447,40.005777166064995],[-75.151684751420447,40.005777166064995],[-75.151325335149522,40.005731966724156],[-75.151319970550702,40.005742240346429],[-75.151267432835169,40.00598400811424],[-75.151503802343811,40.006013338946907],[-75.151518890231358,40.005939889717752],[-75.151481340131539,40.00593424098313],[-75.151488950255739,40.005893246588883],[-75.151720391641476,40.00592294117493],[-75.151754488379254,40.005783330546677],[-75.151684751420447,40.005777166064995]]]},"properties":{"OBJECTID":103,"PROPERTY_A":"Parkinson Pavilion","PROPERTY_1":"3401-41 N. Broad Street","CAMPUS":"TUH","BUILDING__":"506","BUILDING_C":" ","Ownership_":"Commonwealth","fact_id":84,"HISTORICAL_SIMPLE":null,"PHC_HISTORICAL_DISTRICT":null,"HISTORICAL_DESIGNATION":"No","Garage":null,"Shape_Length":452.45519744731484,"Shape_Area":8868.1359805237316}},{"type":"Feature","id":104,"geometry":{"type":"Polygon","coordinates":[[[-75.150758614510522,40.005958969576177],[-75.150758614510522,40.005958969576177],[-75.150810525568545,40.005711245593211],[-75.150670852624216,40.005696410599654],[-75.150677629027555,40.005664871585964],[-75.150528475500266,40.005647884572738],[-75.150472147548584,40.005924217607742],[-75.150758614510522,40.005958969576177]]]},"properties":{"OBJECTID":104,"PROPERTY_A":"Ambulatory Care Center","PROPERTY_1":"3401-41 N. Broad Street","CAMPUS":"TUH","BUILDING__":"709","BUILDING_C":" ","Ownership_":"Commonwealth","fact_id":112,"HISTORICAL_SIMPLE":null,"PHC_HISTORICAL_DISTRICT":null,"HISTORICAL_DESIGNATION":"No","Garage":null,"Shape_Length":367.923304935212,"Shape_Area":7879.7548122232547}},{"type":"Feature","id":105,"geometry":{"type":"Polygon","coordinates":[[[-76.881103820919051,40.261852361758592],[-76.881103820919051,40.261852361758592],[-76.880682714842919,40.26230674714536],[-76.880916067177651,40.262433647244471],[-76.880988487429491,40.262417274433851],[-76.881267435519163,40.262570780619605],[-76.881232568027983,40.262615809947022],[-76.881275483546887,40.2626424171727],[-76.881664403315938,40.262204408775716],[-76.881616124157659,40.262185987863319],[-76.881600030104423,40.262112302973911],[-76.881103820919051,40.261852361758592]]]},"properties":{"OBJECTID":105,"PROPERTY_A":"Temple University Harrisburg","PROPERTY_1":"234 Strawberry Square","CAMPUS":"HAR","BUILDING__":"760","BUILDING_C":"HRSBG","Ownership_":"Leased","fact_id":118,"HISTORICAL_SIMPLE":null,"PHC_HISTORICAL_DISTRICT":null,"HISTORICAL_DESIGNATION":null,"Garage":null,"Shape_Length":837.28085850939362,"Shape_Area":39591.939818192353}},{"type":"Feature","id":106,"geometry":{"type":"Polygon","coordinates":[[[-75.150575885902015,40.004403726381291],[-75.150575885902015,40.004403726381291],[-75.150598684686187,40.004308190371631],[-75.150583932771056,40.004306135405507],[-75.15060270784646,40.004214707037214],[-75.150516876957127,40.004204433666565],[-75.150477984837678,40.004389344949423],[-75.150575885902015,40.004403726381291]]]},"properties":{"OBJECTID":106,"PROPERTY_A":"1314 W Ontario Street","PROPERTY_1":"1314 W Ontario Street","CAMPUS":"TUH","BUILDING__":"759","BUILDING_C":" ","Ownership_":"Temple University","fact_id":117,"HISTORICAL_SIMPLE":null,"PHC_HISTORICAL_DISTRICT":null,"HISTORICAL_DESIGNATION":"No","Garage":null,"Shape_Length":193.79362601229468,"Shape_Area":1812.4874799513177}},{"type":"Feature","id":107,"geometry":{"type":"Polygon","coordinates":[[[-75.150354603180006,40.00437290876917],[-75.150354603180006,40.00437290876917],[-75.150392154757597,40.004186970637889],[-75.150300959836628,40.004173615792041],[-75.150264749356282,40.00436160885851],[-75.150354603180006,40.00437290876917]]]},"properties":{"OBJECTID":107,"PROPERTY_A":"1308 W. Ontario Street","PROPERTY_1":"1308 W. Ontario Street","CAMPUS":"TUH","BUILDING__":"758","BUILDING_C":" ","Ownership_":"Temple University","fact_id":116,"HISTORICAL_SIMPLE":null,"PHC_HISTORICAL_DISTRICT":null,"HISTORICAL_DESIGNATION":"No","Garage":null,"Shape_Length":189.28879157927432,"Shape_Area":1773.6055850953871}},{"type":"Feature","id":108,"geometry":{"type":"Polygon","coordinates":[[[-75.151503802343811,40.006013338946907],[-75.151503802343811,40.006013338946907],[-75.151459673837735,40.006008318889734],[-75.151423663186677,40.006184200782464],[-75.151471480785915,40.006190399989272],[-75.151503802343811,40.006013338946907]]]},"properties":{"OBJECTID":108,"PROPERTY_A":"Bridge","PROPERTY_1":"3401-41 N. Broad Street","CAMPUS":"TUH","BUILDING__":"713","BUILDING_C":" ","Ownership_":"Commonwealth","fact_id":113,"HISTORICAL_SIMPLE":null,"PHC_HISTORICAL_DISTRICT":null,"HISTORICAL_DESIGNATION":"No","Garage":null,"Shape_Length":156.07355712800398,"Shape_Area":847.46959447802271}},{"type":"Feature","id":109,"geometry":{"type":"Polygon","coordinates":[[[-75.150472147548584,40.005924217607742],[-75.150472147548584,40.005924217607742],[-75.150528475500266,40.005647884572738],[-75.150179787214142,40.005607822462103],[-75.150118097065942,40.00588312659913],[-75.150472147548584,40.005924217607742]]]},"properties":{"OBJECTID":109,"PROPERTY_A":"Park Ave Pavilion","PROPERTY_1":"3401-41 N. Broad Street","CAMPUS":"TUH","BUILDING__":"703","BUILDING_C":" ","Ownership_":"Commonwealth","fact_id":106,"HISTORICAL_SIMPLE":null,"PHC_HISTORICAL_DISTRICT":null,"HISTORICAL_DESIGNATION":"No","Garage":null,"Shape_Length":402.72926804690468,"Shape_Area":10134.324952668585}},{"type":"Feature","id":110,"geometry":{"type":"Polygon","coordinates":[[[-75.151726068813858,40.005300058529031],[-75.151726068813858,40.005300058529031],[-75.151315684934474,40.005243615968773],[-75.151258035506828,40.005455787587671],[-75.151677800574404,40.005511259609136],[-75.151726068813858,40.005300058529031]]]},"properties":{"OBJECTID":110,"PROPERTY_A":"Ancillary Building","PROPERTY_1":"3401-41 N. Broad Street","CAMPUS":"TUH","BUILDING__":"507","BUILDING_C":" ","Ownership_":"Commonwealth","fact_id":85,"HISTORICAL_SIMPLE":null,"PHC_HISTORICAL_DISTRICT":null,"HISTORICAL_DESIGNATION":"No","Garage":null,"Shape_Length":393.17981825789872,"Shape_Area":9269.0490376241414}},{"type":"Feature","id":111,"geometry":{"type":"MultiPolygon","coordinates":[[[[-75.193867329297163,39.993421621550858],[-75.193867329297163,39.993421621550858],[-75.193870588234162,39.993423861945239],[-75.193870320512161,39.993419241929232],[-75.193867329297163,39.993421621550858]]],[[[-75.193867329297163,39.993421621550858],[-75.193867329297163,39.993421621550858],[-75.193754719427986,39.99334419781195],[-75.193600227491103,39.993467108043525],[-75.193561605364962,39.993435243339398],[-75.193499184544578,39.993482813812875],[-75.193519743190834,39.993496630018015],[-75.193454382383266,39.993548981504397],[-75.193475507325488,39.993562504888743],[-75.193326628937172,39.9936832719658],[-75.193433585385719,39.993778870550997],[-75.193573222037244,39.993658235387045],[-75.193585105976013,39.993646854548182],[-75.193624227799219,39.993677896037902],[-75.193757186881228,39.99356979721653],[-75.193715829784253,39.99354215234203],[-75.193867329297163,39.993421621550858]]]]},"properties":{"OBJECTID":111,"PROPERTY_A":"East Park Canoe House","PROPERTY_1":"2400 Kelly Drive","CAMPUS":"OFF","BUILDING__":"046","BUILDING_C":" ","Ownership_":"Leased","fact_id":37,"HISTORICAL_SIMPLE":null,"PHC_HISTORICAL_DISTRICT":null,"HISTORICAL_DESIGNATION":null,"Garage":null,"Shape_Length":508.09718370619959,"Shape_Area":9002.044625579947}},{"type":"Feature","id":112,"geometry":{"type":"Polygon","coordinates":[[[-75.159662859197979,39.978845264381249],[-75.159662859197979,39.978845264381249],[-75.160272532166417,39.978922323367321],[-75.16029763408207,39.978804779128289],[-75.160044380666747,39.978773241594531],[-75.160042064309309,39.97878570444324],[-75.159796824314327,39.978754721132624],[-75.159799168873889,39.978743761820773],[-75.159703082374861,39.978731616977043],[-75.159695285901066,39.978730630082786],[-75.159687542947012,39.978729652505137],[-75.159662859197979,39.978845264381249]]]},"properties":{"OBJECTID":112,"PROPERTY_A":"Beech Interplex","PROPERTY_1":"1500-1508 Cecil B. Moore Avenue","CAMPUS":"MC","BUILDING__":"090","BUILDING_C":"BEECH","Ownership_":"Leased","fact_id":60,"HISTORICAL_SIMPLE":null,"PHC_HISTORICAL_DISTRICT":null,"HISTORICAL_DESIGNATION":"No","Garage":null,"Shape_Length":441.10341355049439,"Shape_Area":7153.7658817657566}},{"type":"Feature","id":113,"geometry":{"type":"Polygon","coordinates":[[[-75.15703236320411,39.98343939243879],[-75.157317055407731,39.983476311051618],[-75.157332018153369,39.98347825198131],[-75.157332850884103,39.983474448676382],[-75.157338505923704,39.983475181911196],[-75.15734087046512,39.983464388877202],[-75.157362230683532,39.983467159098922],[-75.157370501090384,39.983429419395101],[-75.157332303990657,39.983424465882955],[-75.157332940822869,39.983421560071271],[-75.157204056988249,39.983404845736132],[-75.157206726495502,39.983392661214737],[-75.157047243254397,39.983371619795577],[-75.157046096370195,39.983376840510047],[-75.15703236320411,39.98343939243879]]]},"properties":{"OBJECTID":113,"PROPERTY_A":"2002 N. Broad Street","PROPERTY_1":"2002 N. Broad Street","CAMPUS":"MC","BUILDING__":"135","BUILDING_C":"2002NB","Ownership_":"Temple University","fact_id":67,"HISTORICAL_SIMPLE":"Declared by PHC.","PHC_HISTORICAL_DISTRICT":null,"HISTORICAL_DESIGNATION":"Building declared historic by PHC.","Garage":null,"Shape_Length":235.60654821995516,"Shape_Area":2054.8378433821863}},{"type":"Feature","id":114,"geometry":{"type":"Polygon","coordinates":[[[-75.156826105751648,39.984365258337704],[-75.156932480282649,39.984377524337503],[-75.156934298441413,39.984368190327054],[-75.157047520696366,39.984381245252273],[-75.157045198715068,39.984393161010267],[-75.157090263733238,39.984398357168033],[-75.157091881052082,39.984390049382419],[-75.157102055848824,39.984391220819056],[-75.157118442557064,39.984307120624329],[-75.15710658042525,39.984305752488872],[-75.157107774838778,39.984299624621656],[-75.156969241308232,39.984283650732905],[-75.156970013433806,39.98428008573147],[-75.156970845297749,39.984276244566232],[-75.156971870210498,39.984271519359233],[-75.157071911122273,39.984284100751559],[-75.157072179563315,39.9842828372824],[-75.157135027879193,39.984290741800095],[-75.157136779741307,39.984282499223816],[-75.157129516319031,39.984281585480936],[-75.157130865538861,39.984275237658501],[-75.157134793137146,39.984256761822984],[-75.157142246625099,39.98425769787994],[-75.157144391627952,39.984247563939142],[-75.157136571977503,39.984246554736679],[-75.157137199082115,39.984243597347955],[-75.157138213446871,39.984238810632228],[-75.157141602094683,39.984222823845577],[-75.157148445928669,39.984223683057593],[-75.157150386805768,39.984214539228596],[-75.157099201008563,39.984208109171043],[-75.157099685136927,39.984205828820663],[-75.156973069392734,39.984189923256594],[-75.156977336061274,39.984170083737382],[-75.157155579347005,39.984193333955062],[-75.157158639430392,39.984179449027529],[-75.157150322553164,39.984178363719195],[-75.157153348398126,39.984164639300467],[-75.157156282329396,39.984151328174271],[-75.156890400654106,39.984116647085528],[-75.156889856569776,39.984119117096242],[-75.156879498900878,39.984117766710469],[-75.156826105751648,39.984365258337704]]]},"properties":{"OBJECTID":114,"PROPERTY_A":"2024-2032 N. Broad Street","PROPERTY_1":"2024-2032 N. Broad Street","CAMPUS":"MC","BUILDING__":"160","BUILDING_C":"2024NB","Ownership_":"Temple University","fact_id":75,"HISTORICAL_SIMPLE":null,"PHC_HISTORICAL_DISTRICT":null,"HISTORICAL_DESIGNATION":"No","Garage":null,"Shape_Length":549.84958243779511,"Shape_Area":6533.4351285908442}},{"type":"Feature","id":115,"geometry":{"type":"Polygon","coordinates":[[[-75.153641237476634,39.954837843062556],[-75.153641237476634,39.954837843062556],[-75.153683294131554,39.954627056227608],[-75.153144654633763,39.954553900530314],[-75.153057307605067,39.954946956377171],[-75.154027828210047,39.955069708601762],[-75.154063414439719,39.954887440262112],[-75.153641237476634,39.954837843062556]]]},"properties":{"OBJECTID":115,"PROPERTY_A":"Podiatric Medicine Building","PROPERTY_1":"148 N. 8th Street","CAMPUS":"POD","BUILDING__":"579","BUILDING_C":"PODMED","Ownership_":"Temple University","fact_id":96,"HISTORICAL_SIMPLE":null,"PHC_HISTORICAL_DISTRICT":null,"HISTORICAL_DESIGNATION":null,"Garage":null,"Shape_Length":838.88828918119555,"Shape_Area":30274.607732327386}},{"type":"Feature","id":116,"geometry":{"type":"Polygon","coordinates":[[[-75.151276176691923,40.00592861138103],[-75.151276176691923,40.00592861138103],[-75.151319970550702,40.005742240346429],[-75.151686476800663,40.005773749708077],[-75.151747478053224,40.005496438031365],[-75.151808232082857,40.005504733724131],[-75.15178865971987,40.005454334695244],[-75.151757722217837,40.005449953863256],[-75.151753332085377,40.0053818014702],[-75.151709276813776,40.005375888445897],[-75.151677800574404,40.005511259609136],[-75.151258035506828,40.005455787587671],[-75.151346153523875,40.005110036732866],[-75.150969755540217,40.005072825869227],[-75.150948297458086,40.005175552692982],[-75.150808822503024,40.005163225355567],[-75.150677629027555,40.005664871585964],[-75.150670852624216,40.005696410599654],[-75.150810525568545,40.005711245593211],[-75.15075902600114,40.005957004760106],[-75.151066934478834,40.005994976889511],[-75.151089995891738,40.005899187243635],[-75.151276176691923,40.00592861138103]]]},"properties":{"OBJECTID":116,"PROPERTY_A":"Outpatient Building","PROPERTY_1":"3401-41 N. Broad Street","CAMPUS":"TUH","BUILDING__":"508","BUILDING_C":" ","Ownership_":"Commonwealth","fact_id":86,"HISTORICAL_SIMPLE":null,"PHC_HISTORICAL_DISTRICT":null,"HISTORICAL_DESIGNATION":"No","Garage":null,"Shape_Length":1343.0190038316803,"Shape_Area":58972.207237200819}},{"type":"Feature","id":117,"geometry":{"type":"Polygon","coordinates":[[[-75.190855391645698,40.166129069347988],[-75.190855391645698,40.166129069347988],[-75.190853944365486,40.16611453289908],[-75.190851182385842,40.166086737861477],[-75.190843214760889,40.166006646666645],[-75.190912383105513,40.166002611262954],[-75.190923326808459,40.166112760148181],[-75.190924047229231,40.166112715801752],[-75.191103457611888,40.166102237998679],[-75.191086728509589,40.165933987588069],[-75.19061217739204,40.16596176372164],[-75.190557343464988,40.165964974388544],[-75.190189797417673,40.165986483547144],[-75.190212060585537,40.166210139774009],[-75.190859688457934,40.166172254224058],[-75.190855391645698,40.166129069347988]]]},"properties":{"OBJECTID":117,"PROPERTY_A":"Ambler Research and Collaboration Building","PROPERTY_1":"580 Meetinghouse Road","CAMPUS":"AMB","BUILDING__":"930","BUILDING_C":"AMLBRY","Ownership_":"Temple University","fact_id":131,"HISTORICAL_SIMPLE":null,"PHC_HISTORICAL_DISTRICT":null,"HISTORICAL_DESIGNATION":"No","Garage":null,"Shape_Length":746.72184582059879,"Shape_Area":18347.692697924565}},{"type":"Feature","id":118,"geometry":{"type":"Polygon","coordinates":[[[-75.157453916733061,39.983415556668021],[-75.157463487794018,39.983373229525753],[-75.157466904795285,39.983371592978756],[-75.157469084367449,39.983370308708153],[-75.157471592829566,39.983366944209195],[-75.157472814463603,39.983361544075194],[-75.157472436804355,39.983359133431144],[-75.15747143153024,39.98335656444678],[-75.157468006591188,39.983352149580298],[-75.157465563155853,39.983350527514631],[-75.15746234122723,39.983349017609612],[-75.157451683068928,39.983347502807007],[-75.157447961675643,39.983348215241485],[-75.157444440982374,39.983349499850718],[-75.15744301929999,39.983350321899962],[-75.157363377729666,39.983339665786666],[-75.157361292787286,39.98333472796314],[-75.157355426278301,39.983330360652971],[-75.157349223540322,39.983327406651661],[-75.157344368114636,39.983326131047953],[-75.157336327418179,39.983325054692898],[-75.157328939196816,39.98332547975636],[-75.157322065581823,39.983326507512267],[-75.157318712839398,39.983327534616691],[-75.157316534202579,39.983328947751119],[-75.15731535139048,39.983329771591045],[-75.15731468959936,39.983330232377945],[-75.157312664963285,39.98333178414395],[-75.157287097829609,39.983328362945279],[-75.157287396754981,39.983327037093197],[-75.157266073549678,39.983316487405041],[-75.15724447401584,39.983320692842724],[-75.157188319543764,39.983313179262723],[-75.157185775772035,39.983308908635152],[-75.157181585343693,39.983305953233739],[-75.157177226999394,39.983303898660424],[-75.157171710546237,39.983301898113297],[-75.157158915319982,39.983300186334368],[-75.157150404782854,39.983301200524714],[-75.15714386674604,39.983303255803499],[-75.157139508693646,39.98330518193152],[-75.157135820768943,39.983307379989249],[-75.157093742233343,39.983301749439065],[-75.157090055735168,39.983297989097309],[-75.157086501452383,39.983296287865073],[-75.157081358271427,39.983294726433328],[-75.157075716444481,39.983294844044742],[-75.157067591925212,39.983295932724566],[-75.157061010141504,39.983298029358117],[-75.157056527948427,39.983300814051269],[-75.15705300779608,39.983304538616849],[-75.15705135977872,39.983308098245736],[-75.157050441171478,39.983312156398775],[-75.157051330916147,39.983315971587643],[-75.157052946547637,39.983318782323472],[-75.157045618610482,39.983351190355265],[-75.157040266632876,39.983353349011708],[-75.157036371408651,39.9833558225993],[-75.157033392056135,39.983358359227211],[-75.157032215621129,39.98336070322528],[-75.157030866974651,39.983366668126919],[-75.15703255354174,39.98337068873046],[-75.15703523706776,39.983374029064777],[-75.157038121999491,39.983375775543905],[-75.157046096370195,39.983376840510047],[-75.157047243254397,39.983371619795577],[-75.157237666815661,39.983396743528964],[-75.15723988786182,39.983386917651011],[-75.157453916733061,39.983415556668021]]]},"properties":{"OBJECTID":118,"PROPERTY_A":"2000 N. Broad Street","PROPERTY_1":"2000 N. Broad Street","CAMPUS":"MC","BUILDING__":"146","BUILDING_C":" ","Ownership_":"Temple University","fact_id":70,"HISTORICAL_SIMPLE":"Declared by PHC.","PHC_HISTORICAL_DISTRICT":null,"HISTORICAL_DESIGNATION":"Building declared historic by PHC.","Garage":null,"Shape_Length":303.88189811405647,"Shape_Area":3093.7288097244154}},{"type":"Feature","id":119,"geometry":{"type":"Polygon","coordinates":[[[-75.157551134175009,39.983436502006846],[-75.157763739580489,39.983462671934014],[-75.157777945591718,39.983394373111111],[-75.157690382567282,39.983383595070478],[-75.157691372512787,39.983378833027786],[-75.157657552735245,39.983374670478234],[-75.157656666392583,39.983378927587935],[-75.157565446306506,39.983367699230726],[-75.157551134175009,39.983436502006846]]]},"properties":{"OBJECTID":119,"PROPERTY_A":"2000B N. Broad Street","PROPERTY_1":"2000B N. Broad Street","CAMPUS":"MC","BUILDING__":"147","BUILDING_C":" ","Ownership_":"Temple University","fact_id":71,"HISTORICAL_SIMPLE":"Declared by PHC.","PHC_HISTORICAL_DISTRICT":null,"HISTORICAL_DESIGNATION":"Building declared historic by PHC.","Garage":null,"Shape_Length":174.57763248565402,"Shape_Area":1541.9278670704493}},{"type":"Feature","id":120,"geometry":{"type":"Polygon","coordinates":[[[-75.156412379900104,39.980015989859773],[-75.156419912446623,39.979980185147419],[-75.156370431949341,39.979974023890385],[-75.156363078381005,39.980008974875872],[-75.156412379900104,39.980015989859773]]]},"properties":{"OBJECTID":120,"PROPERTY_A":"Bagel Hut Liacouras","PROPERTY_1":"Montgomery Avenue & Liacouras Walk","CAMPUS":"MC","BUILDING__":"170","BUILDING_C":" ","Ownership_":"Temple University","fact_id":77,"HISTORICAL_SIMPLE":null,"PHC_HISTORICAL_DISTRICT":null,"HISTORICAL_DESIGNATION":"No","Garage":null,"Shape_Length":54.20820831815724,"Shape_Area":183.38821360552652}},{"type":"Feature","id":121,"geometry":{"type":"Polygon","coordinates":[[[-75.156991223329399,39.984523753223684],[-75.156986111548065,39.984546583949893],[-75.157182903436393,39.984572652585456],[-75.157216550230316,39.984422345392773],[-75.157018807801109,39.98439615081157],[-75.157016020037062,39.984408608369506],[-75.157003296753373,39.984413995519873],[-75.156980978993644,39.984513696171774],[-75.156991223329399,39.984523753223684]]]},"properties":{"OBJECTID":121,"PROPERTY_A":"2034-2042 N. Broad Street 7-11","PROPERTY_1":"2034-2042 N. Broad Street","CAMPUS":"MC","BUILDING__":"159","BUILDING_C":" ","Ownership_":"Temple University Ground Leased","fact_id":74,"HISTORICAL_SIMPLE":null,"PHC_HISTORICAL_DISTRICT":null,"HISTORICAL_DESIGNATION":"No","Garage":null,"Shape_Length":226.36741398288243,"Shape_Area":3247.529226246108}},{"type":"Feature","id":122,"geometry":{"type":"Polygon","coordinates":[[[-75.15690538806831,39.984049413888016],[-75.156891450989974,39.984112268444335],[-75.157013256887353,39.984128460078104],[-75.157016150398135,39.98411381543648],[-75.157216826781834,39.984139991627764],[-75.157227142295397,39.984093020354464],[-75.15690538806831,39.984049413888016]]]},"properties":{"OBJECTID":122,"PROPERTY_A":"2022 N. Broad Street","PROPERTY_1":"2022 N. Broad Street","CAMPUS":"MC","BUILDING__":"N/A","BUILDING_C":" ","Ownership_":"Temple University","fact_id":136,"HISTORICAL_SIMPLE":"Declared by PHC.","PHC_HISTORICAL_DISTRICT":"Conwell House Block Historic District","HISTORICAL_DESIGNATION":"Building & property declared \"contributing\" by PHC as part of the Conwell House Block Historic District.","Garage":null,"Shape_Length":229.20573496452369,"Shape_Area":1800.5951986128516}},{"type":"Feature","id":123,"geometry":{"type":"Polygon","coordinates":[[[-75.157284821387933,39.983819676091656],[-75.156965375578409,39.98377813208451],[-75.156951587614742,39.983832543874883],[-75.157072367455783,39.983850655769686],[-75.157075223368466,39.983839388192962],[-75.157097095991176,39.983842668301008],[-75.157108956386608,39.983857057006851],[-75.157136546117471,39.983861194293027],[-75.157155602038102,39.983851460426848],[-75.157216073518512,39.983860528486268],[-75.157217162797366,39.983856233616073],[-75.157273419519626,39.98386467032158],[-75.157284821387933,39.983819676091656]]]},"properties":{"OBJECTID":123,"PROPERTY_A":"2014 N. Broad Street","PROPERTY_1":"2014 N. Broad Street","CAMPUS":"MC","BUILDING__":"N/A","BUILDING_C":" ","Ownership_":"Temple University","fact_id":137,"HISTORICAL_SIMPLE":"Declared by PHC.","PHC_HISTORICAL_DISTRICT":"Conwell House Block Historic District","HISTORICAL_DESIGNATION":"Building & property declared \"contributing\" by PHC as part of the Conwell House Block Historic District.","Garage":null,"Shape_Length":228.00401817973813,"Shape_Area":1730.7159342323134}},{"type":"Feature","id":124,"geometry":{"type":"Polygon","coordinates":[[[-75.156984990657023,39.983720253283707],[-75.156982890431607,39.983728539345144],[-75.156969805073004,39.983733902991212],[-75.156965146793382,39.983752281221271],[-75.156976875893236,39.983763910762072],[-75.156972982844096,39.983779272555054],[-75.157284821387933,39.983819676091656],[-75.157299789044657,39.983821919876739],[-75.157302380256809,39.98381169419897],[-75.157305085853167,39.983801018794274],[-75.15731294355048,39.983770011183942],[-75.157266913326524,39.983763109297321],[-75.157265481929443,39.983768756975763],[-75.157253854437414,39.983767013023737],[-75.1572545219597,39.983764377309946],[-75.157241552811399,39.983762432754681],[-75.157243808926594,39.98375352940981],[-75.157178676761248,39.983743762298516],[-75.157177667317967,39.983747745417894],[-75.157164942763458,39.983745837014268],[-75.157168154511496,39.983733163777906],[-75.157095766886954,39.983722307358086],[-75.157093942385814,39.983729507617099],[-75.157089732306446,39.983728876394615],[-75.157089732258655,39.983722373748698],[-75.157061230698773,39.983718099617747],[-75.157059595255035,39.983724550896845],[-75.157055901097223,39.983723997103617],[-75.15705421868013,39.983730635634082],[-75.156984990657023,39.983720253283707]]]},"properties":{"OBJECTID":124,"PROPERTY_A":"2012 N. Broad Street","PROPERTY_1":"2012 N. Broad Street","CAMPUS":"MC","BUILDING__":"N/A","BUILDING_C":" ","Ownership_":"Temple University","fact_id":138,"HISTORICAL_SIMPLE":"Declared by PHC.","PHC_HISTORICAL_DISTRICT":"Conwell House Block Historic District","HISTORICAL_DESIGNATION":"Building & property declared \"contributing\" by PHC as part of the Conwell House Block Historic District.","Garage":null,"Shape_Length":252.94733660129282,"Shape_Area":2130.2109938530471}},{"type":"Feature","id":125,"geometry":{"type":"Polygon","coordinates":[[[-75.15699661550552,39.983704426456619],[-75.157105788746819,39.983718247636709],[-75.157108585897532,39.983705174894311],[-75.157306330791613,39.983730209812059],[-75.157312153432656,39.983703020693021],[-75.157356370865855,39.983708623790086],[-75.157347561572251,39.983749801316328],[-75.1573899794939,39.983755170930152],[-75.157402350104604,39.98369734645923],[-75.156995458289344,39.983644206018717],[-75.156991578720309,39.983662344152357],[-75.156998175017449,39.983663181563628],[-75.156997827225055,39.983664805448896],[-75.156991739068758,39.983664034480469],[-75.156981083401604,39.983669938671433],[-75.156977240922416,39.983687902845254],[-75.156987854532559,39.983696168911415],[-75.156987430898056,39.983698153292224],[-75.15699661550552,39.983704426456619]]]},"properties":{"OBJECTID":125,"PROPERTY_A":"2010 N. Broad Street","PROPERTY_1":"2010 N. Broad Street","CAMPUS":"MC","BUILDING__":"N/A","BUILDING_C":" ","Ownership_":"Temple University","fact_id":139,"HISTORICAL_SIMPLE":"Declared by PHC.","PHC_HISTORICAL_DISTRICT":"Conwell House Block Historic District","HISTORICAL_DESIGNATION":"Building & property declared \"contributing\" by PHC as part of the Conwell House Block Historic District.","Garage":null,"Shape_Length":308.4533312171593,"Shape_Area":2024.6942752465095}},{"type":"Feature","id":126,"geometry":{"type":"Polygon","coordinates":[[[-75.152004869140129,39.981094263525364],[-75.152000320201367,39.981113365773489],[-75.152028325764462,39.981117312806198],[-75.152032874695664,39.981098210556965],[-75.152004869140129,39.981094263525364]]]},"properties":{"OBJECTID":126,"PROPERTY_A":"Security Kiosk Polett","PROPERTY_1":"11th Street & Polett Walk","CAMPUS":"MC","BUILDING__":"171","BUILDING_C":" ","Ownership_":"Temple University","fact_id":78,"HISTORICAL_SIMPLE":null,"PHC_HISTORICAL_DISTRICT":null,"HISTORICAL_DESIGNATION":"No","Garage":null,"Shape_Length":30.106525527846955,"Shape_Area":56.445679553806542}},{"type":"Feature","id":127,"geometry":{"type":"Polygon","coordinates":[[[-75.151745927104017,39.981181433381984],[-75.1516283105517,39.981164952433538],[-75.151616550822226,39.981214621576591],[-75.151596286914199,39.981211782281292],[-75.151553816200902,39.981391157014066],[-75.151571279502434,39.981393604033485],[-75.15156395515119,39.98142453868617],[-75.151601810538466,39.981429844120775],[-75.151598166010217,39.981445233008372],[-75.151663835761227,39.981454435269328],[-75.151667705223844,39.981438095491065],[-75.151686973098961,39.98144079598989],[-75.151693408858932,39.981413615582674],[-75.151715973667095,39.981416778159335],[-75.151758243977255,39.981238253005266],[-75.151734737919995,39.981234958300149],[-75.151745927104017,39.981181433381984]]]},"properties":{"OBJECTID":127,"PROPERTY_A":"Norris Home Community Center","PROPERTY_1":"1915 N. 11th Street","CAMPUS":"MC","BUILDING__":"N/A","BUILDING_C":" ","Ownership_":"Leased","fact_id":140,"HISTORICAL_SIMPLE":null,"PHC_HISTORICAL_DISTRICT":null,"HISTORICAL_DESIGNATION":"No","Garage":null,"Shape_Length":296.27890073076986,"Shape_Area":4203.0228028833508}},{"type":"Feature","id":128,"geometry":{"type":"Polygon","coordinates":[[[-75.172665787623743,40.044781668598375],[-75.172664473834928,40.044782954597117],[-75.172619358327509,40.044827141553831],[-75.172580484425879,40.044865212821371],[-75.172541554376622,40.044903341382565],[-75.17253619436427,40.044908591140604],[-75.172581740517927,40.044936060455029],[-75.172552676939702,40.044964524506767],[-75.172557068770729,40.044977973326091],[-75.172644408892211,40.045030650887924],[-75.172644791740012,40.045030880225404],[-75.17279310670358,40.045121262593831],[-75.172793155976834,40.045121292531626],[-75.172971619126344,40.044957447909979],[-75.172671144164411,40.044776880074316],[-75.172670854178193,40.044776705979992],[-75.172667263422696,40.044780222250644],[-75.172665787623743,40.044781668598375]]]},"properties":{"OBJECTID":128,"PROPERTY_A":"Braid Mill (Philadelphia Ceasefire)","PROPERTY_1":"441 High Street, Philadelphia PA 19144","CAMPUS":"OFF","BUILDING__":"N/A","BUILDING_C":" ","Ownership_":"Leased","fact_id":142,"HISTORICAL_SIMPLE":null,"PHC_HISTORICAL_DISTRICT":null,"HISTORICAL_DESIGNATION":null,"Garage":null,"Shape_Length":364.47258873899011,"Shape_Area":7919.6562628553393}},{"type":"Feature","id":129,"geometry":{"type":"Polygon","coordinates":[[[-75.192096656158554,40.164375577713351],[-75.192036698084664,40.164316233313698],[-75.19196686884014,40.16435678561426],[-75.192031701147059,40.164416240199841],[-75.192096656158554,40.164375577713351]]]},"properties":{"OBJECTID":129,"PROPERTY_A":"Rose Cottage","PROPERTY_1":" ","CAMPUS":"AMB","BUILDING__":"908","BUILDING_C":"AMROSE","Ownership_":"Temple University","fact_id":125,"HISTORICAL_SIMPLE":null,"PHC_HISTORICAL_DISTRICT":null,"HISTORICAL_DESIGNATION":"No","Garage":null,"Shape_Length":103.49775740537439,"Shape_Area":665.51784746452734}},{"type":"Feature","id":130,"geometry":{"type":"Polygon","coordinates":[[[-75.192603423696212,40.164423333221578],[-75.192557733974894,40.164373662155754],[-75.19241152575421,40.164466787937712],[-75.192397274730865,40.16448892676685],[-75.192428321263534,40.164506460030616],[-75.192453222458539,40.164492977718865],[-75.192468535101412,40.164507353778738],[-75.192504483887078,40.164486124236092],[-75.192524741452715,40.164504555654261],[-75.192514522415564,40.164516796547304],[-75.19255712065052,40.164551427948737],[-75.192614693378317,40.164512472482642],[-75.192559113696788,40.164466325274404],[-75.192551440728963,40.164471475140843],[-75.19254169384773,40.164462284590421],[-75.192603423696212,40.164423333221578]]]},"properties":{"OBJECTID":130,"PROPERTY_A":"Administration Building","PROPERTY_1":"580 Meetinghouse Road","CAMPUS":"AMB","BUILDING__":"901","BUILDING_C":" ","Ownership_":"Temple University","fact_id":119,"HISTORICAL_SIMPLE":null,"PHC_HISTORICAL_DISTRICT":null,"HISTORICAL_DESIGNATION":"No","Garage":null,"Shape_Length":228.25588617434741,"Shape_Area":1744.329065682929}},{"type":"Feature","id":131,"geometry":{"type":"Polygon","coordinates":[[[-75.150441554365258,39.979948188203011],[-75.150475081625785,39.979780680404048],[-75.150057998581829,39.979727242418271],[-75.150104937846862,39.979486772125405],[-75.150513974224097,39.979542264937692],[-75.150548842211748,39.979379896275375],[-75.149958756427083,39.979300765877397],[-75.149855491539554,39.979869058410365],[-75.150441554365258,39.979948188203011]]]},"properties":{"OBJECTID":131,"PROPERTY_A":"Atlantic Terminal","PROPERTY_1":"1801-23 N. 10th Street","CAMPUS":"MC","BUILDING__":null,"BUILDING_C":"ATLNTC","Ownership_":"Temple University Ground Leased","fact_id":39,"HISTORICAL_SIMPLE":null,"PHC_HISTORICAL_DISTRICT":null,"HISTORICAL_DESIGNATION":"No","Garage":null,"Shape_Length":988.80885657125668,"Shape_Area":24585.721647987553}},{"type":"Feature","id":132,"geometry":{"type":"Polygon","coordinates":[[[-75.157219853596374,39.972747407790195],[-75.157238602085158,39.972665201760115],[-75.157244229509516,39.972640525689471],[-75.157137731879715,39.972623129085292],[-75.15711326175186,39.972732505759112],[-75.157219853596374,39.972747407790195]]]},"properties":{"OBJECTID":132,"PROPERTY_A":"Temple Sports Complex North Shed","PROPERTY_1":"1389 N. Broad Street","CAMPUS":"MC","BUILDING__":"162","BUILDING_C":"TUSCNS","Ownership_":"Temple University","fact_id":144,"HISTORICAL_SIMPLE":null,"PHC_HISTORICAL_DISTRICT":null,"HISTORICAL_DESIGNATION":"No","Garage":null,"Shape_Length":140.83775676580777,"Shape_Area":1216.5074838400039}},{"type":"Feature","id":133,"geometry":{"type":"Polygon","coordinates":[[[-75.157274903156534,39.972495054723154],[-75.157281222654845,39.972466236991579],[-75.15729266924285,39.972413639207637],[-75.157190920369217,39.972399472869959],[-75.157173175743296,39.972481519569918],[-75.157274903156534,39.972495054723154]]]},"properties":{"OBJECTID":133,"PROPERTY_A":"Temple Sports Complex South Shed","PROPERTY_1":"1389 N. Broad Street","CAMPUS":"MC","BUILDING__":"163","BUILDING_C":"TUSCSS","Ownership_":"Temple University","fact_id":143,"HISTORICAL_SIMPLE":null,"PHC_HISTORICAL_DISTRICT":null,"HISTORICAL_DESIGNATION":"No","Garage":null,"Shape_Length":118.28787206263462,"Shape_Area":874.20640985841135}},{"type":"Feature","id":134,"geometry":{"type":"Polygon","coordinates":[[[-75.15753002183375,39.984541158295798],[-75.15754884486941,39.984456798629282],[-75.157561648960126,39.984458468211947],[-75.15756853707795,39.984426992680802],[-75.157556685954717,39.984425458152991],[-75.157558328678476,39.984418109618609],[-75.157461972066386,39.984405383023734],[-75.157460238798024,39.984413139474654],[-75.157330061947093,39.984396280786207],[-75.157315942316103,39.984460305288167],[-75.157445847675362,39.984477129925573],[-75.157441831306059,39.98449495683407],[-75.157349192552189,39.98448268354776],[-75.157330526473729,39.984490271021805],[-75.157327244791432,39.984504929426521],[-75.157335063307883,39.984513639587263],[-75.157342126331557,39.984514587533191],[-75.157341761952836,39.984516216450793],[-75.15753002183375,39.984541158295798]]]},"properties":{"OBJECTID":134,"PROPERTY_A":"2047-2051 N. Carlisle Street","PROPERTY_1":"2047-2051 N. Carlisle Street","CAMPUS":"MC","BUILDING__":"148","BUILDING_C":null,"Ownership_":"Temple University","fact_id":156,"HISTORICAL_SIMPLE":null,"PHC_HISTORICAL_DISTRICT":null,"HISTORICAL_DESIGNATION":"No","Garage":null,"Shape_Length":284.62331798561252,"Shape_Area":2523.7823452042562}},{"type":"Feature","id":135,"geometry":{"type":"Polygon","coordinates":[[[-75.157386893268139,39.984125994301891],[-75.157518174469317,39.984144133000889],[-75.157516076249692,39.984153411136418],[-75.157613328955705,39.984166280473183],[-75.157623439103048,39.984120048772098],[-75.15739563063164,39.984088573292112],[-75.157386893268139,39.984125994301891]]]},"properties":{"OBJECTID":135,"PROPERTY_A":"2033 N. Carlisle Street","PROPERTY_1":"2033 N. Carlisle Street","CAMPUS":"MC","BUILDING__":"123","BUILDING_C":null,"Ownership_":"Temple University","fact_id":157,"HISTORICAL_SIMPLE":null,"PHC_HISTORICAL_DISTRICT":null,"HISTORICAL_DESIGNATION":"No","Garage":null,"Shape_Length":164.24797496403136,"Shape_Area":991.3819369339891}},{"type":"Feature","id":136,"geometry":{"type":"Polygon","coordinates":[[[-75.159099361329524,39.977336005462853],[-75.159129273267155,39.977200107293349],[-75.158986687868008,39.977180133624799],[-75.15895872117963,39.977317684000305],[-75.159099361329524,39.977336005462853]]]},"properties":{"OBJECTID":136,"PROPERTY_A":"1406 W. Oxford Street","PROPERTY_1":"1406 W. Oxford Street","CAMPUS":"MC","BUILDING__":null,"BUILDING_C":null,"Ownership_":"Temple University","fact_id":158,"HISTORICAL_SIMPLE":null,"PHC_HISTORICAL_DISTRICT":null,"HISTORICAL_DESIGNATION":"No","Garage":null,"Shape_Length":181.51967931297941,"Shape_Area":2033.257677009356}},{"type":"Feature","id":137,"geometry":{"type":"Polygon","coordinates":[[[-75.159129273267155,39.977200107293349],[-75.159169916393381,39.977015454074937],[-75.15902445810876,39.976996504013037],[-75.158986687868008,39.977180133624799],[-75.159129273267155,39.977200107293349]]]},"properties":{"OBJECTID":137,"PROPERTY_A":"1535-1537 N. Carlisle Street","PROPERTY_1":"1535-1537 N. Carlisle Street","CAMPUS":"MC","BUILDING__":"148","BUILDING_C":null,"Ownership_":"Temple University","fact_id":160,"HISTORICAL_SIMPLE":null,"PHC_HISTORICAL_DISTRICT":null,"HISTORICAL_DESIGNATION":"No","Garage":null,"Shape_Length":217.91177872133792,"Shape_Area":2785.4136360191264}},{"type":"Feature","id":138,"geometry":{"type":"Polygon","coordinates":[[[-75.15895688696952,39.977324534468089],[-75.158986687868008,39.977180133624799],[-75.159026433232256,39.976987524919039],[-75.1589403006205,39.976976303305477],[-75.1589440577483,39.976959232766625],[-75.158890455330052,39.97695224965863],[-75.158876496466547,39.977013981235878],[-75.158902808524346,39.977017923522538],[-75.158867538082077,39.977178167777041],[-75.158847247729767,39.977175524664702],[-75.158826966046476,39.977267668772043],[-75.158834090417656,39.977268954107679],[-75.158825644035801,39.977307326033603],[-75.15895688696952,39.977324534468089]]]},"properties":{"OBJECTID":138,"PROPERTY_A":"1402-1404 W. Oxford Street","PROPERTY_1":"1402-1404 W. Oxford Street","CAMPUS":"MC","BUILDING__":null,"BUILDING_C":null,"Ownership_":"Temple University","fact_id":159,"HISTORICAL_SIMPLE":null,"PHC_HISTORICAL_DISTRICT":null,"HISTORICAL_DESIGNATION":"No","Garage":null,"Shape_Length":353.22481081404845,"Shape_Area":4565.2138465770549}},{"type":"Feature","id":139,"geometry":{"type":"Polygon","coordinates":[[[-75.157843215388283,39.974232276449825],[-75.157823937421526,39.974230348887318],[-75.157820584168917,39.974251225405993],[-75.157839442933593,39.974253151608607],[-75.157843215388283,39.974232276449825]]]},"properties":{"OBJECTID":139,"PROPERTY_A":"Temple Sports Complex Security Kiosk","PROPERTY_1":"1389 N. Broad Street","CAMPUS":"MC","BUILDING__":"165","BUILDING_C":null,"Ownership_":"Temple University","fact_id":162,"HISTORICAL_SIMPLE":null,"PHC_HISTORICAL_DISTRICT":null,"HISTORICAL_DESIGNATION":null,"Garage":null,"Shape_Length":26.120648202152935,"Shape_Area":41.342107641501009}},{"type":"Feature","id":140,"geometry":{"type":"Polygon","coordinates":[[[-75.154348546418646,39.982008194438983],[-75.154298254979281,39.982255848935573],[-75.15433161477381,39.982259830895096],[-75.154325747975264,39.982287319829879],[-75.15405451010659,39.982254179517341],[-75.154024166522063,39.982399329331251],[-75.154076805414221,39.982405238638336],[-75.154018635159375,39.98268950071364],[-75.154238911830475,39.982715961600427],[-75.154245617227119,39.982678454288958],[-75.154282496494361,39.982683334886786],[-75.154279479378189,39.982693354451165],[-75.154325076747639,39.982700033326751],[-75.154327088799391,39.98268872960368],[-75.154360952190416,39.982692840973115],[-75.154354245968676,39.982730861851806],[-75.154576199674977,39.982757579863225],[-75.154664377105348,39.982328296057439],[-75.1544471182835,39.982302091626188],[-75.154451141008366,39.982274860118586],[-75.154466563754553,39.982276401869704],[-75.154475951382494,39.982223993796715],[-75.154463882479661,39.982223480274044],[-75.154472598794271,39.982177237105027],[-75.154486680454909,39.982178778257541],[-75.154496067451575,39.982127397330252],[-75.154485339344717,39.982126370818484],[-75.154492715706212,39.982080127978769],[-75.154506797097469,39.982081154641556],[-75.154517526080511,39.982027205525618],[-75.154348546418646,39.982008194438983]]]},"properties":{"OBJECTID":140,"PROPERTY_A":"Beury Hall","PROPERTY_1":"1901-59 N. 13th Street","CAMPUS":"MC","BUILDING__":"016","BUILDING_C":"BEURY","Ownership_":"Commonwealth","fact_id":14,"HISTORICAL_SIMPLE":null,"PHC_HISTORICAL_DISTRICT":null,"HISTORICAL_DESIGNATION":null,"Garage":null,"Shape_Length":943.93663297870671,"Shape_Area":30021.019727996565}}]}
